﻿PMID,Title,Authors,Citation,First Author,Journal/Book,Publication Year,Create Date,PMCID,NIHMS ID,DOI
"32539526","Diagnostic Classification for Human Autism and Obsessive-Compulsive Disorder Based on Machine Learning From a Primate Genetic Model","Zhan Y, Wei J, Liang J, Xu X, He R, Robbins TW, Wang Z.","Am J Psychiatry. 2021 Jan 1;178(1):65-76. doi: 10.1176/appi.ajp.2020.19101091. Epub 2020 Jun 16.","Zhan Y","Am J Psychiatry","2021","2020/06/17","","","10.1176/appi.ajp.2020.19101091"
"30924264","Egomotion-related visual areas respond to active leg movements","Serra C, Galletti C, Di Marco S, Fattori P, Galati G, Sulpizio V, Pitzalis S.","Hum Brain Mapp. 2019 Aug 1;40(11):3174-3191. doi: 10.1002/hbm.24589. Epub 2019 Mar 28.","Serra C","Hum Brain Mapp","2019","2019/03/30","PMC6865514","","10.1002/hbm.24589"
"30547311","Gradients of connectivity distance in the cerebral cortex of the macaque monkey","Oligschläger S, Xu T, Baczkowski BM, Falkiewicz M, Falchier A, Linn G, Margulies DS.","Brain Struct Funct. 2019 Mar;224(2):925-935. doi: 10.1007/s00429-018-1811-1. Epub 2018 Dec 13.","Oligschläger S","Brain Struct Funct","2019","2018/12/15","PMC6420469","","10.1007/s00429-018-1811-1"
"29437980","Temporal-prefrontal cortical network for discrimination of valuable objects in long-term memory","Ghazizadeh A, Griggs W, Leopold DA, Hikosaka O.","Proc Natl Acad Sci U S A. 2018 Feb 27;115(9):E2135-E2144. doi: 10.1073/pnas.1707695115. Epub 2018 Feb 1.","Ghazizadeh A","Proc Natl Acad Sci U S A","2018","2018/02/14","PMC5834664","","10.1073/pnas.1707695115"
"29308987","Evidence for a Functional Hierarchy of Association Networks","Choi EY, Drayna GK, Badre D.","J Cogn Neurosci. 2018 May;30(5):722-736. doi: 10.1162/jocn_a_01229. Epub 2018 Jan 8.","Choi EY","J Cogn Neurosci","2018","2018/01/09","","","10.1162/jocn_a_01229"
"28539914","Functional Connectivity Mapping in the Animal Model: Principles and Applications of Resting-State fMRI","Gorges M, Roselli F, Müller HP, Ludolph AC, Rasche V, Kassubek J.","Front Neurol. 2017 May 10;8:200. doi: 10.3389/fneur.2017.00200. eCollection 2017.","Gorges M","Front Neurol","2017","2017/05/26","PMC5423907","","10.3389/fneur.2017.00200"
"28461059","High-resolution functional MRI identified distinct global intrinsic functional networks of nociceptive posterior insula and S2 regions in squirrel monkey brain","Wu R, Wang F, Yang PF, Chen LM.","Neuroimage. 2017 Jul 15;155:147-158. doi: 10.1016/j.neuroimage.2017.04.067. Epub 2017 Apr 28.","Wu R","Neuroimage","2017","2017/05/03","PMC6104393","NIHMS983774","10.1016/j.neuroimage.2017.04.067"
"28255676","Human orbital and anterior medial prefrontal cortex: Intrinsic connectivity parcellation and functional organization","Samara Z, Evers EAT, Goulas A, Uylings HBM, Rajkowska G, Ramaekers JG, Stiers P.","Brain Struct Funct. 2017 Sep;222(7):2941-2960. doi: 10.1007/s00429-017-1378-2. Epub 2017 Mar 2.","Samara Z","Brain Struct Funct","2017","2017/03/04","PMC5581738","NIHMS864697","10.1007/s00429-017-1378-2"
"28184415","A Systematic Relationship Between Functional Connectivity and Intracortical Myelin in the Human Cerebral Cortex","Huntenburg JM, Bazin PL, Goulas A, Tardif CL, Villringer A, Margulies DS.","Cereb Cortex. 2017 Feb 1;27(2):981-997. doi: 10.1093/cercor/bhx030.","Huntenburg JM","Cereb Cortex","2017","2017/02/11","PMC5390400","","10.1093/cercor/bhx030"
"28161319","Biophysical and neural basis of resting state functional connectivity: Evidence from non-human primates","Chen LM, Yang PF, Wang F, Mishra A, Shi Z, Wu R, Wu TL, Wilson GH 3rd, Ding Z, Gore JC.","Magn Reson Imaging. 2017 Jun;39:71-81. doi: 10.1016/j.mri.2017.01.020. Epub 2017 Feb 2.","Chen LM","Magn Reson Imaging","2017","2017/02/06","PMC5410395","NIHMS852391","10.1016/j.mri.2017.01.020"
"27646127","Convergence of prefrontal and parietal anatomical projections in a connectional hub in the striatum","Choi EY, Tanimura Y, Vage PR, Yates EH, Haber SN.","Neuroimage. 2017 Feb 1;146:821-832. doi: 10.1016/j.neuroimage.2016.09.037. Epub 2016 Sep 17.","Choi EY","Neuroimage","2017","2016/09/21","PMC5841917","NIHMS865144","10.1016/j.neuroimage.2016.09.037"
"27477019","The Rhesus Monkey Connectome Predicts Disrupted Functional Networks Resulting from Pharmacogenetic Inactivation of the Amygdala","Grayson DS, Bliss-Moreau E, Machado CJ, Bennett J, Shen K, Grant KA, Fair DA, Amaral DG.","Neuron. 2016 Jul 20;91(2):453-66. doi: 10.1016/j.neuron.2016.06.005.","Grayson DS","Neuron","2016","2016/08/02","PMC5233431","NIHMS803969","10.1016/j.neuron.2016.06.005"
"26706280","Longitudinal evaluation of functional connectivity variation in the monkey sensorimotor network induced by spinal cord injury","Rao JS, Liu Z, Zhao C, Wei RH, Zhao W, Yang ZY, Li XG.","Acta Physiol (Oxf). 2016 Jun;217(2):164-73. doi: 10.1111/apha.12645. Epub 2016 Jan 13.","Rao JS","Acta Physiol (Oxf)","2016","2015/12/27","","","10.1111/apha.12645"
"26415043","Partial Correlation-Based Retinotopically Organized Resting-State Functional Connectivity Within and Between Areas of the Visual Cortex Reflects More Than Cortical Distance","Dawson DA, Lam J, Lewis LB, Carbonell F, Mendola JD, Shmuel A.","Brain Connect. 2016 Feb;6(1):57-75. doi: 10.1089/brain.2014.0331.","Dawson DA","Brain Connect","2016","2015/09/29","PMC4744894","","10.1089/brain.2014.0331"
"25947150","Connectivity reveals relationship of brain areas for reward-guided learning and decision making in human and monkey frontal cortex","Neubert FX, Mars RB, Sallet J, Rushworth MF.","Proc Natl Acad Sci U S A. 2015 May 19;112(20):E2695-704. doi: 10.1073/pnas.1410767112. Epub 2015 May 6.","Neubert FX","Proc Natl Acad Sci U S A","2015","2015/05/08","PMC4443352","","10.1073/pnas.1410767112"
"25902510","Injury alters intrinsic functional connectivity within the primate spinal cord","Chen LM, Mishra A, Yang PF, Wang F, Gore JC.","Proc Natl Acad Sci U S A. 2015 May 12;112(19):5991-6. doi: 10.1073/pnas.1424106112. Epub 2015 Apr 22.","Chen LM","Proc Natl Acad Sci U S A","2015","2015/04/23","PMC4434735","","10.1073/pnas.1424106112"
"25096286","Resting-state connectivity and functional specialization in human medial parieto-occipital cortex","Tosoni A, Pitzalis S, Committeri G, Fattori P, Galletti C, Galati G.","Brain Struct Funct. 2015 Nov;220(6):3307-21. doi: 10.1007/s00429-014-0858-x. Epub 2014 Aug 6.","Tosoni A","Brain Struct Funct","2015","2014/08/07","","","10.1007/s00429-014-0858-x"
"24133284","Distinct parietal and temporal connectivity profiles of ventrolateral frontal areas involved in language production","Margulies DS, Petrides M.","J Neurosci. 2013 Oct 16;33(42):16846-52. doi: 10.1523/JNEUROSCI.2259-13.2013.","Margulies DS","J Neurosci","2013","2013/10/18","PMC6618526","","10.1523/JNEUROSCI.2259-13.2013"
"24068551","Large-scale brain networks of the human left temporal pole: a functional connectivity MRI study","Pascual B, Masdeu JC, Hollenbeck M, Makris N, Insausti R, Ding SL, Dickerson BC.","Cereb Cortex. 2015 Mar;25(3):680-702. doi: 10.1093/cercor/bht260. Epub 2013 Sep 24.","Pascual B","Cereb Cortex","2015","2013/09/27","PMC4318532","","10.1093/cercor/bht260"
"22832566","The organization of the human striatum estimated by intrinsic functional connectivity","Choi EY, Yeo BT, Buckner RL.","J Neurophysiol. 2012 Oct;108(8):2242-63. doi: 10.1152/jn.00270.2012. Epub 2012 Jul 25.","Choi EY","J Neurophysiol","2012","2012/07/27","PMC3545026","","10.1152/jn.00270.2012"
"21653723","The organization of the human cerebral cortex estimated by intrinsic functional connectivity","Yeo BT, Krienen FM, Sepulcre J, Sabuncu MR, Lashkari D, Hollinshead M, Roffman JL, Smoller JW, Zöllei L, Polimeni JR, Fischl B, Liu H, Buckner RL.","J Neurophysiol. 2011 Sep;106(3):1125-65. doi: 10.1152/jn.00338.2011. Epub 2011 Jun 8.","Yeo BT","J Neurophysiol","2011","2011/06/10","PMC3174820","","10.1152/jn.00338.2011"
"20662902","Broca's region: linking human brain functional connectivity data and non-human primate tracing anatomy studies","Kelly C, Uddin LQ, Shehzad Z, Margulies DS, Castellanos FX, Milham MP, Petrides M.","Eur J Neurosci. 2010 Aug;32(3):383-98. doi: 10.1111/j.1460-9568.2010.07279.x. Epub 2010 Jul 21.","Kelly C","Eur J Neurosci","2010","2010/07/29","PMC3111969","NIHMS294225","10.1111/j.1460-9568.2010.07279.x"
"19903877","Precuneus shares intrinsic functional architecture in humans and monkeys","Margulies DS, Vincent JL, Kelly C, Lohmann G, Uddin LQ, Biswal BB, Villringer A, Castellanos FX, Milham MP, Petrides M.","Proc Natl Acad Sci U S A. 2009 Nov 24;106(47):20069-74. doi: 10.1073/pnas.0905314106. Epub 2009 Nov 10.","Margulies DS","Proc Natl Acad Sci U S A","2009","2009/11/12","PMC2775700","","10.1073/pnas.0905314106"
