﻿PMID,Title,Authors,Citation,First Author,Journal/Book,Publication Year,Create Date,PMCID,NIHMS ID,DOI
"34273134","Structure, function and connectivity fingerprints of the frontal eye field versus the inferior frontal junction: A comprehensive comparison","Bedini M, Baldauf D.","Eur J Neurosci. 2021 Jul 17. doi: 10.1111/ejn.15393. Online ahead of print.","Bedini M","Eur J Neurosci","2021","2021/07/17","","","10.1111/ejn.15393"
"34271158","Functional networks in non-human primate spinal cord and the effects of injury","Sengupta A, Mishra A, Wang F, Li M, Yang PF, Chen LM, Gore JC.","Neuroimage. 2021 Jul 14;240:118391. doi: 10.1016/j.neuroimage.2021.118391. Online ahead of print.","Sengupta A","Neuroimage","2021","2021/07/16","","","10.1016/j.neuroimage.2021.118391"
"34048898","Common functional localizers to enhance NHP & cross-species neuroscience imaging research","Russ BE, Petkov CI, Kwok SC, Zhu Q, Belin P, Vanduffel W, Hamed SB.","Neuroimage. 2021 Aug 15;237:118203. doi: 10.1016/j.neuroimage.2021.118203. Epub 2021 May 25.","Russ BE","Neuroimage","2021","2021/05/28","","","10.1016/j.neuroimage.2021.118203"
"33878384","Mapping functional gradients of the striatal circuit using simultaneous microelectric stimulation and ultrahigh-field fMRI in non-human primates","Han MJ, Park CU, Kang S, Kim B, Nikolaidis A, Milham MP, Hong SJ, Kim SG, Baeg E.","Neuroimage. 2021 Aug 1;236:118077. doi: 10.1016/j.neuroimage.2021.118077. Epub 2021 Apr 18.","Han MJ","Neuroimage","2021","2021/04/20","","","10.1016/j.neuroimage.2021.118077"
"33794355","Combining brain perturbation and neuroimaging in non-human primates","Klink PC, Aubry JF, Ferrera VP, Fox AS, Froudist-Walsh S, Jarraya B, Konofagou EE, Krauzlis RJ, Messinger A, Mitchell AS, Ortiz-Rios M, Oya H, Roberts AC, Roe AW, Rushworth MFS, Sallet J, Schmid MC, Schroeder CE, Tasserie J, Tsao DY, Uhrig L, Vanduffel W, Wilke M, Kagan I, Petkov CI.","Neuroimage. 2021 Jul 15;235:118017. doi: 10.1016/j.neuroimage.2021.118017. Epub 2021 Mar 29.","Klink PC","Neuroimage","2021","2021/04/01","","","10.1016/j.neuroimage.2021.118017"
"33789138","A comprehensive macaque fMRI pipeline and hierarchical atlas","Jung B, Taylor PA, Seidlitz J, Sponheim C, Perkins P, Ungerleider LG, Glen D, Messinger A.","Neuroimage. 2021 Jul 15;235:117997. doi: 10.1016/j.neuroimage.2021.117997. Epub 2021 Mar 28.","Jung B","Neuroimage","2021","2021/03/31","","","10.1016/j.neuroimage.2021.117997"
"33662692","Within-category representational stability through the lens of manipulable objects","Lee D, Almeida J.","Cortex. 2021 Apr;137:282-291. doi: 10.1016/j.cortex.2020.12.026. Epub 2021 Feb 5.","Lee D","Cortex","2021","2021/03/04","","","10.1016/j.cortex.2020.12.026"
"33560448","Resting fMRI-guided TMS results in subcortical and brain network modulation indexed by interleaved TMS/fMRI","Oathes DJ, Zimmerman JP, Duprat R, Japp SS, Scully M, Rosenberg BM, Flounders MW, Long H, Deluisi JA, Elliott M, Shandler G, Shinohara RT, Linn KA.","Exp Brain Res. 2021 Apr;239(4):1165-1178. doi: 10.1007/s00221-021-06036-5. Epub 2021 Feb 9.","Oathes DJ","Exp Brain Res","2021","2021/02/09","","","10.1007/s00221-021-06036-5"
"33460838","Bidirectional and state-dependent modulation of brain activity by transcranial focused ultrasound in non-human primates","Yang PF, Phipps MA, Jonathan S, Newton AT, Byun N, Gore JC, Grissom WA, Caskey CF, Chen LM.","Brain Stimul. 2021 Mar-Apr;14(2):261-272. doi: 10.1016/j.brs.2021.01.006. Epub 2021 Jan 15.","Yang PF","Brain Stimul","2021","2021/01/18","PMC7988301","NIHMS1663531","10.1016/j.brs.2021.01.006"
"33338613","Altered hippocampal-prefrontal functional network integrity in adult macaque monkeys with neonatal hippocampal lesions","Li CX, Li Z, Hu X, Zhang X, Bachevalier J.","Neuroimage. 2021 Feb 15;227:117645. doi: 10.1016/j.neuroimage.2020.117645. Epub 2020 Dec 15.","Li CX","Neuroimage","2021","2020/12/18","","","10.1016/j.neuroimage.2020.117645"
"33301937","Functional imaging of the brainstem during visually-guided motor control reveals visuomotor regions in the pons and midbrain","Chu WT, Mitchell T, Foote KD, Coombes SA, Vaillancourt DE.","Neuroimage. 2021 Feb 1;226:117627. doi: 10.1016/j.neuroimage.2020.117627. Epub 2020 Dec 8.","Chu WT","Neuroimage","2021","2020/12/10","PMC8335153","NIHMS1726624","10.1016/j.neuroimage.2020.117627"
"33137476","The role of MRI in applying the 3Rs to non-human primate neuroscience","Prescott MJ, Poirier C.","Neuroimage. 2021 Jan 15;225:117521. doi: 10.1016/j.neuroimage.2020.117521. Epub 2020 Nov 1.","Prescott MJ","Neuroimage","2021","2020/11/02","","","10.1016/j.neuroimage.2020.117521"
"33099005","Cortical hierarchy, dual counterstream architecture and the importance of top-down generative networks","Vezoli J, Magrou L, Goebel R, Wang XJ, Knoblauch K, Vinck M, Kennedy H.","Neuroimage. 2021 Jan 15;225:117479. doi: 10.1016/j.neuroimage.2020.117479. Epub 2020 Oct 21.","Vezoli J","Neuroimage","2021","2020/10/25","PMC8244994","NIHMS1713738","10.1016/j.neuroimage.2020.117479"
"32960419","MRI-based Parcellation and Morphometry of the Individual Rhesus Monkey Brain: the macaque Harvard-Oxford Atlas (mHOA), a translational system referencing a standardized ontology","Rushmore RJ, Bouix S, Kubicki M, Rathi Y, Rosene DL, Yeterian EH, Makris N.","Brain Imaging Behav. 2021 Jun;15(3):1589-1621. doi: 10.1007/s11682-020-00357-9.","Rushmore RJ","Brain Imaging Behav","2021","2020/09/22","","","10.1007/s11682-020-00357-9"
"32888082","Application of Pharmacokinetic-Pharmacodynamic Modeling to Inform Translation of In Vitro NaV1.7 Inhibition to In Vivo Pharmacological Response in Non-human Primate","Ballard JE, Pall P, Vardigan J, Zhao F, Holahan MA, Kraus R, Li Y, Henze D, Houghton A, Burgey CS, Gibson C.","Pharm Res. 2020 Sep 4;37(10):181. doi: 10.1007/s11095-020-02914-9.","Ballard JE","Pharm Res","2020","2020/09/05","PMC7473964","","10.1007/s11095-020-02914-9"
"32477079","Exploring Representation of Diverse Samples in fMRI Studies Conducted in Patients With Cardiac-Related Chronic Illness: A Focused Systematic Review","Jones LM, Ginier E, Debbs J, Eaton JL, Renner C, Hawkins J, Rios-Spicer R, Tang E, Schertzing C, Giordani B.","Front Hum Neurosci. 2020 May 14;14:108. doi: 10.3389/fnhum.2020.00108. eCollection 2020.","Jones LM","Front Hum Neurosci","2020","2020/06/02","PMC7240043","","10.3389/fnhum.2020.00108"
"32366956","Rapid event-related, BOLD fMRI, non-human primates (NHP): choose two out of three","Pelekanos V, Mok RM, Joly O, Ainsworth M, Kyriazis D, Kelly MG, Bell AH, Kriegeskorte N.","Sci Rep. 2020 May 4;10(1):7485. doi: 10.1038/s41598-020-64376-8.","Pelekanos V","Sci Rep","2020","2020/05/06","PMC7198564","","10.1038/s41598-020-64376-8"
"32315710","Examining fMRI time-series entropy as a marker for brain E/I balance with pharmacological neuromodulation in a non-human primate translational model","Maltbie EA, Howell LH, Sun PZ, Miller R, Gopinath KS.","Neurosci Lett. 2020 May 29;728:134984. doi: 10.1016/j.neulet.2020.134984. Epub 2020 Apr 18.","Maltbie EA","Neurosci Lett","2020","2020/04/22","PMC7266677","NIHMS1593985","10.1016/j.neulet.2020.134984"
"32298231","Primate homologs of mouse cortico-striatal circuits","Balsters JH, Zerbi V, Sallet J, Wenderoth N, Mars RB.","Elife. 2020 Apr 16;9:e53680. doi: 10.7554/eLife.53680.","Balsters JH","Elife","2020","2020/04/17","PMC7162658","","10.7554/eLife.53680"
"32275880","Evidence for Hierarchical Cognitive Control in the Human Cerebellum","D'Mello AM, Gabrieli JDE, Nee DE.","Curr Biol. 2020 May 18;30(10):1881-1892.e3. doi: 10.1016/j.cub.2020.03.028. Epub 2020 Apr 9.","D'Mello AM","Curr Biol","2020","2020/04/11","PMC7289516","NIHMS1582964","10.1016/j.cub.2020.03.028"
"32132562","Repetition enhancement to voice identities in the dog brain","Boros M, Gábor A, Szabó D, Bozsik A, Gácsi M, Szalay F, Faragó T, Andics A.","Sci Rep. 2020 Mar 4;10(1):3989. doi: 10.1038/s41598-020-60395-7.","Boros M","Sci Rep","2020","2020/03/06","PMC7055288","","10.1038/s41598-020-60395-7"
"32085988","Neuroimaging the sleeping brain: Insight on memory functioning in infants and toddlers","Johnson EG, Prabhakar J, Mooney LN, Ghetti S.","Infant Behav Dev. 2020 Feb;58:101427. doi: 10.1016/j.infbeh.2020.101427. Epub 2020 Feb 18.","Johnson EG","Infant Behav Dev","2020","2020/02/23","PMC7089830","NIHMS1563525","10.1016/j.infbeh.2020.101427"
"32038217","Animal Functional Magnetic Resonance Imaging: Trends and Path Toward Standardization","Mandino F, Cerri DH, Garin CM, Straathof M, van Tilborg GAF, Chakravarty MM, Dhenain M, Dijkhuizen RM, Gozzi A, Hess A, Keilholz SD, Lerch JP, Shih YI, Grandjean J.","Front Neuroinform. 2020 Jan 22;13:78. doi: 10.3389/fninf.2019.00078. eCollection 2019.","Mandino F","Front Neuroinform","2020","2020/02/11","PMC6987455","","10.3389/fninf.2019.00078"
"31992744","Ultra High Field fMRI of Human Superior Colliculi Activity during Affective Visual Processing","Wang YC, Bianciardi M, Chanes L, Satpute AB.","Sci Rep. 2020 Jan 28;10(1):1331. doi: 10.1038/s41598-020-57653-z.","Wang YC","Sci Rep","2020","2020/01/30","PMC6987103","","10.1038/s41598-020-57653-z"
"31858422","Effects of Chronic Ephedrine Toxicity on Functional Connections, Cell Apoptosis, and CREB-Related Proteins in the Prefrontal Cortex of Rhesus Monkeys","Duan S, Ma Y, Xie L, Zheng L, Huang J, Guo R, Sun Z, Xie Y, Lv J, Lin Z, Ma S.","Neurotox Res. 2020 Mar;37(3):602-615. doi: 10.1007/s12640-019-00146-3. Epub 2019 Dec 20.","Duan S","Neurotox Res","2020","2019/12/21","","","10.1007/s12640-019-00146-3"
"31847744","Canine sense of quantity: evidence for numerical ratio-dependent activation in parietotemporal cortex","Aulet LS, Chiu VC, Prichard A, Spivak M, Lourenco SF, Berns GS.","Biol Lett. 2019 Dec;15(12):20190666. doi: 10.1098/rsbl.2019.0666. Epub 2019 Dec 18.","Aulet LS","Biol Lett","2019","2019/12/19","PMC6936025","","10.1098/rsbl.2019.0666"
"31770714","Lasting effects of stress physiology on the brain: Cortisol reactivity during preschool predicts hippocampal functional connectivity at school age","Blankenship SL, Botdorf M, Riggins T, Dougherty LR.","Dev Cogn Neurosci. 2019 Dec;40:100736. doi: 10.1016/j.dcn.2019.100736. Epub 2019 Nov 14.","Blankenship SL","Dev Cogn Neurosci","2019","2019/11/27","PMC6974891","","10.1016/j.dcn.2019.100736"
"31743789","Pypreclin: An automatic pipeline for macaque functional MRI preprocessing","Tasserie J, Grigis A, Uhrig L, Dupont M, Amadon A, Jarraya B.","Neuroimage. 2020 Feb 15;207:116353. doi: 10.1016/j.neuroimage.2019.116353. Epub 2019 Nov 16.","Tasserie J","Neuroimage","2020","2019/11/20","","","10.1016/j.neuroimage.2019.116353"
"31619951","fMRI in Non-human Primate: A Review on Factors That Can Affect Interpretation and Dynamic Causal Modeling Application","Jovellar DB, Doudet DJ.","Front Neurosci. 2019 Sep 18;13:973. doi: 10.3389/fnins.2019.00973. eCollection 2019.","Jovellar DB","Front Neurosci","2019","2019/10/18","PMC6759819","","10.3389/fnins.2019.00973"
"31589003","Meta-analytic and functional connectivity evidence from functional magnetic resonance imaging for an anterior to posterior gradient of function along the hippocampal axis","Grady CL.","Hippocampus. 2020 May;30(5):456-471. doi: 10.1002/hipo.23164. Epub 2019 Oct 7.","Grady CL","Hippocampus","2020","2019/10/08","","","10.1002/hipo.23164"
"31557544","Large scale networks for human hand-object interaction: Functionally distinct roles for two premotor regions identified intraoperatively","Simone L, Fornia L, Viganò L, Sambataro F, Rossi M, Leonetti A, Puglisi G, Howells H, Bellacicca A, Bello L, Cerri G.","Neuroimage. 2020 Jan 1;204:116215. doi: 10.1016/j.neuroimage.2019.116215. Epub 2019 Sep 24.","Simone L","Neuroimage","2020","2019/09/27","","","10.1016/j.neuroimage.2019.116215"
"31509738","Organized Toe Maps in Extreme Foot Users","Dempsey-Jones H, Wesselink DB, Friedman J, Makin TR.","Cell Rep. 2019 Sep 10;28(11):2748-2756.e4. doi: 10.1016/j.celrep.2019.08.027.","Dempsey-Jones H","Cell Rep","2019","2019/09/12","PMC6899508","","10.1016/j.celrep.2019.08.027"
"31443912","Neural Substrates of Inhibitory Control Maturation in Adolescence","Constantinidis C, Luna B.","Trends Neurosci. 2019 Sep;42(9):604-616. doi: 10.1016/j.tins.2019.07.004. Epub 2019 Aug 20.","Constantinidis C","Trends Neurosci","2019","2019/08/25","PMC6721973","NIHMS1534975","10.1016/j.tins.2019.07.004"
"31394491","A preliminary study of association between adolescent estradiol level and dorsolateral prefrontal cortex activity during emotion regulation","Chung YS, Poppe A, Novotny S, Epperson CN, Kober H, Granger DA, Blumberg HP, Ochsner K, Gross JJ, Pearlson G, Stevens MC.","Psychoneuroendocrinology. 2019 Nov;109:104398. doi: 10.1016/j.psyneuen.2019.104398. Epub 2019 Jul 30.","Chung YS","Psychoneuroendocrinology","2019","2019/08/09","PMC6842698","NIHMS1537095","10.1016/j.psyneuen.2019.104398"
"31054350","Similarity judgments and cortical visual responses reflect different properties of object and scene categories in naturalistic images","King ML, Groen IIA, Steel A, Kravitz DJ, Baker CI.","Neuroimage. 2019 Aug 15;197:368-382. doi: 10.1016/j.neuroimage.2019.04.079. Epub 2019 May 1.","King ML","Neuroimage","2019","2019/05/05","PMC6591094","NIHMS1529436","10.1016/j.neuroimage.2019.04.079"
"31036814","Anatomical and functional investigation of the marmoset default mode network","Liu C, Yen CC, Szczupak D, Ye FQ, Leopold DA, Silva AC.","Nat Commun. 2019 Apr 29;10(1):1975. doi: 10.1038/s41467-019-09813-7.","Liu C","Nat Commun","2019","2019/05/01","PMC6488610","","10.1038/s41467-019-09813-7"
"31031580","Isoflurane-Induced Burst Suppression Increases Intrinsic Functional Connectivity of the Monkey Brain","Zhang Z, Cai DC, Wang Z, Zeljic K, Wang Z, Wang Y.","Front Neurosci. 2019 Apr 11;13:296. doi: 10.3389/fnins.2019.00296. eCollection 2019.","Zhang Z","Front Neurosci","2019","2019/04/30","PMC6470287","","10.3389/fnins.2019.00296"
"30926817","Intrinsic functional architecture of the non-human primate spinal cord derived from fMRI and electrophysiology","Wu TL, Yang PF, Wang F, Shi Z, Mishra A, Wu R, Chen LM, Gore JC.","Nat Commun. 2019 Mar 29;10(1):1416. doi: 10.1038/s41467-019-09485-3.","Wu TL","Nat Commun","2019","2019/03/31","PMC6440970","","10.1038/s41467-019-09485-3"
"30873000","Brain Map of Intrinsic Functional Flexibility in Anesthetized Monkeys and Awake Humans","Yin D, Zhang Z, Wang Z, Zeljic K, Lv Q, Cai D, Wang Y, Wang Z.","Front Neurosci. 2019 Feb 28;13:174. doi: 10.3389/fnins.2019.00174. eCollection 2019.","Yin D","Front Neurosci","2019","2019/03/16","PMC6403192","","10.3389/fnins.2019.00174"
"30822717","Validations of apomorphine-induced BOLD activation correlations in hemiparkinsonian rhesus macaques","Quintero JE, Ai Y, Andersen AH, Hardy P, Grondin R, Guduru Z, Gash DM, Gerhardt GA, Zhang Z.","Neuroimage Clin. 2019;22:101724. doi: 10.1016/j.nicl.2019.101724. Epub 2019 Feb 18.","Quintero JE","Neuroimage Clin","2019","2019/03/02","PMC6396014","","10.1016/j.nicl.2019.101724"
"30597044","Pain-related behavior and brain activation in cynomolgus macaques with naturally occurring endometriosis","Yano M, Matsuda A, Natsume T, Ogawa S, Awaga Y, Hayashi I, Hama A, Takamatsu H.","Hum Reprod. 2019 Mar 1;34(3):469-478. doi: 10.1093/humrep/dey383.","Yano M","Hum Reprod","2019","2019/01/01","","","10.1093/humrep/dey383"
"30566918","A surface loop array for in vivo small animal MRI/fMRI on 7T human scanners","Gao Y, Wang P, Qian M, Zhao J, Xu H, Zhang X.","Phys Med Biol. 2019 Jan 24;64(3):035009. doi: 10.1088/1361-6560/aaf9e4.","Gao Y","Phys Med Biol","2019","2018/12/20","","","10.1088/1361-6560/aaf9e4"
"30419289","Intrinsic functional clustering of anterior cingulate cortex in the common marmoset","Schaeffer DJ, Gilbert KM, Ghahremani M, Gati JS, Menon RS, Everling S.","Neuroimage. 2019 Feb 1;186:301-307. doi: 10.1016/j.neuroimage.2018.11.005. Epub 2018 Nov 10.","Schaeffer DJ","Neuroimage","2019","2018/11/13","","","10.1016/j.neuroimage.2018.11.005"
"30318353","Hexadirectional Modulation of High-Frequency Electrophysiological Activity in the Human Anterior Medial Temporal Lobe Maps Visual Space","Staudigl T, Leszczynski M, Jacobs J, Sheth SA, Schroeder CE, Jensen O, Doeller CF.","Curr Biol. 2018 Oct 22;28(20):3325-3329.e4. doi: 10.1016/j.cub.2018.09.035. Epub 2018 Oct 11.","Staudigl T","Curr Biol","2018","2018/10/16","","","10.1016/j.cub.2018.09.035"
"30315909","Model testing for distinctive functional connectivity gradients with resting-state fMRI data","O'Rawe JF, Ide JS, Leung HC.","Neuroimage. 2019 Jan 15;185:102-110. doi: 10.1016/j.neuroimage.2018.10.022. Epub 2018 Oct 10.","O'Rawe JF","Neuroimage","2019","2018/10/14","","","10.1016/j.neuroimage.2018.10.022"
"30205207","Resting-state white matter-cortical connectivity in non-human primate brain","Wu TL, Wang F, Li M, Schilling KG, Gao Y, Anderson AW, Chen LM, Ding Z, Gore JC.","Neuroimage. 2019 Jan 1;184:45-55. doi: 10.1016/j.neuroimage.2018.09.021. Epub 2018 Sep 8.","Wu TL","Neuroimage","2019","2018/09/12","PMC6250128","NIHMS1506840","10.1016/j.neuroimage.2018.09.021"
"30131679","Representation of Spatial and Feature Information in the Monkey Dorsal and Ventral Prefrontal Cortex","Constantinidis C, Qi XL.","Front Integr Neurosci. 2018 Aug 7;12:31. doi: 10.3389/fnint.2018.00031. eCollection 2018.","Constantinidis C","Front Integr Neurosci","2018","2018/08/23","PMC6090048","","10.3389/fnint.2018.00031"
"30121000","Adaptive coding in the human brain: Distinct object features are encoded by overlapping voxels in frontoparietal cortex","Jackson JB, Woolgar A.","Cortex. 2018 Nov;108:25-34. doi: 10.1016/j.cortex.2018.07.006. Epub 2018 Jul 25.","Jackson JB","Cortex","2018","2018/08/19","PMC6629547","EMS83377","10.1016/j.cortex.2018.07.006"
"30107259","Content-specific codes of parametric auditory working memory in humans","Uluç I, Schmidt TT, Wu YH, Blankenburg F.","Neuroimage. 2018 Dec;183:254-262. doi: 10.1016/j.neuroimage.2018.08.024. Epub 2018 Aug 11.","Uluç I","Neuroimage","2018","2018/08/15","","","10.1016/j.neuroimage.2018.08.024"
"30053514","Columnar organization of mid-spectral and end-spectral hue preferences in human visual cortex","Nasr S, Tootell RBH.","Neuroimage. 2018 Nov 1;181:748-759. doi: 10.1016/j.neuroimage.2018.07.053. Epub 2018 Jul 25.","Nasr S","Neuroimage","2018","2018/07/28","PMC6263155","NIHMS1502947","10.1016/j.neuroimage.2018.07.053"
"30017395","Functional Networks for Social Communication in the Macaque Monkey","Shepherd SV, Freiwald WA.","Neuron. 2018 Jul 25;99(2):413-420.e3. doi: 10.1016/j.neuron.2018.06.027. Epub 2018 Jul 12.","Shepherd SV","Neuron","2018","2018/07/19","PMC6449102","NIHMS1506208","10.1016/j.neuron.2018.06.027"
"29789605","Neuromodulation of sensory networks in monkey brain by focused ultrasound with MRI guidance and detection","Yang PF, Phipps MA, Newton AT, Chaplin V, Gore JC, Caskey CF, Chen LM.","Sci Rep. 2018 May 22;8(1):7993. doi: 10.1038/s41598-018-26287-7.","Yang PF","Sci Rep","2018","2018/05/24","PMC5964220","","10.1038/s41598-018-26287-7"
"29679734","Cortical networks for encoding near and far space in the non-human primate","Cléry J, Guipponi O, Odouard S, Wardak C, Ben Hamed S.","Neuroimage. 2018 Aug 1;176:164-178. doi: 10.1016/j.neuroimage.2018.04.036. Epub 2018 Apr 19.","Cléry J","Neuroimage","2018","2018/04/22","","","10.1016/j.neuroimage.2018.04.036"
"29642002","Delineating the Macroscale Areal Organization of the Macaque Cortex In Vivo","Xu T, Falchier A, Sullivan EL, Linn G, Ramirez JSB, Ross D, Feczko E, Opitz A, Bagley J, Sturgeon D, Earl E, Miranda-Domínguez O, Perrone A, Craddock RC, Schroeder CE, Colcombe S, Fair DA, Milham MP.","Cell Rep. 2018 Apr 10;23(2):429-441. doi: 10.1016/j.celrep.2018.03.049.","Xu T","Cell Rep","2018","2018/04/12","PMC6157013","NIHMS961950","10.1016/j.celrep.2018.03.049"
"29593518","Task-Relevant Information Modulates Primary Motor Cortex Activity Before Movement Onset","Calderon CB, Van Opstal F, Peigneux P, Verguts T, Gevers W.","Front Hum Neurosci. 2018 Mar 14;12:93. doi: 10.3389/fnhum.2018.00093. eCollection 2018.","Calderon CB","Front Hum Neurosci","2018","2018/03/30","PMC5861186","","10.3389/fnhum.2018.00093"
"29476765","Neural responses to visually observed social interactions","Walbrin J, Downing P, Koldewyn K.","Neuropsychologia. 2018 Apr;112:31-39. doi: 10.1016/j.neuropsychologia.2018.02.023. Epub 2018 Feb 22.","Walbrin J","Neuropsychologia","2018","2018/02/25","PMC5899757","","10.1016/j.neuropsychologia.2018.02.023"
"29415163","Genetic Variation of a DRD2 Co-expression Network is Associated with Changes in Prefrontal Function After D2 Receptors Stimulation","Selvaggi P, Pergola G, Gelao B, Di Carlo P, Nettis MA, Amico G, Fazio L, Rampino A, Sambataro F, Blasi G, Bertolino A.","Cereb Cortex. 2019 Mar 1;29(3):1162-1173. doi: 10.1093/cercor/bhy022.","Selvaggi P","Cereb Cortex","2019","2018/02/08","","","10.1093/cercor/bhy022"
"29285809","Investigation of the BOLD and CBV fMRI responses to somatosensory stimulation in awake marmosets (Callithrix jacchus)","Hirano Y, Yen CC, Liu JV, Mackel JB, Merkle H, Nascimento GC, Stefanovic B, Silva AC.","NMR Biomed. 2018 Mar;31(3):10.1002/nbm.3864. doi: 10.1002/nbm.3864. Epub 2017 Dec 29.","Hirano Y","NMR Biomed","2018","2017/12/30","PMC5841465","NIHMS939537","10.1002/nbm.3864"
"29215031","A Mechanistic Model of Human Recall of Social Network Structure and Relationship Affect","Omodei E, Brashears ME, Arenas A.","Sci Rep. 2017 Dec 7;7(1):17133. doi: 10.1038/s41598-017-17385-z.","Omodei E","Sci Rep","2017","2017/12/08","PMC5719413","","10.1038/s41598-017-17385-z"
"29208569","A digital 3D atlas of the marmoset brain based on multi-modal MRI","Liu C, Ye FQ, Yen CC, Newman JD, Glen D, Leopold DA, Silva AC.","Neuroimage. 2018 Apr 1;169:106-116. doi: 10.1016/j.neuroimage.2017.12.004. Epub 2017 Dec 5.","Liu C","Neuroimage","2018","2017/12/07","PMC5856608","NIHMS928414","10.1016/j.neuroimage.2017.12.004"
"29130062","Human spatial navigation: Representations across dimensions and scales","Ekstrom AD, Isham EA.","Curr Opin Behav Sci. 2017 Oct;17:84-89. doi: 10.1016/j.cobeha.2017.06.005. Epub 2017 Sep 21.","Ekstrom AD","Curr Opin Behav Sci","2017","2017/11/14","PMC5678987","NIHMS890394","10.1016/j.cobeha.2017.06.005"
"29107771","Overlapping frontoparietal networks for tactile and visual parametric working memory representations","Wu YH, Uluç I, Schmidt TT, Tertel K, Kirilina E, Blankenburg F.","Neuroimage. 2018 Feb 1;166:325-334. doi: 10.1016/j.neuroimage.2017.10.059. Epub 2017 Oct 28.","Wu YH","Neuroimage","2018","2017/11/07","","","10.1016/j.neuroimage.2017.10.059"
"28905269","Differences in Neural Response to Romantic Stimuli in Monogamous and Non-Monogamous Men","Hamilton LD, Meston CM.","Arch Sex Behav. 2017 Nov;46(8):2289-2299. doi: 10.1007/s10508-017-1071-9. Epub 2017 Sep 13.","Hamilton LD","Arch Sex Behav","2017","2017/09/15","","","10.1007/s10508-017-1071-9"
"28804783","Functional corticostriatal connection topographies predict goal directed behaviour in humans","Marquand AF, Haak KV, Beckmann CF.","Nat Hum Behav. 2017 Aug;1(8):0146. doi: 10.1038/s41562-017-0146. Epub 2017 Jul 24.","Marquand AF","Nat Hum Behav","2017","2017/08/15","PMC5549843","EMS73107","10.1038/s41562-017-0146"
"28539914","Functional Connectivity Mapping in the Animal Model: Principles and Applications of Resting-State fMRI","Gorges M, Roselli F, Müller HP, Ludolph AC, Rasche V, Kassubek J.","Front Neurol. 2017 May 10;8:200. doi: 10.3389/fneur.2017.00200. eCollection 2017.","Gorges M","Front Neurol","2017","2017/05/26","PMC5423907","","10.3389/fneur.2017.00200"
"28466257","Cortical Representation of Pain and Touch: Evidence from Combined Functional Neuroimaging and Electrophysiology in Non-human Primates","Chen LM.","Neurosci Bull. 2018 Feb;34(1):165-177. doi: 10.1007/s12264-017-0133-2. Epub 2017 May 2.","Chen LM","Neurosci Bull","2018","2017/05/04","PMC5799120","","10.1007/s12264-017-0133-2"
"28457575","Objective analysis of the topological organization of the human cortical visual connectome suggests three visual pathways","Haak KV, Beckmann CF.","Cortex. 2018 Jan;98:73-83. doi: 10.1016/j.cortex.2017.03.020. Epub 2017 Apr 7.","Haak KV","Cortex","2018","2017/05/02","PMC5780302","","10.1016/j.cortex.2017.03.020"
"28274833","Investigating the spatiotemporal characteristics of the deoxyhemoglobin-related and deoxyhemoglobin-unrelated functional hemodynamic response across cortical layers in awake marmosets","Yen CC, Papoti D, Silva AC.","Neuroimage. 2018 Jan 1;164:121-130. doi: 10.1016/j.neuroimage.2017.03.005. Epub 2017 Mar 6.","Yen CC","Neuroimage","2018","2017/03/10","PMC5587354","NIHMS861535","10.1016/j.neuroimage.2017.03.005"
"28213112","Laminar imaging of positive and negative BOLD in human visual cortex at 7T","Fracasso A, Luijten PR, Dumoulin SO, Petridou N.","Neuroimage. 2018 Jan 1;164:100-111. doi: 10.1016/j.neuroimage.2017.02.038. Epub 2017 Feb 14.","Fracasso A","Neuroimage","2018","2017/02/19","","","10.1016/j.neuroimage.2017.02.038"
"28161319","Biophysical and neural basis of resting state functional connectivity: Evidence from non-human primates","Chen LM, Yang PF, Wang F, Mishra A, Shi Z, Wu R, Wu TL, Wilson GH 3rd, Ding Z, Gore JC.","Magn Reson Imaging. 2017 Jun;39:71-81. doi: 10.1016/j.mri.2017.01.020. Epub 2017 Feb 2.","Chen LM","Magn Reson Imaging","2017","2017/02/06","PMC5410395","NIHMS852391","10.1016/j.mri.2017.01.020"
"28032008","Effects of isoflurane anesthesia on resting-state fMRI signals and functional connectivity within primary somatosensory cortex of monkeys","Wu TL, Mishra A, Wang F, Yang PF, Gore JC, Chen LM.","Brain Behav. 2016 Oct 11;6(12):e00591. doi: 10.1002/brb3.591. eCollection 2016 Dec.","Wu TL","Brain Behav","2016","2016/12/30","PMC5167001","","10.1002/brb3.591"
"28027960","Investigating resting-state functional connectivity in the cervical spinal cord at 3T","Eippert F, Kong Y, Winkler AM, Andersson JL, Finsterbusch J, Büchel C, Brooks JCW, Tracey I.","Neuroimage. 2017 Feb 15;147:589-601. doi: 10.1016/j.neuroimage.2016.12.072. Epub 2016 Dec 24.","Eippert F","Neuroimage","2017","2016/12/29","PMC5315056","","10.1016/j.neuroimage.2016.12.072"
"27993674","Beyond the FFA: Brain-behavior correspondences in face recognition abilities","Elbich DB, Scherf S.","Neuroimage. 2017 Feb 15;147:409-422. doi: 10.1016/j.neuroimage.2016.12.042. Epub 2016 Dec 16.","Elbich DB","Neuroimage","2017","2016/12/21","","","10.1016/j.neuroimage.2016.12.042"
"27859903","Corticostriatal connectivity fingerprints: Probability maps based on resting-state functional connectivity","Jaspers E, Balsters JH, Kassraian Fard P, Mantini D, Wenderoth N.","Hum Brain Mapp. 2017 Mar;38(3):1478-1491. doi: 10.1002/hbm.23466. Epub 2016 Nov 12.","Jaspers E","Hum Brain Mapp","2017","2016/11/19","PMC6866797","","10.1002/hbm.23466"
"27833536","Patterns of Activity in the Human Frontal and Parietal Cortex Differentiate Large and Small Saccades","Grosbras MH.","Front Integr Neurosci. 2016 Oct 27;10:34. doi: 10.3389/fnint.2016.00034. eCollection 2016.","Grosbras MH","Front Integr Neurosci","2016","2016/11/12","PMC5081348","","10.3389/fnint.2016.00034"
"27803286","The neural basis of understanding the expression of the emotions in man and animals","Spunt RP, Ellsworth E, Adolphs R.","Soc Cogn Affect Neurosci. 2017 Jan 1;12(1):95-105. doi: 10.1093/scan/nsw161.","Spunt RP","Soc Cogn Affect Neurosci","2017","2016/11/03","PMC5390760","","10.1093/scan/nsw161"
"27756546","Recognition of the semantics and kinematics of gestures: Neural responses to ""what"" and ""how""?","Dahan A, Reiner M.","Int J Psychophysiol. 2017 Dec;122:6-16. doi: 10.1016/j.ijpsycho.2016.10.009. Epub 2016 Oct 15.","Dahan A","Int J Psychophysiol","2017","2016/10/23","","","10.1016/j.ijpsycho.2016.10.009"
"27596024","Resting state network topology of the ferret brain","Zhou ZC, Salzwedel AP, Radtke-Schuller S, Li Y, Sellers KK, Gilmore JH, Shih YY, Fröhlich F, Gao W.","Neuroimage. 2016 Dec;143:70-81. doi: 10.1016/j.neuroimage.2016.09.003. Epub 2016 Sep 2.","Zhou ZC","Neuroimage","2016","2016/09/07","PMC5124532","NIHMS817278","10.1016/j.neuroimage.2016.09.003"
"27587999","Off to a Good Start: The Early Development of the Neural Substrates Underlying Visual Working Memory","Fitch A, Smith H, Guillory SB, Kaldy Z.","Front Syst Neurosci. 2016 Aug 18;10:68. doi: 10.3389/fnsys.2016.00068. eCollection 2016.","Fitch A","Front Syst Neurosci","2016","2016/09/03","PMC4989029","","10.3389/fnsys.2016.00068"
"27568200","The effects of ecstasy on neurotransmitter systems: a review on the findings of molecular imaging studies","Vegting Y, Reneman L, Booij J.","Psychopharmacology (Berl). 2016 Oct;233(19-20):3473-501. doi: 10.1007/s00213-016-4396-5. Epub 2016 Aug 28.","Vegting Y","Psychopharmacology (Berl)","2016","2016/08/29","PMC5021729","","10.1007/s00213-016-4396-5"
"27451405","Effects of anesthesia on resting state BOLD signals in white matter of non-human primates","Wu TL, Wang F, Anderson AW, Chen LM, Ding Z, Gore JC.","Magn Reson Imaging. 2016 Nov;34(9):1235-1241. doi: 10.1016/j.mri.2016.07.001. Epub 2016 Jul 20.","Wu TL","Magn Reson Imaging","2016","2016/07/25","PMC5055423","NIHMS804667","10.1016/j.mri.2016.07.001"
"27391213","Believing androids - fMRI activation in the right temporo-parietal junction is modulated by ascribing intentions to non-human agents","Özdem C, Wiese E, Wykowska A, Müller H, Brass M, Van Overwalle F.","Soc Neurosci. 2017 Oct;12(5):582-593. doi: 10.1080/17470919.2016.1207702. Epub 2016 Sep 2.","Özdem C","Soc Neurosci","2017","2016/07/09","","","10.1080/17470919.2016.1207702"
"27344239","Stereopsis after anterior temporal lobectomy","Verhoef BE, Decramer T, van Loon J, Goffin J, Van Paesschen W, Janssen P, Theys T.","Cortex. 2016 Sep;82:63-71. doi: 10.1016/j.cortex.2016.05.020. Epub 2016 Jun 8.","Verhoef BE","Cortex","2016","2016/06/27","","","10.1016/j.cortex.2016.05.020"
"27296233","Realistic models of apparent dynamic changes in resting-state connectivity in somatosensory cortex","Shi Z, Rogers BP, Chen LM, Morgan VL, Mishra A, Wilkes DM, Gore JC.","Hum Brain Mapp. 2016 Nov;37(11):3897-3910. doi: 10.1002/hbm.23284.","Shi Z","Hum Brain Mapp","2016","2016/06/15","PMC5053861","NIHMS791612","10.1002/hbm.23284"
"27150230","Color responses and their adaptation in human superior colliculus and lateral geniculate nucleus","Chang DHF, Hess RF, Mullen KT.","Neuroimage. 2016 Sep;138:211-220. doi: 10.1016/j.neuroimage.2016.04.067. Epub 2016 May 3.","Chang DHF","Neuroimage","2016","2016/05/07","","","10.1016/j.neuroimage.2016.04.067"
"27091582","Correlated inter-regional variations in low frequency local field potentials and resting state BOLD signals within S1 cortex of monkeys","Wilson GH 3rd, Yang PF, Gore JC, Chen LM.","Hum Brain Mapp. 2016 Aug;37(8):2755-66. doi: 10.1002/hbm.23207. Epub 2016 Apr 19.","Wilson GH 3rd","Hum Brain Mapp","2016","2016/04/20","PMC4945372","NIHMS773165","10.1002/hbm.23207"
"27053755","Functional definitions of parietal areas in human and non-human primates","Orban GA.","Proc Biol Sci. 2016 Apr 13;283(1828):20160118. doi: 10.1098/rspb.2016.0118.","Orban GA","Proc Biol Sci","2016","2016/04/08","PMC4843655","","10.1098/rspb.2016.0118"
"27038008","Asymmetry in functional connectivity of the human habenula revealed by high-resolution cardiac-gated resting state imaging","Hétu S, Luo Y, Saez I, D'Ardenne K, Lohrenz T, Montague PR.","Hum Brain Mapp. 2016 Jul;37(7):2602-15. doi: 10.1002/hbm.23194. Epub 2016 Apr 1.","Hétu S","Hum Brain Mapp","2016","2016/04/03","PMC4905773","NIHMS770799","10.1002/hbm.23194"
"27031602","Non-human primates in neuroscience research: The case against its scientific necessity","Bailey J, Taylor K.","Altern Lab Anim. 2016 Mar;44(1):43-69. doi: 10.1177/026119291604400101.","Bailey J","Altern Lab Anim","2016","2016/04/01","","","10.1177/026119291604400101"
"26979127","Estimating repetitive spatiotemporal patterns from resting-state brain activity data","Takeda Y, Hiroe N, Yamashita O, Sato MA.","Neuroimage. 2016 Jun;133:251-265. doi: 10.1016/j.neuroimage.2016.03.014. Epub 2016 Mar 12.","Takeda Y","Neuroimage","2016","2016/03/17","","","10.1016/j.neuroimage.2016.03.014"
"26908365","Connectivity between the central nucleus of the amygdala and the bed nucleus of the stria terminalis in the non-human primate: neuronal tract tracing and developmental neuroimaging studies","Oler JA, Tromp DP, Fox AS, Kovner R, Davidson RJ, Alexander AL, McFarlin DR, Birn RM, E Berg B, deCampo DM, Kalin NH, Fudge JL.","Brain Struct Funct. 2017 Jan;222(1):21-39. doi: 10.1007/s00429-016-1198-9. Epub 2016 Feb 23.","Oler JA","Brain Struct Funct","2017","2016/02/25","PMC4995160","NIHMS762902","10.1007/s00429-016-1198-9"
"26774609","Intrinsic connectivity of neural networks in the awake rabbit","Schroeder MP, Weiss C, Procissi D, Disterhoft JF, Wang L.","Neuroimage. 2016 Apr 1;129:260-267. doi: 10.1016/j.neuroimage.2016.01.010. Epub 2016 Jan 13.","Schroeder MP","Neuroimage","2016","2016/01/18","PMC4803608","NIHMS751513","10.1016/j.neuroimage.2016.01.010"
"26727304","Overlapping neural response to the pain or harm of people, animals, and nature","Mathur VA, Cheon BK, Harada T, Scimeca JM, Chiao JY.","Neuropsychologia. 2016 Jan 29;81:265-273. doi: 10.1016/j.neuropsychologia.2015.12.025. Epub 2015 Dec 28.","Mathur VA","Neuropsychologia","2016","2016/01/05","","","10.1016/j.neuropsychologia.2015.12.025"
"26635539","In Vivo Mapping of Cortical Columnar Networks in the Monkey with Focal Electrical and Optical Stimulation","Roe AW, Chernov MM, Friedman RM, Chen G.","Front Neuroanat. 2015 Nov 16;9:135. doi: 10.3389/fnana.2015.00135. eCollection 2015.","Roe AW","Front Neuroanat","2015","2015/12/05","PMC4644798","","10.3389/fnana.2015.00135"
"26388148","Imaging Agonist-Induced D2/D3 Receptor Desensitization and Internalization In Vivo with PET/fMRI","Sander CY, Hooker JM, Catana C, Rosen BR, Mandeville JB.","Neuropsychopharmacology. 2016 Apr;41(5):1427-36. doi: 10.1038/npp.2015.296. Epub 2015 Sep 21.","Sander CY","Neuropsychopharmacology","2016","2015/09/22","PMC4793127","","10.1038/npp.2015.296"
"26288898","Introduction to the Special Issue on Multimodality of Early Sensory Processing: Early Visual Maps Flexibly Encode Multimodal Space","Arrighi R, Binda P, Cicchini GM.","Multisens Res. 2015;28(3-4):249-52. doi: 10.1163/22134808-00002500.","Arrighi R","Multisens Res","2015","2015/08/21","PMC5029545","EMS68427","10.1163/22134808-00002500"
"26225563","High-Field Functional Imaging of Pitch Processing in Auditory Cortex of the Cat","Butler BE, Hall AJ, Lomber SG.","PLoS One. 2015 Jul 30;10(7):e0134362. doi: 10.1371/journal.pone.0134362. eCollection 2015.","Butler BE","PLoS One","2015","2015/07/31","PMC4520558","","10.1371/journal.pone.0134362"
"26212883","Representation of numerical and sequential patterns in macaque and human brains","Wang L, Uhrig L, Jarraya B, Dehaene S.","Curr Biol. 2015 Aug 3;25(15):1966-74. doi: 10.1016/j.cub.2015.06.035. Epub 2015 Jul 23.","Wang L","Curr Biol","2015","2015/07/28","","","10.1016/j.cub.2015.06.035"
"26029133","Is it the real deal? Perception of virtual characters versus humans: an affective cognitive neuroscience perspective","de Borst AW, de Gelder B.","Front Psychol. 2015 May 12;6:576. doi: 10.3389/fpsyg.2015.00576. eCollection 2015.","de Borst AW","Front Psychol","2015","2015/06/02","PMC4428060","","10.3389/fpsyg.2015.00576"
"25988226","Whole brain mapping of visual and tactile convergence in the macaque monkey","Guipponi O, Cléry J, Odouard S, Wardak C, Ben Hamed S.","Neuroimage. 2015 Aug 15;117:93-102. doi: 10.1016/j.neuroimage.2015.05.022. Epub 2015 May 16.","Guipponi O","Neuroimage","2015","2015/05/20","","","10.1016/j.neuroimage.2015.05.022"
"25970649","Functional subdivisions of medial parieto-occipital cortex in humans and nonhuman primates using resting-state fMRI","Hutchison RM, Culham JC, Flanagan JR, Everling S, Gallivan JP.","Neuroimage. 2015 Aug 1;116:10-29. doi: 10.1016/j.neuroimage.2015.04.068. Epub 2015 May 10.","Hutchison RM","Neuroimage","2015","2015/05/14","","","10.1016/j.neuroimage.2015.04.068"
"25913702","The ties that bind: Group membership shapes the neural correlates of in-group favoritism","Telzer EH, Ichien N, Qu Y.","Neuroimage. 2015 Jul 15;115:42-51. doi: 10.1016/j.neuroimage.2015.04.035. Epub 2015 Apr 23.","Telzer EH","Neuroimage","2015","2015/04/28","","","10.1016/j.neuroimage.2015.04.035"
"25876179","Neural coding within human brain areas involved in actions","Gallivan JP, Culham JC.","Curr Opin Neurobiol. 2015 Aug;33:141-9. doi: 10.1016/j.conb.2015.03.012. Epub 2015 Apr 11.","Gallivan JP","Curr Opin Neurobiol","2015","2015/04/16","","","10.1016/j.conb.2015.03.012"
"25711137","A human homologue of monkey F5c","Ferri S, Peeters R, Nelissen K, Vanduffel W, Rizzolatti G, Orban GA.","Neuroimage. 2015 May 1;111:251-66. doi: 10.1016/j.neuroimage.2015.02.033. Epub 2015 Feb 21.","Ferri S","Neuroimage","2015","2015/02/26","PMC4401441","","10.1016/j.neuroimage.2015.02.033"
"25703830","Layer-specific response properties of the human lateral geniculate nucleus and superior colliculus","Zhang P, Zhou H, Wen W, He S.","Neuroimage. 2015 May 1;111:159-66. doi: 10.1016/j.neuroimage.2015.02.025. Epub 2015 Feb 19.","Zhang P","Neuroimage","2015","2015/02/24","","","10.1016/j.neuroimage.2015.02.025"
"25657630","On the relationship between persistent delay activity, repetition enhancement and priming","Tartaglia EM, Mongillo G, Brunel N.","Front Psychol. 2015 Jan 22;5:1590. doi: 10.3389/fpsyg.2014.01590. eCollection 2014.","Tartaglia EM","Front Psychol","2015","2015/02/07","PMC4302793","","10.3389/fpsyg.2014.01590"
"25646516","Finding the beat: a neural perspective across humans and non-human primates","Merchant H, Grahn J, Trainor L, Rohrmeier M, Fitch WT.","Philos Trans R Soc Lond B Biol Sci. 2015 Mar 19;370(1664):20140093. doi: 10.1098/rstb.2014.0093.","Merchant H","Philos Trans R Soc Lond B Biol Sci","2015","2015/02/04","PMC4321134","","10.1098/rstb.2014.0093"
"25502633","Fear of the unknown: uncertain anticipation reveals amygdala alterations in childhood anxiety disorders","Williams LE, Oler JA, Fox AS, McFarlin DR, Rogers GM, Jesson MA, Davidson RJ, Pine DS, Kalin NH.","Neuropsychopharmacology. 2015 May;40(6):1428-35. doi: 10.1038/npp.2014.328. Epub 2014 Dec 15.","Williams LE","Neuropsychopharmacology","2015","2014/12/16","PMC4397401","","10.1038/npp.2014.328"
"25498426","Functional imaging of olfaction by CBV fMRI in monkeys: insight into the role of olfactory bulb in habituation","Zhao F, Holahan MA, Houghton AK, Hargreaves R, Evelhoch JL, Winkelmann CT, Williams DS.","Neuroimage. 2015 Feb 1;106:364-72. doi: 10.1016/j.neuroimage.2014.12.001. Epub 2014 Dec 10.","Zhao F","Neuroimage","2015","2014/12/16","","","10.1016/j.neuroimage.2014.12.001"
"25463458","Lateralization for dynamic facial expressions in human superior temporal sulcus","De Winter FL, Zhu Q, Van den Stock J, Nelissen K, Peeters R, de Gelder B, Vanduffel W, Vandenbulcke M.","Neuroimage. 2015 Feb 1;106:340-52. doi: 10.1016/j.neuroimage.2014.11.020. Epub 2014 Nov 15.","De Winter FL","Neuroimage","2015","2014/12/03","","","10.1016/j.neuroimage.2014.11.020"
"25192653","Quantification of iron in the non-human primate brain with diffusion-weighted magnetic resonance imaging","Fujiwara S, Uhrig L, Amadon A, Jarraya B, Le Bihan D.","Neuroimage. 2014 Nov 15;102 Pt 2:789-97. doi: 10.1016/j.neuroimage.2014.08.049. Epub 2014 Sep 2.","Fujiwara S","Neuroimage","2014","2014/09/07","","","10.1016/j.neuroimage.2014.08.049"
"25094017","The human amygdala encodes value and space during decision making","Ousdal OT, Specht K, Server A, Andreassen OA, Dolan RJ, Jensen J.","Neuroimage. 2014 Nov 1;101:712-9. doi: 10.1016/j.neuroimage.2014.07.055. Epub 2014 Aug 2.","Ousdal OT","Neuroimage","2014","2014/08/06","PMC4176653","","10.1016/j.neuroimage.2014.07.055"
"25010558","A comparison of neural responses to appetitive and aversive stimuli in humans and other mammals","Hayes DJ, Duncan NW, Xu J, Northoff G.","Neurosci Biobehav Rev. 2014 Sep;45:350-68. doi: 10.1016/j.neubiorev.2014.06.018. Epub 2014 Jul 7.","Hayes DJ","Neurosci Biobehav Rev","2014","2014/07/11","","","10.1016/j.neubiorev.2014.06.018"
"24769184","Dissociable neural representations of wrist motor coordinate frames in human motor cortices","Yoshimura N, Jimura K, DaSalla CS, Shin D, Kambara H, Hanakawa T, Koike Y.","Neuroimage. 2014 Aug 15;97:53-61. doi: 10.1016/j.neuroimage.2014.04.046. Epub 2014 Apr 23.","Yoshimura N","Neuroimage","2014","2014/04/29","","","10.1016/j.neuroimage.2014.04.046"
"24629510","Fractional amplitude of low-frequency fluctuation changes in monkeys with spinal cord injury: a resting-state fMRI study","Rao JS, Ma M, Zhao C, Zhang AF, Yang ZY, Liu Z, Li XG.","Magn Reson Imaging. 2014 Jun;32(5):482-6. doi: 10.1016/j.mri.2014.02.001. Epub 2014 Feb 10.","Rao JS","Magn Reson Imaging","2014","2014/03/18","","","10.1016/j.mri.2014.02.001"
"24624101","Global timing: a conceptual framework to investigate the neural basis of rhythm perception in humans and non-human species","Geiser E, Walker KM, Bendor D.","Front Psychol. 2014 Mar 3;5:159. doi: 10.3389/fpsyg.2014.00159. eCollection 2014.","Geiser E","Front Psychol","2014","2014/03/14","PMC3939859","","10.3389/fpsyg.2014.00159"
"24531049","Resting-state fMRI reveals functional connectivity between face-selective perirhinal cortex and the fusiform face area related to face inversion","O'Neil EB, Hutchison RM, McLean DA, Köhler S.","Neuroimage. 2014 May 15;92:349-55. doi: 10.1016/j.neuroimage.2014.02.005. Epub 2014 Feb 12.","O'Neil EB","Neuroimage","2014","2014/02/18","","","10.1016/j.neuroimage.2014.02.005"
"24530271","Parkinson׳s disease-related modulation of functional connectivity associated with the striatum in the resting state in a nonhuman primate model","Li J, Luo C, Chen Y, Chen Q, Huang R, Sun J, Gong Q, Wu X, Qi Z, Liang Z, Li L, Li H, Li P, Wang W, Shang HF.","Brain Res. 2014 Mar 25;1555:10-9. doi: 10.1016/j.brainres.2014.01.054. Epub 2014 Feb 13.","Li J","Brain Res","2014","2014/02/18","","","10.1016/j.brainres.2014.01.054"
"24525224","Extinction resistant changes in the human auditory association cortex following threat learning","Apergis-Schoute AM, Schiller D, LeDoux JE, Phelps EA.","Neurobiol Learn Mem. 2014 Sep;113:109-14. doi: 10.1016/j.nlm.2014.01.016. Epub 2014 Feb 11.","Apergis-Schoute AM","Neurobiol Learn Mem","2014","2014/02/15","PMC4053499","NIHMS584220","10.1016/j.nlm.2014.01.016"
"24508744","Differential effects of acute stress on anticipatory and consummatory phases of reward processing","Kumar P, Berghorst LH, Nickerson LD, Dutra SJ, Goer FK, Greve DN, Pizzagalli DA.","Neuroscience. 2014 Apr 25;266:1-12. doi: 10.1016/j.neuroscience.2014.01.058. Epub 2014 Feb 7.","Kumar P","Neuroscience","2014","2014/02/11","PMC4026279","NIHMS572186","10.1016/j.neuroscience.2014.01.058"
"24444996","BNST neurocircuitry in humans","Avery SN, Clauss JA, Winder DG, Woodward N, Heckers S, Blackford JU.","Neuroimage. 2014 May 1;91:311-23. doi: 10.1016/j.neuroimage.2014.01.017. Epub 2014 Jan 18.","Avery SN","Neuroimage","2014","2014/01/22","PMC4214684","NIHMS559696","10.1016/j.neuroimage.2014.01.017"
"24412331","Evaluating signal-correlated noise as a control task with language-related gamma activity on electrocorticography","Brown EC, Muzik O, Rothermel R, Juhász C, Shah AK, Fuerst D, Mittal S, Sood S, Asano E.","Clin Neurophysiol. 2014 Jul;125(7):1312-23. doi: 10.1016/j.clinph.2013.11.026. Epub 2013 Dec 1.","Brown EC","Clin Neurophysiol","2014","2014/01/14","PMC4035421","NIHMS557907","10.1016/j.clinph.2013.11.026"
"24201011","Format-dependent representations of symbolic and non-symbolic numbers in the human cortex as revealed by multi-voxel pattern analyses","Bulthé J, De Smedt B, Op de Beeck HP.","Neuroimage. 2014 Feb 15;87:311-22. doi: 10.1016/j.neuroimage.2013.10.049. Epub 2013 Nov 5.","Bulthé J","Neuroimage","2014","2013/11/09","","","10.1016/j.neuroimage.2013.10.049"
"24157401","Sex differences in the neural and behavioral response to intranasal oxytocin and vasopressin during human social interaction","Rilling JK, DeMarco AC, Hackett PD, Chen X, Gautam P, Stair S, Haroon E, Thompson R, Ditzen B, Patel R, Pagnoni G.","Psychoneuroendocrinology. 2014 Jan;39:237-248. doi: 10.1016/j.psyneuen.2013.09.022. Epub 2013 Sep 27.","Rilling JK","Psychoneuroendocrinology","2014","2013/10/26","PMC3842401","NIHMS528062","10.1016/j.psyneuen.2013.09.022"
"24137150","Quantitative meta-analysis of fMRI and PET studies reveals consistent activation in fronto-striatal-parietal regions and cerebellum during antisaccades and prosaccades","Jamadar SD, Fielding J, Egan GF.","Front Psychol. 2013 Oct 16;4:749. doi: 10.3389/fpsyg.2013.00749. eCollection 2013.","Jamadar SD","Front Psychol","2013","2013/10/19","PMC3797465","","10.3389/fpsyg.2013.00749"
"24128739","Brain activation related to the perception of minimal agency cues: the role of the mirror system","Stosic M, Brass M, Van Hoeck N, Ma N, Van Overwalle F.","Neuroimage. 2014 Feb 1;86:364-9. doi: 10.1016/j.neuroimage.2013.10.007. Epub 2013 Oct 12.","Stosic M","Neuroimage","2014","2013/10/17","","","10.1016/j.neuroimage.2013.10.007"
"24122368","Give me a sign: decoding complex coordinated hand movements using high-field fMRI","Bleichner MG, Jansma JM, Sellmeijer J, Raemaekers M, Ramsey NF.","Brain Topogr. 2014 Mar;27(2):248-57. doi: 10.1007/s10548-013-0322-x.","Bleichner MG","Brain Topogr","2014","2013/10/15","","","10.1007/s10548-013-0322-x"
"24121168","The helmet head restraint system: a viable solution for resting state fMRI in awake monkeys","Hadj-Bouziane F, Monfardini E, Guedj C, Gardechaux G, Hynaux C, Farnè A, Meunier M.","Neuroimage. 2014 Feb 1;86:536-43. doi: 10.1016/j.neuroimage.2013.09.068. Epub 2013 Oct 8.","Hadj-Bouziane F","Neuroimage","2014","2013/10/15","","","10.1016/j.neuroimage.2013.09.068"
"24076012","Combining fMRI and behavioral measures to examine the process of human learning","Karuza EA, Emberson LL, Aslin RN.","Neurobiol Learn Mem. 2014 Mar;109:193-206. doi: 10.1016/j.nlm.2013.09.012. Epub 2013 Sep 25.","Karuza EA","Neurobiol Learn Mem","2014","2013/10/01","PMC3963805","NIHMS532412","10.1016/j.nlm.2013.09.012"
"24051357","Auditory tracts identified with combined fMRI and diffusion tractography","Javad F, Warren JD, Micallef C, Thornton JS, Golay X, Yousry T, Mancini L.","Neuroimage. 2014 Jan 1;84(100):562-74. doi: 10.1016/j.neuroimage.2013.09.007. Epub 2013 Sep 16.","Javad F","Neuroimage","2014","2013/09/21","PMC3898984","","10.1016/j.neuroimage.2013.09.007"
"24046759","Maternal status regulates cortical responses to the body odor of newborns","Lundström JN, Mathe A, Schaal B, Frasnelli J, Nitzsche K, Gerber J, Hummel T.","Front Psychol. 2013 Sep 5;4:597. doi: 10.3389/fpsyg.2013.00597. eCollection 2013.","Lundström JN","Front Psychol","2013","2013/09/19","PMC3763193","","10.3389/fpsyg.2013.00597"
"23916753","Tonotopic mapping of human auditory cortex","Saenz M, Langers DR.","Hear Res. 2014 Jan;307:42-52. doi: 10.1016/j.heares.2013.07.016. Epub 2013 Aug 2.","Saenz M","Hear Res","2014","2013/08/07","","","10.1016/j.heares.2013.07.016"
"23847558","Functional organization and visual representations of human ventral lateral prefrontal cortex","Chan AW.","Front Psychol. 2013 Jul 9;4:371. doi: 10.3389/fpsyg.2013.00371. eCollection 2013.","Chan AW","Front Psychol","2013","2013/07/13","PMC3705197","","10.3389/fpsyg.2013.00371"
"23774218","Cortical reorganization after stroke: how much and how functional?","Grefkes C, Ward NS.","Neuroscientist. 2014 Feb;20(1):56-70. doi: 10.1177/1073858413491147. Epub 2013 Jun 17.","Grefkes C","Neuroscientist","2014","2013/06/19","","","10.1177/1073858413491147"
"23727531","Dissociation of reach-related and visual signals in the human superior colliculus","Himmelbach M, Linzenbold W, Ilg UJ.","Neuroimage. 2013 Nov 15;82:61-7. doi: 10.1016/j.neuroimage.2013.05.101. Epub 2013 May 30.","Himmelbach M","Neuroimage","2013","2013/06/04","","","10.1016/j.neuroimage.2013.05.101"
"23716429","Magnetic resonance imaging of the retina: from mice to men","Duong TQ.","Magn Reson Med. 2014 Apr;71(4):1526-30. doi: 10.1002/mrm.24797. Epub 2013 May 28.","Duong TQ","Magn Reson Med","2014","2013/05/30","PMC3783549","NIHMS479174","10.1002/mrm.24797"
"23696219","An embedded four-channel receive-only RF coil array for fMRI experiments of the somatosensory pathway in conscious awake marmosets","Papoti D, Yen CC, Mackel JB, Merkle H, Silva AC.","NMR Biomed. 2013 Nov;26(11):1395-402. doi: 10.1002/nbm.2965. Epub 2013 May 22.","Papoti D","NMR Biomed","2013","2013/05/23","PMC4200535","NIHMS628254","10.1002/nbm.2965"
"23667619","Different types of laughter modulate connectivity within distinct parts of the laughter perception network","Wildgruber D, Szameitat DP, Ethofer T, Brück C, Alter K, Grodd W, Kreifelts B.","PLoS One. 2013 May 8;8(5):e63441. doi: 10.1371/journal.pone.0063441. Print 2013.","Wildgruber D","PLoS One","2013","2013/05/14","PMC3648477","","10.1371/journal.pone.0063441"
"23652854","Large-scale reorganization of the somatosensory cortex of adult macaque monkeys revealed by fMRI","Dutta A, Kambi N, Raghunathan P, Khushu S, Jain N.","Brain Struct Funct. 2014 Jul;219(4):1305-20. doi: 10.1007/s00429-013-0569-8. Epub 2013 May 8.","Dutta A","Brain Struct Funct","2014","2013/05/09","","","10.1007/s00429-013-0569-8"
"23525516","Human Object-Similarity Judgments Reflect and Transcend the Primate-IT Object Representation","Mur M, Meys M, Bodurka J, Goebel R, Bandettini PA, Kriegeskorte N.","Front Psychol. 2013 Mar 22;4:128. doi: 10.3389/fpsyg.2013.00128. eCollection 2013.","Mur M","Front Psychol","2013","2013/03/26","PMC3605517","","10.3389/fpsyg.2013.00128"
"23500969","A magnetic resonance imaging-safe method for the study of human eyeblink conditioning","Kent JS, Michael Bailey D, Vollmer JM, Newman SD, Bolbecker AR, O'Donnell BF, Hetrick WP.","J Neurosci Methods. 2013 May 30;216(1):16-21. doi: 10.1016/j.jneumeth.2013.03.002. Epub 2013 Mar 13.","Kent JS","J Neurosci Methods","2013","2013/03/19","PMC3775613","NIHMS476664","10.1016/j.jneumeth.2013.03.002"
"23466936","A receptor-based model for dopamine-induced fMRI signal","Mandeville JB, Sander CYM, Jenkins BG, Hooker JM, Catana C, Vanduffel W, Alpert NM, Rosen BR, Normandin MD.","Neuroimage. 2013 Jul 15;75:46-57. doi: 10.1016/j.neuroimage.2013.02.036. Epub 2013 Mar 1.","Mandeville JB","Neuroimage","2013","2013/03/08","PMC3683121","NIHMS451571","10.1016/j.neuroimage.2013.02.036"
"23378834","Anterior temporal face patches: a meta-analysis and empirical study","Von Der Heide RJ, Skipper LM, Olson IR.","Front Hum Neurosci. 2013 Feb 1;7:17. doi: 10.3389/fnhum.2013.00017. eCollection 2013.","Von Der Heide RJ","Front Hum Neurosci","2013","2013/02/05","PMC3561664","","10.3389/fnhum.2013.00017"
"23313563","Is there an association between peripheral immune markers and structural/functional neuroimaging findings?","Frodl T, Amico F.","Prog Neuropsychopharmacol Biol Psychiatry. 2014 Jan 3;48:295-303. doi: 10.1016/j.pnpbp.2012.12.013. Epub 2013 Jan 11.","Frodl T","Prog Neuropsychopharmacol Biol Psychiatry","2014","2013/01/15","","","10.1016/j.pnpbp.2012.12.013"
"23142493","Dopaminergic dysfunction in abstinent dexamphetamine users: results from a pharmacological fMRI study using a reward anticipation task and a methylphenidate challenge","Schouw ML, De Ruiter MB, Kaag AM, van den Brink W, Lindauer RJ, Reneman L.","Drug Alcohol Depend. 2013 Jun 1;130(1-3):52-60. doi: 10.1016/j.drugalcdep.2012.10.010. Epub 2012 Nov 9.","Schouw ML","Drug Alcohol Depend","2013","2012/11/13","","","10.1016/j.drugalcdep.2012.10.010"
"23103631","Brain activity and human unilateral chewing: an FMRI study","Quintero A, Ichesco E, Myers C, Schutt R, Gerstner GE.","J Dent Res. 2013 Feb;92(2):136-42. doi: 10.1177/0022034512466265. Epub 2012 Oct 26.","Quintero A","J Dent Res","2013","2012/10/30","PMC3545687","","10.1177/0022034512466265"
"23077043","That's near my hand! Parietal and premotor coding of hand-centered space contributes to localization and self-attribution of the hand","Brozzoli C, Gentile G, Ehrsson HH.","J Neurosci. 2012 Oct 17;32(42):14573-82. doi: 10.1523/JNEUROSCI.2660-12.2012.","Brozzoli C","J Neurosci","2012","2012/10/19","PMC6621451","","10.1523/JNEUROSCI.2660-12.2012"
"23000258","Characterization of the blood-oxygen level-dependent (BOLD) response in cat auditory cortex using high-field fMRI","Brown TA, Joanisse MF, Gati JS, Hughes SM, Nixon PL, Menon RS, Lomber SG.","Neuroimage. 2013 Jan 1;64:458-65. doi: 10.1016/j.neuroimage.2012.09.034. Epub 2012 Sep 20.","Brown TA","Neuroimage","2013","2012/09/25","","","10.1016/j.neuroimage.2012.09.034"
"22992489","Data-driven analysis of analogous brain networks in monkeys and humans during natural vision","Mantini D, Corbetta M, Romani GL, Orban GA, Vanduffel W.","Neuroimage. 2012 Nov 15;63(3):1107-18. doi: 10.1016/j.neuroimage.2012.08.042. Epub 2012 Aug 21.","Mantini D","Neuroimage","2012","2012/09/21","PMC3472137","NIHMS402591","10.1016/j.neuroimage.2012.08.042"
"22986224","Defining the habenula in human neuroimaging studies","Lawson RP, Drevets WC, Roiser JP.","Neuroimage. 2013 Jan 1;64:722-7. doi: 10.1016/j.neuroimage.2012.08.076. Epub 2012 Sep 8.","Lawson RP","Neuroimage","2013","2012/09/19","PMC3650642","","10.1016/j.neuroimage.2012.08.076"
"22965769","Human finger somatotopy in areas 3b, 1, and 2: a 7T fMRI study using a natural stimulus","Martuzzi R, van der Zwaag W, Farthouat J, Gruetter R, Blanke O.","Hum Brain Mapp. 2014 Jan;35(1):213-26. doi: 10.1002/hbm.22172. Epub 2012 Sep 11.","Martuzzi R","Hum Brain Mapp","2014","2012/09/12","PMC6869627","","10.1002/hbm.22172"
"22960664","Current state-of-the-art of auditory functional MRI (fMRI) on zebra finches: technique and scientific achievements","Van Ruijssevelt L, Van der Kant A, De Groof G, Van der Linden A.","J Physiol Paris. 2013 Jun;107(3):156-69. doi: 10.1016/j.jphysparis.2012.08.005. Epub 2012 Aug 30.","Van Ruijssevelt L","J Physiol Paris","2013","2012/09/11","","","10.1016/j.jphysparis.2012.08.005"
"22960152","Layer-specific BOLD activation in awake monkey V1 revealed by ultra-high spatial resolution functional magnetic resonance imaging","Chen G, Wang F, Gore JC, Roe AW.","Neuroimage. 2013 Jan 1;64:147-55. doi: 10.1016/j.neuroimage.2012.08.060. Epub 2012 Aug 28.","Chen G","Neuroimage","2013","2012/09/11","PMC3508288","NIHMS404407","10.1016/j.neuroimage.2012.08.060"
"22905026","Naturalistic FMRI mapping reveals superior temporal sulcus as the hub for the distributed brain network for social perception","Lahnakoski JM, Glerean E, Salmi J, Jääskeläinen IP, Sams M, Hari R, Nummenmaa L.","Front Hum Neurosci. 2012 Aug 13;6:233. doi: 10.3389/fnhum.2012.00233. eCollection 2012.","Lahnakoski JM","Front Hum Neurosci","2012","2012/08/21","PMC3417167","","10.3389/fnhum.2012.00233"
"22855672","Monkey in the middle: why non-human primates are needed to bridge the gap in resting-state investigations","Hutchison RM, Everling S.","Front Neuroanat. 2012 Jul 26;6:29. doi: 10.3389/fnana.2012.00029. eCollection 2012.","Hutchison RM","Front Neuroanat","2012","2012/08/03","PMC3405297","","10.3389/fnana.2012.00029"
"22737119","On the relationship between the ""default mode network"" and the ""social brain""","Mars RB, Neubert FX, Noonan MP, Sallet J, Toni I, Rushworth MF.","Front Hum Neurosci. 2012 Jun 21;6:189. doi: 10.3389/fnhum.2012.00189. eCollection 2012.","Mars RB","Front Hum Neurosci","2012","2012/06/28","PMC3380415","","10.3389/fnhum.2012.00189"
"22661938","The hippocampus supports multiple cognitive processes through relational binding and comparison","Olsen RK, Moses SN, Riggs L, Ryan JD.","Front Hum Neurosci. 2012 May 25;6:146. doi: 10.3389/fnhum.2012.00146. eCollection 2012.","Olsen RK","Front Hum Neurosci","2012","2012/06/05","PMC3363343","","10.3389/fnhum.2012.00146"
"22584234","Brain tissue water comes in two pools: evidence from diffusion and R2' measurements with USPIOs in non human primates","Le Bihan D, Joly O, Aso T, Uhrig L, Poupon C, Tani N, Iwamuro H, Urayama SI, Jarraya B.","Neuroimage. 2012 Aug 1;62(1):9-16. doi: 10.1016/j.neuroimage.2012.05.011. Epub 2012 May 11.","Le Bihan D","Neuroimage","2012","2012/05/16","","","10.1016/j.neuroimage.2012.05.011"
"22504764","What does polarity inversion of extrastriate activity tell us about striate contributions to the early VEP? A comment on Ales et al. (2010)","Kelly SP, Schroeder CE, Lalor EC.","Neuroimage. 2013 Aug 1;76:442-5. doi: 10.1016/j.neuroimage.2012.03.081. Epub 2012 Apr 5.","Kelly SP","Neuroimage","2013","2012/04/17","","","10.1016/j.neuroimage.2012.03.081"
"22465841","Evidence for coordinated functional activity within the extended amygdala of non-human and human primates","Oler JA, Birn RM, Patriat R, Fox AS, Shelton SE, Burghy CA, Stodola DE, Essex MJ, Davidson RJ, Kalin NH.","Neuroimage. 2012 Jul 16;61(4):1059-66. doi: 10.1016/j.neuroimage.2012.03.045. Epub 2012 Mar 23.","Oler JA","Neuroimage","2012","2012/04/03","PMC3376204","NIHMS364904","10.1016/j.neuroimage.2012.03.045"
"22427133","Audio-visual facilitation of the mu rhythm","McGarry LM, Russo FA, Schalles MD, Pineda JA.","Exp Brain Res. 2012 May;218(4):527-38. doi: 10.1007/s00221-012-3046-3. Epub 2012 Mar 17.","McGarry LM","Exp Brain Res","2012","2012/03/20","","","10.1007/s00221-012-3046-3"
"22426350","Effects of lactate on the early visual cortex of non-human primates, investigated by pharmaco-MRI and neurochemical analysis","von Pföstl V, Li J, Zaldivar D, Goense J, Zhang X, Serr N, Logothetis NK, Rauch A.","Neuroimage. 2012 May 15;61(1):98-105. doi: 10.1016/j.neuroimage.2012.02.082. Epub 2012 Mar 8.","von Pföstl V","Neuroimage","2012","2012/03/20","","","10.1016/j.neuroimage.2012.02.082"
"22414593","Social economic decision-making across the lifespan: An fMRI investigation","Harlé KM, Sanfey AG.","Neuropsychologia. 2012 Jun;50(7):1416-24. doi: 10.1016/j.neuropsychologia.2012.02.026. Epub 2012 Mar 3.","Harlé KM","Neuropsychologia","2012","2012/03/15","PMC3358414","NIHMS362966","10.1016/j.neuropsychologia.2012.02.026"
"22238636","An analysis approach for high-field fMRI data from awake non-human primates","Stoewer S, Goense J, Keliris GA, Bartels A, Logothetis NK, Duncan J, Sigala N.","PLoS One. 2012;7(1):e29697. doi: 10.1371/journal.pone.0029697. Epub 2012 Jan 6.","Stoewer S","PLoS One","2012","2012/01/13","PMC3253095","","10.1371/journal.pone.0029697"
"22235303","A functional and structural investigation of the human fronto-basal volitional saccade network","Neggers SF, Diepen RM, Zandbelt BB, Vink M, Mandl RC, Gutteling TP.","PLoS One. 2012;7(1):e29517. doi: 10.1371/journal.pone.0029517. Epub 2012 Jan 3.","Neggers SF","PLoS One","2012","2012/01/12","PMC3250458","","10.1371/journal.pone.0029517"
"22209784","Meta-analytical definition and functional connectivity of the human vestibular cortex","zu Eulenburg P, Caspers S, Roski C, Eickhoff SB.","Neuroimage. 2012 Mar;60(1):162-9. doi: 10.1016/j.neuroimage.2011.12.032. Epub 2011 Dec 23.","zu Eulenburg P","Neuroimage","2012","2012/01/03","","","10.1016/j.neuroimage.2011.12.032"
"23550176","Controllability modulates the anticipatory response in the human ventromedial prefrontal cortex","Kerr DL, McLaren DG, Mathy RM, Nitschke JB.","Front Psychol. 2012 Dec 14;3:557. doi: 10.3389/fpsyg.2012.00557. eCollection 2012.","Kerr DL","Front Psychol","2012","2013/04/04","PMC3582324","","10.3389/fpsyg.2012.00557"
"22144955","Two systems of non-symbolic numerical cognition","Hyde DC.","Front Hum Neurosci. 2011 Nov 29;5:150. doi: 10.3389/fnhum.2011.00150. eCollection 2011.","Hyde DC","Front Hum Neurosci","2011","2011/12/07","PMC3228256","","10.3389/fnhum.2011.00150"
"22131970","The human likeness dimension of the ""uncanny valley hypothesis"": behavioral and functional MRI findings","Cheetham M, Suter P, Jäncke L.","Front Hum Neurosci. 2011 Nov 24;5:126. doi: 10.3389/fnhum.2011.00126. eCollection 2011.","Cheetham M","Front Hum Neurosci","2011","2011/12/02","PMC3223398","","10.3389/fnhum.2011.00126"
"21955370","An fMRI study of the social competition in healthy subjects","Polosan M, Baciu M, Cousin E, Perrone M, Pichat C, Bougerol T.","Brain Cogn. 2011 Dec;77(3):401-11. doi: 10.1016/j.bandc.2011.08.018. Epub 2011 Sep 28.","Polosan M","Brain Cogn","2011","2011/09/30","","","10.1016/j.bandc.2011.08.018"
"21943047","Socially tuned: brain responses differentiating human and animal motion","Kaiser MD, Shiffrar M, Pelphrey KA.","Soc Neurosci. 2012;7(3):301-10. doi: 10.1080/17470919.2011.614003. Epub 2011 Sep 26.","Kaiser MD","Soc Neurosci","2012","2011/09/28","","","10.1080/17470919.2011.614003"
"21938757","Evidence for a motor somatotopy in the cerebellar dentate nucleus--an FMRI study in humans","Küper M, Thürling M, Stefanescu R, Maderwald S, Roths J, Elles HG, Ladd ME, Diedrichsen J, Timmann D.","Hum Brain Mapp. 2012 Nov;33(11):2741-9. doi: 10.1002/hbm.21400. Epub 2011 Sep 21.","Küper M","Hum Brain Mapp","2012","2011/09/23","PMC6869902","","10.1002/hbm.21400"
"21889948","Neural correlates of an illusory touch experience investigated with fMRI","Lloyd DM, McKenzie KJ, Brown RJ, Poliakoff E.","Neuropsychologia. 2011 Oct;49(12):3430-8. doi: 10.1016/j.neuropsychologia.2011.08.018. Epub 2011 Aug 25.","Lloyd DM","Neuropsychologia","2011","2011/09/06","","","10.1016/j.neuropsychologia.2011.08.018"
"21889520","Sensory and semantic category subdivisions within the anterior temporal lobes","Skipper LM, Ross LA, Olson IR.","Neuropsychologia. 2011 Oct;49(12):3419-29. doi: 10.1016/j.neuropsychologia.2011.07.033. Epub 2011 Aug 22.","Skipper LM","Neuropsychologia","2011","2011/09/06","PMC3192293","NIHMS325751","10.1016/j.neuropsychologia.2011.07.033"
"21765915","Illusions of visual motion elicited by electrical stimulation of human MT complex","Rauschecker AM, Dastjerdi M, Weiner KS, Witthoft N, Chen J, Selimbeyoglu A, Parvizi J.","PLoS One. 2011;6(7):e21798. doi: 10.1371/journal.pone.0021798. Epub 2011 Jul 13.","Rauschecker AM","PLoS One","2011","2011/07/19","PMC3135604","","10.1371/journal.pone.0021798"
"21687796","Faces and eyes in human lateral prefrontal cortex","Chan AW, Downing PE.","Front Hum Neurosci. 2011 Jun 2;5:51. doi: 10.3389/fnhum.2011.00051. eCollection 2011.","Chan AW","Front Hum Neurosci","2011","2011/06/21","PMC3108382","","10.3389/fnhum.2011.00051"
"21557954","Evolution of non-speech sound memory in postlingual deafness: implications for cochlear implant rehabilitation","Lazard DS, Giraud AL, Truy E, Lee HJ.","Neuropsychologia. 2011 Jul;49(9):2475-82. doi: 10.1016/j.neuropsychologia.2011.04.025. Epub 2011 Apr 29.","Lazard DS","Neuropsychologia","2011","2011/05/12","","","10.1016/j.neuropsychologia.2011.04.025"
"21467155","Color responsiveness argues against a dorsal component of human V4","Goddard E, Mannion DJ, McDonald JS, Solomon SG, Clifford CW.","J Vis. 2011 Apr 5;11(4):3. doi: 10.1167/11.4.3.","Goddard E","J Vis","2011","2011/04/07","","","10.1167/11.4.3"
"21333672","Color in the cortex: single- and double-opponent cells","Shapley R, Hawken MJ.","Vision Res. 2011 Apr 13;51(7):701-17. doi: 10.1016/j.visres.2011.02.012. Epub 2011 Feb 17.","Shapley R","Vision Res","2011","2011/02/22","PMC3121536","NIHMS284652","10.1016/j.visres.2011.02.012"
"24236222","Co-registration of high resolution MRI scans with partial brain coverage in non-human primates","Lecoeur J, Wang F, Chen LM, Li R, Avison MJ, Dawant BM.","Proc SPIE Int Soc Opt Eng. 2011 Feb 11;7962:79621S. doi: 10.1117/12.877024.","Lecoeur J","Proc SPIE Int Soc Opt Eng","2011","2013/11/16","PMC3824268","NIHMS356441","10.1117/12.877024"
"21307843","fMRI of cocaine self-administration in macaques reveals functional inhibition of basal ganglia","Mandeville JB, Choi JK, Jarraya B, Rosen BR, Jenkins BG, Vanduffel W.","Neuropsychopharmacology. 2011 May;36(6):1187-98. doi: 10.1038/npp.2011.1. Epub 2011 Feb 9.","Mandeville JB","Neuropsychopharmacology","2011","2011/02/11","PMC3079280","NIHMS259948","10.1038/npp.2011.1"
"21196511","The effects of visuospatial attention measured across visual cortex using source-imaged, steady-state EEG","Lauritzen TZ, Ales JM, Wade AR.","J Vis. 2010 Dec 31;10(14):39. doi: 10.1167/10.14.39.","Lauritzen TZ","J Vis","2010","2011/01/04","","","10.1167/10.14.39"
"21160558","Functional properties of human auditory cortical fields","Woods DL, Herron TJ, Cate AD, Yund EW, Stecker GC, Rinne T, Kang X.","Front Syst Neurosci. 2010 Dec 3;4:155. doi: 10.3389/fnsys.2010.00155. eCollection 2010.","Woods DL","Front Syst Neurosci","2010","2010/12/17","PMC3001989","","10.3389/fnsys.2010.00155"
"21148091","Integration of visual and tactile signals from the hand in the human brain: an FMRI study","Gentile G, Petkova VI, Ehrsson HH.","J Neurophysiol. 2011 Feb;105(2):910-22. doi: 10.1152/jn.00840.2010. Epub 2010 Dec 8.","Gentile G","J Neurophysiol","2011","2010/12/15","PMC3059180","","10.1152/jn.00840.2010"
"21073874","Sexual arousal, is it for mammals only?","Ball GF, Balthazart J.","Horm Behav. 2011 May;59(5):645-55. doi: 10.1016/j.yhbeh.2010.11.001. Epub 2010 Nov 9.","Ball GF","Horm Behav","2011","2010/11/16","PMC3522870","NIHMS423056","10.1016/j.yhbeh.2010.11.001"
"20967197","Neural coding of movement direction in the healthy human brain","Cowper-Smith CD, Lau EY, Helmick CA, Eskes GA, Westwood DA.","PLoS One. 2010 Oct 13;5(10):e13330. doi: 10.1371/journal.pone.0013330.","Cowper-Smith CD","PLoS One","2010","2010/10/23","PMC2954155","","10.1371/journal.pone.0013330"
"20965262","Where sound position influences sound object representations: a 7-T fMRI study","van der Zwaag W, Gentile G, Gruetter R, Spierer L, Clarke S.","Neuroimage. 2011 Feb 1;54(3):1803-11. doi: 10.1016/j.neuroimage.2010.10.032. Epub 2010 Oct 18.","van der Zwaag W","Neuroimage","2011","2010/10/23","","","10.1016/j.neuroimage.2010.10.032"
"20589242","Striatal BOLD Response Reflects the Impact of Herd Information on Financial Decisions","Burke CJ, Tobler PN, Schultz W, Baddeley M.","Front Hum Neurosci. 2010 Jun 7;4:48. doi: 10.3389/fnhum.2010.00048. eCollection 2010.","Burke CJ","Front Hum Neurosci","2010","2010/07/01","PMC2892997","","10.3389/fnhum.2010.00048"
"20493828","MEG in the macaque monkey and human: distinguishing cortical fields in space and time","Zumer JM, Nagarajan SS, Krubitzer LA, Zhu Z, Turner RS, Disbrow EA.","Brain Res. 2010 Jul 23;1345:110-24. doi: 10.1016/j.brainres.2010.05.037. Epub 2010 May 20.","Zumer JM","Brain Res","2010","2010/05/25","PMC2899153","NIHMS213622","10.1016/j.brainres.2010.05.037"
"20471483","BOLD fMRI of visual and somatosensory-motor stimulations in baboons","Wey HY, Li J, Szabó CA, Fox PT, Leland MM, Jones L, Duong TQ.","Neuroimage. 2010 Oct 1;52(4):1420-7. doi: 10.1016/j.neuroimage.2010.05.014. Epub 2010 May 13.","Wey HY","Neuroimage","2010","2010/05/18","PMC2949958","NIHMS235652","10.1016/j.neuroimage.2010.05.014"
"20451630","Decoding the direction of auditory motion in blind humans","Wolbers T, Zahorik P, Giudice NA.","Neuroimage. 2011 May 15;56(2):681-7. doi: 10.1016/j.neuroimage.2010.04.266. Epub 2010 May 5.","Wolbers T","Neuroimage","2011","2010/05/11","","","10.1016/j.neuroimage.2010.04.266"
"20434468","Triangles have goals too: understanding action representation in left aIPS","Ramsey R, Hamilton FC.","Neuropsychologia. 2010 Jul;48(9):2773-6. doi: 10.1016/j.neuropsychologia.2010.04.028. Epub 2010 Apr 29.","Ramsey R","Neuropsychologia","2010","2010/05/04","","","10.1016/j.neuropsychologia.2010.04.028"
"20053384","Characterisation of the BOLD response time course at different levels of the auditory pathway in non-human primates","Baumann S, Griffiths TD, Rees A, Hunter D, Sun L, Thiele A.","Neuroimage. 2010 Apr 15;50(3):1099-108. doi: 10.1016/j.neuroimage.2009.12.103. Epub 2010 Jan 4.","Baumann S","Neuroimage","2010","2010/01/08","PMC2880247","","10.1016/j.neuroimage.2009.12.103"
"19969009","Effects of heartbeat and respiration on macaque fMRI: implications for functional connectivity","Teichert T, Grinband J, Hirsch J, Ferrera VP.","Neuropsychologia. 2010 Jun;48(7):1886-94. doi: 10.1016/j.neuropsychologia.2009.11.026. Epub 2009 Dec 5.","Teichert T","Neuropsychologia","2010","2009/12/09","PMC2876227","NIHMS164276","10.1016/j.neuropsychologia.2009.11.026"
"19961940","Competition between learned reward and error outcome predictions in anterior cingulate cortex","Alexander WH, Brown JW.","Neuroimage. 2010 Feb 15;49(4):3210-8. doi: 10.1016/j.neuroimage.2009.11.065. Epub 2009 Dec 1.","Alexander WH","Neuroimage","2010","2009/12/08","PMC2818639","NIHMS163734","10.1016/j.neuroimage.2009.11.065"
"19948225","Anomalous neural circuit function in schizophrenia during a virtual Morris water task","Folley BS, Astur R, Jagannathan K, Calhoun VD, Pearlson GD.","Neuroimage. 2010 Feb 15;49(4):3373-84. doi: 10.1016/j.neuroimage.2009.11.034. Epub 2009 Dec 4.","Folley BS","Neuroimage","2010","2009/12/02","PMC2818580","NIHMS162445","10.1016/j.neuroimage.2009.11.034"
"19758835","Topographic maps in human frontal and parietal cortex","Silver MA, Kastner S.","Trends Cogn Sci. 2009 Nov;13(11):488-95. doi: 10.1016/j.tics.2009.08.005. Epub 2009 Sep 14.","Silver MA","Trends Cogn Sci","2009","2009/09/18","PMC2767426","NIHMS146072","10.1016/j.tics.2009.08.005"
"19683056","Functional magnetic resonance imaging of awake behaving macaques","Goense JB, Whittingstall K, Logothetis NK.","Methods. 2010 Mar;50(3):178-88. doi: 10.1016/j.ymeth.2009.08.003. Epub 2009 Aug 13.","Goense JB","Methods","2010","2009/08/18","","","10.1016/j.ymeth.2009.08.003"
"19429079","Online mentalising investigated with functional MRI","Kircher T, Blümel I, Marjoram D, Lataster T, Krabbendam L, Weber J, van Os J, Krach S.","Neurosci Lett. 2009 May 1;454(3):176-81. doi: 10.1016/j.neulet.2009.03.026. Epub 2009 Mar 14.","Kircher T","Neurosci Lett","2009","2009/05/12","","","10.1016/j.neulet.2009.03.026"
"19385988","Neuronal substrates of gaze following in monkeys","Kamphuis S, Dicke PW, Thier P.","Eur J Neurosci. 2009 Apr;29(8):1732-8. doi: 10.1111/j.1460-9568.2009.06730.x.","Kamphuis S","Eur J Neurosci","2009","2009/04/24","","","10.1111/j.1460-9568.2009.06730.x"
"19365552","Functional maps of human auditory cortex: effects of acoustic features and attention","Woods DL, Stecker GC, Rinne T, Herron TJ, Cate AD, Yund EW, Liao I, Kang X.","PLoS One. 2009;4(4):e5183. doi: 10.1371/journal.pone.0005183. Epub 2009 Apr 13.","Woods DL","PLoS One","2009","2009/04/15","PMC2664477","","10.1371/journal.pone.0005183"
"19072897","Two systems of resting state connectivity between the insula and cingulate cortex","Taylor KS, Seminowicz DA, Davis KD.","Hum Brain Mapp. 2009 Sep;30(9):2731-45. doi: 10.1002/hbm.20705.","Taylor KS","Hum Brain Mapp","2009","2008/12/17","PMC6871122","","10.1002/hbm.20705"
"18973818","Audiovisual integration in human superior temporal sulcus: Inverse effectiveness and the neural processing of speech and object recognition","Stevenson RA, James TW.","Neuroimage. 2009 Feb 1;44(3):1210-23. doi: 10.1016/j.neuroimage.2008.09.034. Epub 2008 Oct 10.","Stevenson RA","Neuroimage","2009","2008/11/01","","","10.1016/j.neuroimage.2008.09.034"
"18973604","Color responses of the human lateral geniculate nucleus: [corrected] selective amplification of S-cone signals between the lateral geniculate nucleno and primary visual cortex measured with high-field fMRI","Mullen KT, Dumoulin SO, Hess RF.","Eur J Neurosci. 2008 Nov;28(9):1911-23. doi: 10.1111/j.1460-9568.2008.06476.x.","Mullen KT","Eur J Neurosci","2008","2008/11/01","PMC2777261","","10.1111/j.1460-9568.2008.06476.x"
"18846222","Cortical activations in humans grasp-related areas depend on hand used and handedness","Begliomini C, Nelini C, Caria A, Grodd W, Castiello U.","PLoS One. 2008;3(10):e3388. doi: 10.1371/journal.pone.0003388. Epub 2008 Oct 10.","Begliomini C","PLoS One","2008","2008/10/11","PMC2561002","","10.1371/journal.pone.0003388"
"18761038","An open-source hardware and software system for acquisition and real-time processing of electrophysiology during high field MRI","Purdon PL, Millan H, Fuller PL, Bonmassar G.","J Neurosci Methods. 2008 Nov 15;175(2):165-86. doi: 10.1016/j.jneumeth.2008.07.017. Epub 2008 Aug 5.","Purdon PL","J Neurosci Methods","2008","2008/09/02","PMC2855223","NIHMS77940","10.1016/j.jneumeth.2008.07.017"
"18215804","Pharmacological MRI combined with electrophysiology in non-human primates: effects of Lidocaine on primary visual cortex","Rauch A, Rainer G, Augath M, Oeltermann A, Logothetis NK.","Neuroimage. 2008 Apr 1;40(2):590-600. doi: 10.1016/j.neuroimage.2007.12.009. Epub 2008 Jan 24.","Rauch A","Neuroimage","2008","2008/01/25","","","10.1016/j.neuroimage.2007.12.009"
"18024083","fMRI of the temporal lobe of the awake monkey at 7 T","Goense JB, Ku SP, Merkle H, Tolias AS, Logothetis NK.","Neuroimage. 2008 Feb 1;39(3):1081-93. doi: 10.1016/j.neuroimage.2007.09.038. Epub 2007 Sep 29.","Goense JB","Neuroimage","2008","2007/11/21","","","10.1016/j.neuroimage.2007.09.038"
"17889562","Subregions of the ventral striatum show preferential coding of reward magnitude and probability","Yacubian J, Sommer T, Schroeder K, Gläscher J, Braus DF, Büchel C.","Neuroimage. 2007 Nov 15;38(3):557-63. doi: 10.1016/j.neuroimage.2007.08.007. Epub 2007 Aug 22.","Yacubian J","Neuroimage","2007","2007/09/25","","","10.1016/j.neuroimage.2007.08.007"
"17697355","Activation of superior colliculi in humans during visual exploration","Himmelbach M, Erb M, Karnath HO.","BMC Neurosci. 2007 Aug 14;8:66. doi: 10.1186/1471-2202-8-66.","Himmelbach M","BMC Neurosci","2007","2007/08/19","PMC1976416","","10.1186/1471-2202-8-66"
"17533768","Grounding object concepts in perception and action: evidence from fMRI studies of tools","Beauchamp MS, Martin A.","Cortex. 2007 Apr;43(3):461-8. doi: 10.1016/s0010-9452(08)70470-2.","Beauchamp MS","Cortex","2007","2007/05/31","","","10.1016/s0010-9452(08)70470-2"
"17509896","Robust controlled functional MRI in alert monkeys at high magnetic field: effects of jaw and body movements","Keliris GA, Shmuel A, Ku SP, Pfeuffer J, Oeltermann A, Steudel T, Logothetis NK.","Neuroimage. 2007 Jul 1;36(3):550-70. doi: 10.1016/j.neuroimage.2007.02.057. Epub 2007 Apr 10.","Keliris GA","Neuroimage","2007","2007/05/19","","","10.1016/j.neuroimage.2007.02.057"
"17395577","Morphology, language and the brain: the decompositional substrate for language comprehension","Marslen-Wilson WD, Tyler LK.","Philos Trans R Soc Lond B Biol Sci. 2007 May 29;362(1481):823-36. doi: 10.1098/rstb.2007.2091.","Marslen-Wilson WD","Philos Trans R Soc Lond B Biol Sci","2007","2007/03/31","PMC2430000","","10.1098/rstb.2007.2091"
"17208181","Separate coding of different gaze directions in the superior temporal sulcus and inferior parietal lobule","Calder AJ, Beaver JD, Winston JS, Dolan RJ, Jenkins R, Eger E, Henson RN.","Curr Biol. 2007 Jan 9;17(1):20-5. doi: 10.1016/j.cub.2006.10.052.","Calder AJ","Curr Biol","2007","2007/01/09","PMC1885952","","10.1016/j.cub.2006.10.052"
"17126036","Quantitative basal CBF and CBF fMRI of rhesus monkeys using three-coil continuous arterial spin labeling","Zhang X, Nagaoka T, Auerbach EJ, Champion R, Zhou L, Hu X, Duong TQ.","Neuroimage. 2007 Feb 1;34(3):1074-83. doi: 10.1016/j.neuroimage.2006.10.011. Epub 2006 Nov 27.","Zhang X","Neuroimage","2007","2006/11/28","PMC2943966","NIHMS235659","10.1016/j.neuroimage.2006.10.011"
"17122318","Sensorimotor integration in S2, PV, and parietal rostroventral areas of the human sylvian fissure","Hinkley LB, Krubitzer LA, Nagarajan SS, Disbrow EA.","J Neurophysiol. 2007 Feb;97(2):1288-97. doi: 10.1152/jn.00733.2006. Epub 2006 Nov 22.","Hinkley LB","J Neurophysiol","2007","2006/11/24","PMC4060608","NIHMS23502","10.1152/jn.00733.2006"
"16997579","Reliable detection of bilateral activation in human primary somatosensory cortex by unilateral median nerve stimulation","Sutherland MT, Tang AC.","Neuroimage. 2006 Dec;33(4):1042-54. doi: 10.1016/j.neuroimage.2006.08.015. Epub 2006 Sep 25.","Sutherland MT","Neuroimage","2006","2006/09/26","","","10.1016/j.neuroimage.2006.08.015"
"16820004","Contribution of the corpus callosum to bilateral representation of the trunk midline in the human brain: an fMRI study of callosotomized patients","Fabri M, Polonara G, Mascioli G, Paggi A, Salvolini U, Manzoni T.","Eur J Neurosci. 2006 Jun;23(11):3139-48. doi: 10.1111/j.1460-9568.2006.04823.x.","Fabri M","Eur J Neurosci","2006","2006/07/06","","","10.1111/j.1460-9568.2006.04823.x"
"16675025","fMRI in alert, behaving monkeys: an adaptation of the human infant familiarization novelty preference procedure","Joseph JE, Powell DK, Andersen AH, Bhatt RS, Dunlap MK, Foldes ST, Forman E, Hardy PA, Steinmetz NA, Zhang Z.","J Neurosci Methods. 2006 Oct 15;157(1):10-24. doi: 10.1016/j.jneumeth.2006.03.018. Epub 2006 May 3.","Joseph JE","J Neurosci Methods","2006","2006/05/06","","","10.1016/j.jneumeth.2006.03.018"
"16594732","Functional imaging of numerical processing in adults and 4-y-old children","Cantlon JF, Brannon EM, Carter EJ, Pelphrey KA.","PLoS Biol. 2006 May;4(5):e125. doi: 10.1371/journal.pbio.0040125. Epub 2006 Apr 11.","Cantlon JF","PLoS Biol","2006","2006/04/06","PMC1431577","","10.1371/journal.pbio.0040125"
"16481198","Developing functional magnetic resonance imaging techniques for alert macaque monkeys","Gamlin PD, Ward MK, Bolding MS, Grossmann JK, Twieg DB.","Methods. 2006 Mar;38(3):210-20. doi: 10.1016/j.ymeth.2005.08.004.","Gamlin PD","Methods","2006","2006/02/17","","","10.1016/j.ymeth.2005.08.004"
"16343560","Mapping the parietal cortex of human and non-human primates","Orban GA, Claeys K, Nelissen K, Smans R, Sunaert S, Todd JT, Wardak C, Durand JB, Vanduffel W.","Neuropsychologia. 2006;44(13):2647-67. doi: 10.1016/j.neuropsychologia.2005.11.001. Epub 2005 Dec 12.","Orban GA","Neuropsychologia","2006","2005/12/14","","","10.1016/j.neuropsychologia.2005.11.001"
"16213164","Characterization of event-related designs using BOLD and IRON fMRI","Leite FP, Mandeville JB.","Neuroimage. 2006 Feb 1;29(3):901-9. doi: 10.1016/j.neuroimage.2005.08.022. Epub 2005 Oct 5.","Leite FP","Neuroimage","2006","2005/10/11","","","10.1016/j.neuroimage.2005.08.022"
"16162856","Sub-area-specific Suppressive Interaction in the BOLD responses to simultaneous finger stimulation in human primary somatosensory cortex: evidence for increasing rostral-to-caudal convergence","Ruben J, Krause T, Taskin B, Blankenburg F, Moosmann M, Villringer A.","Cereb Cortex. 2006 Jun;16(6):819-26. doi: 10.1093/cercor/bhj025. Epub 2005 Sep 14.","Ruben J","Cereb Cortex","2006","2005/09/16","","","10.1093/cercor/bhj025"
"16162829","Role for human posterior parietal cortex in visual processing of aversive objects in peripersonal space","Lloyd D, Morrison I, Roberts N.","J Neurophysiol. 2006 Jan;95(1):205-14. doi: 10.1152/jn.00614.2005. Epub 2005 Sep 14.","Lloyd D","J Neurophysiol","2006","2005/09/16","","","10.1152/jn.00614.2005"
"16054845","Attentional modulation in the human visual cortex: the time-course of the BOLD response and its implications","Smith AT, Cotillon-Williams NM, Williams AL.","Neuroimage. 2006 Jan 1;29(1):328-34. doi: 10.1016/j.neuroimage.2005.07.003. Epub 2005 Jul 28.","Smith AT","Neuroimage","2006","2005/08/02","","","10.1016/j.neuroimage.2005.07.003"
"15817644","Topographic organization for delayed saccades in human posterior parietal cortex","Schluppeck D, Glimcher P, Heeger DJ.","J Neurophysiol. 2005 Aug;94(2):1372-84. doi: 10.1152/jn.01290.2004. Epub 2005 Apr 7.","Schluppeck D","J Neurophysiol","2005","2005/04/09","PMC2367322","NIHMS42752","10.1152/jn.01290.2004"
"15652326","Distinct neural substrates for the perception of real and virtual visual worlds","Han S, Jiang Y, Humphreys GW, Zhou T, Cai P.","Neuroimage. 2005 Feb 1;24(3):928-35. doi: 10.1016/j.neuroimage.2004.09.046. Epub 2004 Nov 18.","Han S","Neuroimage","2005","2005/01/18","","","10.1016/j.neuroimage.2004.09.046"
"15635061","Neurophysiological architecture of functional magnetic resonance images of human brain","Salvador R, Suckling J, Coleman MR, Pickard JD, Menon D, Bullmore E.","Cereb Cortex. 2005 Sep;15(9):1332-42. doi: 10.1093/cercor/bhi016. Epub 2005 Jan 5.","Salvador R","Cereb Cortex","2005","2005/01/07","","","10.1093/cercor/bhi016"
"15242691","Comparative mapping of higher visual areas in monkeys and humans","Orban GA, Van Essen D, Vanduffel W.","Trends Cogn Sci. 2004 Jul;8(7):315-24. doi: 10.1016/j.tics.2004.05.009.","Orban GA","Trends Cogn Sci","2004","2004/07/10","","","10.1016/j.tics.2004.05.009"
"15006672","A functional neuroimaging study of motivation and executive function","Taylor SF, Welsh RC, Wager TD, Phan KL, Fitzgerald KD, Gehring WJ.","Neuroimage. 2004 Mar;21(3):1045-54. doi: 10.1016/j.neuroimage.2003.10.032.","Taylor SF","Neuroimage","2004","2004/03/10","","","10.1016/j.neuroimage.2003.10.032"
"14630229","MR imaging in the non-human primate: studies of function and of dynamic connectivity","Logothetis NK.","Curr Opin Neurobiol. 2003 Oct;13(5):630-42. doi: 10.1016/j.conb.2003.09.017.","Logothetis NK","Curr Opin Neurobiol","2003","2003/11/25","","","10.1016/j.conb.2003.09.017"
"14601143","Detection and quantification of a wide range of fMRI temporal responses using a physiologically-motivated basis set","Harms MP, Melcher JR.","Hum Brain Mapp. 2003 Nov;20(3):168-83. doi: 10.1002/hbm.10136.","Harms MP","Hum Brain Mapp","2003","2003/11/06","PMC1866291","NIHMS16724","10.1002/hbm.10136"
"12967923","Activation of the human orbitofrontal cortex to a liquid food stimulus is correlated with its subjective pleasantness","Kringelbach ML, O'Doherty J, Rolls ET, Andrews C.","Cereb Cortex. 2003 Oct;13(10):1064-71. doi: 10.1093/cercor/13.10.1064.","Kringelbach ML","Cereb Cortex","2003","2003/09/12","","","10.1093/cercor/13.10.1064"
"12927334","Neuroimaging studies of priming","Henson RN.","Prog Neurobiol. 2003 May;70(1):53-81. doi: 10.1016/s0301-0082(03)00086-8.","Henson RN","Prog Neurobiol","2003","2003/08/21","","","10.1016/s0301-0082(03)00086-8"
"12902398","Evidence for a rostral-to-caudal somatotopic organization in human primary somatosensory cortex with mirror-reversal in areas 3b and 1","Blankenburg F, Ruben J, Meyer R, Schwiemann J, Villringer A.","Cereb Cortex. 2003 Sep;13(9):987-93. doi: 10.1093/cercor/13.9.987.","Blankenburg F","Cereb Cortex","2003","2003/08/07","","","10.1093/cercor/13.9.987"
"12697619","Language systems in normal and aphasic human subjects: functional imaging studies and inferences from animal studies","Wise RJ.","Br Med Bull. 2003;65:95-119. doi: 10.1093/bmb/65.1.95.","Wise RJ","Br Med Bull","2003","2003/04/17","","","10.1093/bmb/65.1.95"
"12483217","Multisensory representation of limb position in human premotor cortex","Lloyd DM, Shore DI, Spence C, Calvert GA.","Nat Neurosci. 2003 Jan;6(1):17-8. doi: 10.1038/nn991.","Lloyd DM","Nat Neurosci","2003","2002/12/17","","","10.1038/nn991"
"12221492","High resolution fMRI of ocular dominance columns within the visual cortex of human amblyopes","Goodyear BG, Nicolle DA, Menon RS.","Strabismus. 2002 Jun;10(2):129-36. doi: 10.1076/stra.10.2.129.8140.","Goodyear BG","Strabismus","2002","2002/09/11","","","10.1076/stra.10.2.129.8140"
"12204305","Functional MRI studies in awake rhesus monkeys: methodological and analytical strategies","Andersen AH, Zhang Z, Barber T, Rayens WS, Zhang J, Grondin R, Hardy P, Gerhardt GA, Gash DM.","J Neurosci Methods. 2002 Aug 30;118(2):141-52. doi: 10.1016/s0165-0270(02)00123-1.","Andersen AH","J Neurosci Methods","2002","2002/09/03","","","10.1016/s0165-0270(02)00123-1"
"11726800","Somatotopic organization of the medial wall of the cerebral hemispheres: a 3 Tesla fMRI study","Mayer AR, Zimbelman JL, Watanabe Y, Rao SM.","Neuroreport. 2001 Dec 4;12(17):3811-4. doi: 10.1097/00001756-200112040-00042.","Mayer AR","Neuroreport","2001","2001/12/01","","","10.1097/00001756-200112040-00042"
"11480525","Functional MRI activity in the thalamus and occipital cortex of anesthetized dogs induced by monocular and binocular stimulation","Willis CK, Quinn RP, McDonell WM, Gati J, Partlow G, Vilis T.","Can J Vet Res. 2001 Jul;65(3):188-95.","Willis CK","Can J Vet Res","2001","2001/08/02","PMC1189674","",""
"11389943","Direct comparison of visual cortex activation in human and non-human primates using functional magnetic resonance imaging","Dubowitz DJ, Chen DY, Atkinson DJ, Scadeng M, Martinez A, Andersen MB, Andersen RA, Bradley WG Jr.","J Neurosci Methods. 2001 May 30;107(1-2):71-80. doi: 10.1016/s0165-0270(01)00353-3.","Dubowitz DJ","J Neurosci Methods","2001","2001/06/08","","","10.1016/s0165-0270(01)00353-3"
"10837246","Evidence from functional magnetic resonance imaging of crossmodal binding in the human heteromodal cortex","Calvert GA, Campbell R, Brammer MJ.","Curr Biol. 2000 Jun 1;10(11):649-57. doi: 10.1016/s0960-9822(00)00513-3.","Calvert GA","Curr Biol","2000","2000/06/06","","","10.1016/s0960-9822(00)00513-3"
"10666552","Replication and further studies of neural mechanisms of spatial mnemonic processing in humans","Zarahn E, Aguirre G, D'Esposito M.","Brain Res Cogn Brain Res. 2000 Jan;9(1):1-17. doi: 10.1016/s0926-6410(99)00033-6.","Zarahn E","Brain Res Cogn Brain Res","2000","2000/02/10","","","10.1016/s0926-6410(99)00033-6"
"10554993","An anatomical landmark for the supplementary eye fields in human revealed with functional magnetic resonance imaging","Grosbras MH, Lobel E, Van de Moortele PF, LeBihan D, Berthoz A.","Cereb Cortex. 1999 Oct-Nov;9(7):705-11. doi: 10.1093/cercor/9.7.705.","Grosbras MH","Cereb Cortex","1999","1999/11/11","","","10.1093/cercor/9.7.705"
"9510384","Dorsal cortical regions subserving visually guided saccades in humans: an fMRI study","Luna B, Thulborn KR, Strojwas MH, McCurtain BJ, Berman RA, Genovese CR, Sweeney JA.","Cereb Cortex. 1998 Jan-Feb;8(1):40-7. doi: 10.1093/cercor/8.1.40.","Luna B","Cereb Cortex","1998","1998/03/24","","","10.1093/cercor/8.1.40"
"9460087","Superior temporal gyrus and planum temporale in schizophrenia: a selective review","Pearlson GD.","Prog Neuropsychopharmacol Biol Psychiatry. 1997 Nov;21(8):1203-29. doi: 10.1016/s0278-5846(97)00159-0.","Pearlson GD","Prog Neuropsychopharmacol Biol Psychiatry","1997","1998/02/14","","","10.1016/s0278-5846(97)00159-0"
"8905660","Human amygdala activation detected with echo-planar functional magnetic resonance imaging","Irwin W, Davidson RJ, Lowe MJ, Mock BJ, Sorenson JA, Turski PA.","Neuroreport. 1996 Jul 29;7(11):1765-9. doi: 10.1097/00001756-199607290-00014.","Irwin W","Neuroreport","1996","1996/07/29","","","10.1097/00001756-199607290-00014"
