﻿PMID,Title,Authors,Citation,First Author,Journal/Book,Publication Year,Create Date,PMCID,NIHMS ID,DOI
"34225960","Spatial topography of the basal forebrain cholinergic projections: Organization and vulnerability to degeneration","Schmitz TW, Zaborszky L.","Handb Clin Neurol. 2021;179:159-173. doi: 10.1016/B978-0-12-819975-6.00008-X.","Schmitz TW","Handb Clin Neurol","2021","2021/07/06","","","10.1016/B978-0-12-819975-6.00008-X"
"33880672","Effect of ethanol and cocaine on [(11)C]MPC-6827 uptake in SH-SY5Y cells","Damuka N, Orr M, Czoty PW, Weiner JL, Martin TJ, Nader MA, Bansode AH, Liyana Pathirannahel BS, Mintz A, Macauley SL, Craft S, Solingapuram Sai KK.","Mol Biol Rep. 2021 Apr;48(4):3871-3876. doi: 10.1007/s11033-021-06336-7. Epub 2021 Apr 20.","Damuka N","Mol Biol Rep","2021","2021/04/21","PMC8172511","","10.1007/s11033-021-06336-7"
"33789138","A comprehensive macaque fMRI pipeline and hierarchical atlas","Jung B, Taylor PA, Seidlitz J, Sponheim C, Perkins P, Ungerleider LG, Glen D, Messinger A.","Neuroimage. 2021 Jul 15;235:117997. doi: 10.1016/j.neuroimage.2021.117997. Epub 2021 Mar 28.","Jung B","Neuroimage","2021","2021/03/31","","","10.1016/j.neuroimage.2021.117997"
"33756399","Neural mechanisms necessary for empathy-related phenomena across species","Paradiso E, Gazzola V, Keysers C.","Curr Opin Neurobiol. 2021 Jun;68:107-115. doi: 10.1016/j.conb.2021.02.005. Epub 2021 Mar 20.","Paradiso E","Curr Opin Neurobiol","2021","2021/03/23","","","10.1016/j.conb.2021.02.005"
"33484849","The nonhuman primate neuroimaging and neuroanatomy project","Hayashi T, Hou Y, Glasser MF, Autio JA, Knoblauch K, Inoue-Murayama M, Coalson T, Yacoub E, Smith S, Kennedy H, Van Essen DC.","Neuroimage. 2021 Apr 1;229:117726. doi: 10.1016/j.neuroimage.2021.117726. Epub 2021 Jan 20.","Hayashi T","Neuroimage","2021","2021/01/23","PMC8079967","NIHMS1688396","10.1016/j.neuroimage.2021.117726"
"33137475","The macaque brain ONPRC18 template with combined gray and white matter labelmap for multimodal neuroimaging studies of Nonhuman Primates","Weiss AR, Liu Z, Wang X, Liguore WA, Kroenke CD, McBride JL.","Neuroimage. 2021 Jan 15;225:117517. doi: 10.1016/j.neuroimage.2020.117517. Epub 2020 Nov 1.","Weiss AR","Neuroimage","2021","2020/11/02","PMC7833476","NIHMS1659147","10.1016/j.neuroimage.2020.117517"
"33137472","Sharing voxelwise neuroimaging results from rhesus monkeys and other species with Neurovault","Fox AS, Holley D, Klink PC, Arbuckle SA, Barnes CA, Diedrichsen J, Kwok SC, Kyle C, Pruszynski JA, Seidlitz J, Zhou X, Poldrack RA, Gorgolewski KJ.","Neuroimage. 2021 Jan 15;225:117518. doi: 10.1016/j.neuroimage.2020.117518. Epub 2020 Oct 31.","Fox AS","Neuroimage","2021","2020/11/02","PMC7846271","NIHMS1659144","10.1016/j.neuroimage.2020.117518"
"33133729","Strategies for PET imaging of the receptor for advanced glycation endproducts (RAGE)","Drake LR, Brooks AF, Stauff J, Sherman PS, Arteaga J, Koeppe RA, Reed A, Montavon TJ, Skaddan MB, Scott PJH.","J Pharm Anal. 2020 Oct;10(5):452-465. doi: 10.1016/j.jpha.2020.07.009. Epub 2020 Aug 4.","Drake LR","J Pharm Anal","2020","2020/11/02","PMC7591811","","10.1016/j.jpha.2020.07.009"
"33128126","Nonhuman primate meso-circuitry data: a translational tool to understand brain networks across species","Tang W, Choi EY, Heilbronner SR, Haber SN.","Brain Struct Funct. 2021 Jan;226(1):1-11. doi: 10.1007/s00429-020-02133-3. Epub 2020 Oct 30.","Tang W","Brain Struct Funct","2021","2020/10/31","","","10.1007/s00429-020-02133-3"
"32958652","Ventromedial prefrontal area 14 provides opposing regulation of threat and reward-elicited responses in the common marmoset","Stawicka ZM, Massoudi R, Horst NK, Koda K, Gaskin PLR, Alexander L, Santangelo AM, McIver L, Cockcroft GJ, Wood CM, Roberts AC.","Proc Natl Acad Sci U S A. 2020 Oct 6;117(40):25116-25127. doi: 10.1073/pnas.2009657117. Epub 2020 Sep 21.","Stawicka ZM","Proc Natl Acad Sci U S A","2020","2020/09/22","PMC7547281","","10.1073/pnas.2009657117"
"32683780","Neurobiological substrates of animal personality and cognition in a nonhuman primate (Microcebus murinus)","Fritz RG, Zimmermann E, Meier M, Mestre-Francés N, Radespiel U, Schmidtke D.","Brain Behav. 2020 Sep;10(9):e01752. doi: 10.1002/brb3.1752. Epub 2020 Jul 18.","Fritz RG","Brain Behav","2020","2020/07/20","PMC7507526","","10.1002/brb3.1752"
"32332897","Nonhuman primate neuroimaging opens up","Neff EP.","Lab Anim (NY). 2020 May;49(5):139-143. doi: 10.1038/s41684-020-0531-3.","Neff EP","Lab Anim (NY)","2020","2020/04/26","","","10.1038/s41684-020-0531-3"
"32315710","Examining fMRI time-series entropy as a marker for brain E/I balance with pharmacological neuromodulation in a non-human primate translational model","Maltbie EA, Howell LH, Sun PZ, Miller R, Gopinath KS.","Neurosci Lett. 2020 May 29;728:134984. doi: 10.1016/j.neulet.2020.134984. Epub 2020 Apr 18.","Maltbie EA","Neurosci Lett","2020","2020/04/22","PMC7266677","NIHMS1593985","10.1016/j.neulet.2020.134984"
"32227117","Stereomotion Processing in the Nonhuman Primate Brain","Héjja-Brichard Y, Rima S, Rapha E, Durand JB, Cottereau BR.","Cereb Cortex. 2020 Jun 30;30(8):4528-4543. doi: 10.1093/cercor/bhaa055.","Héjja-Brichard Y","Cereb Cortex","2020","2020/04/01","","","10.1093/cercor/bhaa055"
"32078795","Accelerating the Evolution of Nonhuman Primate Neuroimaging","PRIMatE Data Exchange (PRIME-DE) Global Collaboration Workshop and Consortium. Electronic address: michael.milham@childmind.org; PRIMatE Data Exchange (PRIME-DE) Global Collaboration Workshop and Consortium.","Neuron. 2020 Feb 19;105(4):600-603. doi: 10.1016/j.neuron.2019.12.023.","PRIMatE Data Exchange (PRIME-DE) Global Collaboration Workshop and Consortium. Electronic address: michael.milham@childmind.org","Neuron","2020","2020/02/21","PMC7610430","EMS119440","10.1016/j.neuron.2019.12.023"
"31950091","Selection of preclinical models to evaluate intranasal brain cooling for acute ischemic stroke","Chen Y, Quddusi A, Harrison KA, Ryan PE, Cook DJ.","Brain Circ. 2019 Dec 27;5(4):160-168. doi: 10.4103/bc.bc_20_19. eCollection 2019 Oct-Dec.","Chen Y","Brain Circ","2019","2020/01/18","PMC6950506","","10.4103/bc.bc_20_19"
"31871143","From bed to bench side: Reverse translation to optimize neuromodulation for mood disorders","Rudebeck PH, Rich EL, Mayberg HS.","Proc Natl Acad Sci U S A. 2019 Dec 23;116(52):26288-96. doi: 10.1073/pnas.1902287116. Online ahead of print.","Rudebeck PH","Proc Natl Acad Sci U S A","2019","2019/12/25","PMC6936427","","10.1073/pnas.1902287116"
"31590749","Transcranial magnetic stimulation: Neurophysiological and clinical applications","Burke MJ, Fried PJ, Pascual-Leone A.","Handb Clin Neurol. 2019;163:73-92. doi: 10.1016/B978-0-12-804281-6.00005-7.","Burke MJ","Handb Clin Neurol","2019","2019/10/09","","","10.1016/B978-0-12-804281-6.00005-7"
"31204008","Investigating individual differences in chimpanzee mirror self-recognition and cortical thickness: A vertex-based and region-of-interest analysis","Hopkins WD, Latzman RD, Mahovetz LM, Li X, Roberts N.","Cortex. 2019 Sep;118:306-314. doi: 10.1016/j.cortex.2019.05.004. Epub 2019 May 16.","Hopkins WD","Cortex","2019","2019/06/18","PMC6697634","NIHMS1531872","10.1016/j.cortex.2019.05.004"
"31123101","Mnemonic Introspection in Macaques Is Dependent on Superior Dorsolateral Prefrontal Cortex But Not Orbitofrontal Cortex","Kwok SC, Cai Y, Buckley MJ.","J Neurosci. 2019 Jul 24;39(30):5922-5934. doi: 10.1523/JNEUROSCI.0330-19.2019. Epub 2019 May 23.","Kwok SC","J Neurosci","2019","2019/05/25","PMC6650985","","10.1523/JNEUROSCI.0330-19.2019"
"30979867","Preliminary evidence of increased striatal dopamine in a nonhuman primate model of maternal immune activation","Bauman MD, Lesh TA, Rowland DJ, Schumann CM, Smucny J, Kukis DL, Cherry SR, McAllister AK, Carter CS.","Transl Psychiatry. 2019 Apr 12;9(1):135. doi: 10.1038/s41398-019-0449-y.","Bauman MD","Transl Psychiatry","2019","2019/04/14","PMC6461624","","10.1038/s41398-019-0449-y"
"30467082","A nonhuman primate model of early Alzheimer's disease pathologic change: Implications for disease pathogenesis","Latimer CS, Shively CA, Keene CD, Jorgensen MJ, Andrews RN, Register TC, Montine TJ, Wilson AM, Neth BJ, Mintz A, Maldjian JA, Whitlow CT, Kaplan JR, Craft S.","Alzheimers Dement. 2019 Jan;15(1):93-105. doi: 10.1016/j.jalz.2018.06.3057. Epub 2018 Nov 19.","Latimer CS","Alzheimers Dement","2019","2018/11/24","PMC6383152","NIHMS1513084","10.1016/j.jalz.2018.06.3057"
"30308163","The Blind Men and the Elephant: The Quest for Open Data Repositories","Vanduffel W.","Neuron. 2018 Oct 10;100(1):1-3. doi: 10.1016/j.neuron.2018.09.039.","Vanduffel W","Neuron","2018","2018/10/12","","","10.1016/j.neuron.2018.09.039"
"30138588","Parcellating Cerebral Cortex: How Invasive Animal Studies Inform Noninvasive Mapmaking in Humans","Van Essen DC, Glasser MF.","Neuron. 2018 Aug 22;99(4):640-663. doi: 10.1016/j.neuron.2018.07.002.","Van Essen DC","Neuron","2018","2018/08/24","PMC6149530","NIHMS980562","10.1016/j.neuron.2018.07.002"
"30061190","Functional Connectivity within the Primate Extended Amygdala Is Heritable and Associated with Early-Life Anxious Temperament","Fox AS, Oler JA, Birn RM, Shackman AJ, Alexander AL, Kalin NH.","J Neurosci. 2018 Aug 29;38(35):7611-7621. doi: 10.1523/JNEUROSCI.0102-18.2018. Epub 2018 Jul 30.","Fox AS","J Neurosci","2018","2018/08/01","PMC6113902","","10.1523/JNEUROSCI.0102-18.2018"
"29604454","Bayesian convolutional neural network based MRI brain extraction on nonhuman primates","Zhao G, Liu F, Oler JA, Meyerand ME, Kalin NH, Birn RM.","Neuroimage. 2018 Jul 15;175:32-44. doi: 10.1016/j.neuroimage.2018.03.065. Epub 2018 Mar 28.","Zhao G","Neuroimage","2018","2018/04/01","PMC6095475","NIHMS957711","10.1016/j.neuroimage.2018.03.065"
"29298483","Metal Protein-Attenuating Compound for PET Neuroimaging: Synthesis and Preclinical Evaluation of [(11)C]PBT2","Krishnan HS, Bernard-Gauthier V, Placzek MS, Dahl K, Narayanaswami V, Livni E, Chen Z, Yang J, Collier TL, Ran C, Hooker JM, Liang SH, Vasdev N.","Mol Pharm. 2018 Feb 5;15(2):695-702. doi: 10.1021/acs.molpharmaceut.7b00936. Epub 2018 Jan 22.","Krishnan HS","Mol Pharm","2018","2018/01/05","","","10.1021/acs.molpharmaceut.7b00936"
"29195911","The central extended amygdala in fear and anxiety: Closing the gap between mechanistic and neuroimaging research","Fox AS, Shackman AJ.","Neurosci Lett. 2019 Feb 6;693:58-67. doi: 10.1016/j.neulet.2017.11.056. Epub 2017 Nov 30.","Fox AS","Neurosci Lett","2019","2017/12/03","PMC5976525","NIHMS922832","10.1016/j.neulet.2017.11.056"
"29049083","Ketamine and pharmacological imaging: use of functional magnetic resonance imaging to evaluate mechanisms of action","Maltbie EA, Kaundinya GS, Howell LL.","Behav Pharmacol. 2017 Dec;28(8):610-622. doi: 10.1097/FBP.0000000000000354.","Maltbie EA","Behav Pharmacol","2017","2017/10/20","PMC5687297","NIHMS909831","10.1097/FBP.0000000000000354"
"28756869","Converging Prefronto-Insula-Amygdala Pathways in Negative Emotion Regulation in Marmoset Monkeys","Shiba Y, Oikonomidis L, Sawiak S, Fryer TD, Hong YT, Cockcroft G, Santangelo AM, Roberts AC.","Biol Psychiatry. 2017 Dec 15;82(12):895-903. doi: 10.1016/j.biopsych.2017.06.016. Epub 2017 Jun 23.","Shiba Y","Biol Psychiatry","2017","2017/08/01","PMC5697497","","10.1016/j.biopsych.2017.06.016"
"28502529","Mechanisms underlying the early risk to develop anxiety and depression: A translational approach","Kalin NH.","Eur Neuropsychopharmacol. 2017 Jun;27(6):543-553. doi: 10.1016/j.euroneuro.2017.03.004. Epub 2017 May 11.","Kalin NH","Eur Neuropsychopharmacol","2017","2017/05/16","PMC5482756","NIHMS868134","10.1016/j.euroneuro.2017.03.004"
"28461477","Opposing roles of primate areas 25 and 32 and their putative rodent homologs in the regulation of negative emotion","Wallis CU, Cardinal RN, Alexander L, Roberts AC, Clarke HF.","Proc Natl Acad Sci U S A. 2017 May 16;114(20):E4075-E4084. doi: 10.1073/pnas.1620115114. Epub 2017 May 1.","Wallis CU","Proc Natl Acad Sci U S A","2017","2017/05/03","PMC5441783","","10.1073/pnas.1620115114"
"28369850","An MRI study of the corpus callosum in monkeys: Developmental trajectories and effects of neonatal hippocampal and amygdala lesions","Payne C, Cirilli L, Bachevalier J.","Dev Psychobiol. 2017 May;59(4):495-506. doi: 10.1002/dev.21514. Epub 2017 Apr 3.","Payne C","Dev Psychobiol","2017","2017/04/04","PMC5421320","NIHMS857559","10.1002/dev.21514"
"28126752","Cerebral Temperature Dysregulation: MR Thermographic Monitoring in a Nonhuman Primate Study of Acute Ischemic Stroke","Dehkharghani S, Fleischer CC, Qiu D, Yepes M, Tong F.","AJNR Am J Neuroradiol. 2017 Apr;38(4):712-720. doi: 10.3174/ajnr.A5059. Epub 2017 Jan 26.","Dehkharghani S","AJNR Am J Neuroradiol","2017","2017/01/28","PMC5389900","NIHMS831525","10.3174/ajnr.A5059"
"28011742","The Superior Temporal Sulcus Is Causally Connected to the Amygdala: A Combined TBS-fMRI Study","Pitcher D, Japee S, Rauth L, Ungerleider LG.","J Neurosci. 2017 Feb 1;37(5):1156-1161. doi: 10.1523/JNEUROSCI.0114-16.2016. Epub 2016 Dec 23.","Pitcher D","J Neurosci","2017","2016/12/25","PMC5296794","","10.1523/JNEUROSCI.0114-16.2016"
"27417650","18F-FNDP for PET Imaging of Soluble Epoxide Hydrolase","Horti AG, Wang Y, Minn I, Lan X, Wang J, Koehler RC, Alkayed NJ, Dannals RF, Pomper MG.","J Nucl Med. 2016 Nov;57(11):1817-1822. doi: 10.2967/jnumed.116.173245. Epub 2016 Jul 14.","Horti AG","J Nucl Med","2016","2016/07/16","PMC5095511","NIHMS813472","10.2967/jnumed.116.173245"
"27553293","Preclinical PET Neuroimaging of [11C]Bexarotene","Rotstein BH, Placzek MS, Krishnan HS, Pekošak A, Collier TL, Wang C, Liang SH, Burstein ES, Hooker JM, Vasdev N.","Mol Imaging. 2016 Aug 23;15:1536012116663054. doi: 10.1177/1536012116663054. Print 2016.","Rotstein BH","Mol Imaging","2016","2016/08/25","PMC5011434","NIHMS813289","10.1177/1536012116663054"
"27279908","Synthesis and Preclinical Evaluation of Sulfonamido-based [(11)C-Carbonyl]-Carbamates and Ureas for Imaging Monoacylglycerol Lipase","Wang L, Mori W, Cheng R, Yui J, Hatori A, Ma L, Zhang Y, Rotstein BH, Fujinaga M, Shimoda Y, Yamasaki T, Xie L, Nagai Y, Minamimoto T, Higuchi M, Vasdev N, Zhang MR, Liang SH.","Theranostics. 2016 May 21;6(8):1145-59. doi: 10.7150/thno.15257. eCollection 2016.","Wang L","Theranostics","2016","2016/06/10","PMC4893642","","10.7150/thno.15257"
"27074495","The Brain Analysis Library of Spatial maps and Atlases (BALSA) database","Van Essen DC, Smith J, Glasser MF, Elam J, Donahue CJ, Dierker DL, Reid EK, Coalson T, Harwell J.","Neuroimage. 2017 Jan;144(Pt B):270-274. doi: 10.1016/j.neuroimage.2016.04.002. Epub 2016 Apr 10.","Van Essen DC","Neuroimage","2017","2016/04/14","PMC5149446","NIHMS832657","10.1016/j.neuroimage.2016.04.002"
"27016385","Overexpressing Corticotropin-Releasing Factor in the Primate Amygdala Increases Anxious Temperament and Alters Its Neural Circuit","Kalin NH, Fox AS, Kovner R, Riedel MK, Fekete EM, Roseboom PH, Tromp do PM, Grabow BP, Olsen ME, Brodsky EK, McFarlin DR, Alexander AL, Emborg ME, Block WF, Fudge JL, Oler JA.","Biol Psychiatry. 2016 Sep 1;80(5):345-55. doi: 10.1016/j.biopsych.2016.01.010. Epub 2016 Jan 30.","Kalin NH","Biol Psychiatry","2016","2016/03/27","PMC4967405","NIHMS756151","10.1016/j.biopsych.2016.01.010"
"26961941","Human Dorsolateral Prefrontal Cortex Is Not Necessary for Spatial Working Memory","Mackey WE, Devinsky O, Doyle WK, Meager MR, Curtis CE.","J Neurosci. 2016 Mar 9;36(10):2847-56. doi: 10.1523/JNEUROSCI.3618-15.2016.","Mackey WE","J Neurosci","2016","2016/03/11","PMC4783492","","10.1523/JNEUROSCI.3618-15.2016"
"26798573","An Automated Motion Detection and Reward System for Animal Training","Miller B, Lim AN, Heidbreder AF, Black KJ.","Cureus. 2015 Dec 4;7(12):e397. doi: 10.7759/cureus.397.","Miller B","Cureus","2015","2016/01/23","PMC4699987","","10.7759/cureus.397"
"26735328","Patterns of anterior versus posterior white matter fractional anistotropy concordance in adult nonhuman primates: Effects of early life stress","Coplan JD, Kolavennu V, Abdallah CG, Mathew SJ, Perera TD, Pantol G, Carpenter D, Tang C.","J Affect Disord. 2016 Mar 1;192:167-75. doi: 10.1016/j.jad.2015.11.049. Epub 2015 Dec 9.","Coplan JD","J Affect Disord","2016","2016/01/07","PMC6129259","NIHMS748181","10.1016/j.jad.2015.11.049"
"26446224","Encoding of Vicarious Reward Prediction in Anterior Cingulate Cortex and Relationship with Trait Empathy","Lockwood PL, Apps MA, Roiser JP, Viding E.","J Neurosci. 2015 Oct 7;35(40):13720-7. doi: 10.1523/JNEUROSCI.1703-15.2015.","Lockwood PL","J Neurosci","2015","2015/10/09","PMC4595623","","10.1523/JNEUROSCI.1703-15.2015"
"26015576","Oxytocin modulates fMRI responses to facial expression in macaques","Liu N, Hadj-Bouziane F, Jones KB, Turchi JN, Averbeck BB, Ungerleider LG.","Proc Natl Acad Sci U S A. 2015 Jun 16;112(24):E3123-30. doi: 10.1073/pnas.1508097112. Epub 2015 May 26.","Liu N","Proc Natl Acad Sci U S A","2015","2015/05/28","PMC4475931","","10.1073/pnas.1508097112"
"26005531","Synthesis and Initial in Vivo Studies with [(11)C]SB-216763: The First Radiolabeled Brain Penetrative Inhibitor of GSK-3","Li L, Shao X, Cole EL, Ohnmacht SA, Ferrari V, Hong YT, Williamson DJ, Fryer TD, Quesada CA, Sherman P, Riss PJ, Scott PJ, Aigbirhio FI.","ACS Med Chem Lett. 2015 Mar 10;6(5):548-52. doi: 10.1021/acsmedchemlett.5b00044. eCollection 2015 May 14.","Li L","ACS Med Chem Lett","2015","2015/05/26","PMC4434473","","10.1021/acsmedchemlett.5b00044"
"25768025","Kinetic Analysis and Quantification of [¹¹C]Martinostat for in Vivo HDAC Imaging of the Brain","Wey HY, Wang C, Schroeder FA, Logan J, Price JC, Hooker JM.","ACS Chem Neurosci. 2015 May 20;6(5):708-15. doi: 10.1021/acschemneuro.5b00066. Epub 2015 Mar 25.","Wey HY","ACS Chem Neurosci","2015","2015/03/14","PMC4439341","NIHMS689081","10.1021/acschemneuro.5b00066"
"25588459","An ischemic stroke model of nonhuman primates for remote lesion studies: a behavioral and neuroimaging investigation","Chen X, Dang G, Dang C, Liu G, Xing S, Chen Y, Xu Q, Zeng J.","Restor Neurol Neurosci. 2015;33(2):131-42. doi: 10.3233/RNN-140440.","Chen X","Restor Neurol Neurosci","2015","2015/01/16","","","10.3233/RNN-140440"
"25337714","Investigation of cross-species translatability of pharmacological MRI in awake nonhuman primate - a buprenorphine challenge study","Seah S, Asad AB, Baumgartner R, Feng D, Williams DS, Manigbas E, Beaver JD, Reese T, Henry B, Evelhoch JL, Chin CL.","PLoS One. 2014 Oct 22;9(10):e110432. doi: 10.1371/journal.pone.0110432. eCollection 2014.","Seah S","PLoS One","2014","2014/10/23","PMC4206294","","10.1371/journal.pone.0110432"
"25192634","Remapping of memory encoding and retrieval networks: insights from neuroimaging in primates","Miyamoto K, Osada T, Adachi Y.","Behav Brain Res. 2014 Dec 15;275:53-61. doi: 10.1016/j.bbr.2014.08.046. Epub 2014 Sep 1.","Miyamoto K","Behav Brain Res","2014","2014/09/07","","","10.1016/j.bbr.2014.08.046"
"24529965","Regionally-specific alterations in myelin proteins in nonhuman primate white matter following prolonged cocaine self-administration","Smith HR, Beveridge TJ, Nader MA, Porrino LJ.","Drug Alcohol Depend. 2014 Apr 1;137:143-7. doi: 10.1016/j.drugalcdep.2014.01.015. Epub 2014 Jan 30.","Smith HR","Drug Alcohol Depend","2014","2014/02/18","PMC4000724","NIHMS567347","10.1016/j.drugalcdep.2014.01.015"
"24142505","Bridging the gap between functional and anatomical features of cortico-cerebellar circuits using meta-analytic connectivity modeling","Balsters JH, Laird AR, Fox PT, Eickhoff SB.","Hum Brain Mapp. 2014 Jul;35(7):3152-69. doi: 10.1002/hbm.22392. Epub 2013 Oct 18.","Balsters JH","Hum Brain Mapp","2014","2013/10/22","PMC5293143","NIHMS843726","10.1002/hbm.22392"
"23905720","The effects of alcohol on the nonhuman primate brain: a network science approach to neuroimaging","Telesford QK, Laurienti PJ, Friedman DP, Kraft RA, Daunais JB.","Alcohol Clin Exp Res. 2013 Nov;37(11):1891-900. doi: 10.1111/acer.12181. Epub 2013 Jul 26.","Telesford QK","Alcohol Clin Exp Res","2013","2013/08/03","PMC3812370","NIHMS471410","10.1111/acer.12181"
"23881792","Comparative neuroanatomical parcellation of the human and nonhuman primate temporal pole","Insausti R.","J Comp Neurol. 2013 Dec 15;521(18):4163-76. doi: 10.1002/cne.23431.","Insausti R","J Comp Neurol","2013","2013/07/25","","","10.1002/cne.23431"
"23748095","Environmental modulation of drug taking: Nonhuman primate models of cocaine abuse and PET neuroimaging","Nader MA, Banks ML.","Neuropharmacology. 2014 Jan;76 Pt B(0 0):510-7. doi: 10.1016/j.neuropharm.2013.05.044. Epub 2013 Jun 7.","Nader MA","Neuropharmacology","2014","2013/06/11","PMC3812308","NIHMS490771","10.1016/j.neuropharm.2013.05.044"
"23458573","PET studies in nonhuman primate models of cocaine abuse: translational research related to vulnerability and neuroadaptations","Gould RW, Duke AN, Nader MA.","Neuropharmacology. 2014 Sep;84:138-51. doi: 10.1016/j.neuropharm.2013.02.004. Epub 2013 Feb 28.","Gould RW","Neuropharmacology","2014","2013/03/06","PMC3692588","NIHMS450725","10.1016/j.neuropharm.2013.02.004"
"22721379","Convergent connectivity and graded specialization in the rostral human temporal lobe as revealed by diffusion-weighted imaging probabilistic tractography","Binney RJ, Parker GJ, Lambon Ralph MA.","J Cogn Neurosci. 2012 Oct;24(10):1998-2014. doi: 10.1162/jocn_a_00263. Epub 2012 Aug 20.","Binney RJ","J Cogn Neurosci","2012","2012/06/23","","","10.1162/jocn_a_00263"
"22715879","Primary visual cortex: awareness and blindsight","Leopold DA.","Annu Rev Neurosci. 2012;35:91-109. doi: 10.1146/annurev-neuro-062111-150356.","Leopold DA","Annu Rev Neurosci","2012","2012/06/22","PMC3476047","NIHMS413122","10.1146/annurev-neuro-062111-150356"
"22197743","The functional connectivity of the human caudate: an application of meta-analytic connectivity modeling with behavioral filtering","Robinson JL, Laird AR, Glahn DC, Blangero J, Sanghera MK, Pessoa L, Fox PM, Uecker A, Friehs G, Young KA, Griffin JL, Lovallo WR, Fox PT.","Neuroimage. 2012 Mar;60(1):117-29. doi: 10.1016/j.neuroimage.2011.12.010. Epub 2011 Dec 14.","Robinson JL","Neuroimage","2012","2011/12/27","PMC3288226","NIHMS352171","10.1016/j.neuroimage.2011.12.010"
"22124833","Manganese and Parkinson's disease: a critical review and new findings","Guilarte TR.","Cien Saude Colet. 2011 Nov;16(11):4549-66. doi: 10.1590/s1413-81232011001200028.","Guilarte TR","Cien Saude Colet","2011","2011/11/30","","","10.1590/s1413-81232011001200028"
"21741492","Dissociable contributions of the left and right posterior medial orbitofrontal cortex in motivational control of goal-directed behavior","Szatkowska I, Szymańska O, Marchewka A, Soluch P, Rymarczyk K.","Neurobiol Learn Mem. 2011 Sep;96(2):385-91. doi: 10.1016/j.nlm.2011.06.014. Epub 2011 Jun 29.","Szatkowska I","Neurobiol Learn Mem","2011","2011/07/12","","","10.1016/j.nlm.2011.06.014"
"21397636","Are there internal thought processes in the monkey?--default brain activity in humans and nonhuman primates","Watanabe M.","Behav Brain Res. 2011 Aug 1;221(1):295-303. doi: 10.1016/j.bbr.2011.02.032. Epub 2011 Mar 21.","Watanabe M","Behav Brain Res","2011","2011/03/15","","","10.1016/j.bbr.2011.02.032"
"21317354","Nonhuman primate positron emission tomography neuroimaging in drug abuse research","Howell LL, Murnane KS.","J Pharmacol Exp Ther. 2011 May;337(2):324-34. doi: 10.1124/jpet.108.136689. Epub 2011 Feb 11.","Howell LL","J Pharmacol Exp Ther","2011","2011/02/15","PMC3083112","","10.1124/jpet.108.136689"
"20403794","Manganese and Parkinson's disease: a critical review and new findings","Guilarte TR.","Environ Health Perspect. 2010 Aug;118(8):1071-80. doi: 10.1289/ehp.0901748. Epub 2010 Apr 19.","Guilarte TR","Environ Health Perspect","2010","2010/04/21","PMC2920085","","10.1289/ehp.0901748"
"20016373","Impact of early life stress on the reinforcing and behavioral-stimulant effects of psychostimulants in rhesus monkeys","Ewing Corcoran SB, Howell LL.","Behav Pharmacol. 2010 Feb;21(1):69-76. doi: 10.1097/FBP.0b013e3283359f53.","Ewing Corcoran SB","Behav Pharmacol","2010","2009/12/18","PMC2879623","NIHMS202802","10.1097/FBP.0b013e3283359f53"
"19603407","Metaanalytic connectivity modeling: delineating the functional connectivity of the human amygdala","Robinson JL, Laird AR, Glahn DC, Lovallo WR, Fox PT.","Hum Brain Mapp. 2010 Feb;31(2):173-84. doi: 10.1002/hbm.20854.","Robinson JL","Hum Brain Mapp","2010","2009/07/16","PMC2872058","NIHMS142188","10.1002/hbm.20854"
"19421742","Role of dopamine transporters in the behavioral effects of 3,4-methylenedioxymethamphetamine (MDMA) in nonhuman primates","Fantegrossi WE, Bauzo RM, Manvich DM, Morales JC, Votaw JR, Goodman MM, Howell LL.","Psychopharmacology (Berl). 2009 Aug;205(2):337-47. doi: 10.1007/s00213-009-1545-0. Epub 2009 May 7.","Fantegrossi WE","Psychopharmacology (Berl)","2009","2009/05/08","PMC3230037","NIHMS340202","10.1007/s00213-009-1545-0"
"19329570","Where is the semantic system? A critical review and meta-analysis of 120 functional neuroimaging studies","Binder JR, Desai RH, Graves WW, Conant LL.","Cereb Cortex. 2009 Dec;19(12):2767-96. doi: 10.1093/cercor/bhp055. Epub 2009 Mar 27.","Binder JR","Cereb Cortex","2009","2009/03/31","PMC2774390","","10.1093/cercor/bhp055"
"19306931","A MEG investigation of somatosensory processing in the rhesus monkey","Wilson TW, Godwin DW, Czoty PW, Nader MA, Kraft RA, Buchheimer NC, Daunais JB.","Neuroimage. 2009 Jul 15;46(4):998-1003. doi: 10.1016/j.neuroimage.2009.03.029. Epub 2009 Mar 20.","Wilson TW","Neuroimage","2009","2009/03/25","PMC2692724","NIHMS112329","10.1016/j.neuroimage.2009.03.029"
"19086766","Nonhuman primate neuroimaging and cocaine medication development","Howell LL.","Exp Clin Psychopharmacol. 2008 Dec;16(6):446-57. doi: 10.1037/a0014196.","Howell LL","Exp Clin Psychopharmacol","2008","2008/12/18","PMC3228245","NIHMS340200","10.1037/a0014196"
"19016605","The neural development of an abstract concept of number","Cantlon JF, Libertus ME, Pinel P, Dehaene S, Brannon EM, Pelphrey KA.","J Cogn Neurosci. 2009 Nov;21(11):2217-29. doi: 10.1162/jocn.2008.21159.","Cantlon JF","J Cogn Neurosci","2009","2008/11/20","PMC2745480","NIHMS97063","10.1162/jocn.2008.21159"
"19003891","Neuroscientific approaches and applications within anthropology","Rilling JK.","Am J Phys Anthropol. 2008;Suppl 47:2-32. doi: 10.1002/ajpa.20947.","Rilling JK","Am J Phys Anthropol","2008","2008/11/13","","","10.1002/ajpa.20947"
"18991958","Nonhuman primate neuroimaging and the neurobiology of psychostimulant addiction","Howell LL, Murnane KS.","Ann N Y Acad Sci. 2008 Oct;1141:176-94. doi: 10.1196/annals.1441.023.","Howell LL","Ann N Y Acad Sci","2008","2008/11/11","PMC2585996","NIHMS58445","10.1196/annals.1441.023"
"18991874","Neuroimaging in human MDMA (Ecstasy) users","Cowan RL, Roberts DM, Joers JM.","Ann N Y Acad Sci. 2008 Oct;1139:291-8. doi: 10.1196/annals.1432.007.","Cowan RL","Ann N Y Acad Sci","2008","2008/11/11","PMC2677829","NIHMS58473","10.1196/annals.1432.007"
"18337400","Age-related regional network of magnetic resonance imaging gray matter in the rhesus macaque","Alexander GE, Chen K, Aschenbrenner M, Merkley TL, Santerre-Lemmon LE, Shamy JL, Skaggs WE, Buonocore MH, Rapp PR, Barnes CA.","J Neurosci. 2008 Mar 12;28(11):2710-8. doi: 10.1523/JNEUROSCI.1852-07.2008.","Alexander GE","J Neurosci","2008","2008/03/14","PMC6670689","","10.1523/JNEUROSCI.1852-07.2008"
"17497631","Localization of human intraparietal areas AIP, CIP, and LIP using surface orientation and saccadic eye movement tasks","Shikata E, McNamara A, Sprenger A, Hamzei F, Glauche V, Büchel C, Binkofski F.","Hum Brain Mapp. 2008 Apr;29(4):411-21. doi: 10.1002/hbm.20396.","Shikata E","Hum Brain Mapp","2008","2007/05/15","PMC6870972","","10.1002/hbm.20396"
"17355399","Brain basis of early parent-infant interactions: psychology, physiology, and in vivo functional neuroimaging studies","Swain JE, Lorberbaum JP, Kose S, Strathearn L.","J Child Psychol Psychiatry. 2007 Mar-Apr;48(3-4):262-87. doi: 10.1111/j.1469-7610.2007.01731.x.","Swain JE","J Child Psychol Psychiatry","2007","2007/03/16","PMC4318551","NIHMS659890","10.1111/j.1469-7610.2007.01731.x"
"15335441","The motor cortex and facial expression: new insights from neuroscience","Morecraft RJ, Stilwell-Morecraft KS, Rossing WR.","Neurologist. 2004 Sep;10(5):235-49. doi: 10.1097/01.nrl.0000138734.45742.8d.","Morecraft RJ","Neurologist","2004","2004/09/01","","","10.1097/01.nrl.0000138734.45742.8d"
"15173894","Gene-environment interaction and the genetics of depression","Lesch KP.","J Psychiatry Neurosci. 2004 May;29(3):174-84.","Lesch KP","J Psychiatry Neurosci","2004","2004/06/03","PMC400687","",""
"15130735","Atlas template images for nonhuman primate neuroimaging: baboon and macaque","Black KJ, Koller JM, Snyder AZ, Perlmutter JS.","Methods Enzymol. 2004;385:91-102. doi: 10.1016/S0076-6879(04)85006-7.","Black KJ","Methods Enzymol","2004","2004/05/08","","","10.1016/S0076-6879(04)85006-7"
"15019430","The expanding effects of cocaine: studies in a nonhuman primate model of cocaine self-administration","Porrino LJ, Daunais JB, Smith HR, Nader MA.","Neurosci Biobehav Rev. 2004 Jan;27(8):813-20. doi: 10.1016/j.neubiorev.2003.11.013.","Porrino LJ","Neurosci Biobehav Rev","2004","2004/03/17","","","10.1016/j.neubiorev.2003.11.013"
"12564129","Chronic ischemic stroke model in cynomolgus monkeys: behavioral, neuroimaging and anatomical study","Roitberg B, Khan N, Tuccar E, Kompoliti K, Chu Y, Alperin N, Kordower JH, Emborg ME.","Neurol Res. 2003 Jan;25(1):68-78. doi: 10.1179/016164103101200950.","Roitberg B","Neurol Res","2003","2003/02/05","","","10.1179/016164103101200950"
"11506546","Template images for nonhuman primate neuroimaging: 2. Macaque","Black KJ, Koller JM, Snyder AZ, Perlmutter JS.","Neuroimage. 2001 Sep;14(3):744-8. doi: 10.1006/nimg.2001.0871.","Black KJ","Neuroimage","2001","2001/08/17","","","10.1006/nimg.2001.0871"
"11506545","Template images for nonhuman primate neuroimaging: 1. Baboon","Black KJ, Snyder AZ, Koller JM, Gado MH, Perlmutter JS.","Neuroimage. 2001 Sep;14(3):736-43. doi: 10.1006/nimg.2001.0752.","Black KJ","Neuroimage","2001","2001/08/17","","","10.1006/nimg.2001.0752"
"11035225","Structural and functional brain development and its relation to cognitive development","Casey BJ, Giedd JN, Thomas KM.","Biol Psychol. 2000 Oct;54(1-3):241-57. doi: 10.1016/s0301-0511(00)00058-2.","Casey BJ","Biol Psychol","2000","2000/10/18","","","10.1016/s0301-0511(00)00058-2"
"10625123","Neuroimaging of serotonin uptake sites and antidepressant binding sites in the thalamus of humans and 'higher' animals","Smith DF.","Eur Neuropsychopharmacol. 1999 Dec;9(6):537-44. doi: 10.1016/s0924-977x(99)00042-5.","Smith DF","Eur Neuropsychopharmacol","1999","2000/01/07","","","10.1016/s0924-977x(99)00042-5"
"10088899","Bridging the gap: integrating cellular and functional magnetic resonance imaging studies of the hippocampus","Stern CE, Hasselmo ME.","Hippocampus. 1999;9(1):45-53. doi: 10.1002/(SICI)1098-1063(1999)9:1<45::AID-HIPO5>3.0.CO;2-T.","Stern CE","Hippocampus","1999","1999/03/24","","","10.1002/(SICI)1098-1063(1999)9:1<45::AID-HIPO5>3.0.CO;2-T"
"10051659","Retinotopic mapping of lateral geniculate nucleus in humans using functional magnetic resonance imaging","Chen W, Zhu XH, Thulborn KR, Ugurbil K.","Proc Natl Acad Sci U S A. 1999 Mar 2;96(5):2430-4. doi: 10.1073/pnas.96.5.2430.","Chen W","Proc Natl Acad Sci U S A","1999","1999/03/03","PMC26801","","10.1073/pnas.96.5.2430"
"10229782","Brain Mediation of Obsessive-Compulsive Disorder Symptoms: Evidence From Functional Brain Imaging Studies in the Human and Nonhuman Primate","Baxter LR Jr, Saxena S, Brody AL, Ackermann RF, Colgan M, Schwartz JM, Allen-Martinez Z, Fuster JM, Phelps ME.","Semin Clin Neuropsychiatry. 1996 Jan;1(1):32-47. doi: 10.1053/SCNP00100032.","Baxter LR Jr","Semin Clin Neuropsychiatry","1996","1996/01/01","","","10.1053/SCNP00100032"
"9410576","NeuroNames Brain Hierarchy","Bowden DM, Martin RF.","Neuroimage. 1995 Mar;2(1):63-83. doi: 10.1006/nimg.1995.1009.","Bowden DM","Neuroimage","1995","1995/03/01","","","10.1006/nimg.1995.1009"
