﻿PMID,Title,Authors,Citation,First Author,Journal/Book,Publication Year,Create Date,PMCID,NIHMS ID,DOI
"34273134","Structure, function and connectivity fingerprints of the frontal eye field versus the inferior frontal junction: A comprehensive comparison","Bedini M, Baldauf D.","Eur J Neurosci. 2021 Jul 17. doi: 10.1111/ejn.15393. Online ahead of print.","Bedini M","Eur J Neurosci","2021","2021/07/17","","","10.1111/ejn.15393"
"33878384","Mapping functional gradients of the striatal circuit using simultaneous microelectric stimulation and ultrahigh-field fMRI in non-human primates","Han MJ, Park CU, Kang S, Kim B, Nikolaidis A, Milham MP, Hong SJ, Kim SG, Baeg E.","Neuroimage. 2021 Aug 1;236:118077. doi: 10.1016/j.neuroimage.2021.118077. Epub 2021 Apr 18.","Han MJ","Neuroimage","2021","2021/04/20","","","10.1016/j.neuroimage.2021.118077"
"33662692","Within-category representational stability through the lens of manipulable objects","Lee D, Almeida J.","Cortex. 2021 Apr;137:282-291. doi: 10.1016/j.cortex.2020.12.026. Epub 2021 Feb 5.","Lee D","Cortex","2021","2021/03/04","","","10.1016/j.cortex.2020.12.026"
"32960419","MRI-based Parcellation and Morphometry of the Individual Rhesus Monkey Brain: the macaque Harvard-Oxford Atlas (mHOA), a translational system referencing a standardized ontology","Rushmore RJ, Bouix S, Kubicki M, Rathi Y, Rosene DL, Yeterian EH, Makris N.","Brain Imaging Behav. 2021 Jun;15(3):1589-1621. doi: 10.1007/s11682-020-00357-9.","Rushmore RJ","Brain Imaging Behav","2021","2020/09/22","","","10.1007/s11682-020-00357-9"
"32888082","Application of Pharmacokinetic-Pharmacodynamic Modeling to Inform Translation of In Vitro NaV1.7 Inhibition to In Vivo Pharmacological Response in Non-human Primate","Ballard JE, Pall P, Vardigan J, Zhao F, Holahan MA, Kraus R, Li Y, Henze D, Houghton A, Burgey CS, Gibson C.","Pharm Res. 2020 Sep 4;37(10):181. doi: 10.1007/s11095-020-02914-9.","Ballard JE","Pharm Res","2020","2020/09/05","PMC7473964","","10.1007/s11095-020-02914-9"
"32745096","Task-evoked activity quenches neural correlations and variability across cortical areas","Ito T, Brincat SL, Siegel M, Mill RD, He BJ, Miller EK, Rotstein HG, Cole MW.","PLoS Comput Biol. 2020 Aug 3;16(8):e1007983. doi: 10.1371/journal.pcbi.1007983. eCollection 2020 Aug.","Ito T","PLoS Comput Biol","2020","2020/08/04","PMC7425988","","10.1371/journal.pcbi.1007983"
"32477079","Exploring Representation of Diverse Samples in fMRI Studies Conducted in Patients With Cardiac-Related Chronic Illness: A Focused Systematic Review","Jones LM, Ginier E, Debbs J, Eaton JL, Renner C, Hawkins J, Rios-Spicer R, Tang E, Schertzing C, Giordani B.","Front Hum Neurosci. 2020 May 14;14:108. doi: 10.3389/fnhum.2020.00108. eCollection 2020.","Jones LM","Front Hum Neurosci","2020","2020/06/02","PMC7240043","","10.3389/fnhum.2020.00108"
"32366956","Rapid event-related, BOLD fMRI, non-human primates (NHP): choose two out of three","Pelekanos V, Mok RM, Joly O, Ainsworth M, Kyriazis D, Kelly MG, Bell AH, Kriegeskorte N.","Sci Rep. 2020 May 4;10(1):7485. doi: 10.1038/s41598-020-64376-8.","Pelekanos V","Sci Rep","2020","2020/05/06","PMC7198564","","10.1038/s41598-020-64376-8"
"32275880","Evidence for Hierarchical Cognitive Control in the Human Cerebellum","D'Mello AM, Gabrieli JDE, Nee DE.","Curr Biol. 2020 May 18;30(10):1881-1892.e3. doi: 10.1016/j.cub.2020.03.028. Epub 2020 Apr 9.","D'Mello AM","Curr Biol","2020","2020/04/11","PMC7289516","NIHMS1582964","10.1016/j.cub.2020.03.028"
"32085988","Neuroimaging the sleeping brain: Insight on memory functioning in infants and toddlers","Johnson EG, Prabhakar J, Mooney LN, Ghetti S.","Infant Behav Dev. 2020 Feb;58:101427. doi: 10.1016/j.infbeh.2020.101427. Epub 2020 Feb 18.","Johnson EG","Infant Behav Dev","2020","2020/02/23","PMC7089830","NIHMS1563525","10.1016/j.infbeh.2020.101427"
"32038217","Animal Functional Magnetic Resonance Imaging: Trends and Path Toward Standardization","Mandino F, Cerri DH, Garin CM, Straathof M, van Tilborg GAF, Chakravarty MM, Dhenain M, Dijkhuizen RM, Gozzi A, Hess A, Keilholz SD, Lerch JP, Shih YI, Grandjean J.","Front Neuroinform. 2020 Jan 22;13:78. doi: 10.3389/fninf.2019.00078. eCollection 2019.","Mandino F","Front Neuroinform","2020","2020/02/11","PMC6987455","","10.3389/fninf.2019.00078"
"31847744","Canine sense of quantity: evidence for numerical ratio-dependent activation in parietotemporal cortex","Aulet LS, Chiu VC, Prichard A, Spivak M, Lourenco SF, Berns GS.","Biol Lett. 2019 Dec;15(12):20190666. doi: 10.1098/rsbl.2019.0666. Epub 2019 Dec 18.","Aulet LS","Biol Lett","2019","2019/12/19","PMC6936025","","10.1098/rsbl.2019.0666"
"31682802","Brain activity changes in a monkey model of central post-stroke pain","Nagasaka K, Takashima I, Matsuda K, Higo N.","Exp Neurol. 2020 Jan;323:113096. doi: 10.1016/j.expneurol.2019.113096. Epub 2019 Nov 1.","Nagasaka K","Exp Neurol","2020","2019/11/05","","","10.1016/j.expneurol.2019.113096"
"31589003","Meta-analytic and functional connectivity evidence from functional magnetic resonance imaging for an anterior to posterior gradient of function along the hippocampal axis","Grady CL.","Hippocampus. 2020 May;30(5):456-471. doi: 10.1002/hipo.23164. Epub 2019 Oct 7.","Grady CL","Hippocampus","2020","2019/10/08","","","10.1002/hipo.23164"
"31557544","Large scale networks for human hand-object interaction: Functionally distinct roles for two premotor regions identified intraoperatively","Simone L, Fornia L, Viganò L, Sambataro F, Rossi M, Leonetti A, Puglisi G, Howells H, Bellacicca A, Bello L, Cerri G.","Neuroimage. 2020 Jan 1;204:116215. doi: 10.1016/j.neuroimage.2019.116215. Epub 2019 Sep 24.","Simone L","Neuroimage","2020","2019/09/27","","","10.1016/j.neuroimage.2019.116215"
"31489723","Amygdala and affective responses to infant pictures: Comparing depressed and non-depressed mothers and non-mothers","Dudin A, Wonch KE, Davis AD, Steiner M, Fleming AS, Hall GB.","J Neuroendocrinol. 2019 Sep;31(9):e12790. doi: 10.1111/jne.12790. Epub 2019 Sep 29.","Dudin A","J Neuroendocrinol","2019","2019/09/07","","","10.1111/jne.12790"
"31394491","A preliminary study of association between adolescent estradiol level and dorsolateral prefrontal cortex activity during emotion regulation","Chung YS, Poppe A, Novotny S, Epperson CN, Kober H, Granger DA, Blumberg HP, Ochsner K, Gross JJ, Pearlson G, Stevens MC.","Psychoneuroendocrinology. 2019 Nov;109:104398. doi: 10.1016/j.psyneuen.2019.104398. Epub 2019 Jul 30.","Chung YS","Psychoneuroendocrinology","2019","2019/08/09","PMC6842698","NIHMS1537095","10.1016/j.psyneuen.2019.104398"
"31189958","Atypical behaviour and connectivity in SHANK3-mutant macaques","Zhou Y, Sharma J, Ke Q, Landman R, Yuan J, Chen H, Hayden DS, Fisher JW 3rd, Jiang M, Menegas W, Aida T, Yan T, Zou Y, Xu D, Parmar S, Hyman JB, Fanucci-Kiss A, Meisner O, Wang D, Huang Y, Li Y, Bai Y, Ji W, Lai X, Li W, Huang L, Lu Z, Wang L, Anteraper SA, Sur M, Zhou H, Xiang AP, Desimone R, Feng G, Yang S.","Nature. 2019 Jun;570(7761):326-331. doi: 10.1038/s41586-019-1278-0. Epub 2019 Jun 12.","Zhou Y","Nature","2019","2019/06/14","","","10.1038/s41586-019-1278-0"
"31031580","Isoflurane-Induced Burst Suppression Increases Intrinsic Functional Connectivity of the Monkey Brain","Zhang Z, Cai DC, Wang Z, Zeljic K, Wang Z, Wang Y.","Front Neurosci. 2019 Apr 11;13:296. doi: 10.3389/fnins.2019.00296. eCollection 2019.","Zhang Z","Front Neurosci","2019","2019/04/30","PMC6470287","","10.3389/fnins.2019.00296"
"30873000","Brain Map of Intrinsic Functional Flexibility in Anesthetized Monkeys and Awake Humans","Yin D, Zhang Z, Wang Z, Zeljic K, Lv Q, Cai D, Wang Y, Wang Z.","Front Neurosci. 2019 Feb 28;13:174. doi: 10.3389/fnins.2019.00174. eCollection 2019.","Yin D","Front Neurosci","2019","2019/03/16","PMC6403192","","10.3389/fnins.2019.00174"
"30633413","Encoding of kinetic and kinematic movement parameters in the sensorimotor cortex: A Brain-Computer Interface perspective","Branco MP, de Boer LM, Ramsey NF, Vansteensel MJ.","Eur J Neurosci. 2019 Sep;50(5):2755-2772. doi: 10.1111/ejn.14342. Epub 2019 Jan 30.","Branco MP","Eur J Neurosci","2019","2019/01/12","PMC6625947","NIHMS1006223","10.1111/ejn.14342"
"30597044","Pain-related behavior and brain activation in cynomolgus macaques with naturally occurring endometriosis","Yano M, Matsuda A, Natsume T, Ogawa S, Awaga Y, Hayashi I, Hama A, Takamatsu H.","Hum Reprod. 2019 Mar 1;34(3):469-478. doi: 10.1093/humrep/dey383.","Yano M","Hum Reprod","2019","2019/01/01","","","10.1093/humrep/dey383"
"30419289","Intrinsic functional clustering of anterior cingulate cortex in the common marmoset","Schaeffer DJ, Gilbert KM, Ghahremani M, Gati JS, Menon RS, Everling S.","Neuroimage. 2019 Feb 1;186:301-307. doi: 10.1016/j.neuroimage.2018.11.005. Epub 2018 Nov 10.","Schaeffer DJ","Neuroimage","2019","2018/11/13","","","10.1016/j.neuroimage.2018.11.005"
"30211338","Effects of primatological training on anthropomorphic valuations of emotions","Mercadillo RE, Alcauter S, Barrios FA.","IBRO Rep. 2018 Sep 6;5:54-59. doi: 10.1016/j.ibror.2018.09.001. eCollection 2018 Dec.","Mercadillo RE","IBRO Rep","2018","2018/09/14","PMC6134357","","10.1016/j.ibror.2018.09.001"
"30205207","Resting-state white matter-cortical connectivity in non-human primate brain","Wu TL, Wang F, Li M, Schilling KG, Gao Y, Anderson AW, Chen LM, Ding Z, Gore JC.","Neuroimage. 2019 Jan 1;184:45-55. doi: 10.1016/j.neuroimage.2018.09.021. Epub 2018 Sep 8.","Wu TL","Neuroimage","2019","2018/09/12","PMC6250128","NIHMS1506840","10.1016/j.neuroimage.2018.09.021"
"29593518","Task-Relevant Information Modulates Primary Motor Cortex Activity Before Movement Onset","Calderon CB, Van Opstal F, Peigneux P, Verguts T, Gevers W.","Front Hum Neurosci. 2018 Mar 14;12:93. doi: 10.3389/fnhum.2018.00093. eCollection 2018.","Calderon CB","Front Hum Neurosci","2018","2018/03/30","PMC5861186","","10.3389/fnhum.2018.00093"
"29352154","Resting state brain networks in the prairie vole","Ortiz JJ, Portillo W, Paredes RG, Young LJ, Alcauter S.","Sci Rep. 2018 Jan 19;8(1):1231. doi: 10.1038/s41598-017-17610-9.","Ortiz JJ","Sci Rep","2018","2018/01/21","PMC5775431","","10.1038/s41598-017-17610-9"
"28816571","Effects of flow changes on radiotracer binding: Simultaneous measurement of neuroreceptor binding and cerebral blood flow modulation","Sander CY, Mandeville JB, Wey HY, Catana C, Hooker JM, Rosen BR.","J Cereb Blood Flow Metab. 2019 Jan;39(1):131-146. doi: 10.1177/0271678X17725418. Epub 2017 Aug 17.","Sander CY","J Cereb Blood Flow Metab","2019","2017/08/18","PMC6311667","","10.1177/0271678X17725418"
"28274833","Investigating the spatiotemporal characteristics of the deoxyhemoglobin-related and deoxyhemoglobin-unrelated functional hemodynamic response across cortical layers in awake marmosets","Yen CC, Papoti D, Silva AC.","Neuroimage. 2018 Jan 1;164:121-130. doi: 10.1016/j.neuroimage.2017.03.005. Epub 2017 Mar 6.","Yen CC","Neuroimage","2018","2017/03/10","PMC5587354","NIHMS861535","10.1016/j.neuroimage.2017.03.005"
"28032008","Effects of isoflurane anesthesia on resting-state fMRI signals and functional connectivity within primary somatosensory cortex of monkeys","Wu TL, Mishra A, Wang F, Yang PF, Gore JC, Chen LM.","Brain Behav. 2016 Oct 11;6(12):e00591. doi: 10.1002/brb3.591. eCollection 2016 Dec.","Wu TL","Brain Behav","2016","2016/12/30","PMC5167001","","10.1002/brb3.591"
"28027960","Investigating resting-state functional connectivity in the cervical spinal cord at 3T","Eippert F, Kong Y, Winkler AM, Andersson JL, Finsterbusch J, Büchel C, Brooks JCW, Tracey I.","Neuroimage. 2017 Feb 15;147:589-601. doi: 10.1016/j.neuroimage.2016.12.072. Epub 2016 Dec 24.","Eippert F","Neuroimage","2017","2016/12/29","PMC5315056","","10.1016/j.neuroimage.2016.12.072"
"27833536","Patterns of Activity in the Human Frontal and Parietal Cortex Differentiate Large and Small Saccades","Grosbras MH.","Front Integr Neurosci. 2016 Oct 27;10:34. doi: 10.3389/fnint.2016.00034. eCollection 2016.","Grosbras MH","Front Integr Neurosci","2016","2016/11/12","PMC5081348","","10.3389/fnint.2016.00034"
"27803286","The neural basis of understanding the expression of the emotions in man and animals","Spunt RP, Ellsworth E, Adolphs R.","Soc Cogn Affect Neurosci. 2017 Jan 1;12(1):95-105. doi: 10.1093/scan/nsw161.","Spunt RP","Soc Cogn Affect Neurosci","2017","2016/11/03","PMC5390760","","10.1093/scan/nsw161"
"27596024","Resting state network topology of the ferret brain","Zhou ZC, Salzwedel AP, Radtke-Schuller S, Li Y, Sellers KK, Gilmore JH, Shih YY, Fröhlich F, Gao W.","Neuroimage. 2016 Dec;143:70-81. doi: 10.1016/j.neuroimage.2016.09.003. Epub 2016 Sep 2.","Zhou ZC","Neuroimage","2016","2016/09/07","PMC5124532","NIHMS817278","10.1016/j.neuroimage.2016.09.003"
"27451405","Effects of anesthesia on resting state BOLD signals in white matter of non-human primates","Wu TL, Wang F, Anderson AW, Chen LM, Ding Z, Gore JC.","Magn Reson Imaging. 2016 Nov;34(9):1235-1241. doi: 10.1016/j.mri.2016.07.001. Epub 2016 Jul 20.","Wu TL","Magn Reson Imaging","2016","2016/07/25","PMC5055423","NIHMS804667","10.1016/j.mri.2016.07.001"
"27296233","Realistic models of apparent dynamic changes in resting-state connectivity in somatosensory cortex","Shi Z, Rogers BP, Chen LM, Morgan VL, Mishra A, Wilkes DM, Gore JC.","Hum Brain Mapp. 2016 Nov;37(11):3897-3910. doi: 10.1002/hbm.23284.","Shi Z","Hum Brain Mapp","2016","2016/06/15","PMC5053861","NIHMS791612","10.1002/hbm.23284"
"27038008","Asymmetry in functional connectivity of the human habenula revealed by high-resolution cardiac-gated resting state imaging","Hétu S, Luo Y, Saez I, D'Ardenne K, Lohrenz T, Montague PR.","Hum Brain Mapp. 2016 Jul;37(7):2602-15. doi: 10.1002/hbm.23194. Epub 2016 Apr 1.","Hétu S","Hum Brain Mapp","2016","2016/04/03","PMC4905773","NIHMS770799","10.1002/hbm.23194"
"27031602","Non-human primates in neuroscience research: The case against its scientific necessity","Bailey J, Taylor K.","Altern Lab Anim. 2016 Mar;44(1):43-69. doi: 10.1177/026119291604400101.","Bailey J","Altern Lab Anim","2016","2016/04/01","","","10.1177/026119291604400101"
"26979127","Estimating repetitive spatiotemporal patterns from resting-state brain activity data","Takeda Y, Hiroe N, Yamashita O, Sato MA.","Neuroimage. 2016 Jun;133:251-265. doi: 10.1016/j.neuroimage.2016.03.014. Epub 2016 Mar 12.","Takeda Y","Neuroimage","2016","2016/03/17","","","10.1016/j.neuroimage.2016.03.014"
"26774609","Intrinsic connectivity of neural networks in the awake rabbit","Schroeder MP, Weiss C, Procissi D, Disterhoft JF, Wang L.","Neuroimage. 2016 Apr 1;129:260-267. doi: 10.1016/j.neuroimage.2016.01.010. Epub 2016 Jan 13.","Schroeder MP","Neuroimage","2016","2016/01/18","PMC4803608","NIHMS751513","10.1016/j.neuroimage.2016.01.010"
"26706280","Longitudinal evaluation of functional connectivity variation in the monkey sensorimotor network induced by spinal cord injury","Rao JS, Liu Z, Zhao C, Wei RH, Zhao W, Yang ZY, Li XG.","Acta Physiol (Oxf). 2016 Jun;217(2):164-73. doi: 10.1111/apha.12645. Epub 2016 Jan 13.","Rao JS","Acta Physiol (Oxf)","2016","2015/12/27","","","10.1111/apha.12645"
"26388148","Imaging Agonist-Induced D2/D3 Receptor Desensitization and Internalization In Vivo with PET/fMRI","Sander CY, Hooker JM, Catana C, Rosen BR, Mandeville JB.","Neuropsychopharmacology. 2016 Apr;41(5):1427-36. doi: 10.1038/npp.2015.296. Epub 2015 Sep 21.","Sander CY","Neuropsychopharmacology","2016","2015/09/22","PMC4793127","","10.1038/npp.2015.296"
"26225563","High-Field Functional Imaging of Pitch Processing in Auditory Cortex of the Cat","Butler BE, Hall AJ, Lomber SG.","PLoS One. 2015 Jul 30;10(7):e0134362. doi: 10.1371/journal.pone.0134362. eCollection 2015.","Butler BE","PLoS One","2015","2015/07/31","PMC4520558","","10.1371/journal.pone.0134362"
"25988226","Whole brain mapping of visual and tactile convergence in the macaque monkey","Guipponi O, Cléry J, Odouard S, Wardak C, Ben Hamed S.","Neuroimage. 2015 Aug 15;117:93-102. doi: 10.1016/j.neuroimage.2015.05.022. Epub 2015 May 16.","Guipponi O","Neuroimage","2015","2015/05/20","","","10.1016/j.neuroimage.2015.05.022"
"25761577","Rightward-biased hemodynamic response of the parahippocampal system during virtual navigation","Baker TE, Umemoto A, Krawitz A, Holroyd CB.","Sci Rep. 2015 Mar 12;5:9063. doi: 10.1038/srep09063.","Baker TE","Sci Rep","2015","2015/03/13","PMC4356951","","10.1038/srep09063"
"25228872","An investigation of the neural circuits underlying reaching and reach-to-grasp movements: from planning to execution","Begliomini C, De Sanctis T, Marangon M, Tarantino V, Sartori L, Miotto D, Motta R, Stramare R, Castiello U.","Front Hum Neurosci. 2014 Sep 2;8:676. doi: 10.3389/fnhum.2014.00676. eCollection 2014.","Begliomini C","Front Hum Neurosci","2014","2014/09/18","PMC4151344","","10.3389/fnhum.2014.00676"
"24906509","Functional magnetic resonance imaging of intrinsic brain networks for translational drug discovery","Smucny J, Wylie KP, Tregellas JR.","Trends Pharmacol Sci. 2014 Aug;35(8):397-403. doi: 10.1016/j.tips.2014.05.001. Epub 2014 Jun 3.","Smucny J","Trends Pharmacol Sci","2014","2014/06/08","PMC4388149","NIHMS676980","10.1016/j.tips.2014.05.001"
"24769184","Dissociable neural representations of wrist motor coordinate frames in human motor cortices","Yoshimura N, Jimura K, DaSalla CS, Shin D, Kambara H, Hanakawa T, Koike Y.","Neuroimage. 2014 Aug 15;97:53-61. doi: 10.1016/j.neuroimage.2014.04.046. Epub 2014 Apr 23.","Yoshimura N","Neuroimage","2014","2014/04/29","","","10.1016/j.neuroimage.2014.04.046"
"24629510","Fractional amplitude of low-frequency fluctuation changes in monkeys with spinal cord injury: a resting-state fMRI study","Rao JS, Ma M, Zhao C, Zhang AF, Yang ZY, Liu Z, Li XG.","Magn Reson Imaging. 2014 Jun;32(5):482-6. doi: 10.1016/j.mri.2014.02.001. Epub 2014 Feb 10.","Rao JS","Magn Reson Imaging","2014","2014/03/18","","","10.1016/j.mri.2014.02.001"
"24530271","Parkinson׳s disease-related modulation of functional connectivity associated with the striatum in the resting state in a nonhuman primate model","Li J, Luo C, Chen Y, Chen Q, Huang R, Sun J, Gong Q, Wu X, Qi Z, Liang Z, Li L, Li H, Li P, Wang W, Shang HF.","Brain Res. 2014 Mar 25;1555:10-9. doi: 10.1016/j.brainres.2014.01.054. Epub 2014 Feb 13.","Li J","Brain Res","2014","2014/02/18","","","10.1016/j.brainres.2014.01.054"
"24525224","Extinction resistant changes in the human auditory association cortex following threat learning","Apergis-Schoute AM, Schiller D, LeDoux JE, Phelps EA.","Neurobiol Learn Mem. 2014 Sep;113:109-14. doi: 10.1016/j.nlm.2014.01.016. Epub 2014 Feb 11.","Apergis-Schoute AM","Neurobiol Learn Mem","2014","2014/02/15","PMC4053499","NIHMS584220","10.1016/j.nlm.2014.01.016"
"24508744","Differential effects of acute stress on anticipatory and consummatory phases of reward processing","Kumar P, Berghorst LH, Nickerson LD, Dutra SJ, Goer FK, Greve DN, Pizzagalli DA.","Neuroscience. 2014 Apr 25;266:1-12. doi: 10.1016/j.neuroscience.2014.01.058. Epub 2014 Feb 7.","Kumar P","Neuroscience","2014","2014/02/11","PMC4026279","NIHMS572186","10.1016/j.neuroscience.2014.01.058"
"24201011","Format-dependent representations of symbolic and non-symbolic numbers in the human cortex as revealed by multi-voxel pattern analyses","Bulthé J, De Smedt B, Op de Beeck HP.","Neuroimage. 2014 Feb 15;87:311-22. doi: 10.1016/j.neuroimage.2013.10.049. Epub 2013 Nov 5.","Bulthé J","Neuroimage","2014","2013/11/09","","","10.1016/j.neuroimage.2013.10.049"
"24137150","Quantitative meta-analysis of fMRI and PET studies reveals consistent activation in fronto-striatal-parietal regions and cerebellum during antisaccades and prosaccades","Jamadar SD, Fielding J, Egan GF.","Front Psychol. 2013 Oct 16;4:749. doi: 10.3389/fpsyg.2013.00749. eCollection 2013.","Jamadar SD","Front Psychol","2013","2013/10/19","PMC3797465","","10.3389/fpsyg.2013.00749"
"24051357","Auditory tracts identified with combined fMRI and diffusion tractography","Javad F, Warren JD, Micallef C, Thornton JS, Golay X, Yousry T, Mancini L.","Neuroimage. 2014 Jan 1;84(100):562-74. doi: 10.1016/j.neuroimage.2013.09.007. Epub 2013 Sep 16.","Javad F","Neuroimage","2014","2013/09/21","PMC3898984","","10.1016/j.neuroimage.2013.09.007"
"23916753","Tonotopic mapping of human auditory cortex","Saenz M, Langers DR.","Hear Res. 2014 Jan;307:42-52. doi: 10.1016/j.heares.2013.07.016. Epub 2013 Aug 2.","Saenz M","Hear Res","2014","2013/08/07","","","10.1016/j.heares.2013.07.016"
"23667619","Different types of laughter modulate connectivity within distinct parts of the laughter perception network","Wildgruber D, Szameitat DP, Ethofer T, Brück C, Alter K, Grodd W, Kreifelts B.","PLoS One. 2013 May 8;8(5):e63441. doi: 10.1371/journal.pone.0063441. Print 2013.","Wildgruber D","PLoS One","2013","2013/05/14","PMC3648477","","10.1371/journal.pone.0063441"
"23652854","Large-scale reorganization of the somatosensory cortex of adult macaque monkeys revealed by fMRI","Dutta A, Kambi N, Raghunathan P, Khushu S, Jain N.","Brain Struct Funct. 2014 Jul;219(4):1305-20. doi: 10.1007/s00429-013-0569-8. Epub 2013 May 8.","Dutta A","Brain Struct Funct","2014","2013/05/09","","","10.1007/s00429-013-0569-8"
"23313563","Is there an association between peripheral immune markers and structural/functional neuroimaging findings?","Frodl T, Amico F.","Prog Neuropsychopharmacol Biol Psychiatry. 2014 Jan 3;48:295-303. doi: 10.1016/j.pnpbp.2012.12.013. Epub 2013 Jan 11.","Frodl T","Prog Neuropsychopharmacol Biol Psychiatry","2014","2013/01/15","","","10.1016/j.pnpbp.2012.12.013"
"23222445","Direct evidence for encoding of motion streaks in human visual cortex","Apthorp D, Schwarzkopf DS, Kaul C, Bahrami B, Alais D, Rees G.","Proc Biol Sci. 2012 Dec 5;280(1752):20122339. doi: 10.1098/rspb.2012.2339. Print 2013 Feb 7.","Apthorp D","Proc Biol Sci","2012","2012/12/11","PMC3574303","","10.1098/rspb.2012.2339"
"23202659","Neural time-course of the observation of human and non-human object touch","Streltsova A, McCleery JP.","Soc Cogn Affect Neurosci. 2014 Mar;9(3):333-41. doi: 10.1093/scan/nss142. Epub 2012 Nov 29.","Streltsova A","Soc Cogn Affect Neurosci","2014","2012/12/04","PMC3980802","","10.1093/scan/nss142"
"23142493","Dopaminergic dysfunction in abstinent dexamphetamine users: results from a pharmacological fMRI study using a reward anticipation task and a methylphenidate challenge","Schouw ML, De Ruiter MB, Kaag AM, van den Brink W, Lindauer RJ, Reneman L.","Drug Alcohol Depend. 2013 Jun 1;130(1-3):52-60. doi: 10.1016/j.drugalcdep.2012.10.010. Epub 2012 Nov 9.","Schouw ML","Drug Alcohol Depend","2013","2012/11/13","","","10.1016/j.drugalcdep.2012.10.010"
"23103631","Brain activity and human unilateral chewing: an FMRI study","Quintero A, Ichesco E, Myers C, Schutt R, Gerstner GE.","J Dent Res. 2013 Feb;92(2):136-42. doi: 10.1177/0022034512466265. Epub 2012 Oct 26.","Quintero A","J Dent Res","2013","2012/10/30","PMC3545687","","10.1177/0022034512466265"
"23000258","Characterization of the blood-oxygen level-dependent (BOLD) response in cat auditory cortex using high-field fMRI","Brown TA, Joanisse MF, Gati JS, Hughes SM, Nixon PL, Menon RS, Lomber SG.","Neuroimage. 2013 Jan 1;64:458-65. doi: 10.1016/j.neuroimage.2012.09.034. Epub 2012 Sep 20.","Brown TA","Neuroimage","2013","2012/09/25","","","10.1016/j.neuroimage.2012.09.034"
"22986224","Defining the habenula in human neuroimaging studies","Lawson RP, Drevets WC, Roiser JP.","Neuroimage. 2013 Jan 1;64:722-7. doi: 10.1016/j.neuroimage.2012.08.076. Epub 2012 Sep 8.","Lawson RP","Neuroimage","2013","2012/09/19","PMC3650642","","10.1016/j.neuroimage.2012.08.076"
"22960664","Current state-of-the-art of auditory functional MRI (fMRI) on zebra finches: technique and scientific achievements","Van Ruijssevelt L, Van der Kant A, De Groof G, Van der Linden A.","J Physiol Paris. 2013 Jun;107(3):156-69. doi: 10.1016/j.jphysparis.2012.08.005. Epub 2012 Aug 30.","Van Ruijssevelt L","J Physiol Paris","2013","2012/09/11","","","10.1016/j.jphysparis.2012.08.005"
"22960152","Layer-specific BOLD activation in awake monkey V1 revealed by ultra-high spatial resolution functional magnetic resonance imaging","Chen G, Wang F, Gore JC, Roe AW.","Neuroimage. 2013 Jan 1;64:147-55. doi: 10.1016/j.neuroimage.2012.08.060. Epub 2012 Aug 28.","Chen G","Neuroimage","2013","2012/09/11","PMC3508288","NIHMS404407","10.1016/j.neuroimage.2012.08.060"
"22905026","Naturalistic FMRI mapping reveals superior temporal sulcus as the hub for the distributed brain network for social perception","Lahnakoski JM, Glerean E, Salmi J, Jääskeläinen IP, Sams M, Hari R, Nummenmaa L.","Front Hum Neurosci. 2012 Aug 13;6:233. doi: 10.3389/fnhum.2012.00233. eCollection 2012.","Lahnakoski JM","Front Hum Neurosci","2012","2012/08/21","PMC3417167","","10.3389/fnhum.2012.00233"
"22723671","On the origin of sustained negative BOLD response","Moraschi M, DiNuzzo M, Giove F.","J Neurophysiol. 2012 Nov;108(9):2339-42. doi: 10.1152/jn.01199.2011. Epub 2012 Jun 20.","Moraschi M","J Neurophysiol","2012","2012/06/23","","","10.1152/jn.01199.2011"
"22465841","Evidence for coordinated functional activity within the extended amygdala of non-human and human primates","Oler JA, Birn RM, Patriat R, Fox AS, Shelton SE, Burghy CA, Stodola DE, Essex MJ, Davidson RJ, Kalin NH.","Neuroimage. 2012 Jul 16;61(4):1059-66. doi: 10.1016/j.neuroimage.2012.03.045. Epub 2012 Mar 23.","Oler JA","Neuroimage","2012","2012/04/03","PMC3376204","NIHMS364904","10.1016/j.neuroimage.2012.03.045"
"22426350","Effects of lactate on the early visual cortex of non-human primates, investigated by pharmaco-MRI and neurochemical analysis","von Pföstl V, Li J, Zaldivar D, Goense J, Zhang X, Serr N, Logothetis NK, Rauch A.","Neuroimage. 2012 May 15;61(1):98-105. doi: 10.1016/j.neuroimage.2012.02.082. Epub 2012 Mar 8.","von Pföstl V","Neuroimage","2012","2012/03/20","","","10.1016/j.neuroimage.2012.02.082"
"22414593","Social economic decision-making across the lifespan: An fMRI investigation","Harlé KM, Sanfey AG.","Neuropsychologia. 2012 Jun;50(7):1416-24. doi: 10.1016/j.neuropsychologia.2012.02.026. Epub 2012 Mar 3.","Harlé KM","Neuropsychologia","2012","2012/03/15","PMC3358414","NIHMS362966","10.1016/j.neuropsychologia.2012.02.026"
"22171081","The case for primate V3","Lyon DC, Connolly JD.","Proc Biol Sci. 2012 Feb 22;279(1729):625-33. doi: 10.1098/rspb.2011.2048. Epub 2011 Dec 14.","Lyon DC","Proc Biol Sci","2012","2011/12/16","PMC3248742","","10.1098/rspb.2011.2048"
"22131970","The human likeness dimension of the ""uncanny valley hypothesis"": behavioral and functional MRI findings","Cheetham M, Suter P, Jäncke L.","Front Hum Neurosci. 2011 Nov 24;5:126. doi: 10.3389/fnhum.2011.00126. eCollection 2011.","Cheetham M","Front Hum Neurosci","2011","2011/12/02","PMC3223398","","10.3389/fnhum.2011.00126"
"21959831","From cells to systems: grids and boundaries in spatial memory","Doeller CF, Barry C, Burgess N.","Neuroscientist. 2012 Dec;18(6):556-66. doi: 10.1177/1073858411422115. Epub 2011 Sep 29.","Doeller CF","Neuroscientist","2012","2011/10/01","","","10.1177/1073858411422115"
"21943047","Socially tuned: brain responses differentiating human and animal motion","Kaiser MD, Shiffrar M, Pelphrey KA.","Soc Neurosci. 2012;7(3):301-10. doi: 10.1080/17470919.2011.614003. Epub 2011 Sep 26.","Kaiser MD","Soc Neurosci","2012","2011/09/28","","","10.1080/17470919.2011.614003"
"21908447","Dissociable neural correlates of stereotypes and other forms of semantic knowledge","Contreras JM, Banaji MR, Mitchell JP.","Soc Cogn Affect Neurosci. 2012 Oct;7(7):764-70. doi: 10.1093/scan/nsr053. Epub 2011 Sep 9.","Contreras JM","Soc Cogn Affect Neurosci","2012","2011/09/13","PMC3475353","","10.1093/scan/nsr053"
"21765915","Illusions of visual motion elicited by electrical stimulation of human MT complex","Rauschecker AM, Dastjerdi M, Weiner KS, Witthoft N, Chen J, Selimbeyoglu A, Parvizi J.","PLoS One. 2011;6(7):e21798. doi: 10.1371/journal.pone.0021798. Epub 2011 Jul 13.","Rauschecker AM","PLoS One","2011","2011/07/19","PMC3135604","","10.1371/journal.pone.0021798"
"21753026","Neural correlates of spatial orienting in the human superior colliculus","Anderson EJ, Rees G.","J Neurophysiol. 2011 Nov;106(5):2273-84. doi: 10.1152/jn.00286.2011. Epub 2011 Jul 13.","Anderson EJ","J Neurophysiol","2011","2011/07/15","PMC3214112","","10.1152/jn.00286.2011"
"21596142","Selective updating of working memory content modulates meso-cortico-striatal activity","Murty VP, Sambataro F, Radulescu E, Altamura M, Iudicello J, Zoltick B, Weinberger DR, Goldberg TE, Mattay VS.","Neuroimage. 2011 Aug 1;57(3):1264-72. doi: 10.1016/j.neuroimage.2011.05.006. Epub 2011 May 7.","Murty VP","Neuroimage","2011","2011/05/21","PMC3908780","NIHMS304095","10.1016/j.neuroimage.2011.05.006"
"21576110","Lesion evidence for the critical role of the intraparietal sulcus in spatial attention","Gillebert CR, Mantini D, Thijs V, Sunaert S, Dupont P, Vandenberghe R.","Brain. 2011 Jun;134(Pt 6):1694-709. doi: 10.1093/brain/awr085. Epub 2011 May 15.","Gillebert CR","Brain","2011","2011/05/18","","","10.1093/brain/awr085"
"21441989","Error-related functional connectivity of the habenula in humans","Ide JS, Li CS.","Front Hum Neurosci. 2011 Mar 16;5:25. doi: 10.3389/fnhum.2011.00025. eCollection 2011.","Ide JS","Front Hum Neurosci","2011","2011/03/29","PMC3060701","","10.3389/fnhum.2011.00025"
"21333672","Color in the cortex: single- and double-opponent cells","Shapley R, Hawken MJ.","Vision Res. 2011 Apr 13;51(7):701-17. doi: 10.1016/j.visres.2011.02.012. Epub 2011 Feb 17.","Shapley R","Vision Res","2011","2011/02/22","PMC3121536","NIHMS284652","10.1016/j.visres.2011.02.012"
"21148091","Integration of visual and tactile signals from the hand in the human brain: an FMRI study","Gentile G, Petkova VI, Ehrsson HH.","J Neurophysiol. 2011 Feb;105(2):910-22. doi: 10.1152/jn.00840.2010. Epub 2010 Dec 8.","Gentile G","J Neurophysiol","2011","2010/12/15","PMC3059180","","10.1152/jn.00840.2010"
"21097958","The posterior superior temporal sulcus is sensitive to the outcome of human and non-human goal-directed actions","Shultz S, Lee SM, Pelphrey K, McCarthy G.","Soc Cogn Affect Neurosci. 2011 Oct;6(5):602-11. doi: 10.1093/scan/nsq087. Epub 2010 Nov 22.","Shultz S","Soc Cogn Affect Neurosci","2011","2010/11/25","PMC3190213","","10.1093/scan/nsq087"
"20967197","Neural coding of movement direction in the healthy human brain","Cowper-Smith CD, Lau EY, Helmick CA, Eskes GA, Westwood DA.","PLoS One. 2010 Oct 13;5(10):e13330. doi: 10.1371/journal.pone.0013330.","Cowper-Smith CD","PLoS One","2010","2010/10/23","PMC2954155","","10.1371/journal.pone.0013330"
"20692278","Imaging retinotopic maps in the human brain","Wandell BA, Winawer J.","Vision Res. 2011 Apr 13;51(7):718-37. doi: 10.1016/j.visres.2010.08.004. Epub 2010 Aug 6.","Wandell BA","Vision Res","2011","2010/08/10","PMC3030662","NIHMS234413","10.1016/j.visres.2010.08.004"
"20662902","Broca's region: linking human brain functional connectivity data and non-human primate tracing anatomy studies","Kelly C, Uddin LQ, Shehzad Z, Margulies DS, Castellanos FX, Milham MP, Petrides M.","Eur J Neurosci. 2010 Aug;32(3):383-98. doi: 10.1111/j.1460-9568.2010.07279.x. Epub 2010 Jul 21.","Kelly C","Eur J Neurosci","2010","2010/07/29","PMC3111969","NIHMS294225","10.1111/j.1460-9568.2010.07279.x"
"20589242","Striatal BOLD Response Reflects the Impact of Herd Information on Financial Decisions","Burke CJ, Tobler PN, Schultz W, Baddeley M.","Front Hum Neurosci. 2010 Jun 7;4:48. doi: 10.3389/fnhum.2010.00048. eCollection 2010.","Burke CJ","Front Hum Neurosci","2010","2010/07/01","PMC2892997","","10.3389/fnhum.2010.00048"
"20434468","Triangles have goals too: understanding action representation in left aIPS","Ramsey R, Hamilton FC.","Neuropsychologia. 2010 Jul;48(9):2773-6. doi: 10.1016/j.neuropsychologia.2010.04.028. Epub 2010 Apr 29.","Ramsey R","Neuropsychologia","2010","2010/05/04","","","10.1016/j.neuropsychologia.2010.04.028"
"19969009","Effects of heartbeat and respiration on macaque fMRI: implications for functional connectivity","Teichert T, Grinband J, Hirsch J, Ferrera VP.","Neuropsychologia. 2010 Jun;48(7):1886-94. doi: 10.1016/j.neuropsychologia.2009.11.026. Epub 2009 Dec 5.","Teichert T","Neuropsychologia","2010","2009/12/09","PMC2876227","NIHMS164276","10.1016/j.neuropsychologia.2009.11.026"
"19683056","Functional magnetic resonance imaging of awake behaving macaques","Goense JB, Whittingstall K, Logothetis NK.","Methods. 2010 Mar;50(3):178-88. doi: 10.1016/j.ymeth.2009.08.003. Epub 2009 Aug 13.","Goense JB","Methods","2010","2009/08/18","","","10.1016/j.ymeth.2009.08.003"
"19385988","Neuronal substrates of gaze following in monkeys","Kamphuis S, Dicke PW, Thier P.","Eur J Neurosci. 2009 Apr;29(8):1732-8. doi: 10.1111/j.1460-9568.2009.06730.x.","Kamphuis S","Eur J Neurosci","2009","2009/04/24","","","10.1111/j.1460-9568.2009.06730.x"
"19365552","Functional maps of human auditory cortex: effects of acoustic features and attention","Woods DL, Stecker GC, Rinne T, Herron TJ, Cate AD, Yund EW, Liao I, Kang X.","PLoS One. 2009;4(4):e5183. doi: 10.1371/journal.pone.0005183. Epub 2009 Apr 13.","Woods DL","PLoS One","2009","2009/04/15","PMC2664477","","10.1371/journal.pone.0005183"
"18973604","Color responses of the human lateral geniculate nucleus: [corrected] selective amplification of S-cone signals between the lateral geniculate nucleno and primary visual cortex measured with high-field fMRI","Mullen KT, Dumoulin SO, Hess RF.","Eur J Neurosci. 2008 Nov;28(9):1911-23. doi: 10.1111/j.1460-9568.2008.06476.x.","Mullen KT","Eur J Neurosci","2008","2008/11/01","PMC2777261","","10.1111/j.1460-9568.2008.06476.x"
"18973585","Differential dependency on motion coherence in subregions of the human MT+ complex","Becker HG, Erb M, Haarmeier T.","Eur J Neurosci. 2008 Oct;28(8):1674-85. doi: 10.1111/j.1460-9568.2008.06457.x.","Becker HG","Eur J Neurosci","2008","2008/11/01","","","10.1111/j.1460-9568.2008.06457.x"
"18846222","Cortical activations in humans grasp-related areas depend on hand used and handedness","Begliomini C, Nelini C, Caria A, Grodd W, Castiello U.","PLoS One. 2008;3(10):e3388. doi: 10.1371/journal.pone.0003388. Epub 2008 Oct 10.","Begliomini C","PLoS One","2008","2008/10/11","PMC2561002","","10.1371/journal.pone.0003388"
"18761038","An open-source hardware and software system for acquisition and real-time processing of electrophysiology during high field MRI","Purdon PL, Millan H, Fuller PL, Bonmassar G.","J Neurosci Methods. 2008 Nov 15;175(2):165-86. doi: 10.1016/j.jneumeth.2008.07.017. Epub 2008 Aug 5.","Purdon PL","J Neurosci Methods","2008","2008/09/02","PMC2855223","NIHMS77940","10.1016/j.jneumeth.2008.07.017"
"17697355","Activation of superior colliculi in humans during visual exploration","Himmelbach M, Erb M, Karnath HO.","BMC Neurosci. 2007 Aug 14;8:66. doi: 10.1186/1471-2202-8-66.","Himmelbach M","BMC Neurosci","2007","2007/08/19","PMC1976416","","10.1186/1471-2202-8-66"
"17509896","Robust controlled functional MRI in alert monkeys at high magnetic field: effects of jaw and body movements","Keliris GA, Shmuel A, Ku SP, Pfeuffer J, Oeltermann A, Steudel T, Logothetis NK.","Neuroimage. 2007 Jul 1;36(3):550-70. doi: 10.1016/j.neuroimage.2007.02.057. Epub 2007 Apr 10.","Keliris GA","Neuroimage","2007","2007/05/19","","","10.1016/j.neuroimage.2007.02.057"
"17395577","Morphology, language and the brain: the decompositional substrate for language comprehension","Marslen-Wilson WD, Tyler LK.","Philos Trans R Soc Lond B Biol Sci. 2007 May 29;362(1481):823-36. doi: 10.1098/rstb.2007.2091.","Marslen-Wilson WD","Philos Trans R Soc Lond B Biol Sci","2007","2007/03/31","PMC2430000","","10.1098/rstb.2007.2091"
"17298595","Retrosplenial and hippocampal brain regions in human navigation: complementary functional contributions to the formation and use of cognitive maps","Iaria G, Chen JK, Guariglia C, Ptito A, Petrides M.","Eur J Neurosci. 2007 Feb;25(3):890-9. doi: 10.1111/j.1460-9568.2007.05371.x. Epub 2007 Feb 12.","Iaria G","Eur J Neurosci","2007","2007/02/15","","","10.1111/j.1460-9568.2007.05371.x"
"17122318","Sensorimotor integration in S2, PV, and parietal rostroventral areas of the human sylvian fissure","Hinkley LB, Krubitzer LA, Nagarajan SS, Disbrow EA.","J Neurophysiol. 2007 Feb;97(2):1288-97. doi: 10.1152/jn.00733.2006. Epub 2006 Nov 22.","Hinkley LB","J Neurophysiol","2007","2006/11/24","PMC4060608","NIHMS23502","10.1152/jn.00733.2006"
"17004945","Retinotopic distribution of chromatic responses in human primary visual cortex","Vanni S, Henriksson L, Viikari M, James AC.","Eur J Neurosci. 2006 Sep;24(6):1821-31. doi: 10.1111/j.1460-9568.2006.05070.x.","Vanni S","Eur J Neurosci","2006","2006/09/29","","","10.1111/j.1460-9568.2006.05070.x"
"16820004","Contribution of the corpus callosum to bilateral representation of the trunk midline in the human brain: an fMRI study of callosotomized patients","Fabri M, Polonara G, Mascioli G, Paggi A, Salvolini U, Manzoni T.","Eur J Neurosci. 2006 Jun;23(11):3139-48. doi: 10.1111/j.1460-9568.2006.04823.x.","Fabri M","Eur J Neurosci","2006","2006/07/06","","","10.1111/j.1460-9568.2006.04823.x"
"16675025","fMRI in alert, behaving monkeys: an adaptation of the human infant familiarization novelty preference procedure","Joseph JE, Powell DK, Andersen AH, Bhatt RS, Dunlap MK, Foldes ST, Forman E, Hardy PA, Steinmetz NA, Zhang Z.","J Neurosci Methods. 2006 Oct 15;157(1):10-24. doi: 10.1016/j.jneumeth.2006.03.018. Epub 2006 May 3.","Joseph JE","J Neurosci Methods","2006","2006/05/06","","","10.1016/j.jneumeth.2006.03.018"
"16594732","Functional imaging of numerical processing in adults and 4-y-old children","Cantlon JF, Brannon EM, Carter EJ, Pelphrey KA.","PLoS Biol. 2006 May;4(5):e125. doi: 10.1371/journal.pbio.0040125. Epub 2006 Apr 11.","Cantlon JF","PLoS Biol","2006","2006/04/06","PMC1431577","","10.1371/journal.pbio.0040125"
"16481198","Developing functional magnetic resonance imaging techniques for alert macaque monkeys","Gamlin PD, Ward MK, Bolding MS, Grossmann JK, Twieg DB.","Methods. 2006 Mar;38(3):210-20. doi: 10.1016/j.ymeth.2005.08.004.","Gamlin PD","Methods","2006","2006/02/17","","","10.1016/j.ymeth.2005.08.004"
"16343560","Mapping the parietal cortex of human and non-human primates","Orban GA, Claeys K, Nelissen K, Smans R, Sunaert S, Todd JT, Wardak C, Durand JB, Vanduffel W.","Neuropsychologia. 2006;44(13):2647-67. doi: 10.1016/j.neuropsychologia.2005.11.001. Epub 2005 Dec 12.","Orban GA","Neuropsychologia","2006","2005/12/14","","","10.1016/j.neuropsychologia.2005.11.001"
"16339042","Oxytocin modulates neural circuitry for social cognition and fear in humans","Kirsch P, Esslinger C, Chen Q, Mier D, Lis S, Siddhanti S, Gruppe H, Mattay VS, Gallhofer B, Meyer-Lindenberg A.","J Neurosci. 2005 Dec 7;25(49):11489-93. doi: 10.1523/JNEUROSCI.3984-05.2005.","Kirsch P","J Neurosci","2005","2005/12/13","PMC6725903","","10.1523/JNEUROSCI.3984-05.2005"
"16177908","Three-dimensional cytoarchitectonic analysis of the posterior bank of the human precentral sulcus","Schmitt O, Modersitzki J, Heldmann S, Wirtz S, Hömke L, Heide W, Kömpf D, Wree A.","Anat Embryol (Berl). 2005 Dec;210(5-6):387-400. doi: 10.1007/s00429-005-0030-8.","Schmitt O","Anat Embryol (Berl)","2005","2005/09/24","","","10.1007/s00429-005-0030-8"
"16162829","Role for human posterior parietal cortex in visual processing of aversive objects in peripersonal space","Lloyd D, Morrison I, Roberts N.","J Neurophysiol. 2006 Jan;95(1):205-14. doi: 10.1152/jn.00614.2005. Epub 2005 Sep 14.","Lloyd D","J Neurophysiol","2006","2005/09/16","","","10.1152/jn.00614.2005"
"15838110","Neurobiology of rehabilitation","Dobkin BH.","Ann N Y Acad Sci. 2004 Dec;1038:148-70. doi: 10.1196/annals.1315.024.","Dobkin BH","Ann N Y Acad Sci","2004","2005/04/20","PMC4164200","NIHMS623164","10.1196/annals.1315.024"
"15652326","Distinct neural substrates for the perception of real and virtual visual worlds","Han S, Jiang Y, Humphreys GW, Zhou T, Cai P.","Neuroimage. 2005 Feb 1;24(3):928-35. doi: 10.1016/j.neuroimage.2004.09.046. Epub 2004 Nov 18.","Han S","Neuroimage","2005","2005/01/18","","","10.1016/j.neuroimage.2004.09.046"
"15635061","Neurophysiological architecture of functional magnetic resonance images of human brain","Salvador R, Suckling J, Coleman MR, Pickard JD, Menon D, Bullmore E.","Cereb Cortex. 2005 Sep;15(9):1332-42. doi: 10.1093/cercor/bhi016. Epub 2005 Jan 5.","Salvador R","Cereb Cortex","2005","2005/01/07","","","10.1093/cercor/bhi016"
"15385595","Dominance of the right hemisphere and role of area 2 in human kinesthesia","Naito E, Roland PE, Grefkes C, Choi HJ, Eickhoff S, Geyer S, Zilles K, Ehrsson HH.","J Neurophysiol. 2005 Feb;93(2):1020-34. doi: 10.1152/jn.00637.2004. Epub 2004 Sep 22.","Naito E","J Neurophysiol","2005","2004/09/24","","","10.1152/jn.00637.2004"
"15242691","Comparative mapping of higher visual areas in monkeys and humans","Orban GA, Van Essen D, Vanduffel W.","Trends Cogn Sci. 2004 Jul;8(7):315-24. doi: 10.1016/j.tics.2004.05.009.","Orban GA","Trends Cogn Sci","2004","2004/07/10","","","10.1016/j.tics.2004.05.009"
"15006672","A functional neuroimaging study of motivation and executive function","Taylor SF, Welsh RC, Wager TD, Phan KL, Fitzgerald KD, Gehring WJ.","Neuroimage. 2004 Mar;21(3):1045-54. doi: 10.1016/j.neuroimage.2003.10.032.","Taylor SF","Neuroimage","2004","2004/03/10","","","10.1016/j.neuroimage.2003.10.032"
"14630229","MR imaging in the non-human primate: studies of function and of dynamic connectivity","Logothetis NK.","Curr Opin Neurobiol. 2003 Oct;13(5):630-42. doi: 10.1016/j.conb.2003.09.017.","Logothetis NK","Curr Opin Neurobiol","2003","2003/11/25","","","10.1016/j.conb.2003.09.017"
"12927334","Neuroimaging studies of priming","Henson RN.","Prog Neurobiol. 2003 May;70(1):53-81. doi: 10.1016/s0301-0082(03)00086-8.","Henson RN","Prog Neurobiol","2003","2003/08/21","","","10.1016/s0301-0082(03)00086-8"
"12902398","Evidence for a rostral-to-caudal somatotopic organization in human primary somatosensory cortex with mirror-reversal in areas 3b and 1","Blankenburg F, Ruben J, Meyer R, Schwiemann J, Villringer A.","Cereb Cortex. 2003 Sep;13(9):987-93. doi: 10.1093/cercor/13.9.987.","Blankenburg F","Cereb Cortex","2003","2003/08/07","","","10.1093/cercor/13.9.987"
"12697619","Language systems in normal and aphasic human subjects: functional imaging studies and inferences from animal studies","Wise RJ.","Br Med Bull. 2003;65:95-119. doi: 10.1093/bmb/65.1.95.","Wise RJ","Br Med Bull","2003","2003/04/17","","","10.1093/bmb/65.1.95"
"12483217","Multisensory representation of limb position in human premotor cortex","Lloyd DM, Shore DI, Spence C, Calvert GA.","Nat Neurosci. 2003 Jan;6(1):17-8. doi: 10.1038/nn991.","Lloyd DM","Nat Neurosci","2003","2002/12/17","","","10.1038/nn991"
"12221492","High resolution fMRI of ocular dominance columns within the visual cortex of human amblyopes","Goodyear BG, Nicolle DA, Menon RS.","Strabismus. 2002 Jun;10(2):129-36. doi: 10.1076/stra.10.2.129.8140.","Goodyear BG","Strabismus","2002","2002/09/11","","","10.1076/stra.10.2.129.8140"
"11480525","Functional MRI activity in the thalamus and occipital cortex of anesthetized dogs induced by monocular and binocular stimulation","Willis CK, Quinn RP, McDonell WM, Gati J, Partlow G, Vilis T.","Can J Vet Res. 2001 Jul;65(3):188-95.","Willis CK","Can J Vet Res","2001","2001/08/02","PMC1189674","",""
"11389943","Direct comparison of visual cortex activation in human and non-human primates using functional magnetic resonance imaging","Dubowitz DJ, Chen DY, Atkinson DJ, Scadeng M, Martinez A, Andersen MB, Andersen RA, Bradley WG Jr.","J Neurosci Methods. 2001 May 30;107(1-2):71-80. doi: 10.1016/s0165-0270(01)00353-3.","Dubowitz DJ","J Neurosci Methods","2001","2001/06/08","","","10.1016/s0165-0270(01)00353-3"
"11114477","Domain-specific distribution of working memory processes along human prefrontal and parietal cortices: a functional magnetic resonance imaging study","Gruber O, von Cramon DY.","Neurosci Lett. 2001 Jan 5;297(1):29-32. doi: 10.1016/s0304-3940(00)01665-7.","Gruber O","Neurosci Lett","2001","2000/12/15","","","10.1016/s0304-3940(00)01665-7"
"10996807","Object recognition: seeing us seeing shapes","Mazer JA, Gallant JL.","Curr Biol. 2000 Sep 21;10(18):R668-70. doi: 10.1016/s0960-9822(00)00684-9.","Mazer JA","Curr Biol","2000","2000/09/21","","","10.1016/s0960-9822(00)00684-9"
"10837246","Evidence from functional magnetic resonance imaging of crossmodal binding in the human heteromodal cortex","Calvert GA, Campbell R, Brammer MJ.","Curr Biol. 2000 Jun 1;10(11):649-57. doi: 10.1016/s0960-9822(00)00513-3.","Calvert GA","Curr Biol","2000","2000/06/06","","","10.1016/s0960-9822(00)00513-3"
"10554993","An anatomical landmark for the supplementary eye fields in human revealed with functional magnetic resonance imaging","Grosbras MH, Lobel E, Van de Moortele PF, LeBihan D, Berthoz A.","Cereb Cortex. 1999 Oct-Nov;9(7):705-11. doi: 10.1093/cercor/9.7.705.","Grosbras MH","Cereb Cortex","1999","1999/11/11","","","10.1093/cercor/9.7.705"
"9510384","Dorsal cortical regions subserving visually guided saccades in humans: an fMRI study","Luna B, Thulborn KR, Strojwas MH, McCurtain BJ, Berman RA, Genovese CR, Sweeney JA.","Cereb Cortex. 1998 Jan-Feb;8(1):40-7. doi: 10.1093/cercor/8.1.40.","Luna B","Cereb Cortex","1998","1998/03/24","","","10.1093/cercor/8.1.40"
"9121583","Temporal dynamics of brain activation during a working memory task","Cohen JD, Perlstein WM, Braver TS, Nystrom LE, Noll DC, Jonides J, Smith EE.","Nature. 1997 Apr 10;386(6625):604-8. doi: 10.1038/386604a0.","Cohen JD","Nature","1997","1997/04/10","","","10.1038/386604a0"
"8905660","Human amygdala activation detected with echo-planar functional magnetic resonance imaging","Irwin W, Davidson RJ, Lowe MJ, Mock BJ, Sorenson JA, Turski PA.","Neuroreport. 1996 Jul 29;7(11):1765-9. doi: 10.1097/00001756-199607290-00014.","Irwin W","Neuroreport","1996","1996/07/29","","","10.1097/00001756-199607290-00014"
