﻿PMID,Title,Authors,Citation,First Author,Journal/Book,Publication Year,Create Date,PMCID,NIHMS ID,DOI
"34290088","Global waves synchronize the brain's functional systems with fluctuating arousal","Raut RV, Snyder AZ, Mitra A, Yellin D, Fujii N, Malach R, Raichle ME.","Sci Adv. 2021 Jul 21;7(30):eabf2709. doi: 10.1126/sciadv.abf2709. Print 2021 Jul.","Raut RV","Sci Adv","2021","2021/07/22","PMC8294763","","10.1126/sciadv.abf2709"
"34011626","Na(v)1.7 target modulation and efficacy can be measured in nonhuman primate assays","Kraus RL, Zhao F, Pall PS, Zhou D, Vardigan JD, Danziger A, Li Y, Daley C, Ballard JE, Clements MK, Klein RM, Holahan MA, Greshock TJ, Kim RM, Layton ME, Burgey CS, Serra J, Henze DA, Houghton AK.","Sci Transl Med. 2021 May 19;13(594):eaay1050. doi: 10.1126/scitranslmed.aay1050.","Kraus RL","Sci Transl Med","2021","2021/05/20","","","10.1126/scitranslmed.aay1050"
"33408410","Activation and disruption of a neural mechanism for novel choice in monkeys","Bongioanni A, Folloni D, Verhagen L, Sallet J, Klein-Flügge MC, Rushworth MFS.","Nature. 2021 Mar;591(7849):270-274. doi: 10.1038/s41586-020-03115-5. Epub 2021 Jan 6.","Bongioanni A","Nature","2021","2021/01/07","PMC7116896","EMS115990","10.1038/s41586-020-03115-5"
"33350445","Individual Variability in Functional Organization of the Human and Monkey Auditory Cortex","Ren J, Xu T, Wang D, Li M, Lin Y, Schoeppe F, Ramirez JSB, Han Y, Luan G, Li L, Liu H, Ahveninen J.","Cereb Cortex. 2021 Mar 31;31(5):2450-2465. doi: 10.1093/cercor/bhaa366.","Ren J","Cereb Cortex","2021","2020/12/22","PMC8023837","","10.1093/cercor/bhaa366"
"33125367","Multiple systems in macaques for tracking prediction errors and other types of surprise","Grohn J, Schüffelgen U, Neubert FX, Bongioanni A, Verhagen L, Sallet J, Kolling N, Rushworth MFS.","PLoS Biol. 2020 Oct 30;18(10):e3000899. doi: 10.1371/journal.pbio.3000899. eCollection 2020 Oct.","Grohn J","PLoS Biol","2020","2020/10/30","PMC7657565","","10.1371/journal.pbio.3000899"
"33112698","Whole brain mapping of somatosensory responses in awake marmosets investigated with ultra-high-field fMRI","Cléry JC, Hori Y, Schaeffer DJ, Gati JS, Pruszynski JA, Everling S.","J Neurophysiol. 2020 Dec 1;124(6):1900-1913. doi: 10.1152/jn.00480.2020. Epub 2020 Oct 28.","Cléry JC","J Neurophysiol","2020","2020/10/28","","","10.1152/jn.00480.2020"
"32954410","Sulcal Depth in the Medial Ventral Temporal Cortex Predicts the Location of a Place-Selective Region in Macaques, Children, and Adults","Natu VS, Arcaro MJ, Barnett MA, Gomez J, Livingstone M, Grill-Spector K, Weiner KS.","Cereb Cortex. 2021 Jan 1;31(1):48-61. doi: 10.1093/cercor/bhaa203.","Natu VS","Cereb Cortex","2021","2020/09/21","PMC7727388","","10.1093/cercor/bhaa203"
"32898683","Ultra-high field (10.5 T) resting state fMRI in the macaque","Yacoub E, Grier MD, Auerbach EJ, Lagore RL, Harel N, Adriany G, Zilverstand A, Hayden BY, Heilbronner SR, Uğurbil K, Zimmermann J.","Neuroimage. 2020 Dec;223:117349. doi: 10.1016/j.neuroimage.2020.117349. Epub 2020 Sep 6.","Yacoub E","Neuroimage","2020","2020/09/08","PMC7745777","NIHMS1651795","10.1016/j.neuroimage.2020.117349"
"32724052","Global reward state affects learning and activity in raphe nucleus and anterior insula in monkeys","Wittmann MK, Fouragnan E, Folloni D, Klein-Flügge MC, Chau BKH, Khamassi M, Rushworth MFS.","Nat Commun. 2020 Jul 28;11(1):3771. doi: 10.1038/s41467-020-17343-w.","Wittmann MK","Nat Commun","2020","2020/07/30","PMC7387352","","10.1038/s41467-020-17343-w"
"32366956","Rapid event-related, BOLD fMRI, non-human primates (NHP): choose two out of three","Pelekanos V, Mok RM, Joly O, Ainsworth M, Kyriazis D, Kelly MG, Bell AH, Kriegeskorte N.","Sci Rep. 2020 May 4;10(1):7485. doi: 10.1038/s41598-020-64376-8.","Pelekanos V","Sci Rep","2020","2020/05/06","PMC7198564","","10.1038/s41598-020-64376-8"
"32279076","Frequency- and State-Dependent Network Effects of Electrical Stimulation Targeting the Ventral Tegmental Area in Macaques","Murris SR, Arsenault JT, Vanduffel W.","Cereb Cortex. 2020 Jun 30;30(8):4281-4296. doi: 10.1093/cercor/bhaa007.","Murris SR","Cereb Cortex","2020","2020/04/13","PMC7325806","","10.1093/cercor/bhaa007"
"32227117","Stereomotion Processing in the Nonhuman Primate Brain","Héjja-Brichard Y, Rima S, Rapha E, Durand JB, Cottereau BR.","Cereb Cortex. 2020 Jun 30;30(8):4528-4543. doi: 10.1093/cercor/bhaa055.","Héjja-Brichard Y","Cereb Cortex","2020","2020/04/01","","","10.1093/cercor/bhaa055"
"31768458","Brain Activation in a Cynomolgus Macaque Model of Chymopapain-Induced Discogenic Low Back Pain: A Preliminary Study","Ushirozako H, Yoshida G, Togawa D, Omura T, Hasegawa T, Yamato Y, Banno T, Arima H, Oe S, Mihara Y, Yamada T, Natsume T, Ogawa S, Awaga Y, Takamatsu H, Matsuyama Y.","Spine Surg Relat Res. 2019 Apr 5;3(4):368-376. doi: 10.22603/ssrr.2018-0110. eCollection 2019.","Ushirozako H","Spine Surg Relat Res","2019","2019/11/27","PMC6834467","","10.22603/ssrr.2018-0110"
"31753062","Pharmacologic Modulation of Noxious Stimulus-evoked Brain Activation in Cynomolgus Macaques Observed with Functional Neuroimaging","Shirai T, Yano M, Natsume T, Awaga Y, Itani Y, Hama A, Matsuda A, Takamatsu H.","J Am Assoc Lab Anim Sci. 2020 Jan 1;59(1):94-103. doi: 10.30802/AALAS-JAALAS-18-000143. Epub 2019 Nov 21.","Shirai T","J Am Assoc Lab Anim Sci","2020","2019/11/23","PMC6978571","","10.30802/AALAS-JAALAS-18-000143"
"31672243","Approach-Avoidance Conflict in Major Depressive Disorder: Congruent Neural Findings in Humans and Nonhuman Primates","Ironside M, Amemori KI, McGrath CL, Pedersen ML, Kang MS, Amemori S, Frank MJ, Graybiel AM, Pizzagalli DA.","Biol Psychiatry. 2020 Mar 1;87(5):399-408. doi: 10.1016/j.biopsych.2019.08.022. Epub 2019 Sep 6.","Ironside M","Biol Psychiatry","2020","2019/11/02","PMC7007869","NIHMS1539267","10.1016/j.biopsych.2019.08.022"
"31189958","Atypical behaviour and connectivity in SHANK3-mutant macaques","Zhou Y, Sharma J, Ke Q, Landman R, Yuan J, Chen H, Hayden DS, Fisher JW 3rd, Jiang M, Menegas W, Aida T, Yan T, Zou Y, Xu D, Parmar S, Hyman JB, Fanucci-Kiss A, Meisner O, Wang D, Huang Y, Li Y, Bai Y, Ji W, Lai X, Li W, Huang L, Lu Z, Wang L, Anteraper SA, Sur M, Zhou H, Xiang AP, Desimone R, Feng G, Yang S.","Nature. 2019 Jun;570(7761):326-331. doi: 10.1038/s41586-019-1278-0. Epub 2019 Jun 12.","Zhou Y","Nature","2019","2019/06/14","","","10.1038/s41586-019-1278-0"
"31015550","Optical intrinsic signal imaging with optogenetics reveals functional cortico-cortical connectivity at the columnar level in living macaques","Nakamichi Y, Okubo K, Sato T, Hashimoto M, Tanifuji M.","Sci Rep. 2019 Apr 23;9(1):6466. doi: 10.1038/s41598-019-42923-2.","Nakamichi Y","Sci Rep","2019","2019/04/25","PMC6478906","","10.1038/s41598-019-42923-2"
"30817933","Distinguishing analgesic drugs from non-analgesic drugs based on brain activation in macaques with oxaliplatin-induced neuropathic pain","Shidahara Y, Natsume T, Awaga Y, Ogawa S, Yamoto K, Okamoto S, Hama A, Hayashi I, Takamatsu H, Magata Y.","Neuropharmacology. 2019 May 1;149:204-211. doi: 10.1016/j.neuropharm.2019.02.031. Epub 2019 Feb 25.","Shidahara Y","Neuropharmacology","2019","2019/03/01","","","10.1016/j.neuropharm.2019.02.031"
"30765166","Manipulation of Subcortical and Deep Cortical Activity in the Primate Brain Using Transcranial Focused Ultrasound Stimulation","Folloni D, Verhagen L, Mars RB, Fouragnan E, Constans C, Aubry JF, Rushworth MFS, Sallet J.","Neuron. 2019 Mar 20;101(6):1109-1116.e5. doi: 10.1016/j.neuron.2019.01.019. Epub 2019 Feb 11.","Folloni D","Neuron","2019","2019/02/16","PMC6520498","","10.1016/j.neuron.2019.01.019"
"30597044","Pain-related behavior and brain activation in cynomolgus macaques with naturally occurring endometriosis","Yano M, Matsuda A, Natsume T, Ogawa S, Awaga Y, Hayashi I, Hama A, Takamatsu H.","Hum Reprod. 2019 Mar 1;34(3):469-478. doi: 10.1093/humrep/dey383.","Yano M","Hum Reprod","2019","2019/01/01","","","10.1093/humrep/dey383"
"30530862","Intrinsic Functional Boundaries of Lateral Frontal Cortex in the Common Marmoset Monkey","Schaeffer DJ, Gilbert KM, Gati JS, Menon RS, Everling S.","J Neurosci. 2019 Feb 6;39(6):1020-1029. doi: 10.1523/JNEUROSCI.2595-18.2018. Epub 2018 Dec 10.","Schaeffer DJ","J Neurosci","2019","2018/12/12","PMC6363921","","10.1523/JNEUROSCI.2595-18.2018"
"30510000","Two distinct profiles of fMRI and neurophysiological activity elicited by acetylcholine in visual cortex","Zaldivar D, Rauch A, Logothetis NK, Goense J.","Proc Natl Acad Sci U S A. 2018 Dec 18;115(51):E12073-E12082. doi: 10.1073/pnas.1808507115. Epub 2018 Dec 3.","Zaldivar D","Proc Natl Acad Sci U S A","2018","2018/12/05","PMC6304994","","10.1073/pnas.1808507115"
"30478797","Low-frequency fluctuation characteristics in rhesus macaques with SIV infection: a resting-state fMRI study","Zhao J, Chen F, Ren M, Li L, Li A, Jing B, Li H.","J Neurovirol. 2019 Apr;25(2):141-149. doi: 10.1007/s13365-018-0694-5. Epub 2018 Nov 26.","Zhao J","J Neurovirol","2019","2018/11/28","","","10.1007/s13365-018-0694-5"
"30419289","Intrinsic functional clustering of anterior cingulate cortex in the common marmoset","Schaeffer DJ, Gilbert KM, Ghahremani M, Gati JS, Menon RS, Everling S.","Neuroimage. 2019 Feb 1;186:301-307. doi: 10.1016/j.neuroimage.2018.11.005. Epub 2018 Nov 10.","Schaeffer DJ","Neuroimage","2019","2018/11/13","","","10.1016/j.neuroimage.2018.11.005"
"30355629","Functional MRI in Macaque Monkeys during Task Switching","Premereur E, Janssen P, Vanduffel W.","J Neurosci. 2018 Dec 12;38(50):10619-10630. doi: 10.1523/JNEUROSCI.1539-18.2018. Epub 2018 Oct 24.","Premereur E","J Neurosci","2018","2018/10/26","PMC6580658","","10.1523/JNEUROSCI.1539-18.2018"
"29766827","Pain-Related Behavior and Brain Activation in a Cynomolgus Macaque Model of Postoperative Pain","Hama A, Natsume T, Ogawa SY, Awaga Y, Hayashi I, Matsuda A, Takamatsu H.","CNS Neurol Disord Drug Targets. 2018;17(5):348-360. doi: 10.2174/1871527317666180515121350.","Hama A","CNS Neurol Disord Drug Targets","2018","2018/05/17","","","10.2174/1871527317666180515121350"
"29666567","The Neural Correlates of Grasping in Left-Handers: When Handedness Does Not Matter","Begliomini C, Sartori L, Di Bono MG, Budisavljević S, Castiello U.","Front Neurosci. 2018 Apr 3;12:192. doi: 10.3389/fnins.2018.00192. eCollection 2018.","Begliomini C","Front Neurosci","2018","2018/04/19","PMC5891894","","10.3389/fnins.2018.00192"
"29618564","Postnatal Zika virus infection is associated with persistent abnormalities in brain structure, function, and behavior in infant macaques","Mavigner M, Raper J, Kovacs-Balint Z, Gumber S, O'Neal JT, Bhaumik SK, Zhang X, Habib J, Mattingly C, McDonald CE, Avanzato V, Burke MW, Magnani DM, Bailey VK, Watkins DI, Vanderford TH, Fair D, Earl E, Feczko E, Styner M, Jean SM, Cohen JK, Silvestri G, Johnson RP, O'Connor DH, Wrammert J, Suthar MS, Sanchez MM, Alvarado MC, Chahroudi A.","Sci Transl Med. 2018 Apr 4;10(435):eaao6975. doi: 10.1126/scitranslmed.aao6975.","Mavigner M","Sci Transl Med","2018","2018/04/06","PMC6186170","NIHMS990959","10.1126/scitranslmed.aao6975"
"29192186","Inverted activity patterns in ventromedial prefrontal cortex during value-guided decision-making in a less-is-more task","Papageorgiou GK, Sallet J, Wittmann MK, Chau BKH, Schüffelgen U, Buckley MJ, Rushworth MFS.","Nat Commun. 2017 Dec 1;8(1):1886. doi: 10.1038/s41467-017-01833-5.","Papageorgiou GK","Nat Commun","2017","2017/12/02","PMC5709383","","10.1038/s41467-017-01833-5"
"28842187","Connectome-scale functional intrinsic connectivity networks in macaques","Zhang W, Jiang X, Zhang S, Howell BR, Zhao Y, Zhang T, Guo L, Sanchez MM, Hu X, Liu T.","Neuroscience. 2017 Nov 19;364:1-14. doi: 10.1016/j.neuroscience.2017.08.022. Epub 2017 Aug 24.","Zhang W","Neuroscience","2017","2017/08/27","PMC5653451","NIHMS901360","10.1016/j.neuroscience.2017.08.022"
"28802806","Comparing Parietal Quantity-Processing Mechanisms between Humans and Macaques","Harvey BM, Ferri S, Orban GA.","Trends Cogn Sci. 2017 Oct;21(10):779-793. doi: 10.1016/j.tics.2017.07.002. Epub 2017 Aug 9.","Harvey BM","Trends Cogn Sci","2017","2017/08/14","","","10.1016/j.tics.2017.07.002"
"28655928","Brain activity changes in a macaque model of oxaliplatin-induced neuropathic cold hypersensitivity","Nagasaka K, Yamanaka K, Ogawa S, Takamatsu H, Higo N.","Sci Rep. 2017 Jun 27;7(1):4305. doi: 10.1038/s41598-017-04677-7.","Nagasaka K","Sci Rep","2017","2017/06/29","PMC5487329","","10.1038/s41598-017-04677-7"
"28629540","Kinetics and Dose Dependency of Intranasal Oxytocin Effects on Amygdala Reactivity","Spengler FB, Schultz J, Scheele D, Essel M, Maier W, Heinrichs M, Hurlemann R.","Biol Psychiatry. 2017 Dec 15;82(12):885-894. doi: 10.1016/j.biopsych.2017.04.015. Epub 2017 May 10.","Spengler FB","Biol Psychiatry","2017","2017/06/21","","","10.1016/j.biopsych.2017.04.015"
"28108489","Processing of Egomotion-Consistent Optic Flow in the Rhesus Macaque Cortex","Cottereau BR, Smith AT, Rima S, Fize D, Héjja-Brichard Y, Renaud L, Lejards C, Vayssière N, Trotter Y, Durand JB.","Cereb Cortex. 2017 Jan 1;27(1):330-343. doi: 10.1093/cercor/bhw412.","Cottereau BR","Cereb Cortex","2017","2017/01/22","PMC5939222","","10.1093/cercor/bhw412"
"27989909","Altered regional homogeneity of brain spontaneous signals in SIV infected rhesus macaque model","Zhao J, Jing B, Chen F, Liu J, Wang Y, Li H.","Magn Reson Imaging. 2017 Apr;37:56-61. doi: 10.1016/j.mri.2016.10.019. Epub 2016 Oct 27.","Zhao J","Magn Reson Imaging","2017","2016/12/20","","","10.1016/j.mri.2016.10.019"
"27251623","Dopamine Release in the Nonhuman Primate Caudate and Putamen Depends upon Site of Stimulation in the Subthalamic Nucleus","Min HK, Ross EK, Jo HJ, Cho S, Settell ML, Jeong JH, Duffy PS, Chang SY, Bennet KE, Blaha CD, Lee KH.","J Neurosci. 2016 Jun 1;36(22):6022-9. doi: 10.1523/JNEUROSCI.0403-16.2016.","Min HK","J Neurosci","2016","2016/06/03","PMC4887566","","10.1523/JNEUROSCI.0403-16.2016"
"26573340","Auditory sequence processing reveals evolutionarily conserved regions of frontal cortex in macaques and humans","Wilson B, Kikuchi Y, Sun L, Hunter D, Dick F, Smith K, Thiele A, Griffiths TD, Marslen-Wilson WD, Petkov CI.","Nat Commun. 2015 Nov 17;6:8901. doi: 10.1038/ncomms9901.","Wilson B","Nat Commun","2015","2015/11/18","PMC4660034","EMS65623","10.1038/ncomms9901"
"26125513","Dynamically Allocated Hub in Task-Evoked Network Predicts the Vulnerable Prefrontal Locus for Contextual Memory Retrieval in Macaques","Osada T, Adachi Y, Miyamoto K, Jimura K, Setsuie R, Miyashita Y.","PLoS Biol. 2015 Jun 30;13(6):e1002177. doi: 10.1371/journal.pbio.1002177. eCollection 2015 Jun.","Osada T","PLoS Biol","2015","2015/07/01","PMC4488377","","10.1371/journal.pbio.1002177"
"26091254","High-field functional magnetic resonance imaging of vocalization processing in marmosets","Sadagopan S, Temiz-Karayol NZ, Voss HU.","Sci Rep. 2015 Jun 19;5:10950. doi: 10.1038/srep10950.","Sadagopan S","Sci Rep","2015","2015/06/20","PMC4473644","","10.1038/srep10950"
"26015576","Oxytocin modulates fMRI responses to facial expression in macaques","Liu N, Hadj-Bouziane F, Jones KB, Turchi JN, Averbeck BB, Ungerleider LG.","Proc Natl Acad Sci U S A. 2015 Jun 16;112(24):E3123-30. doi: 10.1073/pnas.1508097112. Epub 2015 May 26.","Liu N","Proc Natl Acad Sci U S A","2015","2015/05/28","PMC4475931","","10.1073/pnas.1508097112"
"25759677","Exploring manual asymmetries during grasping: a dynamic causal modeling approach","Begliomini C, Sartori L, Miotto D, Stramare R, Motta R, Castiello U.","Front Psychol. 2015 Feb 24;6:167. doi: 10.3389/fpsyg.2015.00167. eCollection 2015.","Begliomini C","Front Psychol","2015","2015/03/12","PMC4338815","","10.3389/fpsyg.2015.00167"
"25689048","Effective connectivity of depth-structure-selective patches in the lateral bank of the macaque intraparietal sulcus","Premereur E, Van Dromme IC, Romero MC, Vanduffel W, Janssen P.","PLoS Biol. 2015 Feb 17;13(2):e1002072. doi: 10.1371/journal.pbio.1002072. eCollection 2015 Feb.","Premereur E","PLoS Biol","2015","2015/02/18","PMC4331519","","10.1371/journal.pbio.1002072"
"25590651","The topography of frequency and time representation in primate auditory cortices","Baumann S, Joly O, Rees A, Petkov CI, Sun L, Thiele A, Griffiths TD.","Elife. 2015 Jan 15;4:e03256. doi: 10.7554/eLife.03256.","Baumann S","Elife","2015","2015/01/16","PMC4398946","","10.7554/eLife.03256"
"24904067","Parcellation of Human and Monkey Core Auditory Cortex with fMRI Pattern Classification and Objective Detection of Tonotopic Gradient Reversals","Schönwiesner M, Dechent P, Voit D, Petkov CI, Krumbholz K.","Cereb Cortex. 2015 Oct;25(10):3278-89. doi: 10.1093/cercor/bhu124. Epub 2014 Jun 5.","Schönwiesner M","Cereb Cortex","2015","2014/06/07","PMC4585487","EMS64057","10.1093/cercor/bhu124"
"24530271","Parkinson׳s disease-related modulation of functional connectivity associated with the striatum in the resting state in a nonhuman primate model","Li J, Luo C, Chen Y, Chen Q, Huang R, Sun J, Gong Q, Wu X, Qi Z, Liang Z, Li L, Li H, Li P, Wang W, Shang HF.","Brain Res. 2014 Mar 25;1555:10-9. doi: 10.1016/j.brainres.2014.01.054. Epub 2014 Feb 13.","Li J","Brain Res","2014","2014/02/18","","","10.1016/j.brainres.2014.01.054"
"23721725","Structural connectivity of visuotopic intraparietal sulcus","Bray S, Arnold AE, Iaria G, MacQueen G.","Neuroimage. 2013 Nov 15;82:137-45. doi: 10.1016/j.neuroimage.2013.05.080. Epub 2013 May 28.","Bray S","Neuroimage","2013","2013/06/01","","","10.1016/j.neuroimage.2013.05.080"
"23206683","Optogenetic neuromodulation","Kalanithi PS, Henderson JM.","Int Rev Neurobiol. 2012;107:185-205. doi: 10.1016/B978-0-12-404706-8.00010-3.","Kalanithi PS","Int Rev Neurobiol","2012","2012/12/05","","","10.1016/B978-0-12-404706-8.00010-3"
"23015424","Mapping pitch representation in neural ensembles with fMRI","Griffiths TD, Hall DA.","J Neurosci. 2012 Sep 26;32(39):13343-7. doi: 10.1523/JNEUROSCI.3813-12.2012.","Griffiths TD","J Neurosci","2012","2012/09/28","PMC6621372","","10.1523/JNEUROSCI.3813-12.2012"
"22529770","What are the Odds? The Neural Correlates of Active Choice during Gambling","Studer B, Apergis-Schoute AM, Robbins TW, Clark L.","Front Neurosci. 2012 Apr 18;6:46. doi: 10.3389/fnins.2012.00046. eCollection 2012.","Studer B","Front Neurosci","2012","2012/04/25","PMC3328778","","10.3389/fnins.2012.00046"
"22487031","Re-evaluating the role of the orbitofrontal cortex in reward and reinforcement","Noonan MP, Kolling N, Walton ME, Rushworth MF.","Eur J Neurosci. 2012 Apr;35(7):997-1010. doi: 10.1111/j.1460-9568.2012.08023.x.","Noonan MP","Eur J Neurosci","2012","2012/04/11","","","10.1111/j.1460-9568.2012.08023.x"
"22438275","Resting-state networks show dynamic functional connectivity in awake humans and anesthetized macaques","Hutchison RM, Womelsdorf T, Gati JS, Everling S, Menon RS.","Hum Brain Mapp. 2013 Sep;34(9):2154-77. doi: 10.1002/hbm.22058. Epub 2012 Mar 22.","Hutchison RM","Hum Brain Mapp","2013","2012/03/23","PMC6870538","","10.1002/hbm.22058"
"22438122","Retinotopic mapping of the peripheral visual field to human visual cortex by functional magnetic resonance imaging","Wu J, Yan T, Zhang Z, Jin F, Guo Q.","Hum Brain Mapp. 2012 Jul;33(7):1727-40. doi: 10.1002/hbm.21324. Epub 2012 Mar 22.","Wu J","Hum Brain Mapp","2012","2012/03/23","PMC6870278","","10.1002/hbm.21324"
"21641741","Investigating static nonlinearities in neurovascular coupling","Magri C, Logothetis NK, Panzeri S.","Magn Reson Imaging. 2011 Dec;29(10):1358-64. doi: 10.1016/j.mri.2011.04.017. Epub 2011 Jun 8.","Magri C","Magn Reson Imaging","2011","2011/06/07","","","10.1016/j.mri.2011.04.017"
"21378972","Orthogonal representation of sound dimensions in the primate midbrain","Baumann S, Griffiths TD, Sun L, Petkov CI, Thiele A, Rees A.","Nat Neurosci. 2011 Apr;14(4):423-5. doi: 10.1038/nn.2771. Epub 2011 Mar 6.","Baumann S","Nat Neurosci","2011","2011/03/08","PMC3068195","UKMS34219","10.1038/nn.2771"
"21273409","Vascularization of cytochrome oxidase-rich blobs in the primary visual cortex of squirrel and macaque monkeys","Keller AL, Schüz A, Logothetis NK, Weber B.","J Neurosci. 2011 Jan 26;31(4):1246-53. doi: 10.1523/JNEUROSCI.2765-10.2011.","Keller AL","J Neurosci","2011","2011/01/29","PMC6623626","","10.1523/JNEUROSCI.2765-10.2011"
"20032247","The functional anatomy of a perceptual decision in the human brain","Kayser AS, Buchsbaum BR, Erickson DT, D'Esposito M.","J Neurophysiol. 2010 Mar;103(3):1179-94. doi: 10.1152/jn.00364.2009. Epub 2009 Dec 23.","Kayser AS","J Neurophysiol","2010","2009/12/25","PMC2887630","","10.1152/jn.00364.2009"
"19683056","Functional magnetic resonance imaging of awake behaving macaques","Goense JB, Whittingstall K, Logothetis NK.","Methods. 2010 Mar;50(3):178-88. doi: 10.1016/j.ymeth.2009.08.003. Epub 2009 Aug 13.","Goense JB","Methods","2010","2009/08/18","","","10.1016/j.ymeth.2009.08.003"
"19474330","Visual field map clusters in macaque extrastriate visual cortex","Kolster H, Mandeville JB, Arsenault JT, Ekstrom LB, Wald LL, Vanduffel W.","J Neurosci. 2009 May 27;29(21):7031-9. doi: 10.1523/JNEUROSCI.0518-09.2009.","Kolster H","J Neurosci","2009","2009/05/29","PMC2749229","NIHMS120978","10.1523/JNEUROSCI.0518-09.2009"
"19429864","Number processing pathways in human parietal cortex","Santens S, Roggeman C, Fias W, Verguts T.","Cereb Cortex. 2010 Jan;20(1):77-88. doi: 10.1093/cercor/bhp080.","Santens S","Cereb Cortex","2010","2009/05/12","PMC2792188","","10.1093/cercor/bhp080"
"19285143","Visual features of an observed agent do not modulate human brain activity during action observation","Turella L, Erb M, Grodd W, Castiello U.","Neuroimage. 2009 Jul 1;46(3):844-53. doi: 10.1016/j.neuroimage.2009.03.002. Epub 2009 Mar 10.","Turella L","Neuroimage","2009","2009/03/17","","","10.1016/j.neuroimage.2009.03.002"
"19225169","Neural representations of faces and body parts in macaque and human cortex: a comparative FMRI study","Pinsk MA, Arcaro M, Weiner KS, Kalkus JF, Inati SJ, Gross CG, Kastner S.","J Neurophysiol. 2009 May;101(5):2581-600. doi: 10.1152/jn.91198.2008. Epub 2009 Feb 18.","Pinsk MA","J Neurophysiol","2009","2009/02/20","PMC2681436","","10.1152/jn.91198.2008"
"18684663","Voice processing in monkey and human brains","Scott SK.","Trends Cogn Sci. 2008 Sep;12(9):323-5. doi: 10.1016/j.tics.2008.06.003. Epub 2008 Aug 4.","Scott SK","Trends Cogn Sci","2008","2008/08/08","","","10.1016/j.tics.2008.06.003"
"18622399","Patches of face-selective cortex in the macaque frontal lobe","Tsao DY, Schweers N, Moeller S, Freiwald WA.","Nat Neurosci. 2008 Aug;11(8):877-9. doi: 10.1038/nn.2158. Epub 2008 Jul 11.","Tsao DY","Nat Neurosci","2008","2008/07/16","PMC8123225","HHMIMS1699506","10.1038/nn.2158"
"18416684","Feedforward and recurrent processing in scene segmentation: electroencephalography and functional magnetic resonance imaging","Scholte HS, Jolij J, Fahrenfort JJ, Lamme VA.","J Cogn Neurosci. 2008 Nov;20(11):2097-109. doi: 10.1162/jocn.2008.20142.","Scholte HS","J Cogn Neurosci","2008","2008/04/18","","","10.1162/jocn.2008.20142"
"18082250","Mirror neurons in humans: consisting or confounding evidence?","Turella L, Pierno AC, Tubaldi F, Castiello U.","Brain Lang. 2009 Jan;108(1):10-21. doi: 10.1016/j.bandl.2007.11.002. Epub 2007 Dec 21.","Turella L","Brain Lang","2009","2007/12/18","","","10.1016/j.bandl.2007.11.002"
"17971871","Comparing natural and constrained movements: new insights into the visuomotor control of grasping","Begliomini C, Caria A, Grodd W, Castiello U.","PLoS One. 2007 Oct 31;2(10):e1108. doi: 10.1371/journal.pone.0001108.","Begliomini C","PLoS One","2007","2007/11/01","PMC2040199","","10.1371/journal.pone.0001108"
"17689268","Human cortical representations for reaching: mirror neurons for execution, observation, and imagery","Filimon F, Nelson JD, Hagler DJ, Sereno MI.","Neuroimage. 2007 Oct 1;37(4):1315-28. doi: 10.1016/j.neuroimage.2007.06.008. Epub 2007 Jun 18.","Filimon F","Neuroimage","2007","2007/08/11","PMC2045689","NIHMS31092","10.1016/j.neuroimage.2007.06.008"
"17182773","Neural correlates of vibrotactile working memory in the human brain","Preuschhof C, Heekeren HR, Taskin B, Schubert T, Villringer A.","J Neurosci. 2006 Dec 20;26(51):13231-9. doi: 10.1523/JNEUROSCI.2767-06.2006.","Preuschhof C","J Neurosci","2006","2006/12/22","PMC6675015","","10.1523/JNEUROSCI.2767-06.2006"
"16738235","Charting the lower superior temporal region, a new motion-sensitive region in monkey superior temporal sulcus","Nelissen K, Vanduffel W, Orban GA.","J Neurosci. 2006 May 31;26(22):5929-47. doi: 10.1523/JNEUROSCI.0824-06.2006.","Nelissen K","J Neurosci","2006","2006/06/02","PMC6675228","","10.1523/JNEUROSCI.0824-06.2006"
"16481198","Developing functional magnetic resonance imaging techniques for alert macaque monkeys","Gamlin PD, Ward MK, Bolding MS, Grossmann JK, Twieg DB.","Methods. 2006 Mar;38(3):210-20. doi: 10.1016/j.ymeth.2005.08.004.","Gamlin PD","Methods","2006","2006/02/17","","","10.1016/j.ymeth.2005.08.004"
"16466679","Information processing in human parieto-frontal circuits during goal-directed bimanual movements","Wenderoth N, Toni I, Bedeleem S, Debaere F, Swinnen SP.","Neuroimage. 2006 May 15;31(1):264-78. doi: 10.1016/j.neuroimage.2005.11.033. Epub 2006 Feb 7.","Wenderoth N","Neuroimage","2006","2006/02/10","","","10.1016/j.neuroimage.2005.11.033"
"16456083","A cortical region consisting entirely of face-selective cells","Tsao DY, Freiwald WA, Tootell RB, Livingstone MS.","Science. 2006 Feb 3;311(5761):670-4. doi: 10.1126/science.1119983.","Tsao DY","Science","2006","2006/02/04","PMC2678572","NIHMS86939","10.1126/science.1119983"
"16011542","The functional organization of the intraparietal sulcus in humans and monkeys","Grefkes C, Fink GR.","J Anat. 2005 Jul;207(1):3-17. doi: 10.1111/j.1469-7580.2005.00426.x.","Grefkes C","J Anat","2005","2005/07/14","PMC1571496","","10.1111/j.1469-7580.2005.00426.x"
"15589113","Human medial intraparietal cortex subserves visuomotor coordinate transformation","Grefkes C, Ritzl A, Zilles K, Fink GR.","Neuroimage. 2004 Dec;23(4):1494-506. doi: 10.1016/j.neuroimage.2004.08.031.","Grefkes C","Neuroimage","2004","2004/12/14","","","10.1016/j.neuroimage.2004.08.031"
"15014131","The processing of visual shape in the cerebral cortex of human and nonhuman primates: a functional magnetic resonance imaging study","Denys K, Vanduffel W, Fize D, Nelissen K, Peuskens H, Van Essen D, Orban GA.","J Neurosci. 2004 Mar 10;24(10):2551-65. doi: 10.1523/JNEUROSCI.3569-03.2004.","Denys K","J Neurosci","2004","2004/03/12","PMC6729498","","10.1523/JNEUROSCI.3569-03.2004"
"12925854","Faces and objects in macaque cerebral cortex","Tsao DY, Freiwald WA, Knutsen TA, Mandeville JB, Tootell RB.","Nat Neurosci. 2003 Sep;6(9):989-95. doi: 10.1038/nn1111.","Tsao DY","Nat Neurosci","2003","2003/08/20","PMC8117179","HHMIMS1699376","10.1038/nn1111"
"11600661","Human cortical activity correlates with stereoscopic depth perception","Backus BT, Fleet DJ, Parker AJ, Heeger DJ.","J Neurophysiol. 2001 Oct;86(4):2054-68. doi: 10.1152/jn.2001.86.4.2054.","Backus BT","J Neurophysiol","2001","2001/10/16","","","10.1152/jn.2001.86.4.2054"
"9249955","Hand preference in infant rhesus macaques (Macaca mulatta)","Westergaard GC, Champoux M, Suomi SJ.","Child Dev. 1997 Jun;68(3):387-93. doi: 10.1111/j.1467-8624.1997.tb01946.x.","Westergaard GC","Child Dev","1997","1997/06/01","","","10.1111/j.1467-8624.1997.tb01946.x"
