﻿PMID,Title,Authors,Citation,First Author,Journal/Book,Publication Year,Create Date,PMCID,NIHMS ID,DOI
"34312496","Neuromodulation of prefrontal cortex cognitive function in primates: the powerful roles of monoamines and acetylcholine","Cools R, Arnsten AFT.","Neuropsychopharmacology. 2021 Jul 26. doi: 10.1038/s41386-021-01100-8. Online ahead of print.","Cools R","Neuropsychopharmacology","2021","2021/07/27","","","10.1038/s41386-021-01100-8"
"34271158","Functional networks in non-human primate spinal cord and the effects of injury","Sengupta A, Mishra A, Wang F, Li M, Yang PF, Chen LM, Gore JC.","Neuroimage. 2021 Jul 14;240:118391. doi: 10.1016/j.neuroimage.2021.118391. Online ahead of print.","Sengupta A","Neuroimage","2021","2021/07/16","","","10.1016/j.neuroimage.2021.118391"
"34222873","The role of the medial prefrontal cortex in cognition, ageing and dementia","Jobson DD, Hase Y, Clarkson AN, Kalaria RN.","Brain Commun. 2021 Jun 11;3(3):fcab125. doi: 10.1093/braincomms/fcab125. eCollection 2021 Jul.","Jobson DD","Brain Commun","2021","2021/07/05","PMC8249104","","10.1093/braincomms/fcab125"
"34013540","A causal role for the pulvinar in coordinating task-independent cortico-cortical interactions","Eradath MK, Pinsk MA, Kastner S.","J Comp Neurol. 2021 May 19. doi: 10.1002/cne.25193. Online ahead of print.","Eradath MK","J Comp Neurol","2021","2021/05/20","","","10.1002/cne.25193"
"33967711","Functional Connectivity of the Human Paraventricular Thalamic Nucleus: Insights From High Field Functional MRI","Kark SM, Birnie MT, Baram TZ, Yassa MA.","Front Integr Neurosci. 2021 Apr 21;15:662293. doi: 10.3389/fnint.2021.662293. eCollection 2021.","Kark SM","Front Integr Neurosci","2021","2021/05/10","PMC8096909","","10.3389/fnint.2021.662293"
"33819611","Functional parcellation of human and macaque striatum reveals human-specific connectivity in the dorsal caudate","Liu X, Eickhoff SB, Caspers S, Wu J, Genon S, Hoffstaedter F, Mars RB, Sommer IE, Eickhoff CR, Chen J, Jardri R, Reetz K, Dogan I, Aleman A, Kogler L, Gruber O, Caspers J, Mathys C, Patil KR.","Neuroimage. 2021 Jul 15;235:118006. doi: 10.1016/j.neuroimage.2021.118006. Epub 2021 Apr 2.","Liu X","Neuroimage","2021","2021/04/05","PMC8214073","","10.1016/j.neuroimage.2021.118006"
"33640412","Human hippocampal connectivity is stronger in olfaction than other sensory systems","Zhou G, Olofsson JK, Koubeissi MZ, Menelaou G, Rosenow J, Schuele SU, Xu P, Voss JL, Lane G, Zelano C.","Prog Neurobiol. 2021 Jun;201:102027. doi: 10.1016/j.pneurobio.2021.102027. Epub 2021 Feb 25.","Zhou G","Prog Neurobiol","2021","2021/02/28","PMC8096712","NIHMS1681625","10.1016/j.pneurobio.2021.102027"
"33495547","Long-term effects of intermittent early life stress on primate prefrontal-subcortical functional connectivity","Yuan R, Nechvatal JM, Buckmaster CL, Ayash S, Parker KJ, Schatzberg AF, Lyons DM, Menon V.","Neuropsychopharmacology. 2021 Jun;46(7):1348-1356. doi: 10.1038/s41386-021-00956-0. Epub 2021 Jan 25.","Yuan R","Neuropsychopharmacology","2021","2021/01/26","PMC8134590","","10.1038/s41386-021-00956-0"
"33484849","The nonhuman primate neuroimaging and neuroanatomy project","Hayashi T, Hou Y, Glasser MF, Autio JA, Knoblauch K, Inoue-Murayama M, Coalson T, Yacoub E, Smith S, Kennedy H, Van Essen DC.","Neuroimage. 2021 Apr 1;229:117726. doi: 10.1016/j.neuroimage.2021.117726. Epub 2021 Jan 20.","Hayashi T","Neuroimage","2021","2021/01/23","PMC8079967","NIHMS1688396","10.1016/j.neuroimage.2021.117726"
"33420330","Chimpanzee histology and functional brain imaging show that the paracingulate sulcus is not human-specific","Amiez C, Sallet J, Novek J, Hadj-Bouziane F, Giacometti C, Andersson J, Hopkins WD, Petrides M.","Commun Biol. 2021 Jan 8;4(1):54. doi: 10.1038/s42003-020-01571-3.","Amiez C","Commun Biol","2021","2021/01/09","PMC7794552","","10.1038/s42003-020-01571-3"
"33350445","Individual Variability in Functional Organization of the Human and Monkey Auditory Cortex","Ren J, Xu T, Wang D, Li M, Lin Y, Schoeppe F, Ramirez JSB, Han Y, Luan G, Li L, Liu H, Ahveninen J.","Cereb Cortex. 2021 Mar 31;31(5):2450-2465. doi: 10.1093/cercor/bhaa366.","Ren J","Cereb Cortex","2021","2020/12/22","PMC8023837","","10.1093/cercor/bhaa366"
"33338618","Intrinsic functional clustering of ventral premotor F5 in the macaque brain","Sharma S, Schaeffer DJ, Vinken K, Everling S, Nelissen K.","Neuroimage. 2021 Feb 15;227:117647. doi: 10.1016/j.neuroimage.2020.117647. Epub 2020 Dec 15.","Sharma S","Neuroimage","2021","2020/12/18","","","10.1016/j.neuroimage.2020.117647"
"33338613","Altered hippocampal-prefrontal functional network integrity in adult macaque monkeys with neonatal hippocampal lesions","Li CX, Li Z, Hu X, Zhang X, Bachevalier J.","Neuroimage. 2021 Feb 15;227:117645. doi: 10.1016/j.neuroimage.2020.117645. Epub 2020 Dec 15.","Li CX","Neuroimage","2021","2020/12/18","","","10.1016/j.neuroimage.2020.117645"
"33314443","Extended-amygdala intrinsic functional connectivity networks: A population study","Berry SC, Wise RG, Lawrence AD, Lancaster TM.","Hum Brain Mapp. 2021 Apr 15;42(6):1594-1616. doi: 10.1002/hbm.25314. Epub 2020 Dec 12.","Berry SC","Hum Brain Mapp","2021","2020/12/14","PMC7978137","","10.1002/hbm.25314"
"33263778","Mapping the neural circuitry of predator fear in the nonhuman primate","Montardy Q, Kwan WC, Mundinano IC, Fox DM, Wang L, Gross CT, Bourne JA.","Brain Struct Funct. 2021 Jan;226(1):195-205. doi: 10.1007/s00429-020-02176-6. Epub 2020 Dec 2.","Montardy Q","Brain Struct Funct","2021","2020/12/02","PMC7817595","","10.1007/s00429-020-02176-6"
"33248260","Resting state functional atlas and cerebral networks in mouse lemur primates at 11.7 Tesla","Garin CM, Nadkarni NA, Landeau B, Chételat G, Picq JL, Bougacha S, Dhenain M.","Neuroimage. 2021 Feb 1;226:117589. doi: 10.1016/j.neuroimage.2020.117589. Epub 2020 Nov 26.","Garin CM","Neuroimage","2021","2020/11/28","","","10.1016/j.neuroimage.2020.117589"
"33112698","Whole brain mapping of somatosensory responses in awake marmosets investigated with ultra-high-field fMRI","Cléry JC, Hori Y, Schaeffer DJ, Gati JS, Pruszynski JA, Everling S.","J Neurophysiol. 2020 Dec 1;124(6):1900-1913. doi: 10.1152/jn.00480.2020. Epub 2020 Oct 28.","Cléry JC","J Neurophysiol","2020","2020/10/28","","","10.1152/jn.00480.2020"
"33097633","Cortico-Subcortical Functional Connectivity Profiles of Resting-State Networks in Marmosets and Humans","Hori Y, Schaeffer DJ, Yoshida A, Cléry JC, Hayrynen LK, Gati JS, Menon RS, Everling S.","J Neurosci. 2020 Nov 25;40(48):9236-9249. doi: 10.1523/JNEUROSCI.1984-20.2020. Epub 2020 Oct 23.","Hori Y","J Neurosci","2020","2020/10/24","PMC7687060","","10.1523/JNEUROSCI.1984-20.2020"
"33067998","Connectivity of the Cingulate Sulcus Visual Area (CSv) in Macaque Monkeys","De Castro V, Smith AT, Beer AL, Leguen C, Vayssière N, Héjja-Brichard Y, Audurier P, Cottereau BR, Durand JB.","Cereb Cortex. 2021 Jan 5;31(2):1347-1364. doi: 10.1093/cercor/bhaa301.","De Castro V","Cereb Cortex","2021","2020/10/17","PMC7786354","","10.1093/cercor/bhaa301"
"32919059","The human corticocortical vestibular network","Raiser TM, Flanagin VL, Duering M, van Ombergen A, Ruehl RM, Zu Eulenburg P.","Neuroimage. 2020 Dec;223:117362. doi: 10.1016/j.neuroimage.2020.117362. Epub 2020 Sep 9.","Raiser TM","Neuroimage","2020","2020/09/12","","","10.1016/j.neuroimage.2020.117362"
"32885886","Dynamic frontostriatal functional peak connectivity (in alcohol use disorder)","Gerchen MF, Weiss F, Kirsch M, Rentsch A, Halli P, Kiefer F, Kirsch P.","Hum Brain Mapp. 2021 Jan;42(1):36-46. doi: 10.1002/hbm.25201. Epub 2020 Sep 4.","Gerchen MF","Hum Brain Mapp","2021","2020/09/05","PMC7721230","","10.1002/hbm.25201"
"32882388","Toward a connectivity gradient-based framework for reproducible biomarker discovery","Hong SJ, Xu T, Nikolaidis A, Smallwood J, Margulies DS, Bernhardt B, Vogelstein J, Milham MP.","Neuroimage. 2020 Dec;223:117322. doi: 10.1016/j.neuroimage.2020.117322. Epub 2020 Sep 1.","Hong SJ","Neuroimage","2020","2020/09/04","","","10.1016/j.neuroimage.2020.117322"
"32817555","Divergence of rodent and primate medial frontal cortex functional connectivity","Schaeffer DJ, Hori Y, Gilbert KM, Gati JS, Menon RS, Everling S.","Proc Natl Acad Sci U S A. 2020 Sep 1;117(35):21681-21689. doi: 10.1073/pnas.2003181117. Epub 2020 Aug 17.","Schaeffer DJ","Proc Natl Acad Sci U S A","2020","2020/08/21","PMC7474619","","10.1073/pnas.2003181117"
"32745096","Task-evoked activity quenches neural correlations and variability across cortical areas","Ito T, Brincat SL, Siegel M, Mill RD, He BJ, Miller EK, Rotstein HG, Cole MW.","PLoS Comput Biol. 2020 Aug 3;16(8):e1007983. doi: 10.1371/journal.pcbi.1007983. eCollection 2020 Aug.","Ito T","PLoS Comput Biol","2020","2020/08/04","PMC7425988","","10.1371/journal.pcbi.1007983"
"32610296","Hippocampal CA1 and CA3 neural recording in the human brain: validation of depth electrode placement through high-resolution imaging and electrophysiology","Wicks RT, Witcher MR, Couture DE, Laxton AW, Popli G, Whitlow CT, Fetterhoff D, Dakos AS, Roeder BM, Deadwyler SA, Hampson RE.","Neurosurg Focus. 2020 Jul;49(1):E5. doi: 10.3171/2020.4.FOCUS20164.","Wicks RT","Neurosurg Focus","2020","2020/07/02","","","10.3171/2020.4.FOCUS20164"
"32556184","Altered Resting-State Functional Connectivity Between Awake and Isoflurane Anesthetized Marmosets","Hori Y, Schaeffer DJ, Gilbert KM, Hayrynen LK, Cléry JC, Gati JS, Menon RS, Everling S.","Cereb Cortex. 2020 Oct 1;30(11):5943-5959. doi: 10.1093/cercor/bhaa168.","Hori Y","Cereb Cortex","2020","2020/06/20","PMC7899065","","10.1093/cercor/bhaa168"
"32539526","Diagnostic Classification for Human Autism and Obsessive-Compulsive Disorder Based on Machine Learning From a Primate Genetic Model","Zhan Y, Wei J, Liang J, Xu X, He R, Robbins TW, Wang Z.","Am J Psychiatry. 2021 Jan 1;178(1):65-76. doi: 10.1176/appi.ajp.2020.19101091. Epub 2020 Jun 16.","Zhan Y","Am J Psychiatry","2021","2020/06/17","","","10.1176/appi.ajp.2020.19101091"
"32379044","Recurrent circuit dynamics underlie persistent activity in the macaque frontoparietal network","Hart E, Huk AC.","Elife. 2020 May 7;9:e52460. doi: 10.7554/eLife.52460.","Hart E","Elife","2020","2020/05/08","PMC7205463","","10.7554/eLife.52460"
"32276072","Towards HCP-Style macaque connectomes: 24-Channel 3T multi-array coil, MRI sequences and preprocessing","Autio JA, Glasser MF, Ose T, Donahue CJ, Bastiani M, Ohno M, Kawabata Y, Urushibata Y, Murata K, Nishigori K, Yamaguchi M, Hori Y, Yoshida A, Go Y, Coalson TS, Jbabdi S, Sotiropoulos SN, Kennedy H, Smith S, Van Essen DC, Hayashi T.","Neuroimage. 2020 Jul 15;215:116800. doi: 10.1016/j.neuroimage.2020.116800. Epub 2020 Apr 8.","Autio JA","Neuroimage","2020","2020/04/11","PMC7116593","EMS109745","10.1016/j.neuroimage.2020.116800"
"32255200","Mapping mesoscale cortical connectivity in monkey sensorimotor cortex with optical imaging and microstimulation","Friedman RM, Morone KA, Gharbawie OA, Roe AW.","J Comp Neurol. 2020 Dec 1;528(17):3095-3107. doi: 10.1002/cne.24918. Epub 2020 May 4.","Friedman RM","J Comp Neurol","2020","2020/04/08","PMC7541397","NIHMS1581307","10.1002/cne.24918"
"32038217","Animal Functional Magnetic Resonance Imaging: Trends and Path Toward Standardization","Mandino F, Cerri DH, Garin CM, Straathof M, van Tilborg GAF, Chakravarty MM, Dhenain M, Dijkhuizen RM, Gozzi A, Hess A, Keilholz SD, Lerch JP, Shih YI, Grandjean J.","Front Neuroinform. 2020 Jan 22;13:78. doi: 10.3389/fninf.2019.00078. eCollection 2019.","Mandino F","Front Neuroinform","2020","2020/02/11","PMC6987455","","10.3389/fninf.2019.00078"
"31990749","Magnetic resonance imaging of neuroinflammation in chronic pain: a role for astrogliosis?","Jung C, Ichesco E, Ratai EM, Gonzalez RG, Burdo T, Loggia ML, Harris RE, Napadow V.","Pain. 2020 Jul;161(7):1555-1564. doi: 10.1097/j.pain.0000000000001815.","Jung C","Pain","2020","2020/01/29","PMC7305954","NIHMS1551744","10.1097/j.pain.0000000000001815"
"31946284","Sparse, Predictive, and Interpretable Functional Connectomics with UoI(Lasso)","Sachdeva PS, Bhattacharyya S, Bouchard KE.","Annu Int Conf IEEE Eng Med Biol Soc. 2019 Jul;2019:1965-1968. doi: 10.1109/EMBC.2019.8856316.","Sachdeva PS","Annu Int Conf IEEE Eng Med Biol Soc","2019","2020/01/18","","","10.1109/EMBC.2019.8856316"
"31858422","Effects of Chronic Ephedrine Toxicity on Functional Connections, Cell Apoptosis, and CREB-Related Proteins in the Prefrontal Cortex of Rhesus Monkeys","Duan S, Ma Y, Xie L, Zheng L, Huang J, Guo R, Sun Z, Xie Y, Lv J, Lin Z, Ma S.","Neurotox Res. 2020 Mar;37(3):602-615. doi: 10.1007/s12640-019-00146-3. Epub 2019 Dec 20.","Duan S","Neurotox Res","2020","2019/12/21","","","10.1007/s12640-019-00146-3"
"31813974","The Ventral Striatum is a Key Node for Functional Recovery of Finger Dexterity After Spinal Cord Injury in Monkeys","Suzuki M, Onoe K, Sawada M, Takahashi N, Higo N, Murata Y, Tsukada H, Isa T, Onoe H, Nishimura Y.","Cereb Cortex. 2020 May 14;30(5):3259-3270. doi: 10.1093/cercor/bhz307.","Suzuki M","Cereb Cortex","2020","2019/12/10","PMC7197201","","10.1093/cercor/bhz307"
"31329834","The Graded Change in Connectivity across the Ventromedial Prefrontal Cortex Reveals Distinct Subregions","Jackson RL, Bajada CJ, Lambon Ralph MA, Cloutman LL.","Cereb Cortex. 2020 Jan 10;30(1):165-180. doi: 10.1093/cercor/bhz079.","Jackson RL","Cereb Cortex","2020","2019/07/23","PMC7029692","","10.1093/cercor/bhz079"
"31072758","Interindividual Variability of Functional Connectivity in Awake and Anesthetized Rhesus Macaque Monkeys","Xu T, Sturgeon D, Ramirez JSB, Froudist-Walsh S, Margulies DS, Schroeder CE, Fair DA, Milham MP.","Biol Psychiatry Cogn Neurosci Neuroimaging. 2019 Jun;4(6):543-553. doi: 10.1016/j.bpsc.2019.02.005. Epub 2019 Mar 11.","Xu T","Biol Psychiatry Cogn Neurosci Neuroimaging","2019","2019/05/11","PMC7063583","NIHMS1564519","10.1016/j.bpsc.2019.02.005"
"31039559","Brain Connectivity in Ateles geoffroyi: Resting-State Functional Magnetic Resonance Imaging of Working Memory and Executive Control","Platas-Neri D, Hidalgo-Tobón S, Chico-Ponce de León F, Muñoz-Delgado J, Phillips KA, Téllez-Alanís B, Villanueva-Valle J, de Celis Alonso B.","Brain Behav Evol. 2019;93(1):19-33. doi: 10.1159/000499177. Epub 2019 Apr 30.","Platas-Neri D","Brain Behav Evol","2019","2019/05/01","","","10.1159/000499177"
"31036814","Anatomical and functional investigation of the marmoset default mode network","Liu C, Yen CC, Szczupak D, Ye FQ, Leopold DA, Silva AC.","Nat Commun. 2019 Apr 29;10(1):1975. doi: 10.1038/s41467-019-09813-7.","Liu C","Nat Commun","2019","2019/05/01","PMC6488610","","10.1038/s41467-019-09813-7"
"31031580","Isoflurane-Induced Burst Suppression Increases Intrinsic Functional Connectivity of the Monkey Brain","Zhang Z, Cai DC, Wang Z, Zeljic K, Wang Z, Wang Y.","Front Neurosci. 2019 Apr 11;13:296. doi: 10.3389/fnins.2019.00296. eCollection 2019.","Zhang Z","Front Neurosci","2019","2019/04/30","PMC6470287","","10.3389/fnins.2019.00296"
"30926817","Intrinsic functional architecture of the non-human primate spinal cord derived from fMRI and electrophysiology","Wu TL, Yang PF, Wang F, Shi Z, Mishra A, Wu R, Chen LM, Gore JC.","Nat Commun. 2019 Mar 29;10(1):1416. doi: 10.1038/s41467-019-09485-3.","Wu TL","Nat Commun","2019","2019/03/31","PMC6440970","","10.1038/s41467-019-09485-3"
"30888415","Thalamic Inputs to Posterior Parietal Cortical Areas Involved in Skilled Forelimb Movement and Tool Use in the Capuchin Monkey","Mayer A, Lewenfus G, Bittencourt-Navarrete RE, Clasca F, Franca JGD.","Cereb Cortex. 2019 Dec 17;29(12):5098-5115. doi: 10.1093/cercor/bhz051.","Mayer A","Cereb Cortex","2019","2019/03/20","","","10.1093/cercor/bhz051"
"30849407","Posterior parietal influences on visual network specialization during development: An fMRI study of functional connectivity in children ages 9 to 12","O'Rawe JF, Huang AS, Klein DN, Leung HC.","Neuropsychologia. 2019 Apr;127:158-170. doi: 10.1016/j.neuropsychologia.2019.03.001. Epub 2019 Mar 5.","O'Rawe JF","Neuropsychologia","2019","2019/03/09","PMC6440865","NIHMS1523483","10.1016/j.neuropsychologia.2019.03.001"
"30765166","Manipulation of Subcortical and Deep Cortical Activity in the Primate Brain Using Transcranial Focused Ultrasound Stimulation","Folloni D, Verhagen L, Mars RB, Fouragnan E, Constans C, Aubry JF, Rushworth MFS, Sallet J.","Neuron. 2019 Mar 20;101(6):1109-1116.e5. doi: 10.1016/j.neuron.2019.01.019. Epub 2019 Feb 11.","Folloni D","Neuron","2019","2019/02/16","PMC6520498","","10.1016/j.neuron.2019.01.019"
"30547311","Gradients of connectivity distance in the cerebral cortex of the macaque monkey","Oligschläger S, Xu T, Baczkowski BM, Falkiewicz M, Falchier A, Linn G, Margulies DS.","Brain Struct Funct. 2019 Mar;224(2):925-935. doi: 10.1007/s00429-018-1811-1. Epub 2018 Dec 13.","Oligschläger S","Brain Struct Funct","2019","2018/12/15","PMC6420469","","10.1007/s00429-018-1811-1"
"30530862","Intrinsic Functional Boundaries of Lateral Frontal Cortex in the Common Marmoset Monkey","Schaeffer DJ, Gilbert KM, Gati JS, Menon RS, Everling S.","J Neurosci. 2019 Feb 6;39(6):1020-1029. doi: 10.1523/JNEUROSCI.2595-18.2018. Epub 2018 Dec 10.","Schaeffer DJ","J Neurosci","2019","2018/12/12","PMC6363921","","10.1523/JNEUROSCI.2595-18.2018"
"30468293","Shifts in the functional topography of frontal cortex-striatum connectivity in alcohol use disorder","Gerchen MF, Rentsch A, Kirsch M, Kiefer F, Kirsch P.","Addict Biol. 2019 Nov;24(6):1245-1253. doi: 10.1111/adb.12692. Epub 2018 Nov 23.","Gerchen MF","Addict Biol","2019","2018/11/24","","","10.1111/adb.12692"
"30462609","Macro-connectomics and microstructure predict dynamic plasticity patterns in the non-human primate brain","Froudist-Walsh S, Browning PG, Young JJ, Murphy KL, Mars RB, Fleysher L, Croxson PL.","Elife. 2018 Nov 21;7:e34354. doi: 10.7554/eLife.34354.","Froudist-Walsh S","Elife","2018","2018/11/22","PMC6249000","","10.7554/eLife.34354"
"30357354","High-Expanding Regions in Primate Cortical Brain Evolution Support Supramodal Cognitive Flexibility","Sneve MH, Grydeland H, Rosa MGP, Paus T, Chaplin T, Walhovd K, Fjell AM.","Cereb Cortex. 2019 Aug 14;29(9):3891-3901. doi: 10.1093/cercor/bhy268.","Sneve MH","Cereb Cortex","2019","2018/10/26","","","10.1093/cercor/bhy268"
"30257948","Functionally specific optogenetic modulation in primate visual cortex","Chernov MM, Friedman RM, Chen G, Stoner GR, Roe AW.","Proc Natl Acad Sci U S A. 2018 Oct 9;115(41):10505-10510. doi: 10.1073/pnas.1802018115. Epub 2018 Sep 26.","Chernov MM","Proc Natl Acad Sci U S A","2018","2018/09/28","PMC6187135","","10.1073/pnas.1802018115"
"30205207","Resting-state white matter-cortical connectivity in non-human primate brain","Wu TL, Wang F, Li M, Schilling KG, Gao Y, Anderson AW, Chen LM, Ding Z, Gore JC.","Neuroimage. 2019 Jan 1;184:45-55. doi: 10.1016/j.neuroimage.2018.09.021. Epub 2018 Sep 8.","Wu TL","Neuroimage","2019","2018/09/12","PMC6250128","NIHMS1506840","10.1016/j.neuroimage.2018.09.021"
"30099461","Comparative Primate Connectomics","Rilling JK, van den Heuvel MP.","Brain Behav Evol. 2018;91(3):170-179. doi: 10.1159/000488886. Epub 2018 Aug 10.","Rilling JK","Brain Behav Evol","2018","2018/08/13","","","10.1159/000488886"
"30061190","Functional Connectivity within the Primate Extended Amygdala Is Heritable and Associated with Early-Life Anxious Temperament","Fox AS, Oler JA, Birn RM, Shackman AJ, Alexander AL, Kalin NH.","J Neurosci. 2018 Aug 29;38(35):7611-7621. doi: 10.1523/JNEUROSCI.0102-18.2018. Epub 2018 Jul 30.","Fox AS","J Neurosci","2018","2018/08/01","PMC6113902","","10.1523/JNEUROSCI.0102-18.2018"
"30022250","White matter tract anatomy in the rhesus monkey: a fiber dissection study","Decramer T, Swinnen S, van Loon J, Janssen P, Theys T.","Brain Struct Funct. 2018 Nov;223(8):3681-3688. doi: 10.1007/s00429-018-1718-x. Epub 2018 Jul 18.","Decramer T","Brain Struct Funct","2018","2018/07/20","","","10.1007/s00429-018-1718-x"
"29947591","Detecting multivariate cross-correlation between brain regions","Rodu J, Klein N, Brincat SL, Miller EK, Kass RE.","J Neurophysiol. 2018 Oct 1;120(4):1962-1972. doi: 10.1152/jn.00869.2017. Epub 2018 Jun 27.","Rodu J","J Neurophysiol","2018","2018/06/28","PMC6230799","","10.1152/jn.00869.2017"
"29852280","Concentric radiofrequency arrays to increase the statistical power of resting-state maps in monkeys","Gilbert KM, Schaeffer DJ, Zeman P, Diedrichsen J, Everling S, Martinez-Trujillo JC, Pruszynski JA, Menon RS.","Neuroimage. 2018 Sep;178:287-294. doi: 10.1016/j.neuroimage.2018.05.057. Epub 2018 May 28.","Gilbert KM","Neuroimage","2018","2018/06/01","","","10.1016/j.neuroimage.2018.05.057"
"29697775","Cortical Afferents of Area 10 in Cebus Monkeys: Implications for the Evolution of the Frontal Pole","Rosa MGP, Soares JGM, Chaplin TA, Majka P, Bakola S, Phillips KA, Reser DH, Gattass R.","Cereb Cortex. 2019 Apr 1;29(4):1473-1495. doi: 10.1093/cercor/bhy044.","Rosa MGP","Cereb Cortex","2019","2018/04/27","PMC6676977","","10.1093/cercor/bhy044"
"29666271","Desynchronization of slow oscillations in the basal ganglia during natural sleep","Mizrahi-Kliger AD, Kaplan A, Israel Z, Bergman H.","Proc Natl Acad Sci U S A. 2018 May 1;115(18):E4274-E4283. doi: 10.1073/pnas.1720795115. Epub 2018 Apr 16.","Mizrahi-Kliger AD","Proc Natl Acad Sci U S A","2018","2018/04/19","PMC5939089","","10.1073/pnas.1720795115"
"29642002","Delineating the Macroscale Areal Organization of the Macaque Cortex In Vivo","Xu T, Falchier A, Sullivan EL, Linn G, Ramirez JSB, Ross D, Feczko E, Opitz A, Bagley J, Sturgeon D, Earl E, Miranda-Domínguez O, Perrone A, Craddock RC, Schroeder CE, Colcombe S, Fair DA, Milham MP.","Cell Rep. 2018 Apr 10;23(2):429-441. doi: 10.1016/j.celrep.2018.03.049.","Xu T","Cell Rep","2018","2018/04/12","PMC6157013","NIHMS961950","10.1016/j.celrep.2018.03.049"
"29530816","Structural and functional brain network of human retrosplenial cortex","Li P, Shan H, Liang S, Nie B, Duan S, Huang Q, Zhang T, Sun X, Feng T, Ma L, Shan B, Li D, Liu H.","Neurosci Lett. 2018 May 1;674:24-29. doi: 10.1016/j.neulet.2018.03.016. Epub 2018 Mar 9.","Li P","Neurosci Lett","2018","2018/03/14","","","10.1016/j.neulet.2018.03.016"
"29488110","Individual identity and affective valence in marmoset calls: in vivo brain imaging with vocal sound playback","Kato M, Yokoyama C, Kawasaki A, Takeda C, Koike T, Onoe H, Iriki A.","Anim Cogn. 2018 May;21(3):331-343. doi: 10.1007/s10071-018-1169-z. Epub 2018 Feb 27.","Kato M","Anim Cogn","2018","2018/03/01","PMC5908821","","10.1007/s10071-018-1169-z"
"29427292","Intranasal oxytocin modulates neural functional connectivity during human social interaction","Rilling JK, Chen X, Chen X, Haroon E.","Am J Primatol. 2018 Oct;80(10):e22740. doi: 10.1002/ajp.22740. Epub 2018 Feb 10.","Rilling JK","Am J Primatol","2018","2018/02/11","PMC6086772","NIHMS947801","10.1002/ajp.22740"
"29376200","Intrinsic, stimulus-driven and task-dependent connectivity in human auditory cortex","Häkkinen S, Rinne T.","Brain Struct Funct. 2018 Jun;223(5):2113-2127. doi: 10.1007/s00429-018-1612-6. Epub 2018 Jan 29.","Häkkinen S","Brain Struct Funct","2018","2018/01/30","","","10.1007/s00429-018-1612-6"
"29107523","A Large-Scale Semi-Chronic Microdrive Recording System for Non-Human Primates","Dotson NM, Hoffman SJ, Goodell B, Gray CM.","Neuron. 2017 Nov 15;96(4):769-782.e2. doi: 10.1016/j.neuron.2017.09.050. Epub 2017 Oct 26.","Dotson NM","Neuron","2017","2017/11/07","","","10.1016/j.neuron.2017.09.050"
"29055725","Evaluation of prolonged administration of isoflurane on cerebral blood flow and default mode network in macaque monkeys anesthetized with different maintenance doses","Li CX, Zhang X.","Neurosci Lett. 2018 Jan 1;662:402-408. doi: 10.1016/j.neulet.2017.10.034. Epub 2017 Oct 18.","Li CX","Neurosci Lett","2018","2017/10/23","PMC5722273","NIHMS919129","10.1016/j.neulet.2017.10.034"
"29049083","Ketamine and pharmacological imaging: use of functional magnetic resonance imaging to evaluate mechanisms of action","Maltbie EA, Kaundinya GS, Howell LL.","Behav Pharmacol. 2017 Dec;28(8):610-622. doi: 10.1097/FBP.0000000000000354.","Maltbie EA","Behav Pharmacol","2017","2017/10/20","PMC5687297","NIHMS909831","10.1097/FBP.0000000000000354"
"29038239","Correlated Disruption of Resting-State fMRI, LFP, and Spike Connectivity between Area 3b and S2 following Spinal Cord Injury in Monkeys","Wu R, Yang PF, Chen LM.","J Neurosci. 2017 Nov 15;37(46):11192-11203. doi: 10.1523/JNEUROSCI.2318-17.2017. Epub 2017 Oct 16.","Wu R","J Neurosci","2017","2017/10/18","PMC5688527","","10.1523/JNEUROSCI.2318-17.2017"
"29033331","Transcranial Direct Current Stimulation Facilitates Associative Learning and Alters Functional Connectivity in the Primate Brain","Krause MR, Zanos TP, Csorba BA, Pilly PK, Choe J, Phillips ME, Datta A, Pack CC.","Curr Biol. 2017 Oct 23;27(20):3086-3096.e3. doi: 10.1016/j.cub.2017.09.020. Epub 2017 Oct 12.","Krause MR","Curr Biol","2017","2017/10/17","","","10.1016/j.cub.2017.09.020"
"28821662","Visual Receptive Field Heterogeneity and Functional Connectivity of Adjacent Neurons in Primate Frontoparietal Association Cortices","Viswanathan P, Nieder A.","J Neurosci. 2017 Sep 13;37(37):8919-8928. doi: 10.1523/JNEUROSCI.0829-17.2017. Epub 2017 Aug 11.","Viswanathan P","J Neurosci","2017","2017/08/20","PMC6596803","","10.1523/JNEUROSCI.0829-17.2017"
"28751636","Increased functional connectivity after stroke correlates with behavioral scores in non-human primate model","Hernandez-Castillo CR, Nashed JY, Fernandez-Ruiz J, Wang J, Gallivan J, Cook DJ.","Sci Rep. 2017 Jul 27;7(1):6701. doi: 10.1038/s41598-017-07175-y.","Hernandez-Castillo CR","Sci Rep","2017","2017/07/29","PMC5532205","","10.1038/s41598-017-07175-y"
"28502529","Mechanisms underlying the early risk to develop anxiety and depression: A translational approach","Kalin NH.","Eur Neuropsychopharmacol. 2017 Jun;27(6):543-553. doi: 10.1016/j.euroneuro.2017.03.004. Epub 2017 May 11.","Kalin NH","Eur Neuropsychopharmacol","2017","2017/05/16","PMC5482756","NIHMS868134","10.1016/j.euroneuro.2017.03.004"
"28466257","Cortical Representation of Pain and Touch: Evidence from Combined Functional Neuroimaging and Electrophysiology in Non-human Primates","Chen LM.","Neurosci Bull. 2018 Feb;34(1):165-177. doi: 10.1007/s12264-017-0133-2. Epub 2017 May 2.","Chen LM","Neurosci Bull","2018","2017/05/04","PMC5799120","","10.1007/s12264-017-0133-2"
"28103408","Functional planning units for the management of an endangered Brazilian titi monkey","Gouveia SF, Souza-Alves JP, de Souza BB, Beltrão-Mendes R, Jerusalinsky L, Ferrari SF.","Am J Primatol. 2017 May;79(5). doi: 10.1002/ajp.22637. Epub 2017 Jan 19.","Gouveia SF","Am J Primatol","2017","2017/01/20","","","10.1002/ajp.22637"
"28069917","Dopamine Modulates the Functional Organization of the Orbitofrontal Cortex","Kahnt T, Tobler PN.","J Neurosci. 2017 Feb 8;37(6):1493-1504. doi: 10.1523/JNEUROSCI.2827-16.2016. Epub 2017 Jan 9.","Kahnt T","J Neurosci","2017","2017/01/11","PMC5299568","","10.1523/JNEUROSCI.2827-16.2016"
"28030956","Effects of Long-Duration Administration of 1% Isoflurane on Resting Cerebral Blood Flow and Default Mode Network in Macaque Monkeys","Li CX, Zhang X.","Brain Connect. 2017 Mar;7(2):98-105. doi: 10.1089/brain.2016.0445. Epub 2017 Jan 24.","Li CX","Brain Connect","2017","2016/12/30","PMC5359674","","10.1089/brain.2016.0445"
"27405331","Frontoparietal Functional Connectivity in the Common Marmoset","Ghahremani M, Hutchison RM, Menon RS, Everling S.","Cereb Cortex. 2017 Aug 1;27(8):3890-3905. doi: 10.1093/cercor/bhw198.","Ghahremani M","Cereb Cortex","2017","2016/07/14","","","10.1093/cercor/bhw198"
"27166168","Look Hear! The Prefrontal Cortex is Stratified by Modality of Sensory Input During Multisensory Cognitive Control","Mayer AR, Ryman SG, Hanlon FM, Dodd AB, Ling JM.","Cereb Cortex. 2017 May 1;27(5):2831-2840. doi: 10.1093/cercor/bhw131.","Mayer AR","Cereb Cortex","2017","2016/05/12","PMC6059096","","10.1093/cercor/bhw131"
"27095309","Disruption of corticocortical information transfer during ketamine anesthesia in the primate brain","Schroeder KE, Irwin ZT, Gaidica M, Nicole Bentley J, Patil PG, Mashour GA, Chestek CA.","Neuroimage. 2016 Jul 1;134:459-465. doi: 10.1016/j.neuroimage.2016.04.039. Epub 2016 Apr 16.","Schroeder KE","Neuroimage","2016","2016/04/21","PMC4912854","NIHMS782385","10.1016/j.neuroimage.2016.04.039"
"27091582","Correlated inter-regional variations in low frequency local field potentials and resting state BOLD signals within S1 cortex of monkeys","Wilson GH 3rd, Yang PF, Gore JC, Chen LM.","Hum Brain Mapp. 2016 Aug;37(8):2755-66. doi: 10.1002/hbm.23207. Epub 2016 Apr 19.","Wilson GH 3rd","Hum Brain Mapp","2016","2016/04/20","PMC4945372","NIHMS773165","10.1002/hbm.23207"
"26973476","Functional Connectivity Hubs and Networks in the Awake Marmoset Brain","Belcher AM, Yen CC, Notardonato L, Ross TJ, Volkow ND, Yang Y, Stein EA, Silva AC, Tomasi D.","Front Integr Neurosci. 2016 Mar 4;10:9. doi: 10.3389/fnint.2016.00009. eCollection 2016.","Belcher AM","Front Integr Neurosci","2016","2016/03/15","PMC4777715","","10.3389/fnint.2016.00009"
"26908365","Connectivity between the central nucleus of the amygdala and the bed nucleus of the stria terminalis in the non-human primate: neuronal tract tracing and developmental neuroimaging studies","Oler JA, Tromp DP, Fox AS, Kovner R, Davidson RJ, Alexander AL, McFarlin DR, Birn RM, E Berg B, deCampo DM, Kalin NH, Fudge JL.","Brain Struct Funct. 2017 Jan;222(1):21-39. doi: 10.1007/s00429-016-1198-9. Epub 2016 Feb 23.","Oler JA","Brain Struct Funct","2017","2016/02/25","PMC4995160","NIHMS762902","10.1007/s00429-016-1198-9"
"26771046","Network science and the human brain: Using graph theory to understand the brain and one of its hubs, the amygdala, in health and disease","Mears D, Pollard HB.","J Neurosci Res. 2016 Jun;94(6):590-605. doi: 10.1002/jnr.23705. Epub 2016 Jan 13.","Mears D","J Neurosci Res","2016","2016/01/16","","","10.1002/jnr.23705"
"26736200","Causal network in a deafferented non-human primate brain","Balasubramanian K, Takahashi K, Hatsopoulos NG.","Annu Int Conf IEEE Eng Med Biol Soc. 2015;2015:59-62. doi: 10.1109/EMBC.2015.7318300.","Balasubramanian K","Annu Int Conf IEEE Eng Med Biol Soc","2015","2016/01/07","PMC4851336","NIHMS778680","10.1109/EMBC.2015.7318300"
"26706280","Longitudinal evaluation of functional connectivity variation in the monkey sensorimotor network induced by spinal cord injury","Rao JS, Liu Z, Zhao C, Wei RH, Zhao W, Yang ZY, Li XG.","Acta Physiol (Oxf). 2016 Jun;217(2):164-73. doi: 10.1111/apha.12645. Epub 2016 Jan 13.","Rao JS","Acta Physiol (Oxf)","2016","2015/12/27","","","10.1111/apha.12645"
"26663738","Climate and land use changes will degrade the configuration of the landscape for titi monkeys in eastern Brazil","Gouveia SF, Souza-Alves JP, Rattis L, Dobrovolski R, Jerusalinsky L, Beltrão-Mendes R, Ferrari SF.","Glob Chang Biol. 2016 Jun;22(6):2003-12. doi: 10.1111/gcb.13162. Epub 2016 Mar 14.","Gouveia SF","Glob Chang Biol","2016","2015/12/15","","","10.1111/gcb.13162"
"26656725","Ongoing Alpha Activity in V1 Regulates Visually Driven Spiking Responses","Dougherty K, Cox MA, Ninomiya T, Leopold DA, Maier A.","Cereb Cortex. 2017 Feb 1;27(2):1113-1124. doi: 10.1093/cercor/bhv304.","Dougherty K","Cereb Cortex","2017","2015/12/15","PMC6222250","","10.1093/cercor/bhv304"
"26635581","The Role of the Human Entorhinal Cortex in a Representational Account of Memory","Schultz H, Sommer T, Peters J.","Front Hum Neurosci. 2015 Nov 20;9:628. doi: 10.3389/fnhum.2015.00628. eCollection 2015.","Schultz H","Front Hum Neurosci","2015","2015/12/05","PMC4653609","","10.3389/fnhum.2015.00628"
"26490876","Reversible Deactivation of Motor Cortex Reveals Functional Connectivity with Posterior Parietal Cortex in the Prosimian Galago (Otolemur garnettii)","Cooke DF, Stepniewska I, Miller DJ, Kaas JH, Krubitzer L.","J Neurosci. 2015 Oct 21;35(42):14406-22. doi: 10.1523/JNEUROSCI.1468-15.2015.","Cooke DF","J Neurosci","2015","2015/10/23","PMC4683694","","10.1523/JNEUROSCI.1468-15.2015"
"26439530","A Large-Scale Circuit Mechanism for Hierarchical Dynamical Processing in the Primate Cortex","Chaudhuri R, Knoblauch K, Gariel MA, Kennedy H, Wang XJ.","Neuron. 2015 Oct 21;88(2):419-31. doi: 10.1016/j.neuron.2015.09.008. Epub 2015 Oct 1.","Chaudhuri R","Neuron","2015","2015/10/07","PMC4630024","NIHMS728325","10.1016/j.neuron.2015.09.008"
"26311771","Spatiotemporal Profile of Voltage-Sensitive Dye Responses in the Visual Cortex of Tree Shrews Evoked by Electric Microstimulation of the Dorsal Lateral Geniculate and Pulvinar Nuclei","Vanni MP, Thomas S, Petry HM, Bickford ME, Casanova C.","J Neurosci. 2015 Aug 26;35(34):11891-6. doi: 10.1523/JNEUROSCI.0717-15.2015.","Vanni MP","J Neurosci","2015","2015/08/28","PMC4549400","","10.1523/JNEUROSCI.0717-15.2015"
"26157967","Infrared neural stimulation: a new stimulation tool for central nervous system applications","Chernov M, Roe AW.","Neurophotonics. 2014 Jul;1(1):011011. doi: 10.1117/1.NPh.1.1.011011. Epub 2014 Aug 5.","Chernov M","Neurophotonics","2014","2015/07/10","PMC4478761","","10.1117/1.NPh.1.1.011011"
"26052749","Functional subregions of the human entorhinal cortex","Maass A, Berron D, Libby LA, Ranganath C, Düzel E.","Elife. 2015 Jun 8;4:e06426. doi: 10.7554/eLife.06426.","Maass A","Elife","2015","2015/06/09","PMC4458841","","10.7554/eLife.06426"
"26029069","Aggressive vocal expressions-an investigation of their underlying neural network","Klaas HS, Frühholz S, Grandjean D.","Front Behav Neurosci. 2015 May 11;9:121. doi: 10.3389/fnbeh.2015.00121. eCollection 2015.","Klaas HS","Front Behav Neurosci","2015","2015/06/02","PMC4426728","","10.3389/fnbeh.2015.00121"
"25988226","Whole brain mapping of visual and tactile convergence in the macaque monkey","Guipponi O, Cléry J, Odouard S, Wardak C, Ben Hamed S.","Neuroimage. 2015 Aug 15;117:93-102. doi: 10.1016/j.neuroimage.2015.05.022. Epub 2015 May 16.","Guipponi O","Neuroimage","2015","2015/05/20","","","10.1016/j.neuroimage.2015.05.022"
"25970649","Functional subdivisions of medial parieto-occipital cortex in humans and nonhuman primates using resting-state fMRI","Hutchison RM, Culham JC, Flanagan JR, Everling S, Gallivan JP.","Neuroimage. 2015 Aug 1;116:10-29. doi: 10.1016/j.neuroimage.2015.04.068. Epub 2015 May 10.","Hutchison RM","Neuroimage","2015","2015/05/14","","","10.1016/j.neuroimage.2015.04.068"
"25938726","The brain's default mode network","Raichle ME.","Annu Rev Neurosci. 2015 Jul 8;38:433-47. doi: 10.1146/annurev-neuro-071013-014030. Epub 2015 May 4.","Raichle ME","Annu Rev Neurosci","2015","2015/05/05","","","10.1146/annurev-neuro-071013-014030"
"25902510","Injury alters intrinsic functional connectivity within the primate spinal cord","Chen LM, Mishra A, Yang PF, Wang F, Gore JC.","Proc Natl Acad Sci U S A. 2015 May 12;112(19):5991-6. doi: 10.1073/pnas.1424106112. Epub 2015 Apr 22.","Chen LM","Proc Natl Acad Sci U S A","2015","2015/04/23","PMC4434735","","10.1073/pnas.1424106112"
"25568105","Temporal plasticity involved in recovery from manual dexterity deficit after motor cortex lesion in macaque monkeys","Murata Y, Higo N, Hayashi T, Nishimura Y, Sugiyama Y, Oishi T, Tsukada H, Isa T, Onoe H.","J Neurosci. 2015 Jan 7;35(1):84-95. doi: 10.1523/JNEUROSCI.1737-14.2015.","Murata Y","J Neurosci","2015","2015/01/09","PMC4287160","","10.1523/JNEUROSCI.1737-14.2015"
"25196543","Rat globus pallidus neurons: functional classification and effects of dopamine depletion","Karain B, Xu D, Bellone JA, Hartman RE, Shi WX.","Synapse. 2015 Jan;69(1):41-51. doi: 10.1002/syn.21783. Epub 2014 Sep 19.","Karain B","Synapse","2015","2014/09/09","PMC4428331","NIHMS679503","10.1002/syn.21783"
"25044934","Isoflurane induces dose-dependent alterations in the cortical connectivity profiles and dynamic properties of the brain's functional architecture","Hutchison RM, Hutchison M, Manning KY, Menon RS, Everling S.","Hum Brain Mapp. 2014 Dec;35(12):5754-75. doi: 10.1002/hbm.22583. Epub 2014 Jul 12.","Hutchison RM","Hum Brain Mapp","2014","2014/07/22","PMC6869297","","10.1002/hbm.22583"
"24979343","Resting state networks distinguish human ventral tegmental area from substantia nigra","Murty VP, Shermohammed M, Smith DV, Carter RM, Huettel SA, Adcock RA.","Neuroimage. 2014 Oct 15;100:580-9. doi: 10.1016/j.neuroimage.2014.06.047. Epub 2014 Jun 27.","Murty VP","Neuroimage","2014","2014/07/01","PMC4370842","NIHMS611065","10.1016/j.neuroimage.2014.06.047"
"24969129","Allen mouse brain atlases reveal different neural connection and gene expression patterns in cerebellum gyri and sulci","Zeng T, Chen H, Fakhry A, Hu X, Liu T, Ji S.","Brain Struct Funct. 2015 Sep;220(5):2691-703. doi: 10.1007/s00429-014-0821-x. Epub 2014 Jun 27.","Zeng T","Brain Struct Funct","2015","2014/06/28","","","10.1007/s00429-014-0821-x"
"24933029","Subthalamic nucleus deep brain stimulation induces motor network BOLD activation: use of a high precision MRI guided stereotactic system for nonhuman primates","Min HK, Ross EK, Lee KH, Dennis K, Han SR, Jeong JH, Marsh MP, Striemer B, Felmlee JP, Lujan JL, Goerss S, Duffy PS, Blaha C, Chang SY, Bennet KE.","Brain Stimul. 2014 Jul-Aug;7(4):603-607. doi: 10.1016/j.brs.2014.04.007. Epub 2014 May 2.","Min HK","Brain Stimul","2014","2014/06/17","PMC4108508","NIHMS603271","10.1016/j.brs.2014.04.007"
"24872561","Associative Hebbian synaptic plasticity in primate visual cortex","Huang S, Rozas C, Treviño M, Contreras J, Yang S, Song L, Yoshioka T, Lee HK, Kirkwood A.","J Neurosci. 2014 May 28;34(22):7575-9. doi: 10.1523/JNEUROSCI.0983-14.2014.","Huang S","J Neurosci","2014","2014/05/30","PMC4035519","","10.1523/JNEUROSCI.0983-14.2014"
"24863147","Evolutionarily conserved prefrontal-amygdalar dysfunction in early-life anxiety","Birn RM, Shackman AJ, Oler JA, Williams LE, McFarlin DR, Rogers GM, Shelton SE, Alexander AL, Pine DS, Slattery MJ, Davidson RJ, Fox AS, Kalin NH.","Mol Psychiatry. 2014 Aug;19(8):915-22. doi: 10.1038/mp.2014.46. Epub 2014 May 27.","Birn RM","Mol Psychiatry","2014","2014/05/28","PMC4111803","NIHMS580427","10.1038/mp.2014.46"
"24699018","Distinct and distributed functional connectivity patterns across cortex reflect the domain-specific constraints of object, face, scene, body, and tool category-selective modules in the ventral visual pathway","Hutchison RM, Culham JC, Everling S, Flanagan JR, Gallivan JP.","Neuroimage. 2014 Aug 1;96:216-36. doi: 10.1016/j.neuroimage.2014.03.068. Epub 2014 Mar 31.","Hutchison RM","Neuroimage","2014","2014/04/05","","","10.1016/j.neuroimage.2014.03.068"
"24653682","Functional dynamics of primate cortico-striatal networks during volitional movements","Santos L, Opris I, Hampson R, Godwin DW, Gerhardt G, Deadwyler S.","Front Syst Neurosci. 2014 Mar 10;8:27. doi: 10.3389/fnsys.2014.00027. eCollection 2014.","Santos L","Front Syst Neurosci","2014","2014/03/22","PMC3947991","","10.3389/fnsys.2014.00027"
"24530271","Parkinson׳s disease-related modulation of functional connectivity associated with the striatum in the resting state in a nonhuman primate model","Li J, Luo C, Chen Y, Chen Q, Huang R, Sun J, Gong Q, Wu X, Qi Z, Liang Z, Li L, Li H, Li P, Wang W, Shang HF.","Brain Res. 2014 Mar 25;1555:10-9. doi: 10.1016/j.brainres.2014.01.054. Epub 2014 Feb 13.","Li J","Brain Res","2014","2014/02/18","","","10.1016/j.brainres.2014.01.054"
"24269571","Broad intrinsic functional connectivity boundaries of the macaque prefrontal cortex","Hutchison RM, Everling S.","Neuroimage. 2014 Mar;88:202-11. doi: 10.1016/j.neuroimage.2013.11.024. Epub 2013 Nov 21.","Hutchison RM","Neuroimage","2014","2013/11/26","","","10.1016/j.neuroimage.2013.11.024"
"24260582","Time course of functional connectivity in primate dorsolateral prefrontal and posterior parietal cortex during working memory","Katsuki F, Constantinidis C.","PLoS One. 2013 Nov 19;8(11):e81601. doi: 10.1371/journal.pone.0081601. eCollection 2013.","Katsuki F","PLoS One","2013","2013/11/22","PMC3834341","","10.1371/journal.pone.0081601"
"23791200","The relationship of anatomical and functional connectivity to resting-state connectivity in primate somatosensory cortex","Wang Z, Chen LM, Négyessy L, Friedman RM, Mishra A, Gore JC, Roe AW.","Neuron. 2013 Jun 19;78(6):1116-26. doi: 10.1016/j.neuron.2013.04.023.","Wang Z","Neuron","2013","2013/06/25","PMC3723346","NIHMS470732","10.1016/j.neuron.2013.04.023"
"23536600","Brain reorganization, not relative brain size, primarily characterizes anthropoid brain evolution","Smaers JB, Soligo C.","Proc Biol Sci. 2013 Mar 27;280(1759):20130269. doi: 10.1098/rspb.2013.0269. Print 2013 May 22.","Smaers JB","Proc Biol Sci","2013","2013/03/29","PMC3619515","","10.1098/rspb.2013.0269"
"23486204","Increased neural correlations in primate auditory cortex during slow-wave sleep","Issa EB, Wang X.","J Neurophysiol. 2013 Jun;109(11):2732-8. doi: 10.1152/jn.00695.2012. Epub 2013 Mar 13.","Issa EB","J Neurophysiol","2013","2013/03/15","PMC3680796","","10.1152/jn.00695.2012"
"23446697","Functional connectivity patterns of medial and lateral macaque frontal eye fields reveal distinct visuomotor networks","Babapoor-Farrokhran S, Hutchison RM, Gati JS, Menon RS, Everling S.","J Neurophysiol. 2013 May;109(10):2560-70. doi: 10.1152/jn.01000.2012. Epub 2013 Feb 27.","Babapoor-Farrokhran S","J Neurophysiol","2013","2013/03/01","","","10.1152/jn.01000.2012"
"23366949","Granger causality analysis of functional connectivity of spiking neurons in orofacial motor cortex during chewing and swallowing","Takahashi K, Pesce L, Iriarte-Diaz J, Kim S, Coleman TP, Hatsopoulos NG, Ross CF.","Annu Int Conf IEEE Eng Med Biol Soc. 2012;2012:4587-90. doi: 10.1109/EMBC.2012.6346988.","Takahashi K","Annu Int Conf IEEE Eng Med Biol Soc","2012","2013/02/01","","","10.1109/EMBC.2012.6346988"
"23152609","Efficient coding of spatial information in the primate retina","Doi E, Gauthier JL, Field GD, Shlens J, Sher A, Greschner M, Machado TA, Jepson LH, Mathieson K, Gunning DE, Litke AM, Paninski L, Chichilnisky EJ, Simoncelli EP.","J Neurosci. 2012 Nov 14;32(46):16256-64. doi: 10.1523/JNEUROSCI.4036-12.2012.","Doi E","J Neurosci","2012","2012/11/16","PMC3537829","NIHMS421777","10.1523/JNEUROSCI.4036-12.2012"
"23063444","Dissociation and convergence of the dorsal and ventral visual working memory streams in the human prefrontal cortex","Takahashi E, Ohki K, Kim DS.","Neuroimage. 2013 Jan 15;65:488-98. doi: 10.1016/j.neuroimage.2012.10.002. Epub 2012 Oct 12.","Takahashi E","Neuroimage","2013","2012/10/16","PMC4384683","NIHMS414907","10.1016/j.neuroimage.2012.10.002"
"22855672","Monkey in the middle: why non-human primates are needed to bridge the gap in resting-state investigations","Hutchison RM, Everling S.","Front Neuroanat. 2012 Jul 26;6:29. doi: 10.3389/fnana.2012.00029. eCollection 2012.","Hutchison RM","Front Neuroanat","2012","2012/08/03","PMC3405297","","10.3389/fnana.2012.00029"
"22735155","Contrasting patterns of cortical input to architectural subdivisions of the area 8 complex: a retrograde tracing study in marmoset monkeys","Reser DH, Burman KJ, Yu HH, Chaplin TA, Richardson KE, Worthy KH, Rosa MG.","Cereb Cortex. 2013 Aug;23(8):1901-22. doi: 10.1093/cercor/bhs177. Epub 2012 Jun 26.","Reser DH","Cereb Cortex","2013","2012/06/28","PMC3698368","","10.1093/cercor/bhs177"
"22553030","Connectivity-based parcellation of the human orbitofrontal cortex","Kahnt T, Chang LJ, Park SQ, Heinzle J, Haynes JD.","J Neurosci. 2012 May 2;32(18):6240-50. doi: 10.1523/JNEUROSCI.0257-12.2012.","Kahnt T","J Neurosci","2012","2012/05/04","PMC6622144","","10.1523/JNEUROSCI.0257-12.2012"
"22328616","Assessing functional connectivity of neural ensembles using directed information","So K, Koralek AC, Ganguly K, Gastpar MC, Carmena JM.","J Neural Eng. 2012 Apr;9(2):026004. doi: 10.1088/1741-2560/9/2/026004. Epub 2012 Feb 13.","So K","J Neural Eng","2012","2012/02/14","","","10.1088/1741-2560/9/2/026004"
"22219283","Echoes of the brain within the posterior cingulate cortex","Leech R, Braga R, Sharp DJ.","J Neurosci. 2012 Jan 4;32(1):215-22. doi: 10.1523/JNEUROSCI.3689-11.2012.","Leech R","J Neurosci","2012","2012/01/06","PMC6621313","","10.1523/JNEUROSCI.3689-11.2012"
"22197743","The functional connectivity of the human caudate: an application of meta-analytic connectivity modeling with behavioral filtering","Robinson JL, Laird AR, Glahn DC, Blangero J, Sanghera MK, Pessoa L, Fox PM, Uecker A, Friehs G, Young KA, Griffin JL, Lovallo WR, Fox PT.","Neuroimage. 2012 Mar;60(1):117-29. doi: 10.1016/j.neuroimage.2011.12.010. Epub 2011 Dec 14.","Robinson JL","Neuroimage","2012","2011/12/27","PMC3288226","NIHMS352171","10.1016/j.neuroimage.2011.12.010"
"22125628","Default-mode-like network activation in awake rodents","Upadhyay J, Baker SJ, Chandran P, Miller L, Lee Y, Marek GJ, Sakoglu U, Chin CL, Luo F, Fox GB, Day M.","PLoS One. 2011;6(11):e27839. doi: 10.1371/journal.pone.0027839. Epub 2011 Nov 18.","Upadhyay J","PLoS One","2011","2011/11/30","PMC3220684","","10.1371/journal.pone.0027839"
"21969864","Neural substrates for the motivational regulation of motor recovery after spinal-cord injury","Nishimura Y, Onoe H, Onoe K, Morichika Y, Tsukada H, Isa T.","PLoS One. 2011;6(9):e24854. doi: 10.1371/journal.pone.0024854. Epub 2011 Sep 28.","Nishimura Y","PLoS One","2011","2011/10/05","PMC3182173","","10.1371/journal.pone.0024854"
"21893683","Functional connectivity between anatomically unconnected areas is shaped by collective network-level effects in the macaque cortex","Adachi Y, Osada T, Sporns O, Watanabe T, Matsui T, Miyamoto K, Miyashita Y.","Cereb Cortex. 2012 Jul;22(7):1586-92. doi: 10.1093/cercor/bhr234. Epub 2011 Sep 5.","Adachi Y","Cereb Cortex","2012","2011/09/07","","","10.1093/cercor/bhr234"
"21840845","Resting-state connectivity identifies distinct functional networks in macaque cingulate cortex","Hutchison RM, Womelsdorf T, Gati JS, Leung LS, Menon RS, Everling S.","Cereb Cortex. 2012 Jun;22(6):1294-308. doi: 10.1093/cercor/bhr181. Epub 2011 Aug 11.","Hutchison RM","Cereb Cortex","2012","2011/08/16","","","10.1093/cercor/bhr181"
"21503649","Investigating human audio-visual object perception with a combination of hypothesis-generating and hypothesis-testing fMRI analysis tools","Naumer MJ, van den Bosch JJ, Wibral M, Kohler A, Singer W, Kaiser J, van de Ven V, Muckli L.","Exp Brain Res. 2011 Sep;213(2-3):309-20. doi: 10.1007/s00221-011-2669-0. Epub 2011 Apr 19.","Naumer MJ","Exp Brain Res","2011","2011/04/20","PMC3155044","","10.1007/s00221-011-2669-0"
"21411650","Diffusion-weighted imaging tractography-based parcellation of the human parietal cortex and comparison with human and macaque resting-state functional connectivity","Mars RB, Jbabdi S, Sallet J, O'Reilly JX, Croxson PL, Olivier E, Noonan MP, Bergmann C, Mitchell AS, Baxter MG, Behrens TE, Johansen-Berg H, Tomassini V, Miller KL, Rushworth MF.","J Neurosci. 2011 Mar 16;31(11):4087-100. doi: 10.1523/JNEUROSCI.5102-10.2011.","Mars RB","J Neurosci","2011","2011/03/18","PMC3091022","UKMS34710","10.1523/JNEUROSCI.5102-10.2011"
"20662902","Broca's region: linking human brain functional connectivity data and non-human primate tracing anatomy studies","Kelly C, Uddin LQ, Shehzad Z, Margulies DS, Castellanos FX, Milham MP, Petrides M.","Eur J Neurosci. 2010 Aug;32(3):383-98. doi: 10.1111/j.1460-9568.2010.07279.x. Epub 2010 Jul 21.","Kelly C","Eur J Neurosci","2010","2010/07/29","PMC3111969","NIHMS294225","10.1111/j.1460-9568.2010.07279.x"
"19603407","Metaanalytic connectivity modeling: delineating the functional connectivity of the human amygdala","Robinson JL, Laird AR, Glahn DC, Lovallo WR, Fox PT.","Hum Brain Mapp. 2010 Feb;31(2):173-84. doi: 10.1002/hbm.20854.","Robinson JL","Hum Brain Mapp","2010","2009/07/16","PMC2872058","NIHMS142188","10.1002/hbm.20854"
"19003478","Cortical network dynamics with time delays reveals functional connectivity in the resting brain","Ghosh A, Rho Y, McIntosh AR, Kötter R, Jirsa VK.","Cogn Neurodyn. 2008 Jun;2(2):115-20. doi: 10.1007/s11571-008-9044-2. Epub 2008 Apr 23.","Ghosh A","Cogn Neurodyn","2008","2008/11/13","PMC2427063","","10.1007/s11571-008-9044-2"
"18512699","Natural and anthropogenic determinants of genetic structure in the largest remaining population of the endangered golden-brown mouse lemur, Microcebus ravelobensis","Radespiel U, Rakotondravony R, Chikhi L.","Am J Primatol. 2008 Sep;70(9):860-70. doi: 10.1002/ajp.20574.","Radespiel U","Am J Primatol","2008","2008/06/03","","","10.1002/ajp.20574"
"18199764","Low-pass filter properties of basal ganglia cortical muscle loops in the normal and MPTP primate model of parkinsonism","Rivlin-Etzion M, Marmor O, Saban G, Rosin B, Haber SN, Vaadia E, Prut Y, Bergman H.","J Neurosci. 2008 Jan 16;28(3):633-49. doi: 10.1523/JNEUROSCI.3388-07.2008.","Rivlin-Etzion M","J Neurosci","2008","2008/01/18","PMC6670346","","10.1523/JNEUROSCI.3388-07.2008"
"21204443","Multielectrode Recordings in the Somatosensory System","Wiest M, Thomson E, Meloy J.","In: Nicolelis MAL, editor. Methods for Neural Ensemble Recordings. 2nd edition. Boca Raton (FL): CRC Press/Taylor & Francis; 2008. Chapter 6.","Wiest M","Methods for Neural Ensemble Recordings","2008","2008/01/01","","",""
"16899720","The structure of multi-neuron firing patterns in primate retina","Shlens J, Field GD, Gauthier JL, Grivich MI, Petrusca D, Sher A, Litke AM, Chichilnisky EJ.","J Neurosci. 2006 Aug 9;26(32):8254-66. doi: 10.1523/JNEUROSCI.1282-06.2006.","Shlens J","J Neurosci","2006","2006/08/11","PMC6673811","","10.1523/JNEUROSCI.1282-06.2006"
"16540174","Loose-patch-juxtacellular recording in vivo--a method for functional characterization and labeling of neurons in macaque V1","Joshi S, Hawken MJ.","J Neurosci Methods. 2006 Sep 30;156(1-2):37-49. doi: 10.1016/j.jneumeth.2006.02.004. Epub 2006 Mar 15.","Joshi S","J Neurosci Methods","2006","2006/03/17","","","10.1016/j.jneumeth.2006.02.004"
"16364895","Mapping cortical activity elicited with electrical microstimulation using FMRI in the macaque","Tolias AS, Sultan F, Augath M, Oeltermann A, Tehovnik EJ, Schiller PH, Logothetis NK.","Neuron. 2005 Dec 22;48(6):901-11. doi: 10.1016/j.neuron.2005.11.034.","Tolias AS","Neuron","2005","2005/12/21","","","10.1016/j.neuron.2005.11.034"
"16361940","Handedness-related functional connectivity using low-frequency blood oxygenation level-dependent fluctuations","He Y, Zang Y, Jiang T, Gong G, Xie S, Xiao J.","Neuroreport. 2006 Jan 23;17(1):5-8. doi: 10.1097/01.wnr.0000192737.92911.a4.","He Y","Neuroreport","2006","2005/12/20","","","10.1097/01.wnr.0000192737.92911.a4"
"16023375","Magnetic resonance imaging of cerebellar-prefrontal and cerebellar-parietal functional connectivity","Allen G, McColl R, Barnard H, Ringe WK, Fleckenstein J, Cullum CM.","Neuroimage. 2005 Oct 15;28(1):39-48. doi: 10.1016/j.neuroimage.2005.06.013. Epub 2005 Jul 14.","Allen G","Neuroimage","2005","2005/07/19","","","10.1016/j.neuroimage.2005.06.013"
"15522243","New approaches for exploring anatomical and functional connectivity in the human brain","Ramnani N, Behrens TE, Penny W, Matthews PM.","Biol Psychiatry. 2004 Nov 1;56(9):613-9. doi: 10.1016/j.biopsych.2004.02.004.","Ramnani N","Biol Psychiatry","2004","2004/11/04","","","10.1016/j.biopsych.2004.02.004"
"14980569","Amygdalar interhemispheric functional connectivity differs between the non-depressed and depressed human brain","Irwin W, Anderle MJ, Abercrombie HC, Schaefer SM, Kalin NH, Davidson RJ.","Neuroimage. 2004 Feb;21(2):674-86. doi: 10.1016/j.neuroimage.2003.09.057.","Irwin W","Neuroimage","2004","2004/02/26","","","10.1016/j.neuroimage.2003.09.057"
"11984822","Nigral and pallidal inputs to functionally segregated thalamostriatal neurons in the centromedian/parafascicular intralaminar nuclear complex in monkey","Sidibé M, Paré JF, Smith Y.","J Comp Neurol. 2002 Jun 3;447(3):286-99. doi: 10.1002/cne.10247.","Sidibé M","J Comp Neurol","2002","2002/05/02","","","10.1002/cne.10247"
"10703047","Computational analysis of functional connectivity between areas of primate cerebral cortex","Stephan KE, Hilgetag CC, Burns GA, O'Neill MA, Young MP, Kötter R.","Philos Trans R Soc Lond B Biol Sci. 2000 Jan 29;355(1393):111-26. doi: 10.1098/rstb.2000.0552.","Stephan KE","Philos Trans R Soc Lond B Biol Sci","2000","2000/03/07","PMC1692715","","10.1098/rstb.2000.0552"
"10630214","Preservation of prefrontal cortical volume in behaviorally characterized aged macaque monkeys","O'Donnell KA, Rapp PR, Hof PR.","Exp Neurol. 1999 Nov;160(1):300-10. doi: 10.1006/exnr.1999.7192.","O'Donnell KA","Exp Neurol","1999","2000/01/12","","","10.1006/exnr.1999.7192"
"10561440","Specificity of color connectivity between primate V1 and V2","Roe AW, Ts'o DY.","J Neurophysiol. 1999 Nov;82(5):2719-30. doi: 10.1152/jn.1999.82.5.2719.","Roe AW","J Neurophysiol","1999","1999/11/24","","","10.1152/jn.1999.82.5.2719"
