﻿PMID,Title,Authors,Citation,First Author,Journal/Book,Publication Year,Create Date,PMCID,NIHMS ID,DOI
"34293407","A pilot behavioural and neuroimaging investigation on photothrombotic stroke models in rhesus monkeys","Zhang Z, Wang S, Du L, Xu L, Lin Y, Liu K, Zou Y, Bin Li, Ye Q, Mao Y, Chen W, Zhou G, Sun H, Huang H, Li R, Li G, Li L, Wang Q, Long Q, Huang H, Geng X, Liu Y, Liu C, Li B, Zhou Z, Li J, Wang J.","J Neurosci Methods. 2021 Jul 20;362:109291. doi: 10.1016/j.jneumeth.2021.109291. Online ahead of print.","Zhang Z","J Neurosci Methods","2021","2021/07/22","","","10.1016/j.jneumeth.2021.109291"
"34118293","The squirrel monkey model in clinical neuroscience","Royo J, Forkel SJ, Pouget P, Thiebaut de Schotten M.","Neurosci Biobehav Rev. 2021 Sep;128:152-164. doi: 10.1016/j.neubiorev.2021.06.006. Epub 2021 Jun 10.","Royo J","Neurosci Biobehav Rev","2021","2021/06/12","","","10.1016/j.neubiorev.2021.06.006"
"34108252","An MD2-perturbing peptide has therapeutic effects in rodent and rhesus monkey models of stroke","Fang Z, Wu D, Deng J, Yang Q, Zhang X, Chen J, Wang S, Hu S, Hou W, Ning S, Ding Y, Fan Z, Jiang Z, Kang J, Liu Y, Miao J, Ji X, Dong H, Xiong L.","Sci Transl Med. 2021 Jun 9;13(597):eabb6716. doi: 10.1126/scitranslmed.abb6716.","Fang Z","Sci Transl Med","2021","2021/06/10","","","10.1126/scitranslmed.abb6716"
"34043075","Optic flow selectivity in the macaque parieto-occipital sulcus","Pitzalis S, Hadj-Bouziane F, Dal Bò G, Guedj C, Strappini F, Meunier M, Farnè A, Fattori P, Galletti C.","Brain Struct Funct. 2021 May 27. doi: 10.1007/s00429-021-02293-w. Online ahead of print.","Pitzalis S","Brain Struct Funct","2021","2021/05/27","","","10.1007/s00429-021-02293-w"
"34042210","Proteobacteria abundance during nursing predicts physical growth and brain volume at one year of age in young rhesus monkeys","Rendina DN, Lubach GR, Lyte M, Phillips GJ, Gosain A, Pierre JF, Vlasova RM, Styner MA, Coe CL.","FASEB J. 2021 Jun;35(6):e21682. doi: 10.1096/fj.202002162R.","Rendina DN","FASEB J","2021","2021/05/27","","","10.1096/fj.202002162R"
"33827936","Distinct Functional and Structural Connectivity of the Human Hand-Knob Supported by Intraoperative Findings","Simone L, Viganò L, Fornia L, Howells H, Leonetti A, Puglisi G, Bellacicca A, Bello L, Cerri G.","J Neurosci. 2021 May 12;41(19):4223-4233. doi: 10.1523/JNEUROSCI.1574-20.2021. Epub 2021 Apr 7.","Simone L","J Neurosci","2021","2021/04/08","PMC8143196","","10.1523/JNEUROSCI.1574-20.2021"
"33818801","Aging-related Alzheimer's disease-like neuropathology and functional decline in captive vervet monkeys (Chlorocebus aethiops sabaeus)","Frye BM, Craft S, Latimer CS, Keene CD, Montine TJ, Register TC, Orr ME, Kavanagh K, Macauley SL, Shively CA.","Am J Primatol. 2021 Apr 5:e23260. doi: 10.1002/ajp.23260. Online ahead of print.","Frye BM","Am J Primatol","2021","2021/04/05","","","10.1002/ajp.23260"
"33789137","U-net model for brain extraction: Trained on humans for transfer to non-human primates","Wang X, Li XH, Cho JW, Russ BE, Rajamani N, Omelchenko A, Ai L, Korchmaros A, Sawiak S, Benn RA, Garcia-Saldivar P, Wang Z, Kalin NH, Schroeder CE, Craddock RC, Fox AS, Evans AC, Messinger A, Milham MP, Xu T.","Neuroimage. 2021 Jul 15;235:118001. doi: 10.1016/j.neuroimage.2021.118001. Epub 2021 Mar 28.","Wang X","Neuroimage","2021","2021/03/31","","","10.1016/j.neuroimage.2021.118001"
"33716694","Infantile Iron Deficiency Affects Brain Development in Monkeys Even After Treatment of Anemia","Vlasova RM, Wang Q, Willette A, Styner MA, Lubach GR, Kling PJ, Georgieff MK, Rao RB, Coe CL.","Front Hum Neurosci. 2021 Feb 24;15:624107. doi: 10.3389/fnhum.2021.624107. eCollection 2021.","Vlasova RM","Front Hum Neurosci","2021","2021/03/15","PMC7947927","","10.3389/fnhum.2021.624107"
"33549320","General anaesthesia during infancy reduces white matter micro-organisation in developing rhesus monkeys","Young JT, Vlasova RM, Howell BR, Knickmeyer RC, Morin E, Kuitchoua KI, Lubach GR, Noel J, Hu X, Shi Y, Caudill G, Alexander AL, Niethammer M, Paule MG, Coe CL, Sanchez M, Styner M.","Br J Anaesth. 2021 Apr;126(4):845-853. doi: 10.1016/j.bja.2020.12.029. Epub 2021 Feb 3.","Young JT","Br J Anaesth","2021","2021/02/07","PMC8132881","","10.1016/j.bja.2020.12.029"
"33484849","The nonhuman primate neuroimaging and neuroanatomy project","Hayashi T, Hou Y, Glasser MF, Autio JA, Knoblauch K, Inoue-Murayama M, Coalson T, Yacoub E, Smith S, Kennedy H, Van Essen DC.","Neuroimage. 2021 Apr 1;229:117726. doi: 10.1016/j.neuroimage.2021.117726. Epub 2021 Jan 20.","Hayashi T","Neuroimage","2021","2021/01/23","PMC8079967","NIHMS1688396","10.1016/j.neuroimage.2021.117726"
"33482086","Common fronto-temporal effective connectivity in humans and monkeys","Rocchi F, Oya H, Balezeau F, Billig AJ, Kocsis Z, Jenison RL, Nourski KV, Kovach CK, Steinschneider M, Kikuchi Y, Rhone AE, Dlouhy BJ, Kawasaki H, Adolphs R, Greenlee JDW, Griffiths TD, Howard MA 3rd, Petkov CI.","Neuron. 2021 Mar 3;109(5):852-868.e8. doi: 10.1016/j.neuron.2020.12.026. Epub 2021 Jan 21.","Rocchi F","Neuron","2021","2021/01/22","PMC7927917","NIHMS1670759","10.1016/j.neuron.2020.12.026"
"33362482","The Inferior Colliculus in Alcoholism and Beyond","Bordia T, Zahr NM.","Front Syst Neurosci. 2020 Dec 11;14:606345. doi: 10.3389/fnsys.2020.606345. eCollection 2020.","Bordia T","Front Syst Neurosci","2020","2020/12/28","PMC7759542","","10.3389/fnsys.2020.606345"
"33359631","In-vivo diffusion MRI protocol optimization for the chimpanzee brain and examination of aging effects on the primate optic nerve at 3T","Zhang X, Li CX, Yan Y, Nair G, Rilling JK, Herndon JG, Preuss TM, Hu X, Li L.","Magn Reson Imaging. 2021 Apr;77:194-203. doi: 10.1016/j.mri.2020.12.015. Epub 2020 Dec 23.","Zhang X","Magn Reson Imaging","2021","2020/12/28","PMC7878399","NIHMS1657502","10.1016/j.mri.2020.12.015"
"33359353","Using non-invasive neuroimaging to enhance the care, well-being and experimental outcomes of laboratory non-human primates (monkeys)","Basso MA, Frey S, Guerriero KA, Jarraya B, Kastner S, Koyano KW, Leopold DA, Murphy K, Poirier C, Pope W, Silva AC, Tansey G, Uhrig L.","Neuroimage. 2021 Mar;228:117667. doi: 10.1016/j.neuroimage.2020.117667. Epub 2020 Dec 24.","Basso MA","Neuroimage","2021","2020/12/28","PMC8005297","NIHMS1677100","10.1016/j.neuroimage.2020.117667"
"33137472","Sharing voxelwise neuroimaging results from rhesus monkeys and other species with Neurovault","Fox AS, Holley D, Klink PC, Arbuckle SA, Barnes CA, Diedrichsen J, Kwok SC, Kyle C, Pruszynski JA, Seidlitz J, Zhou X, Poldrack RA, Gorgolewski KJ.","Neuroimage. 2021 Jan 15;225:117518. doi: 10.1016/j.neuroimage.2020.117518. Epub 2020 Oct 31.","Fox AS","Neuroimage","2021","2020/11/02","PMC7846271","NIHMS1659144","10.1016/j.neuroimage.2020.117518"
"33130051","Protective cranial implant caps for macaques","Perry BAL, Mason S, Nacef J, Waddle A, Hynes B, Bergmann C, Schmid MC, Petkov CI, Thiele A, Mitchell AS.","J Neurosci Methods. 2021 Jan 15;348:108992. doi: 10.1016/j.jneumeth.2020.108992. Epub 2020 Oct 29.","Perry BAL","J Neurosci Methods","2021","2020/11/01","PMC7840592","","10.1016/j.jneumeth.2020.108992"
"33127411","Effects of alfaxalone on cerebral blood flow and intrinsic neural activity of rhesus monkeys: A comparison study with ketamine","Li CX, Kempf D, Howell L, Zhang X.","Magn Reson Imaging. 2021 Jan;75:134-140. doi: 10.1016/j.mri.2020.10.011. Epub 2020 Oct 27.","Li CX","Magn Reson Imaging","2021","2020/10/31","PMC7733545","NIHMS1643371","10.1016/j.mri.2020.10.011"
"32848562","Statistical Learning Signals for Complex Visual Images in Macaque Early Visual Cortex","Vergnieux V, Vogels R.","Front Neurosci. 2020 Jul 31;14:789. doi: 10.3389/fnins.2020.00789. eCollection 2020.","Vergnieux V","Front Neurosci","2020","2020/08/28","PMC7411161","","10.3389/fnins.2020.00789"
"32709417","Transcriptional Profiling of Primate Central Nucleus of the Amygdala Neurons to Understand the Molecular Underpinnings of Early-Life Anxious Temperament","Kovner R, Souaiaia T, Fox AS, French DA, Goss CE, Roseboom PH, Oler JA, Riedel MK, Fekete EM, Fudge JL, Knowles JA, Kalin NH.","Biol Psychiatry. 2020 Oct 15;88(8):638-648. doi: 10.1016/j.biopsych.2020.05.009. Epub 2020 May 19.","Kovner R","Biol Psychiatry","2020","2020/07/26","PMC7530008","NIHMS1615612","10.1016/j.biopsych.2020.05.009"
"32539526","Diagnostic Classification for Human Autism and Obsessive-Compulsive Disorder Based on Machine Learning From a Primate Genetic Model","Zhan Y, Wei J, Liang J, Xu X, He R, Robbins TW, Wang Z.","Am J Psychiatry. 2021 Jan 1;178(1):65-76. doi: 10.1176/appi.ajp.2020.19101091. Epub 2020 Jun 16.","Zhan Y","Am J Psychiatry","2021","2020/06/17","","","10.1176/appi.ajp.2020.19101091"
"32410227","Sex differences in the brains of capuchin monkeys (Sapajus [Cebus] apella)","Hecht EE, Reilly OT, Benítez ME, Phillips KA, Brosnan SF.","J Comp Neurol. 2021 Feb;529(2):327-339. doi: 10.1002/cne.24950. Epub 2020 Jun 14.","Hecht EE","J Comp Neurol","2021","2020/05/16","","","10.1002/cne.24950"
"32240763","Obesogenic diet-associated C-reactive protein predicts reduced central dopamine and corticostriatal functional connectivity in female rhesus monkeys","Godfrey JR, Pincus M, Kovacs-Balint Z, Feczko E, Earl E, Miranda-Dominguez O, Fair DA, Jones SR, Locke J, Sanchez MM, Wilson ME, Michopoulos V.","Brain Behav Immun. 2020 Aug;88:166-173. doi: 10.1016/j.bbi.2020.03.030. Epub 2020 Mar 30.","Godfrey JR","Brain Behav Immun","2020","2020/04/03","PMC7416544","NIHMS1581700","10.1016/j.bbi.2020.03.030"
"31968331","What We Can Find Beyond the Classic Neuroimaging Findings of Congenital Zika Virus Syndrome?","Niemeyer B, Hollanda R, Muniz B, Marchiori E.","Eur Neurol. 2020;83(1):17-24. doi: 10.1159/000505834. Epub 2020 Jan 22.","Niemeyer B","Eur Neurol","2020","2020/01/23","","","10.1159/000505834"
"31871175","Cerebral cortical folding, parcellation, and connectivity in humans, nonhuman primates, and mice","Van Essen DC, Donahue CJ, Coalson TS, Kennedy H, Hayashi T, Glasser MF.","Proc Natl Acad Sci U S A. 2019 Dec 23;116(52):26173-80. doi: 10.1073/pnas.1902299116. Online ahead of print.","Van Essen DC","Proc Natl Acad Sci U S A","2019","2019/12/25","PMC6936571","","10.1073/pnas.1902299116"
"31862614","Effects of chronic intranasal oxytocin on behavior and cerebral glucose uptake in juvenile titi monkeys","Arias Del Razo R, Berger T, Conley AJ, Freeman SM, Goetze LR, Jacob S, Lawrence RH, Mendoza SP, Rothwell ES, Savidge LE, Solomon M, Weinstein TAR, Witczak LR, Bales KL.","Psychoneuroendocrinology. 2020 Mar;113:104494. doi: 10.1016/j.psyneuen.2019.104494. Epub 2019 Oct 31.","Arias Del Razo R","Psychoneuroendocrinology","2020","2019/12/22","PMC7909742","NIHMS1666376","10.1016/j.psyneuen.2019.104494"
"31836661","Taste Quality Representation in the Human Brain","Avery JA, Liu AG, Ingeholm JE, Riddell CD, Gotts SJ, Martin A.","J Neurosci. 2020 Jan 29;40(5):1042-1052. doi: 10.1523/JNEUROSCI.1751-19.2019. Epub 2019 Dec 13.","Avery JA","J Neurosci","2020","2019/12/15","PMC6989007","","10.1523/JNEUROSCI.1751-19.2019"
"31830589","Dynamic causal modelling of phase-amplitude interactions","Fagerholm ED, Moran RJ, Violante IR, Leech R, Friston KJ.","Neuroimage. 2020 Mar;208:116452. doi: 10.1016/j.neuroimage.2019.116452. Epub 2019 Dec 9.","Fagerholm ED","Neuroimage","2020","2019/12/13","","","10.1016/j.neuroimage.2019.116452"
"31778818","A 16-channel AC/DC array coil for anesthetized monkey whole-brain imaging at 7T","Gao Y, Mareyam A, Sun Y, Witzel T, Arango N, Kuang I, White J, Roe AW, Wald L, Stockmann J, Zhang X.","Neuroimage. 2020 Feb 15;207:116396. doi: 10.1016/j.neuroimage.2019.116396. Epub 2019 Nov 25.","Gao Y","Neuroimage","2020","2019/11/29","PMC7309650","NIHMS1595681","10.1016/j.neuroimage.2019.116396"
"31579844","Neuroimaging of pain in animal models: a review of recent literature","Da Silva JT, Seminowicz DA.","Pain Rep. 2019 Aug 7;4(4):e732. doi: 10.1097/PR9.0000000000000732. eCollection 2019 Jul-Aug.","Da Silva JT","Pain Rep","2019","2019/10/04","PMC6728006","","10.1097/PR9.0000000000000732"
"31494249","A population stereotaxic positron emission tomography brain template for the macaque and its application to ischemic model","Nie B, Wang L, Hu Y, Liang S, Tan Z, Chai P, Tang Y, Shang J, Pan Z, Zhao X, Zhang X, Gong J, Zheng C, Xu H, Wey HY, Liang SH, Shan B.","Neuroimage. 2019 Dec;203:116163. doi: 10.1016/j.neuroimage.2019.116163. Epub 2019 Sep 5.","Nie B","Neuroimage","2019","2019/09/09","","","10.1016/j.neuroimage.2019.116163"
"31379528","PET Measures of D1, D2, and DAT Binding Are Associated With Heightened Tactile Responsivity in Rhesus Macaques: Implications for Sensory Processing Disorder","Schneider ML, Moore CF, Ahlers EO, Barnhart TE, Christian BT, DeJesus OT, Engle JW, Holden JE, Larson JA, Moirano JM, Murali D, Nickles RJ, Resch LM, Converse AK.","Front Integr Neurosci. 2019 Jul 17;13:29. doi: 10.3389/fnint.2019.00029. eCollection 2019.","Schneider ML","Front Integr Neurosci","2019","2019/08/06","PMC6652150","","10.3389/fnint.2019.00029"
"31184751","Cross-species convergence in pupillary response: understanding human anxiety via non-human primate amygdala lesion","Pagliaccio D, Pine DS, Leibenluft E, Dal Monte O, Averbeck BB, Costa VD.","Soc Cogn Affect Neurosci. 2019 Aug 7;14(6):591-599. doi: 10.1093/scan/nsz041.","Pagliaccio D","Soc Cogn Affect Neurosci","2019","2019/06/12","PMC6688453","","10.1093/scan/nsz041"
"31124049","Current Opinions and Consensus for Studying Tremor in Animal Models","Kuo SH, Louis ED, Faust PL, Handforth A, Chang SY, Avlar B, Lang EJ, Pan MK, Miterko LN, Brown AM, Sillitoe RV, Anderson CJ, Pulst SM, Gallagher MJ, Lyman KA, Chetkovich DM, Clark LN, Tio M, Tan EK, Elble RJ.","Cerebellum. 2019 Dec;18(6):1036-1063. doi: 10.1007/s12311-019-01037-1.","Kuo SH","Cerebellum","2019","2019/05/25","PMC6872927","NIHMS1530183","10.1007/s12311-019-01037-1"
"31123101","Mnemonic Introspection in Macaques Is Dependent on Superior Dorsolateral Prefrontal Cortex But Not Orbitofrontal Cortex","Kwok SC, Cai Y, Buckley MJ.","J Neurosci. 2019 Jul 24;39(30):5922-5934. doi: 10.1523/JNEUROSCI.0330-19.2019. Epub 2019 May 23.","Kwok SC","J Neurosci","2019","2019/05/25","PMC6650985","","10.1523/JNEUROSCI.0330-19.2019"
"30873000","Brain Map of Intrinsic Functional Flexibility in Anesthetized Monkeys and Awake Humans","Yin D, Zhang Z, Wang Z, Zeljic K, Lv Q, Cai D, Wang Y, Wang Z.","Front Neurosci. 2019 Feb 28;13:174. doi: 10.3389/fnins.2019.00174. eCollection 2019.","Yin D","Front Neurosci","2019","2019/03/16","PMC6403192","","10.3389/fnins.2019.00174"
"30816142","Reward cues readily direct monkeys' auditory performance resulting in broad auditory cortex modulation and interaction with sites along cholinergic and dopaminergic pathways","Wikman P, Rinne T, Petkov CI.","Sci Rep. 2019 Feb 28;9(1):3055. doi: 10.1038/s41598-019-38833-y.","Wikman P","Sci Rep","2019","2019/03/01","PMC6395775","","10.1038/s41598-019-38833-y"
"30718320","Glutamate Within the Marmoset Anterior Hippocampus Interacts with Area 25 to Regulate the Behavioral and Cardiovascular Correlates of High-Trait Anxiety","Zeredo JL, Quah SKL, Wallis CU, Alexander L, Cockcroft GJ, Santangelo AM, Xia J, Shiba Y, Dalley JW, Cardinal RN, Roberts AC, Clarke HF.","J Neurosci. 2019 Apr 17;39(16):3094-3107. doi: 10.1523/JNEUROSCI.2451-18.2018. Epub 2019 Feb 4.","Zeredo JL","J Neurosci","2019","2019/02/06","PMC6468106","","10.1523/JNEUROSCI.2451-18.2018"
"30528065","Fractionating Blunted Reward Processing Characteristic of Anhedonia by Over-Activating Primate Subgenual Anterior Cingulate Cortex","Alexander L, Gaskin PLR, Sawiak SJ, Fryer TD, Hong YT, Cockcroft GJ, Clarke HF, Roberts AC.","Neuron. 2019 Jan 16;101(2):307-320.e6. doi: 10.1016/j.neuron.2018.11.021. Epub 2018 Dec 4.","Alexander L","Neuron","2019","2018/12/12","PMC6344231","","10.1016/j.neuron.2018.11.021"
"30487652","D2 receptors and cognitive flexibility in marmosets: tri-phasic dose-response effects of intra-striatal quinpirole on serial reversal performance","Horst NK, Jupp B, Roberts AC, Robbins TW.","Neuropsychopharmacology. 2019 Feb;44(3):564-571. doi: 10.1038/s41386-018-0272-9. Epub 2018 Nov 15.","Horst NK","Neuropsychopharmacology","2019","2018/11/30","PMC6333796","EMS80282","10.1038/s41386-018-0272-9"
"30467082","A nonhuman primate model of early Alzheimer's disease pathologic change: Implications for disease pathogenesis","Latimer CS, Shively CA, Keene CD, Jorgensen MJ, Andrews RN, Register TC, Montine TJ, Wilson AM, Neth BJ, Mintz A, Maldjian JA, Whitlow CT, Kaplan JR, Craft S.","Alzheimers Dement. 2019 Jan;15(1):93-105. doi: 10.1016/j.jalz.2018.06.3057. Epub 2018 Nov 19.","Latimer CS","Alzheimers Dement","2019","2018/11/24","PMC6383152","NIHMS1513084","10.1016/j.jalz.2018.06.3057"
"30308163","The Blind Men and the Elephant: The Quest for Open Data Repositories","Vanduffel W.","Neuron. 2018 Oct 10;100(1):1-3. doi: 10.1016/j.neuron.2018.09.039.","Vanduffel W","Neuron","2018","2018/10/12","","","10.1016/j.neuron.2018.09.039"
"30306352","Estrogens, Aging, and Working Memory","Hampson E.","Curr Psychiatry Rep. 2018 Oct 11;20(12):109. doi: 10.1007/s11920-018-0972-1.","Hampson E","Curr Psychiatry Rep","2018","2018/10/12","PMC6182645","","10.1007/s11920-018-0972-1"
"30295946","Intranasal oxytocin in rhesus monkeys alters brain networks that detect social salience and reward","Parr LA, Mitchell T, Hecht E.","Am J Primatol. 2018 Oct;80(10):e22915. doi: 10.1002/ajp.22915. Epub 2018 Sep 17.","Parr LA","Am J Primatol","2018","2018/10/09","PMC6381825","NIHMS1000439","10.1002/ajp.22915"
"30102999","Pathophysiology of levodopa-induced dyskinesia: Insights from multimodal imaging and immunohistochemistry in non-human primates","Beaudoin-Gobert M, Météreau E, Duperrier S, Thobois S, Tremblay L, Sgambato V.","Neuroimage. 2018 Dec;183:132-141. doi: 10.1016/j.neuroimage.2018.08.016. Epub 2018 Aug 10.","Beaudoin-Gobert M","Neuroimage","2018","2018/08/14","","","10.1016/j.neuroimage.2018.08.016"
"30061190","Functional Connectivity within the Primate Extended Amygdala Is Heritable and Associated with Early-Life Anxious Temperament","Fox AS, Oler JA, Birn RM, Shackman AJ, Alexander AL, Kalin NH.","J Neurosci. 2018 Aug 29;38(35):7611-7621. doi: 10.1523/JNEUROSCI.0102-18.2018. Epub 2018 Jul 30.","Fox AS","J Neurosci","2018","2018/08/01","PMC6113902","","10.1523/JNEUROSCI.0102-18.2018"
"30019438","Auditory motion does not modulate spiking activity in the middle temporal and medial superior temporal visual areas","Chaplin TA, Allitt BJ, Hagan MA, Rosa MGP, Rajan R, Lui LL.","Eur J Neurosci. 2018 Aug;48(4):2013-2029. doi: 10.1111/ejn.14071. Epub 2018 Aug 7.","Chaplin TA","Eur J Neurosci","2018","2018/07/19","","","10.1111/ejn.14071"
"29852280","Concentric radiofrequency arrays to increase the statistical power of resting-state maps in monkeys","Gilbert KM, Schaeffer DJ, Zeman P, Diedrichsen J, Everling S, Martinez-Trujillo JC, Pruszynski JA, Menon RS.","Neuroimage. 2018 Sep;178:287-294. doi: 10.1016/j.neuroimage.2018.05.057. Epub 2018 May 28.","Gilbert KM","Neuroimage","2018","2018/06/01","","","10.1016/j.neuroimage.2018.05.057"
"29720690","Preparatory activity for purposeful arm movements in the dorsomedial parietal area V6A: Beyond the online guidance of movement","Santandrea E, Breveglieri R, Bosco A, Galletti C, Fattori P.","Sci Rep. 2018 May 2;8(1):6926. doi: 10.1038/s41598-018-25117-0.","Santandrea E","Sci Rep","2018","2018/05/04","PMC5931970","","10.1038/s41598-018-25117-0"
"29701751","Lifespan Trajectories of White Matter Changes in Rhesus Monkeys","Kubicki M, Baxi M, Pasternak O, Tang Y, Karmacharya S, Chunga N, Lyall AE, Rathi Y, Eckbo R, Bouix S, Mortazavi F, Papadimitriou G, Shenton ME, Westin CF, Killiany R, Makris N, Rosene DL.","Cereb Cortex. 2019 Apr 1;29(4):1584-1593. doi: 10.1093/cercor/bhy056.","Kubicki M","Cereb Cortex","2019","2018/04/28","PMC6418383","","10.1093/cercor/bhy056"
"29567621","Diet matters: Glucocorticoid-related neuroadaptations associated with calorie intake in female rhesus monkeys","Godfrey JR, Diaz MP, Pincus M, Kovacs-Balint Z, Feczko E, Earl E, Miranda-Dominguez O, Fair D, Sanchez MM, Wilson ME, Michopoulos V.","Psychoneuroendocrinology. 2018 May;91:169-178. doi: 10.1016/j.psyneuen.2018.03.008. Epub 2018 Mar 14.","Godfrey JR","Psychoneuroendocrinology","2018","2018/03/24","PMC5899678","NIHMS952946","10.1016/j.psyneuen.2018.03.008"
"29260370","Sensory properties of the caudal aspect of the macaque's superior parietal lobule","Gamberini M, Dal Bò G, Breveglieri R, Briganti S, Passarelli L, Fattori P, Galletti C.","Brain Struct Funct. 2018 May;223(4):1863-1879. doi: 10.1007/s00429-017-1593-x. Epub 2017 Dec 19.","Gamberini M","Brain Struct Funct","2018","2017/12/21","","","10.1007/s00429-017-1593-x"
"29214905","The jungle book of neuropsychology: Disentangling the influence of feral childhood from adult brain injury in order to provide effective rehabilitation","McIntosh CJ, James AIW.","Neuropsychol Rehabil. 2018 Mar;28(2):293-308. doi: 10.1080/09602011.2017.1408472. Epub 2017 Dec 7.","McIntosh CJ","Neuropsychol Rehabil","2018","2017/12/08","","","10.1080/09602011.2017.1408472"
"29055725","Evaluation of prolonged administration of isoflurane on cerebral blood flow and default mode network in macaque monkeys anesthetized with different maintenance doses","Li CX, Zhang X.","Neurosci Lett. 2018 Jan 1;662:402-408. doi: 10.1016/j.neulet.2017.10.034. Epub 2017 Oct 18.","Li CX","Neurosci Lett","2018","2017/10/23","PMC5722273","NIHMS919129","10.1016/j.neulet.2017.10.034"
"28917446","Amplitude modulation rate dependent topographic organization of the auditory steady-state response in human auditory cortex","Weisz N, Lithari C.","Hear Res. 2017 Oct;354:102-108. doi: 10.1016/j.heares.2017.09.003. Epub 2017 Sep 11.","Weisz N","Hear Res","2017","2017/09/18","","","10.1016/j.heares.2017.09.003"
"28769801","Characterization and Reliability of [(18)F]2FNQ1P in Cynomolgus Monkeys as a PET Radiotracer for Serotonin 5-HT(6) Receptors","Sgambato-Faure V, Billard T, Météreau E, Duperrier S, Fieux S, Costes N, Tremblay L, Zimmer L.","Front Pharmacol. 2017 Jul 18;8:471. doi: 10.3389/fphar.2017.00471. eCollection 2017.","Sgambato-Faure V","Front Pharmacol","2017","2017/08/04","PMC5513908","","10.3389/fphar.2017.00471"
"28756869","Converging Prefronto-Insula-Amygdala Pathways in Negative Emotion Regulation in Marmoset Monkeys","Shiba Y, Oikonomidis L, Sawiak S, Fryer TD, Hong YT, Cockcroft G, Santangelo AM, Roberts AC.","Biol Psychiatry. 2017 Dec 15;82(12):895-903. doi: 10.1016/j.biopsych.2017.06.016. Epub 2017 Jun 23.","Shiba Y","Biol Psychiatry","2017","2017/08/01","PMC5697497","","10.1016/j.biopsych.2017.06.016"
"28739639","Advances in neuroscience imply that harmful experiments in dogs are unethical","Bailey J, Pereira S.","J Med Ethics. 2018 Jan;44(1):47-52. doi: 10.1136/medethics-2016-103630. Epub 2017 Jul 24.","Bailey J","J Med Ethics","2018","2017/07/26","PMC5749309","","10.1136/medethics-2016-103630"
"28674177","Retinotopic Organization of Scene Areas in Macaque Inferior Temporal Cortex","Arcaro MJ, Livingstone MS.","J Neurosci. 2017 Aug 2;37(31):7373-7389. doi: 10.1523/JNEUROSCI.0569-17.2017. Epub 2017 Jul 3.","Arcaro MJ","J Neurosci","2017","2017/07/05","PMC5546109","","10.1523/JNEUROSCI.0569-17.2017"
"28461477","Opposing roles of primate areas 25 and 32 and their putative rodent homologs in the regulation of negative emotion","Wallis CU, Cardinal RN, Alexander L, Roberts AC, Clarke HF.","Proc Natl Acad Sci U S A. 2017 May 16;114(20):E4075-E4084. doi: 10.1073/pnas.1620115114. Epub 2017 May 1.","Wallis CU","Proc Natl Acad Sci U S A","2017","2017/05/03","PMC5441783","","10.1073/pnas.1620115114"
"28424398","[Brodmann Areas 27, 28, 36 and 37: The Parahippocampal and the Fusiform Gyri]","Eifuku S.","Brain Nerve. 2017 Apr;69(4):439-451. doi: 10.11477/mf.1416200762.","Eifuku S","Brain Nerve","2017","2017/04/21","","","10.11477/mf.1416200762"
"28369850","An MRI study of the corpus callosum in monkeys: Developmental trajectories and effects of neonatal hippocampal and amygdala lesions","Payne C, Cirilli L, Bachevalier J.","Dev Psychobiol. 2017 May;59(4):495-506. doi: 10.1002/dev.21514. Epub 2017 Apr 3.","Payne C","Dev Psychobiol","2017","2017/04/04","PMC5421320","NIHMS857559","10.1002/dev.21514"
"28210206","The UNC-Wisconsin Rhesus Macaque Neurodevelopment Database: A Structural MRI and DTI Database of Early Postnatal Development","Young JT, Shi Y, Niethammer M, Grauer M, Coe CL, Lubach GR, Davis B, Budin F, Knickmeyer RC, Alexander AL, Styner MA.","Front Neurosci. 2017 Feb 2;11:29. doi: 10.3389/fnins.2017.00029. eCollection 2017.","Young JT","Front Neurosci","2017","2017/02/18","PMC5288388","","10.3389/fnins.2017.00029"
"28159617","A brief comparative review of primate posterior parietal cortex: A novel hypothesis on the human toolmaker","Kastner S, Chen Q, Jeong SK, Mruczek REB.","Neuropsychologia. 2017 Oct;105:123-134. doi: 10.1016/j.neuropsychologia.2017.01.034. Epub 2017 Jan 31.","Kastner S","Neuropsychologia","2017","2017/02/05","PMC5537042","NIHMS850278","10.1016/j.neuropsychologia.2017.01.034"
"28056343","Perceptual Decision Making in Rodents, Monkeys, and Humans","Hanks TD, Summerfield C.","Neuron. 2017 Jan 4;93(1):15-31. doi: 10.1016/j.neuron.2016.12.003.","Hanks TD","Neuron","2017","2017/01/06","","","10.1016/j.neuron.2016.12.003"
"28030956","Effects of Long-Duration Administration of 1% Isoflurane on Resting Cerebral Blood Flow and Default Mode Network in Macaque Monkeys","Li CX, Zhang X.","Brain Connect. 2017 Mar;7(2):98-105. doi: 10.1089/brain.2016.0445. Epub 2017 Jan 24.","Li CX","Brain Connect","2017","2016/12/30","PMC5359674","","10.1089/brain.2016.0445"
"28003408","Intrinsic functional architecture of the macaque dorsal and ventral lateral frontal cortex","Goulas A, Stiers P, Hutchison RM, Everling S, Petrides M, Margulies DS.","J Neurophysiol. 2017 Mar 1;117(3):1084-1099. doi: 10.1152/jn.00486.2016. Epub 2016 Dec 21.","Goulas A","J Neurophysiol","2017","2016/12/23","PMC5340881","","10.1152/jn.00486.2016"
"27923731","Social modulation of cognition: Lessons from rhesus macaques relevant to education","Monfardini E, Reynaud AJ, Prado J, Meunier M.","Neurosci Biobehav Rev. 2017 Nov;82:45-57. doi: 10.1016/j.neubiorev.2016.12.002. Epub 2016 Dec 5.","Monfardini E","Neurosci Biobehav Rev","2017","2016/12/08","","","10.1016/j.neubiorev.2016.12.002"
"27909007","Statistical Learning Signals in Macaque Inferior Temporal Cortex","Kaposvari P, Kumar S, Vogels R.","Cereb Cortex. 2018 Jan 1;28(1):250-266. doi: 10.1093/cercor/bhw374.","Kaposvari P","Cereb Cortex","2018","2016/12/03","","","10.1093/cercor/bhw374"
"27889392","Transcranial magnetic stimulation to dorsolateral prefrontal cortex affects conflict-induced behavioural adaptation in a Wisconsin Card Sorting Test analogue","Boschin EA, Mars RB, Buckley MJ.","Neuropsychologia. 2017 Jan 8;94:36-43. doi: 10.1016/j.neuropsychologia.2016.11.015. Epub 2016 Nov 23.","Boschin EA","Neuropsychologia","2017","2016/11/28","PMC5226064","","10.1016/j.neuropsychologia.2016.11.015"
"27760814","Independent coding of absolute duration and distance magnitudes in the prefrontal cortex","Marcos E, Tsujimoto S, Genovesio A.","J Neurophysiol. 2017 Jan 1;117(1):195-203. doi: 10.1152/jn.00245.2016. Epub 2016 Oct 19.","Marcos E","J Neurophysiol","2017","2016/10/21","PMC5209538","","10.1152/jn.00245.2016"
"27488625","Contributions of the Central Extended Amygdala to Fear and Anxiety","Shackman AJ, Fox AS.","J Neurosci. 2016 Aug 3;36(31):8050-63. doi: 10.1523/JNEUROSCI.0982-16.2016.","Shackman AJ","J Neurosci","2016","2016/08/05","PMC4971357","","10.1523/JNEUROSCI.0982-16.2016"
"27417149","Pharmacokinetics of the MRI contrast agent gadobutrol in common marmoset monkeys (Callithrix jacchus)","Helms G, Schlumbohm C, Garea-Rodriguez E, Dechent P, Fuchs E.","J Med Primatol. 2016 Dec;45(6):290-296. doi: 10.1111/jmp.12227. Epub 2016 Jul 15.","Helms G","J Med Primatol","2016","2016/07/16","","","10.1111/jmp.12227"
"27413146","Abstract and Effector-Selective Decision Signals Exhibit Qualitatively Distinct Dynamics before Delayed Perceptual Reports","Twomey DM, Kelly SP, O'Connell RG.","J Neurosci. 2016 Jul 13;36(28):7346-52. doi: 10.1523/JNEUROSCI.4162-15.2016.","Twomey DM","J Neurosci","2016","2016/07/15","PMC4945659","","10.1523/JNEUROSCI.4162-15.2016"
"27016385","Overexpressing Corticotropin-Releasing Factor in the Primate Amygdala Increases Anxious Temperament and Alters Its Neural Circuit","Kalin NH, Fox AS, Kovner R, Riedel MK, Fekete EM, Roseboom PH, Tromp do PM, Grabow BP, Olsen ME, Brodsky EK, McFarlin DR, Alexander AL, Emborg ME, Block WF, Fudge JL, Oler JA.","Biol Psychiatry. 2016 Sep 1;80(5):345-55. doi: 10.1016/j.biopsych.2016.01.010. Epub 2016 Jan 30.","Kalin NH","Biol Psychiatry","2016","2016/03/27","PMC4967405","NIHMS756151","10.1016/j.biopsych.2016.01.010"
"26941618","Beyond the Medial Regions of Prefrontal Cortex in the Regulation of Fear and Anxiety","Shiba Y, Santangelo AM, Roberts AC.","Front Syst Neurosci. 2016 Feb 22;10:12. doi: 10.3389/fnsys.2016.00012. eCollection 2016.","Shiba Y","Front Syst Neurosci","2016","2016/03/05","PMC4761915","","10.3389/fnsys.2016.00012"
"26908365","Connectivity between the central nucleus of the amygdala and the bed nucleus of the stria terminalis in the non-human primate: neuronal tract tracing and developmental neuroimaging studies","Oler JA, Tromp DP, Fox AS, Kovner R, Davidson RJ, Alexander AL, McFarlin DR, Birn RM, E Berg B, deCampo DM, Kalin NH, Fudge JL.","Brain Struct Funct. 2017 Jan;222(1):21-39. doi: 10.1007/s00429-016-1198-9. Epub 2016 Feb 23.","Oler JA","Brain Struct Funct","2017","2016/02/25","PMC4995160","NIHMS762902","10.1007/s00429-016-1198-9"
"26818510","Neuronal Modulation in the Prefrontal Cortex in a Transitive Inference Task: Evidence of Neuronal Correlates of Mental Schema Management","Brunamonti E, Mione V, Di Bello F, Pani P, Genovesio A, Ferraina S.","J Neurosci. 2016 Jan 27;36(4):1223-36. doi: 10.1523/JNEUROSCI.1473-15.2016.","Brunamonti E","J Neurosci","2016","2016/01/29","PMC6604826","","10.1523/JNEUROSCI.1473-15.2016"
"26798573","An Automated Motion Detection and Reward System for Animal Training","Miller B, Lim AN, Heidbreder AF, Black KJ.","Cureus. 2015 Dec 4;7(12):e397. doi: 10.7759/cureus.397.","Miller B","Cureus","2015","2016/01/23","PMC4699987","","10.7759/cureus.397"
"26759477","Asymmetry and Structure of the Fronto-Parietal Networks Underlie Visuomotor Processing in Humans","Budisavljevic S, Dell'Acqua F, Zanatto D, Begliomini C, Miotto D, Motta R, Castiello U.","Cereb Cortex. 2017 Feb 1;27(2):1532-1544. doi: 10.1093/cercor/bhv348.","Budisavljevic S","Cereb Cortex","2017","2016/01/14","","","10.1093/cercor/bhv348"
"26664793","Probing the reaching-grasping network in humans through multivoxel pattern decoding","Di Bono MG, Begliomini C, Castiello U, Zorzi M.","Brain Behav. 2015 Oct 21;5(11):e00412. doi: 10.1002/brb3.412. eCollection 2015 Nov.","Di Bono MG","Brain Behav","2015","2015/12/15","PMC4666323","","10.1002/brb3.412"
"26625882","Neurochemical modulation of repetition suppression and novelty signals in the human brain","Bunzeck N, Thiel C.","Cortex. 2016 Jul;80:161-73. doi: 10.1016/j.cortex.2015.10.013. Epub 2015 Nov 4.","Bunzeck N","Cortex","2016","2015/12/03","","","10.1016/j.cortex.2015.10.013"
"26613367","Subdivision of Broca's region based on individual-level functional connectivity","Jakobsen E, Böttger J, Bellec P, Geyer S, Rübsamen R, Petrides M, Margulies DS.","Eur J Neurosci. 2016 Feb;43(4):561-71. doi: 10.1111/ejn.13140.","Jakobsen E","Eur J Neurosci","2016","2015/11/28","","","10.1111/ejn.13140"
"26497267","Optimized parallel transmit and receive radiofrequency coil for ultrahigh-field MRI of monkeys","Gilbert KM, Gati JS, Barker K, Everling S, Menon RS.","Neuroimage. 2016 Jan 15;125:153-161. doi: 10.1016/j.neuroimage.2015.10.048. Epub 2015 Oct 20.","Gilbert KM","Neuroimage","2016","2015/10/27","","","10.1016/j.neuroimage.2015.10.048"
"26450074","[Neural Mechanisms Underlying the Performance Limitations in Dual-Task Situations]","Watanabe K, Funahashi S.","Brain Nerve. 2015 Oct;67(10):1215-29. doi: 10.11477/mf.1416200286.","Watanabe K","Brain Nerve","2015","2015/10/10","","","10.11477/mf.1416200286"
"26435158","The controversial existence of the human superior fronto-occipital fasciculus: Connectome-based tractographic study with microdissection validation","Meola A, Comert A, Yeh FC, Stefaneanu L, Fernandez-Miranda JC.","Hum Brain Mapp. 2015 Dec;36(12):4964-71. doi: 10.1002/hbm.22990. Epub 2015 Oct 5.","Meola A","Hum Brain Mapp","2015","2015/10/06","PMC4715628","NIHMS719062","10.1002/hbm.22990"
"26300451","Dopamine and glutamate release in the anterior default system during rest: A monkey microdialysis study","Kodama T, Hikosaka K, Honda Y, Kojima T, Tsutsui K, Watanabe M.","Behav Brain Res. 2015 Nov 1;294:194-7. doi: 10.1016/j.bbr.2015.08.013. Epub 2015 Aug 20.","Kodama T","Behav Brain Res","2015","2015/08/25","","","10.1016/j.bbr.2015.08.013"
"26169323","Simultaneous epidural functional near-infrared spectroscopy and cortical electrophysiology as a tool for studying local neurovascular coupling in primates","Zaidi AD, Munk MH, Schmidt A, Risueno-Segovia C, Bernard R, Fetz E, Logothetis N, Birbaumer N, Sitaram R.","Neuroimage. 2015 Oct 15;120:394-9. doi: 10.1016/j.neuroimage.2015.07.019. Epub 2015 Jul 11.","Zaidi AD","Neuroimage","2015","2015/07/15","","","10.1016/j.neuroimage.2015.07.019"
"26156987","The Anatomical and Functional Organization of the Human Visual Pulvinar","Arcaro MJ, Pinsk MA, Kastner S.","J Neurosci. 2015 Jul 8;35(27):9848-71. doi: 10.1523/JNEUROSCI.1575-14.2015.","Arcaro MJ","J Neurosci","2015","2015/07/10","PMC4495241","","10.1523/JNEUROSCI.1575-14.2015"
"26135399","Neuroimaging Analysis of the Dopamine Basis for Apathetic Behaviors in an MPTP-Lesioned Primate Model","Tian L, Xia Y, Flores HP, Campbell MC, Moerlein SM, Perlmutter JS.","PLoS One. 2015 Jul 2;10(7):e0132064. doi: 10.1371/journal.pone.0132064. eCollection 2015.","Tian L","PLoS One","2015","2015/07/03","PMC4489892","","10.1371/journal.pone.0132064"
"26066653","The Travelling-Wave Primate System: A New Solution for Magnetic Resonance Imaging of Macaque Monkeys at 7 Tesla Ultra-High Field","Herrmann T, Mallow J, Plaumann M, Luchtmann M, Stadler J, Mylius J, Brosch M, Bernarding J.","PLoS One. 2015 Jun 11;10(6):e0129371. doi: 10.1371/journal.pone.0129371. eCollection 2015.","Herrmann T","PLoS One","2015","2015/06/13","PMC4466239","","10.1371/journal.pone.0129371"
"26015576","Oxytocin modulates fMRI responses to facial expression in macaques","Liu N, Hadj-Bouziane F, Jones KB, Turchi JN, Averbeck BB, Ungerleider LG.","Proc Natl Acad Sci U S A. 2015 Jun 16;112(24):E3123-30. doi: 10.1073/pnas.1508097112. Epub 2015 May 26.","Liu N","Proc Natl Acad Sci U S A","2015","2015/05/28","PMC4475931","","10.1073/pnas.1508097112"
"25966278","Progressive cognitive deficit, motor impairment and striatal pathology in a transgenic Huntington disease monkey model from infancy to adulthood","Chan AW, Jiang J, Chen Y, Li C, Prucha MS, Hu Y, Chi T, Moran S, Rahim T, Li S, Li X, Zola SM, Testa CM, Mao H, Villalba R, Smith Y, Zhang X, Bachevalier J.","PLoS One. 2015 May 12;10(5):e0122335. doi: 10.1371/journal.pone.0122335. eCollection 2015.","Chan AW","PLoS One","2015","2015/05/13","PMC4428630","","10.1371/journal.pone.0122335"
"25881906","Characterization of Cerebral Damage in a Monkey Model of Alzheimer's Disease Induced by Intracerebroventricular Injection of Streptozotocin","Yeo HG, Lee Y, Jeon CY, Jeong KJ, Jin YB, Kang P, Kim SU, Kim JS, Huh JW, Kim YH, Sim BW, Song BS, Park YH, Hong Y, Lee SR, Chang KT.","J Alzheimers Dis. 2015;46(4):989-1005. doi: 10.3233/JAD-143222.","Yeo HG","J Alzheimers Dis","2015","2015/04/18","","","10.3233/JAD-143222"
"25684556","Functional consequences of cocaine expectation: findings in a non-human primate model of cocaine self-administration","Porrino LJ, Beveridge TJ, Smith HR, Nader MA.","Addict Biol. 2016 May;21(3):519-29. doi: 10.1111/adb.12231. Epub 2015 Feb 15.","Porrino LJ","Addict Biol","2016","2015/02/17","PMC4537685","NIHMS657663","10.1111/adb.12231"
"25657726","A more consistent intraluminal rhesus monkey model of ischemic stroke","Zhao B, Shang G, Chen J, Geng X, Ye X, Xu G, Wang J, Zheng J, Li H, Akbary F, Li S, Lu J, Ling F, Ji X.","Neural Regen Res. 2014 Dec 1;9(23):2087-94. doi: 10.4103/1673-5374.147936.","Zhao B","Neural Regen Res","2014","2015/02/07","PMC4316474","","10.4103/1673-5374.147936"
"25647337","Object affordance modulates visual responses in the macaque medial posterior parietal cortex","Breveglieri R, Galletti C, Bosco A, Gamberini M, Fattori P.","J Cogn Neurosci. 2015 Jul;27(7):1447-55. doi: 10.1162/jocn_a_00793. Epub 2015 Feb 3.","Breveglieri R","J Cogn Neurosci","2015","2015/02/04","","","10.1162/jocn_a_00793"
"25638816","Levodopa reverses cytokine-induced reductions in striatal dopamine release","Felger JC, Hernandez CR, Miller AH.","Int J Neuropsychopharmacol. 2015 Jan 31;18(4):pyu084. doi: 10.1093/ijnp/pyu084.","Felger JC","Int J Neuropsychopharmacol","2015","2015/02/02","PMC4360218","","10.1093/ijnp/pyu084"
"25631057","Electrophysiological Correlates of a Versatile Executive Control System in the Monkey Anterior Cingulate Cortex","Michelet T, Bioulac B, Langbour N, Goillandeau M, Guehl D, Burbaud P.","Cereb Cortex. 2016 Apr;26(4):1684-1697. doi: 10.1093/cercor/bhv004. Epub 2015 Jan 28.","Michelet T","Cereb Cortex","2016","2015/01/30","","","10.1093/cercor/bhv004"
"25589589","Comparative diffusion tractography of corticostriatal motor pathways reveals differences between humans and macaques","Neggers SF, Zandbelt BB, Schall MS, Schall JD.","J Neurophysiol. 2015 Apr 1;113(7):2164-72. doi: 10.1152/jn.00569.2014. Epub 2015 Jan 14.","Neggers SF","J Neurophysiol","2015","2015/01/16","PMC4416585","","10.1152/jn.00569.2014"
"25588459","An ischemic stroke model of nonhuman primates for remote lesion studies: a behavioral and neuroimaging investigation","Chen X, Dang G, Dang C, Liu G, Xing S, Chen Y, Xu Q, Zeng J.","Restor Neurol Neurosci. 2015;33(2):131-42. doi: 10.3233/RNN-140440.","Chen X","Restor Neurol Neurosci","2015","2015/01/16","","","10.3233/RNN-140440"
"25581649","Moderate-level prenatal alcohol exposure induces sex differences in dopamine d1 receptor binding in adult rhesus monkeys","Converse AK, Moore CF, Holden JE, Ahlers EO, Moirano JM, Larson JA, Resch LM, DeJesus OT, Barnhart TE, Nickles RJ, Murali D, Christian BT, Schneider ML.","Alcohol Clin Exp Res. 2014 Dec;38(12):2934-43. doi: 10.1111/acer.12575.","Converse AK","Alcohol Clin Exp Res","2014","2015/01/13","PMC4293080","NIHMS629526","10.1111/acer.12575"
"25448862","Peripersonal space in the brain","di Pellegrino G, Làdavas E.","Neuropsychologia. 2015 Jan;66:126-33. doi: 10.1016/j.neuropsychologia.2014.11.011. Epub 2014 Nov 13.","di Pellegrino G","Neuropsychologia","2015","2014/12/03","","","10.1016/j.neuropsychologia.2014.11.011"
"25339755","In the blink of an eye: relating positive-feedback sensitivity to striatal dopamine D2-like receptors through blink rate","Groman SM, James AS, Seu E, Tran S, Clark TA, Harpster SN, Crawford M, Burtner JL, Feiler K, Roth RH, Elsworth JD, London ED, Jentsch JD.","J Neurosci. 2014 Oct 22;34(43):14443-54. doi: 10.1523/JNEUROSCI.3037-14.2014.","Groman SM","J Neurosci","2014","2014/10/24","PMC4205561","","10.1523/JNEUROSCI.3037-14.2014"
"25331460","Preclinical evaluation of [18F]2FNQ1P as the first fluorinated serotonin 5-HT6 radioligand for PET imaging","Becker G, Colomb J, Sgambato-Faure V, Tremblay L, Billard T, Zimmer L.","Eur J Nucl Med Mol Imaging. 2015 Mar;42(3):495-502. doi: 10.1007/s00259-014-2936-y. Epub 2014 Oct 21.","Becker G","Eur J Nucl Med Mol Imaging","2015","2014/10/22","","","10.1007/s00259-014-2936-y"
"25319685","Stimulus-related neuroimaging in task-engaged subjects is best predicted by concurrent spiking","Lima B, Cardoso MM, Sirotin YB, Das A.","J Neurosci. 2014 Oct 15;34(42):13878-91. doi: 10.1523/JNEUROSCI.1595-14.2014.","Lima B","J Neurosci","2014","2014/10/17","PMC4198534","","10.1523/JNEUROSCI.1595-14.2014"
"25220896","The effects of chronic alcohol self-administration on serotonin-1A receptor binding in nonhuman primates","Hillmer AT, Wooten DW, Tudorascu DL, Barnhart TE, Ahlers EO, Resch LM, Larson JA, Converse AK, Moore CF, Schneider ML, Christian BT.","Drug Alcohol Depend. 2014 Nov 1;144:119-26. doi: 10.1016/j.drugalcdep.2014.08.015. Epub 2014 Aug 29.","Hillmer AT","Drug Alcohol Depend","2014","2014/09/16","PMC4253864","NIHMS628121","10.1016/j.drugalcdep.2014.08.015"
"25206616","Characteristics of diffusion-tensor imaging for healthy adult rhesus monkey brains","Zhao X, Pu J, Fan Y, Niu X, Yu D, Zhang Y.","Neural Regen Res. 2013 Nov 5;8(31):2951-61. doi: 10.3969/j.issn.1673-5374.2013.31.008.","Zhao X","Neural Regen Res","2013","2014/09/11","PMC4146173","","10.3969/j.issn.1673-5374.2013.31.008"
"25192634","Remapping of memory encoding and retrieval networks: insights from neuroimaging in primates","Miyamoto K, Osada T, Adachi Y.","Behav Brain Res. 2014 Dec 15;275:53-61. doi: 10.1016/j.bbr.2014.08.046. Epub 2014 Sep 1.","Miyamoto K","Behav Brain Res","2014","2014/09/07","","","10.1016/j.bbr.2014.08.046"
"24890304","Effect of high dose isoflurane on cerebral blood flow in macaque monkeys","Li CX, Patel S, Wang DJ, Zhang X.","Magn Reson Imaging. 2014 Sep;32(7):956-60. doi: 10.1016/j.mri.2014.04.019. Epub 2014 Apr 26.","Li CX","Magn Reson Imaging","2014","2014/06/04","PMC4099278","NIHMS590213","10.1016/j.mri.2014.04.019"
"24586791","A semi-automated pipeline for the segmentation of rhesus macaque hippocampus: validation across a wide age range","Hunsaker MR, Amaral DG.","PLoS One. 2014 Feb 24;9(2):e89456. doi: 10.1371/journal.pone.0089456. eCollection 2014.","Hunsaker MR","PLoS One","2014","2014/03/04","PMC3933562","","10.1371/journal.pone.0089456"
"24529965","Regionally-specific alterations in myelin proteins in nonhuman primate white matter following prolonged cocaine self-administration","Smith HR, Beveridge TJ, Nader MA, Porrino LJ.","Drug Alcohol Depend. 2014 Apr 1;137:143-7. doi: 10.1016/j.drugalcdep.2014.01.015. Epub 2014 Jan 30.","Smith HR","Drug Alcohol Depend","2014","2014/02/18","PMC4000724","NIHMS567347","10.1016/j.drugalcdep.2014.01.015"
"24485097","Comparison of human ventral frontal cortex areas for cognitive control and language with areas in monkey frontal cortex","Neubert FX, Mars RB, Thomas AG, Sallet J, Rushworth MF.","Neuron. 2014 Feb 5;81(3):700-13. doi: 10.1016/j.neuron.2013.11.012. Epub 2014 Jan 28.","Neubert FX","Neuron","2014","2014/02/04","","","10.1016/j.neuron.2013.11.012"
"24405106","Medial-lateral organization of the orbitofrontal cortex","Rich EL, Wallis JD.","J Cogn Neurosci. 2014 Jul;26(7):1347-62. doi: 10.1162/jocn_a_00573. Epub 2014 Jan 9.","Rich EL","J Cogn Neurosci","2014","2014/01/11","PMC4091960","NIHMS594491","10.1162/jocn_a_00573"
"24220025","Imaging nicotine- and amphetamine-induced dopamine release in rhesus monkeys with [(11)C]PHNO vs [(11)C]raclopride PET","Gallezot JD, Kloczynski T, Weinzimmer D, Labaree D, Zheng MQ, Lim K, Rabiner EA, Ridler K, Pittman B, Huang Y, Carson RE, Morris ED, Cosgrove KP.","Neuropsychopharmacology. 2014 Mar;39(4):866-74. doi: 10.1038/npp.2013.286. Epub 2013 Oct 15.","Gallezot JD","Neuropsychopharmacology","2014","2013/11/14","PMC3924521","","10.1038/npp.2013.286"
"24183027","Cartography and connectomes","Van Essen DC.","Neuron. 2013 Oct 30;80(3):775-90. doi: 10.1016/j.neuron.2013.10.027.","Van Essen DC","Neuron","2013","2013/11/05","PMC3855872","NIHMS531224","10.1016/j.neuron.2013.10.027"
"24121168","The helmet head restraint system: a viable solution for resting state fMRI in awake monkeys","Hadj-Bouziane F, Monfardini E, Guedj C, Gardechaux G, Hynaux C, Farnè A, Meunier M.","Neuroimage. 2014 Feb 1;86:536-43. doi: 10.1016/j.neuroimage.2013.09.068. Epub 2013 Oct 8.","Hadj-Bouziane F","Neuroimage","2014","2013/10/15","","","10.1016/j.neuroimage.2013.09.068"
"24101627","Hand before foot? Cortical somatotopy suggests manual dexterity is primitive and evolved independently of bipedalism","Hashimoto T, Ueno K, Ogawa A, Asamizuya T, Suzuki C, Cheng K, Tanaka M, Taoka M, Iwamura Y, Suwa G, Iriki A.","Philos Trans R Soc Lond B Biol Sci. 2013 Oct 7;368(1630):20120417. doi: 10.1098/rstb.2012.0417. Print 2013 Nov 19.","Hashimoto T","Philos Trans R Soc Lond B Biol Sci","2013","2013/10/09","PMC4027408","","10.1098/rstb.2012.0417"
"24077067","Monkeys that voluntarily and chronically drink alcohol damage their brains: a longitudinal MRI study","Kroenke CD, Rohlfing T, Park B, Sullivan EV, Pfefferbaum A, Grant KA.","Neuropsychopharmacology. 2014 Mar;39(4):823-30. doi: 10.1038/npp.2013.259. Epub 2013 Sep 27.","Kroenke CD","Neuropsychopharmacology","2014","2013/10/01","PMC3924514","","10.1038/npp.2013.259"
"24076099","Levodopa induces long-lasting modification in the functional activity of the nigrostriatal pathway","Riverol M, Ordóñez C, Collantes M, DiCaudo C, Peñuelas I, Arbizu J, Marcilla I, Luquin MR.","Neurobiol Dis. 2014 Feb;62:250-9. doi: 10.1016/j.nbd.2013.09.014. Epub 2013 Sep 27.","Riverol M","Neurobiol Dis","2014","2013/10/01","","","10.1016/j.nbd.2013.09.014"
"24061965","Progressive loss of striatal dopamine terminals in MPTP-induced acute parkinsonism in cynomolgus monkeys using vesicular monoamine transporter type 2 PET imaging ([(18)F]AV-133)","Liu Y, Yue F, Tang R, Tao G, Pan X, Zhu L, Kung HF, Chan P.","Neurosci Bull. 2014 Jun;30(3):409-16. doi: 10.1007/s12264-013-1374-3. Epub 2013 Sep 5.","Liu Y","Neurosci Bull","2014","2013/09/25","PMC5562597","","10.1007/s12264-013-1374-3"
"24012310","A shared representation of the space near oneself and others in the human premotor cortex","Brozzoli C, Gentile G, Bergouignan L, Ehrsson HH.","Curr Biol. 2013 Sep 23;23(18):1764-8. doi: 10.1016/j.cub.2013.07.004. Epub 2013 Sep 5.","Brozzoli C","Curr Biol","2013","2013/09/10","","","10.1016/j.cub.2013.07.004"
"23905720","The effects of alcohol on the nonhuman primate brain: a network science approach to neuroimaging","Telesford QK, Laurienti PJ, Friedman DP, Kraft RA, Daunais JB.","Alcohol Clin Exp Res. 2013 Nov;37(11):1891-900. doi: 10.1111/acer.12181. Epub 2013 Jul 26.","Telesford QK","Alcohol Clin Exp Res","2013","2013/08/03","PMC3812370","NIHMS471410","10.1111/acer.12181"
"23792944","Prefrontal mechanisms of behavioral flexibility, emotion regulation and value updating","Rudebeck PH, Saunders RC, Prescott AT, Chau LS, Murray EA.","Nat Neurosci. 2013 Aug;16(8):1140-5. doi: 10.1038/nn.3440. Epub 2013 Jun 23.","Rudebeck PH","Nat Neurosci","2013","2013/06/25","PMC3733248","NIHMS483559","10.1038/nn.3440"
"23780752","Hippocampal network connections account for differences in memory performance in the middle-aged rhesus monkey","Koo BB, Oblak AL, Zhao Y, Farris CW, Bowley B, Rosene DL, Killiany RJ.","Hippocampus. 2013 Dec;23(12):1179-88. doi: 10.1002/hipo.22156. Epub 2013 Jul 13.","Koo BB","Hippocampus","2013","2013/06/20","PMC4113965","NIHMS614121","10.1002/hipo.22156"
"23756169","Behavioral endophenotypes of drug addiction: Etiological insights from neuroimaging studies","Jupp B, Dalley JW.","Neuropharmacology. 2014 Jan;76 Pt B:487-97. doi: 10.1016/j.neuropharm.2013.05.041. Epub 2013 Jun 10.","Jupp B","Neuropharmacology","2014","2013/06/13","","","10.1016/j.neuropharm.2013.05.041"
"23735530","[Recent advances in social neuroscience research using macaques]","Isoda M.","Brain Nerve. 2013 Jun;65(6):679-86.","Isoda M","Brain Nerve","2013","2013/06/06","","",""
"23657438","Chronic interferon-α decreases dopamine 2 receptor binding and striatal dopamine release in association with anhedonia-like behavior in nonhuman primates","Felger JC, Mun J, Kimmel HL, Nye JA, Drake DF, Hernandez CR, Freeman AA, Rye DB, Goodman MM, Howell LL, Miller AH.","Neuropsychopharmacology. 2013 Oct;38(11):2179-87. doi: 10.1038/npp.2013.115. Epub 2013 May 9.","Felger JC","Neuropsychopharmacology","2013","2013/05/10","PMC3773667","","10.1038/npp.2013.115"
"23562270","Social information signaling by neurons in primate striatum","Klein JT, Platt ML.","Curr Biol. 2013 Apr 22;23(8):691-6. doi: 10.1016/j.cub.2013.03.022. Epub 2013 Apr 4.","Klein JT","Curr Biol","2013","2013/04/09","PMC3654103","NIHMS464939","10.1016/j.cub.2013.03.022"
"23515795","Functional organization of human posterior parietal cortex: grasping- and reaching-related activations relative to topographically organized cortex","Konen CS, Mruczek RE, Montoya JL, Kastner S.","J Neurophysiol. 2013 Jun;109(12):2897-908. doi: 10.1152/jn.00657.2012. Epub 2013 Mar 20.","Konen CS","J Neurophysiol","2013","2013/03/22","PMC3680816","","10.1152/jn.00657.2012"
"23473795","Structural and quantitative neuroimaging of the common marmoset monkey using a clinical MRI system","Helms G, Garea-Rodriguez E, Schlumbohm C, König J, Dechent P, Fuchs E, Wilke M.","J Neurosci Methods. 2013 Apr 30;215(1):121-31. doi: 10.1016/j.jneumeth.2013.02.011. Epub 2013 Mar 6.","Helms G","J Neurosci Methods","2013","2013/03/12","","","10.1016/j.jneumeth.2013.02.011"
"23423933","Validation of nigrostriatal positron emission tomography measures: critical limits","Karimi M, Tian L, Brown CA, Flores HP, Loftin SK, Videen TO, Moerlein SM, Perlmutter JS.","Ann Neurol. 2013 Mar;73(3):390-6. doi: 10.1002/ana.23798. Epub 2013 Feb 19.","Karimi M","Ann Neurol","2013","2013/02/21","PMC3631302","NIHMS419924","10.1002/ana.23798"
"23365257","The location of feedback-related activity in the midcingulate cortex is predicted by local morphology","Amiez C, Neveu R, Warrot D, Petrides M, Knoblauch K, Procyk E.","J Neurosci. 2013 Jan 30;33(5):2217-28. doi: 10.1523/JNEUROSCI.2779-12.2013.","Amiez C","J Neurosci","2013","2013/02/01","PMC6619107","","10.1523/JNEUROSCI.2779-12.2013"
"23340245","The human insula: Architectonic organization and postmortem MRI registration","Morel A, Gallay MN, Baechler A, Wyss M, Gallay DS.","Neuroscience. 2013 Apr 16;236:117-35. doi: 10.1016/j.neuroscience.2012.12.076. Epub 2013 Jan 20.","Morel A","Neuroscience","2013","2013/01/24","","","10.1016/j.neuroscience.2012.12.076"
"23251586","Neural activity in the macaque putamen associated with saccades and behavioral outcome","Phillips JM, Everling S.","PLoS One. 2012;7(12):e51596. doi: 10.1371/journal.pone.0051596. Epub 2012 Dec 10.","Phillips JM","PLoS One","2012","2012/12/20","PMC3519730","","10.1371/journal.pone.0051596"
"23063951","Mirror neurons: functions, mechanisms and models","Oztop E, Kawato M, Arbib MA.","Neurosci Lett. 2013 Apr 12;540:43-55. doi: 10.1016/j.neulet.2012.10.005. Epub 2012 Oct 11.","Oztop E","Neurosci Lett","2013","2012/10/16","","","10.1016/j.neulet.2012.10.005"
"22777102","Specialization of reach function in human posterior parietal cortex","Vesia M, Crawford JD.","Exp Brain Res. 2012 Aug;221(1):1-18. doi: 10.1007/s00221-012-3158-9. Epub 2012 Jul 10.","Vesia M","Exp Brain Res","2012","2012/07/11","","","10.1007/s00221-012-3158-9"
"22715879","Primary visual cortex: awareness and blindsight","Leopold DA.","Annu Rev Neurosci. 2012;35:91-109. doi: 10.1146/annurev-neuro-062111-150356.","Leopold DA","Annu Rev Neurosci","2012","2012/06/22","PMC3476047","NIHMS413122","10.1146/annurev-neuro-062111-150356"
"22640812","Macaque monkeys exhibit behavioral signs of metamemory in an oculomotor working memory task","Tanaka A, Funahashi S.","Behav Brain Res. 2012 Aug 1;233(2):256-70. doi: 10.1016/j.bbr.2012.05.013. Epub 2012 May 26.","Tanaka A","Behav Brain Res","2012","2012/05/30","","","10.1016/j.bbr.2012.05.013"
"22516007","The human vestibular cortex revealed by coordinate-based activation likelihood estimation meta-analysis","Lopez C, Blanke O, Mast FW.","Neuroscience. 2012 Jun 14;212:159-79. doi: 10.1016/j.neuroscience.2012.03.028. Epub 2012 Apr 16.","Lopez C","Neuroscience","2012","2012/04/21","","","10.1016/j.neuroscience.2012.03.028"
"22459043","Distinct human face representations in the perirhinal cortex and fusiform gyrus","Iidaka T, Harada T, Eifuku S, Nakata R, Sadato N.","Brain Res. 2012 May 3;1452:119-29. doi: 10.1016/j.brainres.2012.02.072. Epub 2012 Mar 8.","Iidaka T","Brain Res","2012","2012/03/31","","","10.1016/j.brainres.2012.02.072"
"22448077","The role of the amygdala in face perception and evaluation","Todorov A.","Motiv Emot. 2012 Mar;36(1):16-26. doi: 10.1007/s11031-011-9238-5. Epub 2011 Aug 2.","Todorov A","Motiv Emot","2012","2012/03/27","PMC3294209","","10.1007/s11031-011-9238-5"
"22360676","A critical review of the development of face recognition: experience is less important than previously believed","McKone E, Crookes K, Jeffery L, Dilks DD.","Cogn Neuropsychol. 2012;29(1-2):174-212. doi: 10.1080/02643294.2012.660138. Epub 2012 Feb 23.","McKone E","Cogn Neuropsychol","2012","2012/02/25","","","10.1080/02643294.2012.660138"
"22275483","Diffusion tensor imaging-based characterization of brain neurodevelopment in primates","Shi Y, Short SJ, Knickmeyer RC, Wang J, Coe CL, Niethammer M, Gilmore JH, Zhu H, Styner MA.","Cereb Cortex. 2013 Jan;23(1):36-48. doi: 10.1093/cercor/bhr372. Epub 2012 Jan 23.","Shi Y","Cereb Cortex","2013","2012/01/26","PMC3513950","","10.1093/cercor/bhr372"
"22253662","A frameless stereotaxic MRI technique for macaque neuroscience studies","Dubowitz DJ, Scadeng M.","Open Neuroimag J. 2011;5:198-205. doi: 10.2174/1874440001105010198. Epub 2011 Nov 18.","Dubowitz DJ","Open Neuroimag J","2011","2012/01/19","PMC3257065","","10.2174/1874440001105010198"
"22253658","Methods for fine scale functional imaging of tactile motion in human and nonhuman primates","Friedman RM, Dillenburger BC, Wang F, Avison MJ, Gore JC, Roe AW, Chen LM.","Open Neuroimag J. 2011;5:160-71. doi: 10.2174/1874440001105010160. Epub 2011 Nov 18.","Friedman RM","Open Neuroimag J","2011","2012/01/19","PMC3257843","","10.2174/1874440001105010160"
"22237864","Simultaneous measurement of extracellular dopamine and dopamine transporter occupancy by cocaine analogs in squirrel monkeys","Kimmel HL, Nye JA, Voll R, Mun J, Stehouwer J, Goodman MM, Votaw JR, Carroll FI, Howell LL.","Synapse. 2012 Jun;66(6):501-8. doi: 10.1002/syn.21536. Epub 2012 Mar 16.","Kimmel HL","Synapse","2012","2012/01/13","PMC3951213","NIHMS558506","10.1002/syn.21536"
"22593881","The Use of fMRI to Assess Multisensory Integration","James TW, Stevenson RA.","In: Murray MM, Wallace MT, editors. The Neural Bases of Multisensory Processes. Boca Raton (FL): CRC Press/Taylor & Francis; 2012. Chapter 8.","James TW","The Neural Bases of Multisensory Processes","2012","2012/01/01","","",""
"22177800","The social brain meets neuroimaging","Dunbar RI.","Trends Cogn Sci. 2012 Feb;16(2):101-2. doi: 10.1016/j.tics.2011.11.013. Epub 2011 Dec 15.","Dunbar RI","Trends Cogn Sci","2012","2011/12/20","","","10.1016/j.tics.2011.11.013"
"22145879","The prefrontal cortex and hybrid learning during iterative competitive games","Abe H, Seo H, Lee D.","Ann N Y Acad Sci. 2011 Dec;1239:100-8. doi: 10.1111/j.1749-6632.2011.06223.x.","Abe H","Ann N Y Acad Sci","2011","2011/12/08","PMC3302724","NIHMS361357","10.1111/j.1749-6632.2011.06223.x"
"22036678","Spatial homogeneity and task-synchrony of the trial-related hemodynamic signal","Sirotin YB, Cardoso M, Lima B, Das A.","Neuroimage. 2012 Feb 1;59(3):2783-97. doi: 10.1016/j.neuroimage.2011.10.019. Epub 2011 Oct 19.","Sirotin YB","Neuroimage","2012","2011/11/01","PMC3254827","NIHMS337419","10.1016/j.neuroimage.2011.10.019"
"21926982","Medial prefrontal cortex as an action-outcome predictor","Alexander WH, Brown JW.","Nat Neurosci. 2011 Sep 18;14(10):1338-44. doi: 10.1038/nn.2921.","Alexander WH","Nat Neurosci","2011","2011/09/20","PMC3183374","NIHMS316488","10.1038/nn.2921"
"21900574","Default mode of brain function in monkeys","Mantini D, Gerits A, Nelissen K, Durand JB, Joly O, Simone L, Sawamura H, Wardak C, Orban GA, Buckner RL, Vanduffel W.","J Neurosci. 2011 Sep 7;31(36):12954-62. doi: 10.1523/JNEUROSCI.2318-11.2011.","Mantini D","J Neurosci","2011","2011/09/09","PMC3686636","NIHMS475975","10.1523/JNEUROSCI.2318-11.2011"
"21867887","Perceptual classification in a rapidly changing environment","Summerfield C, Behrens TE, Koechlin E.","Neuron. 2011 Aug 25;71(4):725-36. doi: 10.1016/j.neuron.2011.06.022.","Summerfield C","Neuron","2011","2011/08/27","PMC3975575","EMS57888","10.1016/j.neuron.2011.06.022"
"21645102","Probing basal ganglia functions by saccade eye movements","Watanabe M, Munoz DP.","Eur J Neurosci. 2011 Jun;33(11):2070-90. doi: 10.1111/j.1460-9568.2011.07691.x.","Watanabe M","Eur J Neurosci","2011","2011/06/08","","","10.1111/j.1460-9568.2011.07691.x"
"21615285","Communication and the primate brain: insights from neuroimaging studies in humans, chimpanzees and macaques","Wilson B, Petkov CI.","Hum Biol. 2011 Apr;83(2):175-89. doi: 10.3378/027.083.0203.","Wilson B","Hum Biol","2011","2011/05/28","PMC3398142","UKMS49153","10.3378/027.083.0203"
"21593313","Dorsal striatal D2-like receptor availability covaries with sensitivity to positive reinforcement during discrimination learning","Groman SM, Lee B, London ED, Mandelkern MA, James AS, Feiler K, Rivera R, Dahlbom M, Sossi V, Vandervoort E, Jentsch JD.","J Neurosci. 2011 May 18;31(20):7291-9. doi: 10.1523/JNEUROSCI.0363-11.2011.","Groman SM","J Neurosci","2011","2011/05/20","PMC3114883","NIHMS298003","10.1523/JNEUROSCI.0363-11.2011"
"21471644","Spatial distribution of glucose hypometabolism induced by intracerebroventricular streptozotocin in monkeys","Heo JH, Lee SR, Lee ST, Lee KM, Oh JH, Jang DP, Chang KT, Cho ZH.","J Alzheimers Dis. 2011;25(3):517-23. doi: 10.3233/JAD-2011-102079.","Heo JH","J Alzheimers Dis","2011","2011/04/08","","","10.3233/JAD-2011-102079"
"21388858","Frontal pole cortex: encoding ends at the end of the endbrain","Tsujimoto S, Genovesio A, Wise SP.","Trends Cogn Sci. 2011 Apr;15(4):169-76. doi: 10.1016/j.tics.2011.02.001.","Tsujimoto S","Trends Cogn Sci","2011","2011/03/11","","","10.1016/j.tics.2011.02.001"
"21254803","Neuronal signal dynamics during preparation and execution for behavioral shifting in macaque posterior parietal cortex","Kamigaki T, Fukushima T, Miyashita Y.","J Cogn Neurosci. 2011 Sep;23(9):2503-20. doi: 10.1162/jocn.2011.21613. Epub 2011 Jan 21.","Kamigaki T","J Cogn Neurosci","2011","2011/01/25","","","10.1162/jocn.2011.21613"
"20923706","A web-based brain atlas of the vervet monkey, Chlorocebus aethiops","Woods RP, Fears SC, Jorgensen MJ, Fairbanks LA, Toga AW, Freimer NB.","Neuroimage. 2011 Feb 1;54(3):1872-80. doi: 10.1016/j.neuroimage.2010.09.070. Epub 2010 Oct 13.","Woods RP","Neuroimage","2011","2010/10/07","PMC3008312","NIHMS242654","10.1016/j.neuroimage.2010.09.070"
"20881123","Specificity of human parietal saccade and reach regions during transcranial magnetic stimulation","Vesia M, Prime SL, Yan X, Sergio LE, Crawford JD.","J Neurosci. 2010 Sep 29;30(39):13053-65. doi: 10.1523/JNEUROSCI.1644-10.2010.","Vesia M","J Neurosci","2010","2010/10/01","PMC6633525","","10.1523/JNEUROSCI.1644-10.2010"
"20688103","An implicit measure of olfactory performance for non-human primates reveals aversive and pleasant odor conditioning","Livneh U, Paz R.","J Neurosci Methods. 2010 Sep 30;192(1):90-5. doi: 10.1016/j.jneumeth.2010.07.027. Epub 2010 Aug 3.","Livneh U","J Neurosci Methods","2010","2010/08/07","","","10.1016/j.jneumeth.2010.07.027"
"20622079","Biofeedback in the treatment of epilepsy","Sterman MB.","Cleve Clin J Med. 2010 Jul;77 Suppl 3:S60-7. doi: 10.3949/ccjm.77.s3.11.","Sterman MB","Cleve Clin J Med","2010","2010/07/13","","","10.3949/ccjm.77.s3.11"
"20654649","Improved methods for electroacupuncture and electromyographic recordings in normal and parkinsonian rhesus monkeys","Zhao F, Fan X, Grondin R, Edwards R, Forman E, Moorehead J, Gerhardt G, Wang X, Zhang Z.","J Neurosci Methods. 2010 Oct 15;192(2):199-206. doi: 10.1016/j.jneumeth.2010.07.016. Epub 2010 Jul 21.","Zhao F","J Neurosci Methods","2010","2010/07/27","PMC2942968","NIHMS224387","10.1016/j.jneumeth.2010.07.016"
"20173093","Topographic organization of macaque area LIP","Patel GH, Shulman GL, Baker JT, Akbudak E, Snyder AZ, Snyder LH, Corbetta M.","Proc Natl Acad Sci U S A. 2010 Mar 9;107(10):4728-33. doi: 10.1073/pnas.0908092107. Epub 2010 Feb 19.","Patel GH","Proc Natl Acad Sci U S A","2010","2010/02/23","PMC2842044","","10.1073/pnas.0908092107"
"20074580","Going beyond LTM in the MTL: a synthesis of neuropsychological and neuroimaging findings on the role of the medial temporal lobe in memory and perception","Graham KS, Barense MD, Lee AC.","Neuropsychologia. 2010 Mar;48(4):831-53. doi: 10.1016/j.neuropsychologia.2010.01.001. Epub 2010 Jan 13.","Graham KS","Neuropsychologia","2010","2010/01/16","","","10.1016/j.neuropsychologia.2010.01.001"
"20034304","[Somatotopy and information processing in the somatosensory cortex]","Iwamura Y.","Brain Nerve. 2009 Dec;61(12):1373-82.","Iwamura Y","Brain Nerve","2009","2009/12/26","","",""
"20016373","Impact of early life stress on the reinforcing and behavioral-stimulant effects of psychostimulants in rhesus monkeys","Ewing Corcoran SB, Howell LL.","Behav Pharmacol. 2010 Feb;21(1):69-76. doi: 10.1097/FBP.0b013e3283359f53.","Ewing Corcoran SB","Behav Pharmacol","2010","2009/12/18","PMC2879623","NIHMS202802","10.1097/FBP.0b013e3283359f53"
"19924404","Cortical activation during cocaine use and extinction in rhesus monkeys","Howell LL, Votaw JR, Goodman MM, Lindsey KP.","Psychopharmacology (Berl). 2010 Feb;208(2):191-9. doi: 10.1007/s00213-009-1720-3. Epub 2009 Nov 19.","Howell LL","Psychopharmacology (Berl)","2010","2009/11/20","PMC2819208","NIHMS172070","10.1007/s00213-009-1720-3"
"19923280","Default mode of brain activity demonstrated by positron emission tomography imaging in awake monkeys: higher rest-related than working memory-related activity in medial cortical areas","Kojima T, Onoe H, Hikosaka K, Tsutsui K, Tsukada H, Watanabe M.","J Neurosci. 2009 Nov 18;29(46):14463-71. doi: 10.1523/JNEUROSCI.1786-09.2009.","Kojima T","J Neurosci","2009","2009/11/20","PMC6665835","","10.1523/JNEUROSCI.1786-09.2009"
"19912328","Distribution of colour-selective activity in the monkey inferior temporal cortex revealed by functional magnetic resonance imaging","Harada T, Goda N, Ogawa T, Ito M, Toyoda H, Sadato N, Komatsu H.","Eur J Neurosci. 2009 Nov;30(10):1960-70. doi: 10.1111/j.1460-9568.2009.06995.x. Epub 2009 Nov 11.","Harada T","Eur J Neurosci","2009","2009/11/17","","","10.1111/j.1460-9568.2009.06995.x"
"19903877","Precuneus shares intrinsic functional architecture in humans and monkeys","Margulies DS, Vincent JL, Kelly C, Lohmann G, Uddin LQ, Biswal BB, Villringer A, Castellanos FX, Milham MP, Petrides M.","Proc Natl Acad Sci U S A. 2009 Nov 24;106(47):20069-74. doi: 10.1073/pnas.0905314106. Epub 2009 Nov 10.","Margulies DS","Proc Natl Acad Sci U S A","2009","2009/11/12","PMC2775700","","10.1073/pnas.0905314106"
"19733074","Neurons in posterior cingulate cortex signal exploratory decisions in a dynamic multioption choice task","Pearson JM, Hayden BY, Raghavachari S, Platt ML.","Curr Biol. 2009 Sep 29;19(18):1532-7. doi: 10.1016/j.cub.2009.07.048. Epub 2009 Sep 3.","Pearson JM","Curr Biol","2009","2009/09/08","PMC3515083","NIHMS422335","10.1016/j.cub.2009.07.048"
"19497858","Key role of coupling, delay, and noise in resting brain fluctuations","Deco G, Jirsa V, McIntosh AR, Sporns O, Kötter R.","Proc Natl Acad Sci U S A. 2009 Jun 23;106(25):10302-7. doi: 10.1073/pnas.0901831106. Epub 2009 Jun 3.","Deco G","Proc Natl Acad Sci U S A","2009","2009/06/06","PMC2690605","","10.1073/pnas.0901831106"
"19491631","Combined functional MRI and diffusion tensor imaging analysis of visual motion pathways","Lanyon LJ, Giaschi D, Young SA, Fitzpatrick K, Diao L, Bjornson BH, Barton JJ.","J Neuroophthalmol. 2009 Jun;29(2):96-103. doi: 10.1097/WNO.0b013e3181a58ef8.","Lanyon LJ","J Neuroophthalmol","2009","2009/06/04","","","10.1097/WNO.0b013e3181a58ef8"
"19421742","Role of dopamine transporters in the behavioral effects of 3,4-methylenedioxymethamphetamine (MDMA) in nonhuman primates","Fantegrossi WE, Bauzo RM, Manvich DM, Morales JC, Votaw JR, Goodman MM, Howell LL.","Psychopharmacology (Berl). 2009 Aug;205(2):337-47. doi: 10.1007/s00213-009-1545-0. Epub 2009 May 7.","Fantegrossi WE","Psychopharmacology (Berl)","2009","2009/05/08","PMC3230037","NIHMS340202","10.1007/s00213-009-1545-0"
"19345405","Are cortical motor maps based on body parts or coordinated actions? Implications for embodied semantics","Fernandino L, Iacoboni M.","Brain Lang. 2010 Jan;112(1):44-53. doi: 10.1016/j.bandl.2009.02.003. Epub 2009 Apr 3.","Fernandino L","Brain Lang","2010","2009/04/07","","","10.1016/j.bandl.2009.02.003"
"19337503","Manganese neurotoxicity: lessons learned from longitudinal studies in nonhuman primates","Burton NC, Guilarte TR.","Environ Health Perspect. 2009 Mar;117(3):325-32. doi: 10.1289/ehp.0800035. Epub 2008 Oct 3.","Burton NC","Environ Health Perspect","2009","2009/04/02","PMC2661898","","10.1289/ehp.0800035"
"19306931","A MEG investigation of somatosensory processing in the rhesus monkey","Wilson TW, Godwin DW, Czoty PW, Nader MA, Kraft RA, Buchheimer NC, Daunais JB.","Neuroimage. 2009 Jul 15;46(4):998-1003. doi: 10.1016/j.neuroimage.2009.03.029. Epub 2009 Mar 20.","Wilson TW","Neuroimage","2009","2009/03/25","PMC2692724","NIHMS112329","10.1016/j.neuroimage.2009.03.029"
"19261875","Selective aspiration or neurotoxic lesions of orbital frontal areas 11 and 13 spared monkeys' performance on the object discrimination reversal task","Kazama A, Bachevalier J.","J Neurosci. 2009 Mar 4;29(9):2794-804. doi: 10.1523/JNEUROSCI.4655-08.2009.","Kazama A","J Neurosci","2009","2009/03/06","PMC2701144","NIHMS99576","10.1523/JNEUROSCI.4655-08.2009"
"19234118","Multimodal neuroimaging provides a highly consistent picture of energy metabolism, validating 31P MRS for measuring brain ATP synthesis","Chaumeil MM, Valette J, Guillermier M, Brouillet E, Boumezbeur F, Herard AS, Bloch G, Hantraye P, Lebon V.","Proc Natl Acad Sci U S A. 2009 Mar 10;106(10):3988-93. doi: 10.1073/pnas.0806516106. Epub 2009 Feb 20.","Chaumeil MM","Proc Natl Acad Sci U S A","2009","2009/02/24","PMC2645913","","10.1073/pnas.0806516106"
"19211895","Neuroimaging and physiological evidence for involvement of glutamatergic transmission in regulation of the striatal dopaminergic system","Tokunaga M, Seneca N, Shin RM, Maeda J, Obayashi S, Okauchi T, Nagai Y, Zhang MR, Nakao R, Ito H, Innis RB, Halldin C, Suzuki K, Higuchi M, Suhara T.","J Neurosci. 2009 Feb 11;29(6):1887-96. doi: 10.1523/JNEUROSCI.2559-08.2009.","Tokunaga M","J Neurosci","2009","2009/02/13","PMC2746446","NIHMS93852","10.1523/JNEUROSCI.2559-08.2009"
"21204334","Working Memory Delayed Response Tasks in Monkeys","Rodriguez JS, Paule MG.","In: Buccafusco JJ, editor. Methods of Behavior Analysis in Neuroscience. 2nd edition. Boca Raton (FL): CRC Press/Taylor & Francis; 2009. Chapter 12.","Rodriguez JS","Methods of Behavior Analysis in Neuroscience","2009","2009/01/01","","",""
"19061921","Functional coupling underlying motor and cognitive functions of the dorsal premotor cortex","Abe M, Hanakawa T.","Behav Brain Res. 2009 Mar 2;198(1):13-23. doi: 10.1016/j.bbr.2008.10.046. Epub 2008 Nov 14.","Abe M","Behav Brain Res","2009","2008/12/09","","","10.1016/j.bbr.2008.10.046"
"19033244","Cells, circuits, and choices: social influences on perceptual decision making","Mojzisch A, Krug K.","Cogn Affect Behav Neurosci. 2008 Dec;8(4):498-508. doi: 10.3758/CABN.8.4.498.","Mojzisch A","Cogn Affect Behav Neurosci","2008","2008/11/27","","","10.3758/CABN.8.4.498"
"19020203","The observation and execution of actions share motor and somatosensory voxels in all tested subjects: single-subject analyses of unsmoothed fMRI data","Gazzola V, Keysers C.","Cereb Cortex. 2009 Jun;19(6):1239-55. doi: 10.1093/cercor/bhn181. Epub 2008 Nov 19.","Gazzola V","Cereb Cortex","2009","2008/11/21","PMC2677653","","10.1093/cercor/bhn181"
"18848635","Some surprising findings on the involvement of the parietal lobe in human memory","Olson IR, Berryhill M.","Neurobiol Learn Mem. 2009 Feb;91(2):155-65. doi: 10.1016/j.nlm.2008.09.006. Epub 2008 Oct 31.","Olson IR","Neurobiol Learn Mem","2009","2008/10/14","PMC2898273","NIHMS97764","10.1016/j.nlm.2008.09.006"
"18793712","Norman Cousins Lecture. Mechanisms of cytokine-induced behavioral changes: psychoneuroimmunology at the translational interface","Miller AH.","Brain Behav Immun. 2009 Feb;23(2):149-58. doi: 10.1016/j.bbi.2008.08.006. Epub 2008 Sep 3.","Miller AH","Brain Behav Immun","2009","2008/09/17","PMC2745948","NIHMS98177","10.1016/j.bbi.2008.08.006"
"18602092","Visualization of disconnection syndromes in humans","Thiebaut de Schotten M, Kinkingnéhun S, Delmaire C, Lehéricy S, Duffau H, Thivard L, Volle E, Levy R, Dubois B, Bartolomeo P.","Cortex. 2008 Sep;44(8):1097-103. doi: 10.1016/j.cortex.2008.02.003. Epub 2008 May 23.","Thiebaut de Schotten M","Cortex","2008","2008/07/08","","","10.1016/j.cortex.2008.02.003"
"18596180","Early and late changes in the distal forelimb representation of the supplementary motor area after injury to frontal motor areas in the squirrel monkey","Eisner-Janowicz I, Barbay S, Hoover E, Stowe AM, Frost SB, Plautz EJ, Nudo RJ.","J Neurophysiol. 2008 Sep;100(3):1498-512. doi: 10.1152/jn.90447.2008. Epub 2008 Jul 2.","Eisner-Janowicz I","J Neurophysiol","2008","2008/07/04","PMC2544457","","10.1152/jn.90447.2008"
"18468667","Relationship between rate of drug uptake in brain and behavioral pharmacology of monoamine transporter inhibitors in rhesus monkeys","Kimmel HL, Negus SS, Wilcox KM, Ewing SB, Stehouwer J, Goodman MM, Votaw JR, Mello NK, Carroll FI, Howell LL.","Pharmacol Biochem Behav. 2008 Sep;90(3):453-62. doi: 10.1016/j.pbb.2008.03.032. Epub 2008 Apr 4.","Kimmel HL","Pharmacol Biochem Behav","2008","2008/05/13","PMC2453312","NIHMS55670","10.1016/j.pbb.2008.03.032"
"18464792","The neural systems that mediate human perceptual decision making","Heekeren HR, Marrett S, Ungerleider LG.","Nat Rev Neurosci. 2008 Jun;9(6):467-79. doi: 10.1038/nrn2374. Epub 2008 May 9.","Heekeren HR","Nat Rev Neurosci","2008","2008/05/10","","","10.1038/nrn2374"
"18423906","On the other hand: dummy hands and peripersonal space","Makin TR, Holmes NP, Ehrsson HH.","Behav Brain Res. 2008 Aug 5;191(1):1-10. doi: 10.1016/j.bbr.2008.02.041. Epub 2008 Mar 7.","Makin TR","Behav Brain Res","2008","2008/04/22","","","10.1016/j.bbr.2008.02.041"
"18394927","Analyzing information flow in brain networks with nonparametric Granger causality","Dhamala M, Rangarajan G, Ding M.","Neuroimage. 2008 Jun;41(2):354-62. doi: 10.1016/j.neuroimage.2008.02.020. Epub 2008 Feb 25.","Dhamala M","Neuroimage","2008","2008/04/09","PMC2685256","NIHMS54337","10.1016/j.neuroimage.2008.02.020"
"18385333","A rate code for sound azimuth in monkey auditory cortex: implications for human neuroimaging studies","Werner-Reiss U, Groh JM.","J Neurosci. 2008 Apr 2;28(14):3747-58. doi: 10.1523/JNEUROSCI.5044-07.2008.","Werner-Reiss U","J Neurosci","2008","2008/04/04","PMC3654685","NIHMS78601","10.1523/JNEUROSCI.5044-07.2008"
"18269511","Sensory processing disorder in a primate model: evidence from a longitudinal study of prenatal alcohol and prenatal stress effects","Schneider ML, Moore CF, Gajewski LL, Larson JA, Roberts AD, Converse AK, DeJesus OT.","Child Dev. 2008 Jan-Feb;79(1):100-13. doi: 10.1111/j.1467-8624.2007.01113.x.","Schneider ML","Child Dev","2008","2008/02/14","PMC4226060","NIHMS611993","10.1111/j.1467-8624.2007.01113.x"
"18266547","In vivo pharmacology of MDMA and its enantiomers in rhesus monkeys","Fantegrossi WE.","Exp Clin Psychopharmacol. 2008 Feb;16(1):1-12. doi: 10.1037/1064-1297.16.1.1.","Fantegrossi WE","Exp Clin Psychopharmacol","2008","2008/02/13","","","10.1037/1064-1297.16.1.1"
"18254659","The evolutionary and developmental foundations of mathematics","Beran MJ.","PLoS Biol. 2008 Feb;6(2):e19. doi: 10.1371/journal.pbio.0060019.","Beran MJ","PLoS Biol","2008","2008/02/08","PMC2225440","","10.1371/journal.pbio.0060019"
"17726001","Ventrolateral prefrontal neuronal activity related to active controlled memory retrieval in nonhuman primates","Cadoret G, Petrides M.","Cereb Cortex. 2007 Sep;17 Suppl 1:i27-40. doi: 10.1093/cercor/bhm086.","Cadoret G","Cereb Cortex","2007","2007/11/21","","","10.1093/cercor/bhm086"
"18003881","Decoding of temporal intervals from cortical ensemble activity","Lebedev MA, O'Doherty JE, Nicolelis MA.","J Neurophysiol. 2008 Jan;99(1):166-86. doi: 10.1152/jn.00734.2007. Epub 2007 Nov 14.","Lebedev MA","J Neurophysiol","2008","2007/11/16","","","10.1152/jn.00734.2007"
"17976895","Time course of visual perception: coarse-to-fine processing and beyond","Hegdé J.","Prog Neurobiol. 2008 Apr;84(4):405-39. doi: 10.1016/j.pneurobio.2007.09.001. Epub 2007 Sep 29.","Hegdé J","Prog Neurobiol","2008","2007/11/03","","","10.1016/j.pneurobio.2007.09.001"
"17964241","Surface-based and probabilistic atlases of primate cerebral cortex","Van Essen DC, Dierker DL.","Neuron. 2007 Oct 25;56(2):209-25. doi: 10.1016/j.neuron.2007.10.015.","Van Essen DC","Neuron","2007","2007/10/30","","","10.1016/j.neuron.2007.10.015"
"17942727","Orbital prefrontal cortex is required for object-in-place scene memory but not performance of a strategy implementation task","Baxter MG, Gaffan D, Kyriazis DA, Mitchell AS.","J Neurosci. 2007 Oct 17;27(42):11327-33. doi: 10.1523/JNEUROSCI.3369-07.2007.","Baxter MG","J Neurosci","2007","2007/10/19","PMC2092501","UKMS948","10.1523/JNEUROSCI.3369-07.2007"
"17764947","Perirhinal contributions to human visual perception","Devlin JT, Price CJ.","Curr Biol. 2007 Sep 4;17(17):1484-8. doi: 10.1016/j.cub.2007.07.066.","Devlin JT","Curr Biol","2007","2007/09/04","PMC1971135","","10.1016/j.cub.2007.07.066"
"17614278","Nonvisual motor learning influences abstract action observation","Reithler J, van Mier HI, Peters JC, Goebel R.","Curr Biol. 2007 Jul 17;17(14):1201-7. doi: 10.1016/j.cub.2007.06.019. Epub 2007 Jul 5.","Reithler J","Curr Biol","2007","2007/07/07","","","10.1016/j.cub.2007.06.019"
"17596924","Neuroimaging and histopathological evaluation of delayed neurological damage produced by artificial occlusion of the middle cerebral artery in Cynomolgus monkeys: establishment of a monkey model for delayed cerebral ischemia","Hirouchi Y, Suzuki E, Mitsuoka C, Jin H, Kitajima S, Kohjimoto Y, Enomoto M, Kugino K.","Exp Toxicol Pathol. 2007 Sep;59(1):9-16. doi: 10.1016/j.etp.2007.02.008. Epub 2007 Jun 26.","Hirouchi Y","Exp Toxicol Pathol","2007","2007/06/29","","","10.1016/j.etp.2007.02.008"
"17568693","How the brain laughs. Comparative evidence from behavioral, electrophysiological and neuroimaging studies in human and monkey","Meyer M, Baumann S, Wildgruber D, Alter K.","Behav Brain Res. 2007 Sep 4;182(2):245-60. doi: 10.1016/j.bbr.2007.04.023. Epub 2007 May 5.","Meyer M","Behav Brain Res","2007","2007/06/15","","","10.1016/j.bbr.2007.04.023"
"17502093","Face cells: separate processing of expression and gaze in the amygdala","Calder AJ, Nummenmaa L.","Curr Biol. 2007 May 15;17(10):R371-2. doi: 10.1016/j.cub.2007.03.031.","Calder AJ","Curr Biol","2007","2007/05/16","","","10.1016/j.cub.2007.03.031"
"17499161","Adaptive decision making and value in the anterior cingulate cortex","Walton ME, Croxson PL, Behrens TE, Kennerley SW, Rushworth MF.","Neuroimage. 2007;36 Suppl 2(Suppl 2):T142-54. doi: 10.1016/j.neuroimage.2007.03.029. Epub 2007 Mar 30.","Walton ME","Neuroimage","2007","2007/05/15","PMC2954047","UKMS2229","10.1016/j.neuroimage.2007.03.029"
"17497631","Localization of human intraparietal areas AIP, CIP, and LIP using surface orientation and saccadic eye movement tasks","Shikata E, McNamara A, Sprenger A, Hamzei F, Glauche V, Büchel C, Binkofski F.","Hum Brain Mapp. 2008 Apr;29(4):411-21. doi: 10.1002/hbm.20396.","Shikata E","Hum Brain Mapp","2008","2007/05/15","PMC6870972","","10.1002/hbm.20396"
"17445248","Domain-related differentiation of working memory in the Japanese macaque (Macaca fuscata) frontal cortex: a positron emission tomography study","Kojima T, Onoe H, Hikosaka K, Tsutsui K, Tsukada H, Watanabe M.","Eur J Neurosci. 2007 Apr;25(8):2523-35. doi: 10.1111/j.1460-9568.2007.05504.x.","Kojima T","Eur J Neurosci","2007","2007/04/21","","","10.1111/j.1460-9568.2007.05504.x"
"17417939","The medial temporal lobe and recognition memory","Eichenbaum H, Yonelinas AP, Ranganath C.","Annu Rev Neurosci. 2007;30:123-52. doi: 10.1146/annurev.neuro.30.051606.094328.","Eichenbaum H","Annu Rev Neurosci","2007","2007/04/10","PMC2064941","NIHMS32344","10.1146/annurev.neuro.30.051606.094328"
"17405670","Directional disorientation following left retrosplenial hemorrhage: a case report with fMRI studies","Ino T, Doi T, Hirose S, Kimura T, Ito J, Fukuyama H.","Cortex. 2007 Feb;43(2):248-54. doi: 10.1016/s0010-9452(08)70479-9.","Ino T","Cortex","2007","2007/04/05","","","10.1016/s0010-9452(08)70479-9"
"17400538","From cognitive to neural models of working memory","D'Esposito M.","Philos Trans R Soc Lond B Biol Sci. 2007 May 29;362(1481):761-72. doi: 10.1098/rstb.2007.2086.","D'Esposito M","Philos Trans R Soc Lond B Biol Sci","2007","2007/04/03","PMC2429995","","10.1098/rstb.2007.2086"
"17188927","Exploring the neural basis of cognition: multi-modal links between human fMRI and macaque neurophysiology","Nakahara K, Adachi Y, Osada T, Miyashita Y.","Trends Cogn Sci. 2007 Feb;11(2):84-92. doi: 10.1016/j.tics.2006.11.006. Epub 2006 Dec 26.","Nakahara K","Trends Cogn Sci","2007","2006/12/26","","","10.1016/j.tics.2006.11.006"
"17140815","Distribution of the dopamine innervation in the macaque and human thalamus","García-Cabezas MA, Rico B, Sánchez-González MA, Cavada C.","Neuroimage. 2007 Feb 1;34(3):965-84. doi: 10.1016/j.neuroimage.2006.07.032. Epub 2006 Nov 30.","García-Cabezas MA","Neuroimage","2007","2006/12/05","","","10.1016/j.neuroimage.2006.07.032"
"17133389","A glimpse into your vision","Gonzalez Andino SL, Grave de Peralta R, Khateb A, Pegna AJ, Thut G, Landis T.","Hum Brain Mapp. 2007 Jul;28(7):614-24. doi: 10.1002/hbm.20302.","Gonzalez Andino SL","Hum Brain Mapp","2007","2006/11/30","PMC6871287","","10.1002/hbm.20302"
"17105829","Effects of combined dopamine and serotonin transporter inhibitors on cocaine self-administration in rhesus monkeys","Howell LL, Carroll FI, Votaw JR, Goodman MM, Kimmel HL.","J Pharmacol Exp Ther. 2007 Feb;320(2):757-65. doi: 10.1124/jpet.106.108324. Epub 2006 Nov 14.","Howell LL","J Pharmacol Exp Ther","2007","2006/11/16","","","10.1124/jpet.106.108324"
"17056279","Functional activation in parieto-premotor and visual areas dependent on congruency between hand movement and visual stimuli during motor-visual priming","Stanley J, Miall RC.","Neuroimage. 2007 Jan 1;34(1):290-9. doi: 10.1016/j.neuroimage.2006.08.043. Epub 2006 Oct 23.","Stanley J","Neuroimage","2007","2006/10/24","","","10.1016/j.neuroimage.2006.08.043"
"16723518","Representation of head-centric flow in the human motion complex","Goossens J, Dukelow SP, Menon RS, Vilis T, van den Berg AV.","J Neurosci. 2006 May 24;26(21):5616-27. doi: 10.1523/JNEUROSCI.0730-06.2006.","Goossens J","J Neurosci","2006","2006/05/26","PMC6675273","","10.1523/JNEUROSCI.0730-06.2006"
"16677944","Laminar specificity in monkey V1 using high-resolution SE-fMRI","Goense JB, Logothetis NK.","Magn Reson Imaging. 2006 May;24(4):381-92. doi: 10.1016/j.mri.2005.12.032. Epub 2006 Mar 13.","Goense JB","Magn Reson Imaging","2006","2006/05/09","","","10.1016/j.mri.2005.12.032"
"16563729","The neurobiology of visual attention: finding sources","Moore T.","Curr Opin Neurobiol. 2006 Apr;16(2):159-65. doi: 10.1016/j.conb.2006.03.009. Epub 2006 Mar 24.","Moore T","Curr Opin Neurobiol","2006","2006/03/28","","","10.1016/j.conb.2006.03.009"
"16324795","Working memory as an emergent property of the mind and brain","Postle BR.","Neuroscience. 2006 Apr 28;139(1):23-38. doi: 10.1016/j.neuroscience.2005.06.005. Epub 2005 Dec 1.","Postle BR","Neuroscience","2006","2005/12/06","PMC1428794","NIHMS3798","10.1016/j.neuroscience.2005.06.005"
"16256374","Receptive field size-dependent attention effects in simultaneously presented stimulus displays","Bles M, Schwarzbach J, De Weerd P, Goebel R, Jansma BM.","Neuroimage. 2006 Apr 1;30(2):506-11. doi: 10.1016/j.neuroimage.2005.09.042. Epub 2005 Oct 26.","Bles M","Neuroimage","2006","2005/11/01","","","10.1016/j.neuroimage.2005.09.042"
"16206183","In vivo comparison of the reinforcing and dopamine transporter effects of local anesthetics in rhesus monkeys","Wilcox KM, Kimmel HL, Lindsey KP, Votaw JR, Goodman MM, Howell LL.","Synapse. 2005 Dec 15;58(4):220-8. doi: 10.1002/syn.20199.","Wilcox KM","Synapse","2005","2005/10/06","","","10.1002/syn.20199"
"16023853","Attention and visual perception","Boynton GM.","Curr Opin Neurobiol. 2005 Aug;15(4):465-9. doi: 10.1016/j.conb.2005.06.009.","Boynton GM","Curr Opin Neurobiol","2005","2005/07/19","","","10.1016/j.conb.2005.06.009"
"15993625","Differential effects of paroxetine on raphe and cortical 5-HT1A binding: a PET study in monkeys","Giovacchini G, Lang L, Ma Y, Herscovitch P, Eckelman WC, Carson RE.","Neuroimage. 2005 Oct 15;28(1):238-48. doi: 10.1016/j.neuroimage.2005.05.042. Epub 2005 Jul 1.","Giovacchini G","Neuroimage","2005","2005/07/05","","","10.1016/j.neuroimage.2005.05.042"
"15975945","Deficits of motion integration and segregation in patients with unilateral extrastriate lesions","Vaina LM, Cowey A, Jakab M, Kikinis R.","Brain. 2005 Sep;128(Pt 9):2134-45. doi: 10.1093/brain/awh573. Epub 2005 Jun 23.","Vaina LM","Brain","2005","2005/06/25","","","10.1093/brain/awh573"
"15951226","Continuity of the conceptual system across species","Barsalou LW.","Trends Cogn Sci. 2005 Jul;9(7):309-11. doi: 10.1016/j.tics.2005.05.003.","Barsalou LW","Trends Cogn Sci","2005","2005/06/14","","","10.1016/j.tics.2005.05.003"
"15928716","Interactions between number and space in parietal cortex","Hubbard EM, Piazza M, Pinel P, Dehaene S.","Nat Rev Neurosci. 2005 Jun;6(6):435-48. doi: 10.1038/nrn1684.","Hubbard EM","Nat Rev Neurosci","2005","2005/06/02","","","10.1038/nrn1684"
"15860578","Representations of faces and body parts in macaque temporal cortex: a functional MRI study","Pinsk MA, DeSimone K, Moore T, Gross CG, Kastner S.","Proc Natl Acad Sci U S A. 2005 May 10;102(19):6996-7001. doi: 10.1073/pnas.0502605102. Epub 2005 Apr 28.","Pinsk MA","Proc Natl Acad Sci U S A","2005","2005/04/30","PMC1100800","","10.1073/pnas.0502605102"
"15812316","Age-related effects of bromocriptine on sensory gating in rhesus monkeys","Liu N, Yu S, Zhou Y, Cai J, Ma Y.","Neuroreport. 2005 Apr 25;16(6):603-6. doi: 10.1097/00001756-200504250-00017.","Liu N","Neuroreport","2005","2005/04/07","","","10.1097/00001756-200504250-00017"
"15653182","Sex differences in age-related motor slowing in the rhesus monkey: behavioral and neuroimaging data","Lacreuse A, Diehl MM, Goh MY, Hall MJ, Volk AM, Chhabra RK, Herndon JG.","Neurobiol Aging. 2005 Apr;26(4):543-51. doi: 10.1016/j.neurobiolaging.2004.05.007.","Lacreuse A","Neurobiol Aging","2005","2005/01/18","","","10.1016/j.neurobiolaging.2004.05.007"
"15510225","Representation of attended versus remembered locations in prefrontal cortex","Lebedev MA, Messinger A, Kralik JD, Wise SP.","PLoS Biol. 2004 Nov;2(11):e365. doi: 10.1371/journal.pbio.0020365. Epub 2004 Oct 26.","Lebedev MA","PLoS Biol","2004","2004/10/29","PMC524249","","10.1371/journal.pbio.0020365"
"15504333","Tuning curves for approximate numerosity in the human intraparietal sulcus","Piazza M, Izard V, Pinel P, Le Bihan D, Dehaene S.","Neuron. 2004 Oct 28;44(3):547-55. doi: 10.1016/j.neuron.2004.10.014.","Piazza M","Neuron","2004","2004/10/27","","","10.1016/j.neuron.2004.10.014"
"15477030","Visuo-tactile representation of near-the-body space","Làdavas E, Farnè A.","J Physiol Paris. 2004 Jan-Jun;98(1-3):161-70. doi: 10.1016/j.jphysparis.2004.03.007.","Làdavas E","J Physiol Paris","2004","2004/10/13","","","10.1016/j.jphysparis.2004.03.007"
"15327928","Shift in sound localization induced by rTMS of the posterior parietal lobe","Lewald J, Wienemann M, Boroojerdi B.","Neuropsychologia. 2004;42(12):1598-607. doi: 10.1016/j.neuropsychologia.2004.04.012.","Lewald J","Neuropsychologia","2004","2004/08/26","","","10.1016/j.neuropsychologia.2004.04.012"
"15217334","The medial temporal lobe","Squire LR, Stark CE, Clark RE.","Annu Rev Neurosci. 2004;27:279-306. doi: 10.1146/annurev.neuro.27.070203.144130.","Squire LR","Annu Rev Neurosci","2004","2004/06/26","","","10.1146/annurev.neuro.27.070203.144130"
"15200710","Involvement of the superior temporal cortex and the occipital cortex in spatial hearing: evidence from repetitive transcranial magnetic stimulation","Lewald J, Meister IG, Weidemann J, Töpper R.","J Cogn Neurosci. 2004 Jun;16(5):828-38. doi: 10.1162/089892904970834.","Lewald J","J Cogn Neurosci","2004","2004/06/18","","","10.1162/089892904970834"
"14990868","Anxious behavior and fenfluramine-induced prolactin secretion in young rhesus macaques with different alleles of the serotonin reuptake transporter polymorphism (5HTTLPR)","Bethea CL, Streicher JM, Coleman K, Pau FK, Moessner R, Cameron JL.","Behav Genet. 2004 May;34(3):295-307. doi: 10.1023/B:BEGE.0000017873.61607.be.","Bethea CL","Behav Genet","2004","2004/03/03","","","10.1023/B:BEGE.0000017873.61607.be"
"14982963","Effects of dopamine transporter inhibitors on cocaine self-administration in rhesus monkeys: relationship to transporter occupancy determined by positron emission tomography neuroimaging","Lindsey KP, Wilcox KM, Votaw JR, Goodman MM, Plisson C, Carroll FI, Rice KC, Howell LL.","J Pharmacol Exp Ther. 2004 Jun;309(3):959-69. doi: 10.1124/jpet.103.060293. Epub 2004 Feb 24.","Lindsey KP","J Pharmacol Exp Ther","2004","2004/02/26","","","10.1124/jpet.103.060293"
"14650848","Neuroimaging studies of attention and the processing of emotion-laden stimuli","Pessoa L, Ungerleider LG.","Prog Brain Res. 2004;144:171-82. doi: 10.1016/S0079-6123(03)14412-3.","Pessoa L","Prog Brain Res","2004","2003/12/04","","","10.1016/S0079-6123(03)14412-3"
"14584560","Seeking the neural substrates of visual working memory storage","Postle BR, Druzgal TJ, D'Esposito M.","Cortex. 2003 Sep-Dec;39(4-5):927-46. doi: 10.1016/s0010-9452(08)70871-2.","Postle BR","Cortex","2003","2003/10/31","","","10.1016/s0010-9452(08)70871-2"
"12967920","Polysensory interactions along lateral temporal regions evoked by audiovisual speech","Wright TM, Pelphrey KA, Allison T, McKeown MJ, McCarthy G.","Cereb Cortex. 2003 Oct;13(10):1034-43. doi: 10.1093/cercor/13.10.1034.","Wright TM","Cereb Cortex","2003","2003/09/12","","","10.1093/cercor/13.10.1034"
"12880819","Representation of different trigeminal divisions within the primary and secondary human somatosensory cortex","Iannetti GD, Porro CA, Pantano P, Romanelli PL, Galeotti F, Cruccu G.","Neuroimage. 2003 Jul;19(3):906-12. doi: 10.1016/s1053-8119(03)00139-3.","Iannetti GD","Neuroimage","2003","2003/07/26","","","10.1016/s1053-8119(03)00139-3"
"12564129","Chronic ischemic stroke model in cynomolgus monkeys: behavioral, neuroimaging and anatomical study","Roitberg B, Khan N, Tuccar E, Kompoliti K, Chu Y, Alperin N, Kordower JH, Emborg ME.","Neurol Res. 2003 Jan;25(1):68-78. doi: 10.1179/016164103101200950.","Roitberg B","Neurol Res","2003","2003/02/05","","","10.1179/016164103101200950"
"12507137","Induction of glioblastoma multiforme in nonhuman primates after therapeutic doses of fractionated whole-brain radiation therapy","Lonser RR, Walbridge S, Vortmeyer AO, Pack SD, Nguyen TT, Gogate N, Olson JJ, Akbasak A, Bobo RH, Goffman T, Zhuang Z, Oldfield EH.","J Neurosurg. 2002 Dec;97(6):1378-89. doi: 10.3171/jns.2002.97.6.1378.","Lonser RR","J Neurosurg","2002","2003/01/01","","","10.3171/jns.2002.97.6.1378"
"12498743","Selective activation of a parietofrontal circuit during implicitly imagined prehension","Johnson SH, Rotte M, Grafton ST, Hinrichs H, Gazzaniga MS, Heinze HJ.","Neuroimage. 2002 Dec;17(4):1693-704. doi: 10.1006/nimg.2002.1265.","Johnson SH","Neuroimage","2002","2002/12/25","","","10.1006/nimg.2002.1265"
"12468009","Assessment of locus and extent of neurotoxic lesions in monkeys using neuroimaging techniques: a replication","Nemanic S, Alvarado MC, Price RE, Jackson EF, Bachevalier J.","J Neurosci Methods. 2002 Dec 15;121(2):199-209. doi: 10.1016/s0165-0270(02)00264-9.","Nemanic S","J Neurosci Methods","2002","2002/12/07","","","10.1016/s0165-0270(02)00264-9"
"12379600","Separable neuronal circuitries for manipulable and non-manipulable objects in working memory","Mecklinger A, Gruenewald C, Besson M, Magnié MN, Von Cramon DY.","Cereb Cortex. 2002 Nov;12(11):1115-23. doi: 10.1093/cercor/12.11.1115.","Mecklinger A","Cereb Cortex","2002","2002/10/16","","","10.1093/cercor/12.11.1115"
"12373436","Functional imaging and neurochemical correlates of stimulant self-administration in primates","Howell LL, Wilcox KM.","Psychopharmacology (Berl). 2002 Oct;163(3-4):352-61. doi: 10.1007/s00213-002-1207-y. Epub 2002 Aug 29.","Howell LL","Psychopharmacology (Berl)","2002","2002/10/10","","","10.1007/s00213-002-1207-y"
"12235791","[Neural and molecular mechanisms of visual memory and imagery in the primate]","Miyashita Y.","Rinsho Shinkeigaku. 2001 Dec;41(12):1041-7.","Miyashita Y","Rinsho Shinkeigaku","2001","2002/09/19","","",""
"12052921","Learning and memory functions of the Basal Ganglia","Packard MG, Knowlton BJ.","Annu Rev Neurosci. 2002;25:563-93. doi: 10.1146/annurev.neuro.25.112701.142937. Epub 2002 Mar 27.","Packard MG","Annu Rev Neurosci","2002","2002/06/08","","","10.1146/annurev.neuro.25.112701.142937"
"12044646","Gaze direction affects face perception in humans","Watanabe S, Miki K, Kakigi R.","Neurosci Lett. 2002 Jun 14;325(3):163-6. doi: 10.1016/s0304-3940(02)00257-4.","Watanabe S","Neurosci Lett","2002","2002/06/05","","","10.1016/s0304-3940(02)00257-4"
"12030817","Repeated fMRI using iron oxide contrast agent in awake, behaving macaques at 3 Tesla","Leite FP, Tsao D, Vanduffel W, Fize D, Sasaki Y, Wald LL, Dale AM, Kwong KK, Orban GA, Rosen BR, Tootell RB, Mandeville JB.","Neuroimage. 2002 Jun;16(2):283-94. doi: 10.1006/nimg.2002.1110.","Leite FP","Neuroimage","2002","2002/05/29","","","10.1006/nimg.2002.1110"
"11970796","Testing the efficiency and independence of attentional networks","Fan J, McCandliss BD, Sommer T, Raz A, Posner MI.","J Cogn Neurosci. 2002 Apr 1;14(3):340-7. doi: 10.1162/089892902317361886.","Fan J","J Cogn Neurosci","2002","2002/04/24","","","10.1162/089892902317361886"
"11862343","Cocaine-induced brain activation determined by positron emission tomography neuroimaging in conscious rhesus monkeys","Howell LL, Hoffman JM, Votaw JR, Landrum AM, Wilcox KM, Lindsey KP.","Psychopharmacology (Berl). 2002 Jan;159(2):154-60. doi: 10.1007/s002130100911. Epub 2001 Oct 3.","Howell LL","Psychopharmacology (Berl)","2002","2002/02/28","","","10.1007/s002130100911"
"11753413","An auditory domain in primate prefrontal cortex","Romanski LM, Goldman-Rakic PS.","Nat Neurosci. 2002 Jan;5(1):15-6. doi: 10.1038/nn781.","Romanski LM","Nat Neurosci","2002","2001/12/26","PMC2793092","NIHMS151817","10.1038/nn781"
"11746736","Self-administration of cocaine and the cocaine analog RTI-113: relationship to dopamine transporter occupancy determined by PET neuroimaging in rhesus monkeys","Wilcox KM, Lindsey KP, Votaw JR, Goodman MM, Martarello L, Carroll FI, Howell LL.","Synapse. 2002 Jan;43(1):78-85. doi: 10.1002/syn.10018.","Wilcox KM","Synapse","2002","2001/12/18","","","10.1002/syn.10018"
"11719199","Visual motion processing investigated using contrast agent-enhanced fMRI in awake behaving monkeys","Vanduffel W, Fize D, Mandeville JB, Nelissen K, Van Hecke P, Rosen BR, Tootell RB, Orban GA.","Neuron. 2001 Nov 20;32(4):565-77. doi: 10.1016/s0896-6273(01)00502-5.","Vanduffel W","Neuron","2001","2001/11/24","","","10.1016/s0896-6273(01)00502-5"
"11506546","Template images for nonhuman primate neuroimaging: 2. Macaque","Black KJ, Koller JM, Snyder AZ, Perlmutter JS.","Neuroimage. 2001 Sep;14(3):744-8. doi: 10.1006/nimg.2001.0871.","Black KJ","Neuroimage","2001","2001/08/17","","","10.1006/nimg.2001.0871"
"11389792","Constraint-induced movement therapy to enhance recovery after stroke","Taub E, Morris DM.","Curr Atheroscler Rep. 2001 Jul;3(4):279-86. doi: 10.1007/s11883-001-0020-0.","Taub E","Curr Atheroscler Rep","2001","2001/06/08","","","10.1007/s11883-001-0020-0"
"11388141","Can neuroimaging really tell us what the human brain is doing? The relevance of indirect measures of population activity","op de Beeck H, Wagemans J, Vogels R.","Acta Psychol (Amst). 2001 Apr;107(1-3):323-51. doi: 10.1016/s0001-6918(01)00027-0.","op de Beeck H","Acta Psychol (Amst)","2001","2001/06/05","","","10.1016/s0001-6918(01)00027-0"
"11325436","An apparatus and behavioral training protocol to conduct positron emission tomography (PET) neuroimaging in conscious rhesus monkeys","Howell LL, Hoffman JM, Votaw JR, Landrum AM, Jordan JF.","J Neurosci Methods. 2001 Apr 30;106(2):161-9. doi: 10.1016/s0165-0270(01)00345-4.","Howell LL","J Neurosci Methods","2001","2001/04/28","","","10.1016/s0165-0270(01)00345-4"
"11151976","Attending to and remembering tactile stimuli: a review of brain imaging data and single-neuron responses","Burton H, Sinclair RJ.","J Clin Neurophysiol. 2000 Nov;17(6):575-91. doi: 10.1097/00004691-200011000-00004.","Burton H","J Clin Neurophysiol","2000","2001/01/11","","","10.1097/00004691-200011000-00004"
"11007909","Dissociable roles of mid-dorsolateral prefrontal and anterior inferotemporal cortex in visual working memory","Petrides M.","J Neurosci. 2000 Oct 1;20(19):7496-503. doi: 10.1523/JNEUROSCI.20-19-07496.2000.","Petrides M","J Neurosci","2000","2000/09/29","PMC6772785","","10.1523/JNEUROSCI.20-19-07496.2000"
"10859571","Social perception from visual cues: role of the STS region","Allison T, Puce A, McCarthy G.","Trends Cogn Sci. 2000 Jul;4(7):267-278. doi: 10.1016/s1364-6613(00)01501-1.","Allison T","Trends Cogn Sci","2000","2000/06/22","","","10.1016/s1364-6613(00)01501-1"
"10775716","The cerebellum and cognition: cerebellar lesions impair sequence learning but not conditional visuomotor learning in monkeys","Nixon PD, Passingham RE.","Neuropsychologia. 2000;38(7):1054-72. doi: 10.1016/s0028-3932(99)00138-4.","Nixon PD","Neuropsychologia","2000","2000/04/25","","","10.1016/s0028-3932(99)00138-4"
"10718149","Neural mechanisms of memory retrieval: role of the prefrontal cortex","Hasegawa I.","Rev Neurosci. 2000;11(2-3):113-25. doi: 10.1515/revneuro.2000.11.2-3.113.","Hasegawa I","Rev Neurosci","2000","2000/03/16","","","10.1515/revneuro.2000.11.2-3.113"
"10700661","PET-Determination of robalzotan (NAD-299) induced 5-HT(1A) receptor occupancy in the monkey brain","Farde L, Andrée B, Ginovart N, Halldin C, Thorberg S.","Neuropsychopharmacology. 2000 Apr;22(4):422-9. doi: 10.1016/S0893-133X(99)00125-6.","Farde L","Neuropsychopharmacology","2000","2000/03/04","","","10.1016/S0893-133X(99)00125-6"
"20945176","Is face recognition not so unique after all?","Gauthier I, Logothetis NK.","Cogn Neuropsychol. 2000 Feb 1;17(1):125-42. doi: 10.1080/026432900380535.","Gauthier I","Cogn Neuropsychol","2000","2010/10/15","","","10.1080/026432900380535"
"10401777","Neuronal activity in the basal ganglia in patients with generalized dystonia and hemiballismus","Vitek JL, Chockkan V, Zhang JY, Kaneoke Y, Evatt M, DeLong MR, Triche S, Mewes K, Hashimoto T, Bakay RA.","Ann Neurol. 1999 Jul;46(1):22-35. doi: 10.1002/1531-8249(199907)46:1<22::aid-ana6>3.0.co;2-z.","Vitek JL","Ann Neurol","1999","1999/07/13","","","10.1002/1531-8249(199907)46:1<22::aid-ana6>3.0.co;2-z"
"10377446","The neural substrate and temporal dynamics of interference effects in working memory as revealed by event-related functional MRI","D'Esposito M, Postle BR, Jonides J, Smith EE.","Proc Natl Acad Sci U S A. 1999 Jun 22;96(13):7514-9. doi: 10.1073/pnas.96.13.7514.","D'Esposito M","Proc Natl Acad Sci U S A","1999","1999/06/23","PMC22117","","10.1073/pnas.96.13.7514"
"10094124","Human cortical gustatory areas: a review of functional neuroimaging data","Small DM, Zald DH, Jones-Gotman M, Zatorre RJ, Pardo JV, Frey S, Petrides M.","Neuroreport. 1999 Jan 18;10(1):7-14. doi: 10.1097/00001756-199901180-00002.","Small DM","Neuroreport","1999","1999/03/27","","","10.1097/00001756-199901180-00002"
"9770241","Functional imaging of the brain by infrared radiation (thermoencephaloscopy)","Shevelev IA.","Prog Neurobiol. 1998 Oct;56(3):269-305. doi: 10.1016/s0301-0082(98)00038-0.","Shevelev IA","Prog Neurobiol","1998","1998/10/14","","","10.1016/s0301-0082(98)00038-0"
"9714705","Functional MRI studies of spatial and nonspatial working memory","D'Esposito M, Aguirre GK, Zarahn E, Ballard D, Shin RK, Lease J.","Brain Res Cogn Brain Res. 1998 Jul;7(1):1-13. doi: 10.1016/s0926-6410(98)00004-4.","D'Esposito M","Brain Res Cogn Brain Res","1998","1998/08/26","","","10.1016/s0926-6410(98)00004-4"
"9450511","Measuring dopamine transporter occupancy by cocaine in vivo: radiotracer considerations","Fowler JS, Volkow ND, Logan J, Gatley SJ, Pappas N, King P, Ding YS, Wang GJ.","Synapse. 1998 Feb;28(2):111-6. doi: 10.1002/(SICI)1098-2396(199802)28:2<111::AID-SYN1>3.0.CO;2-E.","Fowler JS","Synapse","1998","1998/02/05","","","10.1002/(SICI)1098-2396(199802)28:2<111::AID-SYN1>3.0.CO;2-E"
"9084626","Infrequent events transiently activate human prefrontal and parietal cortex as measured by functional MRI","McCarthy G, Luby M, Gore J, Goldman-Rakic P.","J Neurophysiol. 1997 Mar;77(3):1630-4. doi: 10.1152/jn.1997.77.3.1630.","McCarthy G","J Neurophysiol","1997","1997/03/01","","","10.1152/jn.1997.77.3.1630"
"8941958","Dissociating executive functions of the prefrontal cortex","Robbins TW.","Philos Trans R Soc Lond B Biol Sci. 1996 Oct 29;351(1346):1463-70; discussion 1470-1. doi: 10.1098/rstb.1996.0131.","Robbins TW","Philos Trans R Soc Lond B Biol Sci","1996","1996/10/29","","","10.1098/rstb.1996.0131"
"8459722","Thermoimaging of the brain","Shevelev IA, Tsicalov EN, Gorbach AM, Budko KP, Sharaev GA.","J Neurosci Methods. 1993 Jan;46(1):49-57. doi: 10.1016/0165-0270(93)90140-m.","Shevelev IA","J Neurosci Methods","1993","1993/01/01","","","10.1016/0165-0270(93)90140-m"
