﻿PMID,Title,Authors,Citation,First Author,Journal/Book,Publication Year,Create Date,PMCID,NIHMS ID,DOI
"34293407","A pilot behavioural and neuroimaging investigation on photothrombotic stroke models in rhesus monkeys","Zhang Z, Wang S, Du L, Xu L, Lin Y, Liu K, Zou Y, Bin Li, Ye Q, Mao Y, Chen W, Zhou G, Sun H, Huang H, Li R, Li G, Li L, Wang Q, Long Q, Huang H, Geng X, Liu Y, Liu C, Li B, Zhou Z, Li J, Wang J.","J Neurosci Methods. 2021 Jul 20;362:109291. doi: 10.1016/j.jneumeth.2021.109291. Online ahead of print.","Zhang Z","J Neurosci Methods","2021","2021/07/22","","","10.1016/j.jneumeth.2021.109291"
"34273134","Structure, function and connectivity fingerprints of the frontal eye field versus the inferior frontal junction: A comprehensive comparison","Bedini M, Baldauf D.","Eur J Neurosci. 2021 Jul 17. doi: 10.1111/ejn.15393. Online ahead of print.","Bedini M","Eur J Neurosci","2021","2021/07/17","","","10.1111/ejn.15393"
"34261701","Flexible versus fixed spatial self-ordered response sequencing:Effects of inactivation and neurochemical modulation ofventrolateral prefrontal cortex","Axelsson SFA, Horst NK, Horiguchi N, Roberts AC, Robbins TW.","J Neurosci. 2021 Jul 14:JN-RM-0227-21. doi: 10.1523/JNEUROSCI.0227-21.2021. Online ahead of print.","Axelsson SFA","J Neurosci","2021","2021/07/15","","","10.1523/JNEUROSCI.0227-21.2021"
"34222873","The role of the medial prefrontal cortex in cognition, ageing and dementia","Jobson DD, Hase Y, Clarkson AN, Kalaria RN.","Brain Commun. 2021 Jun 11;3(3):fcab125. doi: 10.1093/braincomms/fcab125. eCollection 2021 Jul.","Jobson DD","Brain Commun","2021","2021/07/05","PMC8249104","","10.1093/braincomms/fcab125"
"34166774","The One-Stop Gyrification Station - Challenges and New Technologies","Hickmott RA, Bosakhar A, Quezada S, Barresi M, Walker DW, Ryan AL, Quigley A, Tolcos M.","Prog Neurobiol. 2021 Jun 21:102111. doi: 10.1016/j.pneurobio.2021.102111. Online ahead of print.","Hickmott RA","Prog Neurobiol","2021","2021/06/24","","","10.1016/j.pneurobio.2021.102111"
"33967711","Functional Connectivity of the Human Paraventricular Thalamic Nucleus: Insights From High Field Functional MRI","Kark SM, Birnie MT, Baram TZ, Yassa MA.","Front Integr Neurosci. 2021 Apr 21;15:662293. doi: 10.3389/fnint.2021.662293. eCollection 2021.","Kark SM","Front Integr Neurosci","2021","2021/05/10","PMC8096909","","10.3389/fnint.2021.662293"
"33935897","Individual Differences in Intertemporal Choice","Keidel K, Rramani Q, Weber B, Murawski C, Ettinger U.","Front Psychol. 2021 Apr 16;12:643670. doi: 10.3389/fpsyg.2021.643670. eCollection 2021.","Keidel K","Front Psychol","2021","2021/05/03","PMC8085593","","10.3389/fpsyg.2021.643670"
"33923703","Structural Changes on MRI Demonstrate Specific Cerebellar Involvement in SLE Patients-A VBM Study","Mårtensson J, Rumetshofer T, Nystedt J, Lätt J, Nilsson P, Bengtsson A, Jönsen A, Sundgren PC.","Brain Sci. 2021 Apr 16;11(4):510. doi: 10.3390/brainsci11040510.","Mårtensson J","Brain Sci","2021","2021/04/30","PMC8072619","","10.3390/brainsci11040510"
"33899252","Does sodium oxybate inhibit brain dopamine release in humans? An exploratory neuroimaging study","Kish SJ, O'Leary G, Mamelak M, McCluskey T, Warsh JJ, Shapiro C, Bies R, Yu Y, Pollock B, Tong J, Boileau I.","Hum Psychopharmacol. 2021 Apr 26:e2791. doi: 10.1002/hup.2791. Online ahead of print.","Kish SJ","Hum Psychopharmacol","2021","2021/04/26","","","10.1002/hup.2791"
"33882349","Minimal specifications for non-human primate MRI: Challenges in standardizing and harmonizing data collection","Autio JA, Zhu Q, Li X, Glasser MF, Schwiedrzik CM, Fair DA, Zimmermann J, Yacoub E, Menon RS, Van Essen DC, Hayashi T, Russ B, Vanduffel W.","Neuroimage. 2021 Aug 1;236:118082. doi: 10.1016/j.neuroimage.2021.118082. Epub 2021 Apr 18.","Autio JA","Neuroimage","2021","2021/04/21","","","10.1016/j.neuroimage.2021.118082"
"33880672","Effect of ethanol and cocaine on [(11)C]MPC-6827 uptake in SH-SY5Y cells","Damuka N, Orr M, Czoty PW, Weiner JL, Martin TJ, Nader MA, Bansode AH, Liyana Pathirannahel BS, Mintz A, Macauley SL, Craft S, Solingapuram Sai KK.","Mol Biol Rep. 2021 Apr;48(4):3871-3876. doi: 10.1007/s11033-021-06336-7. Epub 2021 Apr 20.","Damuka N","Mol Biol Rep","2021","2021/04/21","PMC8172511","","10.1007/s11033-021-06336-7"
"33840834","Radiofluorination of oxazole-carboxamides for preclinical PET neuroimaging of GSK-3","Varlow C, Mossine AV, Bernard-Gauthier V, Scott PJH, Vasdev N.","J Fluor Chem. 2021 May;245:109760. doi: 10.1016/j.jfluchem.2021.109760. Epub 2021 Feb 21.","Varlow C","J Fluor Chem","2021","2021/04/12","PMC8034590","NIHMS1680899","10.1016/j.jfluchem.2021.109760"
"33812229","The cingulate oculomotor cortex","Ruehl RM, Ophey L, Ertl M, Zu Eulenburg P.","Cortex. 2021 May;138:341-355. doi: 10.1016/j.cortex.2021.02.017. Epub 2021 Mar 4.","Ruehl RM","Cortex","2021","2021/04/03","","","10.1016/j.cortex.2021.02.017"
"33794361","Strengths and challenges of longitudinal non-human primate neuroimaging","Song X, García-Saldivar P, Kindred N, Wang Y, Merchant H, Meguerditchian A, Yang Y, Stein EA, Bradberry CW, Ben Hamed S, Jedema HP, Poirier C.","Neuroimage. 2021 Aug 1;236:118009. doi: 10.1016/j.neuroimage.2021.118009. Epub 2021 Mar 29.","Song X","Neuroimage","2021","2021/04/01","PMC8270888","","10.1016/j.neuroimage.2021.118009"
"33794355","Combining brain perturbation and neuroimaging in non-human primates","Klink PC, Aubry JF, Ferrera VP, Fox AS, Froudist-Walsh S, Jarraya B, Konofagou EE, Krauzlis RJ, Messinger A, Mitchell AS, Ortiz-Rios M, Oya H, Roberts AC, Roe AW, Rushworth MFS, Sallet J, Schmid MC, Schroeder CE, Tasserie J, Tsao DY, Uhrig L, Vanduffel W, Wilke M, Kagan I, Petkov CI.","Neuroimage. 2021 Jul 15;235:118017. doi: 10.1016/j.neuroimage.2021.118017. Epub 2021 Mar 29.","Klink PC","Neuroimage","2021","2021/04/01","","","10.1016/j.neuroimage.2021.118017"
"33789138","A comprehensive macaque fMRI pipeline and hierarchical atlas","Jung B, Taylor PA, Seidlitz J, Sponheim C, Perkins P, Ungerleider LG, Glen D, Messinger A.","Neuroimage. 2021 Jul 15;235:117997. doi: 10.1016/j.neuroimage.2021.117997. Epub 2021 Mar 28.","Jung B","Neuroimage","2021","2021/03/31","","","10.1016/j.neuroimage.2021.117997"
"33789137","U-net model for brain extraction: Trained on humans for transfer to non-human primates","Wang X, Li XH, Cho JW, Russ BE, Rajamani N, Omelchenko A, Ai L, Korchmaros A, Sawiak S, Benn RA, Garcia-Saldivar P, Wang Z, Kalin NH, Schroeder CE, Craddock RC, Fox AS, Evans AC, Messinger A, Milham MP, Xu T.","Neuroimage. 2021 Jul 15;235:118001. doi: 10.1016/j.neuroimage.2021.118001. Epub 2021 Mar 28.","Wang X","Neuroimage","2021","2021/03/31","","","10.1016/j.neuroimage.2021.118001"
"33756104","Single-trial decoding of movement intentions using functional ultrasound neuroimaging","Norman SL, Maresca D, Christopoulos VN, Griggs WS, Demene C, Tanter M, Shapiro MG, Andersen RA.","Neuron. 2021 May 5;109(9):1554-1566.e4. doi: 10.1016/j.neuron.2021.03.003. Epub 2021 Mar 22.","Norman SL","Neuron","2021","2021/03/23","PMC8105283","NIHMS1683074","10.1016/j.neuron.2021.03.003"
"33560448","Resting fMRI-guided TMS results in subcortical and brain network modulation indexed by interleaved TMS/fMRI","Oathes DJ, Zimmerman JP, Duprat R, Japp SS, Scully M, Rosenberg BM, Flounders MW, Long H, Deluisi JA, Elliott M, Shandler G, Shinohara RT, Linn KA.","Exp Brain Res. 2021 Apr;239(4):1165-1178. doi: 10.1007/s00221-021-06036-5. Epub 2021 Feb 9.","Oathes DJ","Exp Brain Res","2021","2021/02/09","","","10.1007/s00221-021-06036-5"
"33549320","General anaesthesia during infancy reduces white matter micro-organisation in developing rhesus monkeys","Young JT, Vlasova RM, Howell BR, Knickmeyer RC, Morin E, Kuitchoua KI, Lubach GR, Noel J, Hu X, Shi Y, Caudill G, Alexander AL, Niethammer M, Paule MG, Coe CL, Sanchez M, Styner M.","Br J Anaesth. 2021 Apr;126(4):845-853. doi: 10.1016/j.bja.2020.12.029. Epub 2021 Feb 3.","Young JT","Br J Anaesth","2021","2021/02/07","PMC8132881","","10.1016/j.bja.2020.12.029"
"33453211","Translational value of non-human primates in opioid research","Ding H, Ko MC.","Exp Neurol. 2021 Apr;338:113602. doi: 10.1016/j.expneurol.2021.113602. Epub 2021 Jan 14.","Ding H","Exp Neurol","2021","2021/01/16","PMC7904625","NIHMS1662835","10.1016/j.expneurol.2021.113602"
"33418072","International primate neuroscience research regulation, public engagement and transparency opportunities","Mitchell AS, Hartig R, Basso MA, Jarrett W, Kastner S, Poirier C.","Neuroimage. 2021 Apr 1;229:117700. doi: 10.1016/j.neuroimage.2020.117700. Epub 2021 Jan 6.","Mitchell AS","Neuroimage","2021","2021/01/08","PMC7994292","","10.1016/j.neuroimage.2020.117700"
"33359631","In-vivo diffusion MRI protocol optimization for the chimpanzee brain and examination of aging effects on the primate optic nerve at 3T","Zhang X, Li CX, Yan Y, Nair G, Rilling JK, Herndon JG, Preuss TM, Hu X, Li L.","Magn Reson Imaging. 2021 Apr;77:194-203. doi: 10.1016/j.mri.2020.12.015. Epub 2020 Dec 23.","Zhang X","Magn Reson Imaging","2021","2020/12/28","PMC7878399","NIHMS1657502","10.1016/j.mri.2020.12.015"
"33359353","Using non-invasive neuroimaging to enhance the care, well-being and experimental outcomes of laboratory non-human primates (monkeys)","Basso MA, Frey S, Guerriero KA, Jarraya B, Kastner S, Koyano KW, Leopold DA, Murphy K, Poirier C, Pope W, Silva AC, Tansey G, Uhrig L.","Neuroimage. 2021 Mar;228:117667. doi: 10.1016/j.neuroimage.2020.117667. Epub 2020 Dec 24.","Basso MA","Neuroimage","2021","2020/12/28","PMC8005297","NIHMS1677100","10.1016/j.neuroimage.2020.117667"
"33359348","PREEMACS: Pipeline for preprocessing and extraction of the macaque brain surface","Garcia-Saldivar P, Garimella A, Garza-Villarreal EA, Mendez FA, Concha L, Merchant H.","Neuroimage. 2021 Feb 15;227:117671. doi: 10.1016/j.neuroimage.2020.117671. Epub 2020 Dec 24.","Garcia-Saldivar P","Neuroimage","2021","2020/12/28","","","10.1016/j.neuroimage.2020.117671"
"33359343","Beyond MRI: on the scientific value of combining non-human primate neuroimaging with metadata","Poirier C, Hamed SB, Garcia-Saldivar P, Kwok SC, Meguerditchian A, Merchant H, Rogers J, Wells S, Fox AS.","Neuroimage. 2021 Mar;228:117679. doi: 10.1016/j.neuroimage.2020.117679. Epub 2021 Jan 6.","Poirier C","Neuroimage","2021","2020/12/28","PMC7903159","","10.1016/j.neuroimage.2020.117679"
"33357289","Neuroimaging with Radiopharmaceuticals Targeting the Glutamatergic System","Mu L, Krämer SD, Ahmed H, Gruber S, Geistlich S, Schibli R, Ametamey SM.","Chimia (Aarau). 2020 Dec 23;74(12):960-967. doi: 10.2533/chimia.2020.960.","Mu L","Chimia (Aarau)","2020","2020/12/28","","","10.2533/chimia.2020.960"
"33338616","DIKA-Nets: Domain-invariant knowledge-guided attention networks for brain skull stripping of early developing macaques","Zhong T, Zhao F, Pei Y, Ning Z, Liao L, Wu Z, Niu Y, Wang L, Shen D, Zhang Y, Li G.","Neuroimage. 2021 Feb 15;227:117649. doi: 10.1016/j.neuroimage.2020.117649. Epub 2020 Dec 15.","Zhong T","Neuroimage","2021","2020/12/18","","","10.1016/j.neuroimage.2020.117649"
"33227425","A collaborative resource platform for non-human primate neuroimaging","Messinger A, Sirmpilatze N, Heuer K, Loh KK, Mars RB, Sein J, Xu T, Glen D, Jung B, Seidlitz J, Taylor P, Toro R, Garza-Villarreal EA, Sponheim C, Wang X, Benn RA, Cagna B, Dadarwal R, Evrard HC, Garcia-Saldivar P, Giavasis S, Hartig R, Lepage C, Liu C, Majka P, Merchant H, Milham MP, Rosa MGP, Tasserie J, Uhrig L, Margulies DS, Klink PC.","Neuroimage. 2021 Feb 1;226:117519. doi: 10.1016/j.neuroimage.2020.117519. Epub 2020 Nov 20.","Messinger A","Neuroimage","2021","2020/11/23","","","10.1016/j.neuroimage.2020.117519"
"33180142","Red nucleus structure and function: from anatomy to clinical neurosciences","Basile GA, Quartu M, Bertino S, Serra MP, Boi M, Bramanti A, Anastasi GP, Milardi D, Cacciola A.","Brain Struct Funct. 2021 Jan;226(1):69-91. doi: 10.1007/s00429-020-02171-x. Epub 2020 Nov 12.","Basile GA","Brain Struct Funct","2021","2020/11/12","PMC7817566","","10.1007/s00429-020-02171-x"
"33130051","Protective cranial implant caps for macaques","Perry BAL, Mason S, Nacef J, Waddle A, Hynes B, Bergmann C, Schmid MC, Petkov CI, Thiele A, Mitchell AS.","J Neurosci Methods. 2021 Jan 15;348:108992. doi: 10.1016/j.jneumeth.2020.108992. Epub 2020 Oct 29.","Perry BAL","J Neurosci Methods","2021","2020/11/01","PMC7840592","","10.1016/j.jneumeth.2020.108992"
"33108588","Fine-Grained Topography and Modularity of the Macaque Frontal Pole Cortex Revealed by Anatomical Connectivity Profiles","He B, Cao L, Xia X, Zhang B, Zhang D, You B, Fan L, Jiang T.","Neurosci Bull. 2020 Dec;36(12):1454-1473. doi: 10.1007/s12264-020-00589-1. Epub 2020 Oct 27.","He B","Neurosci Bull","2020","2020/10/27","PMC7719154","","10.1007/s12264-020-00589-1"
"33063708","The use of hydrogel-delivered extracellular vesicles in recovery of motor function in stroke: a testable experimental hypothesis for clinical translation including behavioral and neuroimaging assessment approaches","Tsintou M, Dalamagkas K, Moore TL, Rathi Y, Kubicki M, Rosene DL, Makris N.","Neural Regen Res. 2021 Apr;16(4):605-613. doi: 10.4103/1673-5374.295269.","Tsintou M","Neural Regen Res","2021","2020/10/16","PMC8067932","","10.4103/1673-5374.295269"
"33005147","Age-Related Regional Network Covariance of Magnetic Resonance Imaging Gray Matter in the Rat","Alexander GE, Lin L, Yoshimaru ES, Bharadwaj PK, Bergfield KL, Hoang LT, Chawla MK, Chen K, Moeller JR, Barnes CA, Trouard TP.","Front Aging Neurosci. 2020 Aug 26;12:267. doi: 10.3389/fnagi.2020.00267. eCollection 2020.","Alexander GE","Front Aging Neurosci","2020","2020/10/02","PMC7479213","","10.3389/fnagi.2020.00267"
"32927083","Associations between stress exposure and new mothers' brain responses to infant cry sounds","Kim P, Tribble R, Olsavsky AK, Dufford AJ, Erhart A, Hansen M, Grande L, Gonzalez DM.","Neuroimage. 2020 Dec;223:117360. doi: 10.1016/j.neuroimage.2020.117360. Epub 2020 Sep 11.","Kim P","Neuroimage","2020","2020/09/14","PMC8291268","NIHMS1667137","10.1016/j.neuroimage.2020.117360"
"32787546","Laterality 2020: entering the next decade","Ocklenburg S, Berretz G, Packheiser J, Friedrich P.","Laterality. 2021 May;26(3):265-297. doi: 10.1080/1357650X.2020.1804396. Epub 2020 Aug 12.","Ocklenburg S","Laterality","2021","2020/08/14","","","10.1080/1357650X.2020.1804396"
"32512135","The Ventral Part of Dorsolateral Frontal Area 8A Regulates Visual Attentional Selection and the Dorsal Part Auditory Attentional Selection","Germann J, Petrides M.","Neuroscience. 2020 Aug 10;441:209-216. doi: 10.1016/j.neuroscience.2020.05.057. Epub 2020 Jun 6.","Germann J","Neuroscience","2020","2020/06/09","","","10.1016/j.neuroscience.2020.05.057"
"32410977","MonkeyCBP: A Toolbox for Connectivity-Based Parcellation of Monkey Brain","He B, Yang Z, Fan L, Gao B, Li H, Ye C, You B, Jiang T.","Front Neuroinform. 2020 Apr 28;14:14. doi: 10.3389/fninf.2020.00014. eCollection 2020.","He B","Front Neuroinform","2020","2020/05/16","PMC7198896","","10.3389/fninf.2020.00014"
"32315710","Examining fMRI time-series entropy as a marker for brain E/I balance with pharmacological neuromodulation in a non-human primate translational model","Maltbie EA, Howell LH, Sun PZ, Miller R, Gopinath KS.","Neurosci Lett. 2020 May 29;728:134984. doi: 10.1016/j.neulet.2020.134984. Epub 2020 Apr 18.","Maltbie EA","Neurosci Lett","2020","2020/04/22","PMC7266677","NIHMS1593985","10.1016/j.neulet.2020.134984"
"32203580","Basal forebrain volume reliably predicts the cortical spread of Alzheimer's degeneration","Fernández-Cabello S, Kronbichler M, Van Dijk KRA, Goodman JA, Spreng RN, Schmitz TW; Alzheimer’s Disease Neuroimaging Initiative.","Brain. 2020 Mar 1;143(3):993-1009. doi: 10.1093/brain/awaa012.","Fernández-Cabello S","Brain","2020","2020/03/24","PMC7092749","","10.1093/brain/awaa012"
"32179028","Effect of alcohol use on the adolescent brain and behavior","Lees B, Meredith LR, Kirkland AE, Bryant BE, Squeglia LM.","Pharmacol Biochem Behav. 2020 May;192:172906. doi: 10.1016/j.pbb.2020.172906. Epub 2020 Mar 13.","Lees B","Pharmacol Biochem Behav","2020","2020/03/18","PMC7183385","NIHMS1578284","10.1016/j.pbb.2020.172906"
"32135447","Neurotoxicity effects of anesthetic exposure on the developing brain of non-human primates","Yu W, Wu Z, Zhao P.","Med Hypotheses. 2020 Feb 26;140:109647. doi: 10.1016/j.mehy.2020.109647. Online ahead of print.","Yu W","Med Hypotheses","2020","2020/03/06","","","10.1016/j.mehy.2020.109647"
"32085988","Neuroimaging the sleeping brain: Insight on memory functioning in infants and toddlers","Johnson EG, Prabhakar J, Mooney LN, Ghetti S.","Infant Behav Dev. 2020 Feb;58:101427. doi: 10.1016/j.infbeh.2020.101427. Epub 2020 Feb 18.","Johnson EG","Infant Behav Dev","2020","2020/02/23","PMC7089830","NIHMS1563525","10.1016/j.infbeh.2020.101427"
"32081631","A 16-channel loop array for in vivo macaque whole-brain imaging at 3 T","Quan Z, Gao Y, Qu S, Wang X, Friedman RM, Chernov MM, Kroenke CD, Roe AW, Zhang X.","Magn Reson Imaging. 2020 May;68:167-172. doi: 10.1016/j.mri.2020.02.008. Epub 2020 Feb 17.","Quan Z","Magn Reson Imaging","2020","2020/02/22","PMC7784245","NIHMS1655088","10.1016/j.mri.2020.02.008"
"32038217","Animal Functional Magnetic Resonance Imaging: Trends and Path Toward Standardization","Mandino F, Cerri DH, Garin CM, Straathof M, van Tilborg GAF, Chakravarty MM, Dhenain M, Dijkhuizen RM, Gozzi A, Hess A, Keilholz SD, Lerch JP, Shih YI, Grandjean J.","Front Neuroinform. 2020 Jan 22;13:78. doi: 10.3389/fninf.2019.00078. eCollection 2019.","Mandino F","Front Neuroinform","2020","2020/02/11","PMC6987455","","10.3389/fninf.2019.00078"
"32005822","Non-invasive recording from the human olfactory bulb","Iravani B, Arshamian A, Ohla K, Wilson DA, Lundström JN.","Nat Commun. 2020 Jan 31;11(1):648. doi: 10.1038/s41467-020-14520-9.","Iravani B","Nat Commun","2020","2020/02/02","PMC6994520","","10.1038/s41467-020-14520-9"
"31972204","The neuroethology of spontaneous mimicry and emotional contagion in human and non-human animals","Palagi E, Celeghin A, Tamietto M, Winkielman P, Norscia I.","Neurosci Biobehav Rev. 2020 Apr;111:149-165. doi: 10.1016/j.neubiorev.2020.01.020. Epub 2020 Jan 20.","Palagi E","Neurosci Biobehav Rev","2020","2020/01/24","","","10.1016/j.neubiorev.2020.01.020"
"31862614","Effects of chronic intranasal oxytocin on behavior and cerebral glucose uptake in juvenile titi monkeys","Arias Del Razo R, Berger T, Conley AJ, Freeman SM, Goetze LR, Jacob S, Lawrence RH, Mendoza SP, Rothwell ES, Savidge LE, Solomon M, Weinstein TAR, Witczak LR, Bales KL.","Psychoneuroendocrinology. 2020 Mar;113:104494. doi: 10.1016/j.psyneuen.2019.104494. Epub 2019 Oct 31.","Arias Del Razo R","Psychoneuroendocrinology","2020","2019/12/22","PMC7909742","NIHMS1666376","10.1016/j.psyneuen.2019.104494"
"31857103","In vivo two-photon imaging of neuronal and brain vascular responses in mice chronically exposed to ethanol","O'Herron P, Summers PM, Shih AY, Kara P, Woodward JJ.","Alcohol. 2020 Jun;85:41-47. doi: 10.1016/j.alcohol.2019.12.001. Epub 2019 Dec 17.","O'Herron P","Alcohol","2020","2019/12/21","PMC7237312","NIHMS1569545","10.1016/j.alcohol.2019.12.001"
"31820795","Neurobiological changes during the peripartum period: implications for health and behavior","Cárdenas EF, Kujawa A, Humphreys KL.","Soc Cogn Affect Neurosci. 2020 Nov 10;15(10):1097-1110. doi: 10.1093/scan/nsz091.","Cárdenas EF","Soc Cogn Affect Neurosci","2020","2019/12/11","PMC7657461","","10.1093/scan/nsz091"
"31743789","Pypreclin: An automatic pipeline for macaque functional MRI preprocessing","Tasserie J, Grigis A, Uhrig L, Dupont M, Amadon A, Jarraya B.","Neuroimage. 2020 Feb 15;207:116353. doi: 10.1016/j.neuroimage.2019.116353. Epub 2019 Nov 16.","Tasserie J","Neuroimage","2020","2019/11/20","","","10.1016/j.neuroimage.2019.116353"
"31735143","Exploring the cerebral substrate of voice perception in primate brains","Bodin C, Belin P.","Philos Trans R Soc Lond B Biol Sci. 2020 Jan 6;375(1789):20180386. doi: 10.1098/rstb.2018.0386. Epub 2019 Nov 18.","Bodin C","Philos Trans R Soc Lond B Biol Sci","2020","2019/11/19","PMC6895549","","10.1098/rstb.2018.0386"
"31733343","The tenacious brain: How the anterior mid-cingulate contributes to achieving goals","Touroutoglou A, Andreano J, Dickerson BC, Barrett LF.","Cortex. 2020 Feb;123:12-29. doi: 10.1016/j.cortex.2019.09.011. Epub 2019 Oct 9.","Touroutoglou A","Cortex","2020","2019/11/17","PMC7381101","NIHMS1543163","10.1016/j.cortex.2019.09.011"
"31619951","fMRI in Non-human Primate: A Review on Factors That Can Affect Interpretation and Dynamic Causal Modeling Application","Jovellar DB, Doudet DJ.","Front Neurosci. 2019 Sep 18;13:973. doi: 10.3389/fnins.2019.00973. eCollection 2019.","Jovellar DB","Front Neurosci","2019","2019/10/18","PMC6759819","","10.3389/fnins.2019.00973"
"31494249","A population stereotaxic positron emission tomography brain template for the macaque and its application to ischemic model","Nie B, Wang L, Hu Y, Liang S, Tan Z, Chai P, Tang Y, Shang J, Pan Z, Zhao X, Zhang X, Gong J, Zheng C, Xu H, Wey HY, Liang SH, Shan B.","Neuroimage. 2019 Dec;203:116163. doi: 10.1016/j.neuroimage.2019.116163. Epub 2019 Sep 5.","Nie B","Neuroimage","2019","2019/09/09","","","10.1016/j.neuroimage.2019.116163"
"31489723","Amygdala and affective responses to infant pictures: Comparing depressed and non-depressed mothers and non-mothers","Dudin A, Wonch KE, Davis AD, Steiner M, Fleming AS, Hall GB.","J Neuroendocrinol. 2019 Sep;31(9):e12790. doi: 10.1111/jne.12790. Epub 2019 Sep 29.","Dudin A","J Neuroendocrinol","2019","2019/09/07","","","10.1111/jne.12790"
"31443912","Neural Substrates of Inhibitory Control Maturation in Adolescence","Constantinidis C, Luna B.","Trends Neurosci. 2019 Sep;42(9):604-616. doi: 10.1016/j.tins.2019.07.004. Epub 2019 Aug 20.","Constantinidis C","Trends Neurosci","2019","2019/08/25","PMC6721973","NIHMS1534975","10.1016/j.tins.2019.07.004"
"31394491","A preliminary study of association between adolescent estradiol level and dorsolateral prefrontal cortex activity during emotion regulation","Chung YS, Poppe A, Novotny S, Epperson CN, Kober H, Granger DA, Blumberg HP, Ochsner K, Gross JJ, Pearlson G, Stevens MC.","Psychoneuroendocrinology. 2019 Nov;109:104398. doi: 10.1016/j.psyneuen.2019.104398. Epub 2019 Jul 30.","Chung YS","Psychoneuroendocrinology","2019","2019/08/09","PMC6842698","NIHMS1537095","10.1016/j.psyneuen.2019.104398"
"31184751","Cross-species convergence in pupillary response: understanding human anxiety via non-human primate amygdala lesion","Pagliaccio D, Pine DS, Leibenluft E, Dal Monte O, Averbeck BB, Costa VD.","Soc Cogn Affect Neurosci. 2019 Aug 7;14(6):591-599. doi: 10.1093/scan/nsz041.","Pagliaccio D","Soc Cogn Affect Neurosci","2019","2019/06/12","PMC6688453","","10.1093/scan/nsz041"
"31048888","Amygdalar reactivity is associated with prefrontal cortical thickness in a large population-based sample of adolescents","Albaugh MD, Hudziak JJ, Orr C, Spechler PA, Chaarani B, Mackey S, Lepage C, Fonov V, Rioux P, Evans AC, Banaschewski T, Bokde ALW, Bromberg U, Büchel C, Quinlan EB, Desrivières S, Flor H, Grigis A, Gowland P, Heinz A, Ittermann B, Martinot JL, Martinot MP, Nees F, Orfanos DP, Paus T, Poustka L, Millenet S, Fröhner JH, Smolka MN, Walter H, Whelan R, Schumann G, Potter AS, Garavan H; IMAGEN Consortium.","PLoS One. 2019 May 2;14(5):e0216152. doi: 10.1371/journal.pone.0216152. eCollection 2019.","Albaugh MD","PLoS One","2019","2019/05/04","PMC6497259","","10.1371/journal.pone.0216152"
"31036814","Anatomical and functional investigation of the marmoset default mode network","Liu C, Yen CC, Szczupak D, Ye FQ, Leopold DA, Silva AC.","Nat Commun. 2019 Apr 29;10(1):1975. doi: 10.1038/s41467-019-09813-7.","Liu C","Nat Commun","2019","2019/05/01","PMC6488610","","10.1038/s41467-019-09813-7"
"30931820","Spatial-numerical associations: Shared symbolic and non-symbolic numerical representations","Buijsman S, Tirado C.","Q J Exp Psychol (Hove). 2019 Oct;72(10):2423-2436. doi: 10.1177/1747021819844503. Epub 2019 Apr 17.","Buijsman S","Q J Exp Psychol (Hove)","2019","2019/04/02","","","10.1177/1747021819844503"
"30873000","Brain Map of Intrinsic Functional Flexibility in Anesthetized Monkeys and Awake Humans","Yin D, Zhang Z, Wang Z, Zeljic K, Lv Q, Cai D, Wang Y, Wang Z.","Front Neurosci. 2019 Feb 28;13:174. doi: 10.3389/fnins.2019.00174. eCollection 2019.","Yin D","Front Neurosci","2019","2019/03/16","PMC6403192","","10.3389/fnins.2019.00174"
"30711910","Hemispheric lateralization of attention processes in the human brain","Bartolomeo P, Seidel Malkinson T.","Curr Opin Psychol. 2019 Oct;29:90-96. doi: 10.1016/j.copsyc.2018.12.023. Epub 2019 Jan 4.","Bartolomeo P","Curr Opin Psychol","2019","2019/02/04","","","10.1016/j.copsyc.2018.12.023"
"30610938","Somatostatin Gene and Protein Expression in the Non-human Primate Central Extended Amygdala","Kovner R, Fox AS, French DA, Roseboom PH, Oler JA, Fudge JL, Kalin NH.","Neuroscience. 2019 Feb 21;400:157-168. doi: 10.1016/j.neuroscience.2018.12.035. Epub 2019 Jan 2.","Kovner R","Neuroscience","2019","2019/01/06","PMC6361692","NIHMS1517774","10.1016/j.neuroscience.2018.12.035"
"30269990","An Open Resource for Non-human Primate Imaging","Milham MP, Ai L, Koo B, Xu T, Amiez C, Balezeau F, Baxter MG, Blezer ELA, Brochier T, Chen A, Croxson PL, Damatac CG, Dehaene S, Everling S, Fair DA, Fleysher L, Freiwald W, Froudist-Walsh S, Griffiths TD, Guedj C, Hadj-Bouziane F, Ben Hamed S, Harel N, Hiba B, Jarraya B, Jung B, Kastner S, Klink PC, Kwok SC, Laland KN, Leopold DA, Lindenfors P, Mars RB, Menon RS, Messinger A, Meunier M, Mok K, Morrison JH, Nacef J, Nagy J, Rios MO, Petkov CI, Pinsk M, Poirier C, Procyk E, Rajimehr R, Reader SM, Roelfsema PR, Rudko DA, Rushworth MFS, Russ BE, Sallet J, Schmid MC, Schwiedrzik CM, Seidlitz J, Sein J, Shmuel A, Sullivan EL, Ungerleider L, Thiele A, Todorov OS, Tsao D, Wang Z, Wilson CRE, Yacoub E, Ye FQ, Zarco W, Zhou YD, Margulies DS, Schroeder CE.","Neuron. 2018 Oct 10;100(1):61-74.e2. doi: 10.1016/j.neuron.2018.08.039. Epub 2018 Sep 27.","Milham MP","Neuron","2018","2018/10/02","PMC6231397","","10.1016/j.neuron.2018.08.039"
"30201462","The effects of breastfeeding versus formula-feeding on cerebral cortex maturation in infant rhesus macaques","Liu Z, Neuringer M, Erdman JW Jr, Kuchan MJ, Renner L, Johnson EE, Wang X, Kroenke CD.","Neuroimage. 2019 Jan 1;184:372-385. doi: 10.1016/j.neuroimage.2018.09.015. Epub 2018 Sep 7.","Liu Z","Neuroimage","2019","2018/09/12","PMC6230484","NIHMS1507890","10.1016/j.neuroimage.2018.09.015"
"30118167","Neuronal correlates of motion-defined shape perception in primate dorsal and ventral streams","Handa T, Mikami A.","Eur J Neurosci. 2018 Nov;48(10):3171-3185. doi: 10.1111/ejn.14121. Epub 2018 Aug 31.","Handa T","Eur J Neurosci","2018","2018/08/18","","","10.1111/ejn.14121"
"30102999","Pathophysiology of levodopa-induced dyskinesia: Insights from multimodal imaging and immunohistochemistry in non-human primates","Beaudoin-Gobert M, Météreau E, Duperrier S, Thobois S, Tremblay L, Sgambato V.","Neuroimage. 2018 Dec;183:132-141. doi: 10.1016/j.neuroimage.2018.08.016. Epub 2018 Aug 10.","Beaudoin-Gobert M","Neuroimage","2018","2018/08/14","","","10.1016/j.neuroimage.2018.08.016"
"30009124","Developing Repetitive Transcranial Magnetic Stimulation (rTMS) as a Treatment Tool for Cocaine Use Disorder: a Series of Six Translational Studies","Hanlon CA, Kearney-Ramos T, Dowdle LT, Hamilton S, DeVries W, Mithoefer O, Austelle C, Lench DH, Correia B, Canterberry M, Smith JP, Brady KT, George MS.","Curr Behav Neurosci Rep. 2017 Dec;4(4):341-352. doi: 10.1007/s40473-017-0135-4. Epub 2017 Oct 23.","Hanlon CA","Curr Behav Neurosci Rep","2017","2018/07/17","PMC6039979","NIHMS943591","10.1007/s40473-017-0135-4"
"29852280","Concentric radiofrequency arrays to increase the statistical power of resting-state maps in monkeys","Gilbert KM, Schaeffer DJ, Zeman P, Diedrichsen J, Everling S, Martinez-Trujillo JC, Pruszynski JA, Menon RS.","Neuroimage. 2018 Sep;178:287-294. doi: 10.1016/j.neuroimage.2018.05.057. Epub 2018 May 28.","Gilbert KM","Neuroimage","2018","2018/06/01","","","10.1016/j.neuroimage.2018.05.057"
"29730825","(18)F-F13640 preclinical evaluation in rodent, cat and primate as a 5-HT(1A) receptor agonist for PET neuroimaging","Vidal B, Fieux S, Colom M, Billard T, Bouillot C, Barret O, Constantinescu C, Tamagnan G, Newman-Tancredi A, Zimmer L.","Brain Struct Funct. 2018 Jul;223(6):2973-2988. doi: 10.1007/s00429-018-1672-7. Epub 2018 May 5.","Vidal B","Brain Struct Funct","2018","2018/05/07","","","10.1007/s00429-018-1672-7"
"29667863","Leo Kanner and autism: a 75-year perspective","Harris J.","Int Rev Psychiatry. 2018 Feb;30(1):3-17. doi: 10.1080/09540261.2018.1455646. Epub 2018 Apr 18.","Harris J","Int Rev Psychiatry","2018","2018/04/19","","","10.1080/09540261.2018.1455646"
"29608920","The metabotropic glutamate receptor 5 radioligand [(11)C]AZD9272 identifies unique binding sites in primate brain","Varnäs K, Juréus A, Finnema SJ, Johnström P, Raboisson P, Amini N, Takano A, Stepanov V, Halldin C, Farde L.","Neuropharmacology. 2018 Jun;135:455-463. doi: 10.1016/j.neuropharm.2018.03.039. Epub 2018 Mar 30.","Varnäs K","Neuropharmacology","2018","2018/04/03","","","10.1016/j.neuropharm.2018.03.039"
"30956812","Our evolved unique pleasure circuit makes humans different from apes: Reconsideration of data derived from animal studies","Blum K, Gondré-Lewis M, Steinberg B, Elman I, Baron D, Modestino EJ, Badgaiyan RD, Gold MS.","J Syst Integr Neurosci. 2018 Jun;4(1):10.15761/JSIN.1000191. doi: 10.15761/JSIN.1000191. Epub 2018 Feb 28.","Blum K","J Syst Integr Neurosci","2018","2019/04/09","PMC6446569","NIHMS1010609","10.15761/JSIN.1000191"
"29378297","Deconstructing arousal into wakeful, autonomic and affective varieties","Satpute AB, Kragel PA, Barrett LF, Wager TD, Bianciardi M.","Neurosci Lett. 2019 Feb 6;693:19-28. doi: 10.1016/j.neulet.2018.01.042. Epub 2018 Jan 31.","Satpute AB","Neurosci Lett","2019","2018/01/30","PMC6068010","NIHMS940890","10.1016/j.neulet.2018.01.042"
"29285809","Investigation of the BOLD and CBV fMRI responses to somatosensory stimulation in awake marmosets (Callithrix jacchus)","Hirano Y, Yen CC, Liu JV, Mackel JB, Merkle H, Nascimento GC, Stefanovic B, Silva AC.","NMR Biomed. 2018 Mar;31(3):10.1002/nbm.3864. doi: 10.1002/nbm.3864. Epub 2017 Dec 29.","Hirano Y","NMR Biomed","2018","2017/12/30","PMC5841465","NIHMS939537","10.1002/nbm.3864"
"29208569","A digital 3D atlas of the marmoset brain based on multi-modal MRI","Liu C, Ye FQ, Yen CC, Newman JD, Glen D, Leopold DA, Silva AC.","Neuroimage. 2018 Apr 1;169:106-116. doi: 10.1016/j.neuroimage.2017.12.004. Epub 2017 Dec 5.","Liu C","Neuroimage","2018","2017/12/07","PMC5856608","NIHMS928414","10.1016/j.neuroimage.2017.12.004"
"29055725","Evaluation of prolonged administration of isoflurane on cerebral blood flow and default mode network in macaque monkeys anesthetized with different maintenance doses","Li CX, Zhang X.","Neurosci Lett. 2018 Jan 1;662:402-408. doi: 10.1016/j.neulet.2017.10.034. Epub 2017 Oct 18.","Li CX","Neurosci Lett","2018","2017/10/23","PMC5722273","NIHMS919129","10.1016/j.neulet.2017.10.034"
"28858613","The Aging Navigational System","Lester AW, Moffat SD, Wiener JM, Barnes CA, Wolbers T.","Neuron. 2017 Aug 30;95(5):1019-1035. doi: 10.1016/j.neuron.2017.06.037.","Lester AW","Neuron","2017","2017/09/01","PMC5659315","NIHMS887986","10.1016/j.neuron.2017.06.037"
"28769801","Characterization and Reliability of [(18)F]2FNQ1P in Cynomolgus Monkeys as a PET Radiotracer for Serotonin 5-HT(6) Receptors","Sgambato-Faure V, Billard T, Météreau E, Duperrier S, Fieux S, Costes N, Tremblay L, Zimmer L.","Front Pharmacol. 2017 Jul 18;8:471. doi: 10.3389/fphar.2017.00471. eCollection 2017.","Sgambato-Faure V","Front Pharmacol","2017","2017/08/04","PMC5513908","","10.3389/fphar.2017.00471"
"28624528","Derivation of an occupational exposure level for manganese in welding fumes","Bailey LA, Kerper LE, Goodman JE.","Neurotoxicology. 2018 Jan;64:166-176. doi: 10.1016/j.neuro.2017.06.009. Epub 2017 Jun 15.","Bailey LA","Neurotoxicology","2018","2017/06/19","","","10.1016/j.neuro.2017.06.009"
"28526817","Myelination of the brain in Major Depressive Disorder: An in vivo quantitative magnetic resonance imaging study","Sacchet MD, Gotlib IH.","Sci Rep. 2017 May 19;7(1):2200. doi: 10.1038/s41598-017-02062-y.","Sacchet MD","Sci Rep","2017","2017/05/21","PMC5438403","","10.1038/s41598-017-02062-y"
"28467888","Auditory object perception: A neurobiological model and prospective review","Brefczynski-Lewis JA, Lewis JW.","Neuropsychologia. 2017 Oct;105:223-242. doi: 10.1016/j.neuropsychologia.2017.04.034. Epub 2017 Apr 30.","Brefczynski-Lewis JA","Neuropsychologia","2017","2017/05/04","PMC5662485","NIHMS893587","10.1016/j.neuropsychologia.2017.04.034"
"28466257","Cortical Representation of Pain and Touch: Evidence from Combined Functional Neuroimaging and Electrophysiology in Non-human Primates","Chen LM.","Neurosci Bull. 2018 Feb;34(1):165-177. doi: 10.1007/s12264-017-0133-2. Epub 2017 May 2.","Chen LM","Neurosci Bull","2018","2017/05/04","PMC5799120","","10.1007/s12264-017-0133-2"
"28461058","A population MRI brain template and analysis tools for the macaque","Seidlitz J, Sponheim C, Glen D, Ye FQ, Saleem KS, Leopold DA, Ungerleider L, Messinger A.","Neuroimage. 2018 Apr 15;170:121-131. doi: 10.1016/j.neuroimage.2017.04.063. Epub 2017 Apr 28.","Seidlitz J","Neuroimage","2018","2017/05/03","PMC5660669","NIHMS880011","10.1016/j.neuroimage.2017.04.063"
"28443017","Premature Brain Aging in Baboons Resulting from Moderate Fetal Undernutrition","Franke K, Clarke GD, Dahnke R, Gaser C, Kuo AH, Li C, Schwab M, Nathanielsz PW.","Front Aging Neurosci. 2017 Apr 11;9:92. doi: 10.3389/fnagi.2017.00092. eCollection 2017.","Franke K","Front Aging Neurosci","2017","2017/04/27","PMC5386978","","10.3389/fnagi.2017.00092"
"28377703","Lesions of the Orbitofrontal but Not Medial Prefrontal Cortex Affect Cognitive Judgment Bias in Rats","Golebiowska J, Rygula R.","Front Behav Neurosci. 2017 Mar 21;11:51. doi: 10.3389/fnbeh.2017.00051. eCollection 2017.","Golebiowska J","Front Behav Neurosci","2017","2017/04/06","PMC5359275","","10.3389/fnbeh.2017.00051"
"28351755","The origins of the vocal brain in humans","Belyk M, Brown S.","Neurosci Biobehav Rev. 2017 Jun;77:177-193. doi: 10.1016/j.neubiorev.2017.03.014. Epub 2017 Mar 27.","Belyk M","Neurosci Biobehav Rev","2017","2017/03/30","","","10.1016/j.neubiorev.2017.03.014"
"28210206","The UNC-Wisconsin Rhesus Macaque Neurodevelopment Database: A Structural MRI and DTI Database of Early Postnatal Development","Young JT, Shi Y, Niethammer M, Grauer M, Coe CL, Lubach GR, Davis B, Budin F, Knickmeyer RC, Alexander AL, Styner MA.","Front Neurosci. 2017 Feb 2;11:29. doi: 10.3389/fnins.2017.00029. eCollection 2017.","Young JT","Front Neurosci","2017","2017/02/18","PMC5288388","","10.3389/fnins.2017.00029"
"28161319","Biophysical and neural basis of resting state functional connectivity: Evidence from non-human primates","Chen LM, Yang PF, Wang F, Mishra A, Shi Z, Wu R, Wu TL, Wilson GH 3rd, Ding Z, Gore JC.","Magn Reson Imaging. 2017 Jun;39:71-81. doi: 10.1016/j.mri.2017.01.020. Epub 2017 Feb 2.","Chen LM","Magn Reson Imaging","2017","2017/02/06","PMC5410395","NIHMS852391","10.1016/j.mri.2017.01.020"
"28119564","UNC-Emory Infant Atlases for Macaque Brain Image Analysis: Postnatal Brain Development through 12 Months","Shi Y, Budin F, Yapuncich E, Rumple A, Young JT, Payne C, Zhang X, Hu X, Godfrey J, Howell B, Sanchez MM, Styner MA.","Front Neurosci. 2017 Jan 10;10:617. doi: 10.3389/fnins.2016.00617. eCollection 2016.","Shi Y","Front Neurosci","2017","2017/01/26","PMC5222830","","10.3389/fnins.2016.00617"
"28056343","Perceptual Decision Making in Rodents, Monkeys, and Humans","Hanks TD, Summerfield C.","Neuron. 2017 Jan 4;93(1):15-31. doi: 10.1016/j.neuron.2016.12.003.","Hanks TD","Neuron","2017","2017/01/06","","","10.1016/j.neuron.2016.12.003"
"30899202","Primitive Concepts of Number and the Developing Human Brain","Kersey AJ, Cantlon JF.","Lang Learn Dev. 2017;13(2):191-214. doi: 10.1080/15475441.2016.1264878. Epub 2017 Feb 1.","Kersey AJ","Lang Learn Dev","2017","2019/03/23","PMC6424528","NIHMS901569","10.1080/15475441.2016.1264878"
"28030956","Effects of Long-Duration Administration of 1% Isoflurane on Resting Cerebral Blood Flow and Default Mode Network in Macaque Monkeys","Li CX, Zhang X.","Brain Connect. 2017 Mar;7(2):98-105. doi: 10.1089/brain.2016.0445. Epub 2017 Jan 24.","Li CX","Brain Connect","2017","2016/12/30","PMC5359674","","10.1089/brain.2016.0445"
"27960560","Non human primate models for Alzheimer's disease-related research and drug discovery","Van Dam D, De Deyn PP.","Expert Opin Drug Discov. 2017 Feb;12(2):187-200. doi: 10.1080/17460441.2017.1271320. Epub 2016 Dec 25.","Van Dam D","Expert Opin Drug Discov","2017","2016/12/15","","","10.1080/17460441.2017.1271320"
"27923731","Social modulation of cognition: Lessons from rhesus macaques relevant to education","Monfardini E, Reynaud AJ, Prado J, Meunier M.","Neurosci Biobehav Rev. 2017 Nov;82:45-57. doi: 10.1016/j.neubiorev.2016.12.002. Epub 2016 Dec 5.","Monfardini E","Neurosci Biobehav Rev","2017","2016/12/08","","","10.1016/j.neubiorev.2016.12.002"
"27876653","Manual segmentation of the human bed nucleus of the stria terminalis using 3T MRI","Theiss JD, Ridgewell C, McHugo M, Heckers S, Blackford JU.","Neuroimage. 2017 Feb 1;146:288-292. doi: 10.1016/j.neuroimage.2016.11.047. Epub 2016 Nov 19.","Theiss JD","Neuroimage","2017","2016/11/24","PMC5358094","NIHMS834444","10.1016/j.neuroimage.2016.11.047"
"27821280","The hearing ear is always found close to the speaking tongue: Review of the role of the motor system in speech perception","Skipper JI, Devlin JT, Lametti DR.","Brain Lang. 2017 Jan;164:77-105. doi: 10.1016/j.bandl.2016.10.004. Epub 2016 Nov 5.","Skipper JI","Brain Lang","2017","2016/11/09","","","10.1016/j.bandl.2016.10.004"
"27802220","Brain Regions Involved in Arousal and Reward Processing are Associated with Apathy in Alzheimer's Disease and Frontotemporal Dementia","Huey ED, Lee S, Cheran G, Grafman J, Devanand DP; Alzheimer’s Disease Neuroimaging Initiative.","J Alzheimers Dis. 2017;55(2):551-558. doi: 10.3233/JAD-160107.","Huey ED","J Alzheimers Dis","2017","2016/11/02","","","10.3233/JAD-160107"
"27798701","Neural Correlates of Attention to Human-Made Sounds: An ERP Study","Stavropoulos KK, Carver LJ.","PLoS One. 2016 Oct 31;11(10):e0165745. doi: 10.1371/journal.pone.0165745. eCollection 2016.","Stavropoulos KK","PLoS One","2016","2016/11/01","PMC5087949","","10.1371/journal.pone.0165745"
"27702634","Prefrontal cortical activity associated with visual stimulus categorization in non-human primates measured with near-infrared spectroscopy","Lee YA, Pollet V, Kato A, Goto Y.","Behav Brain Res. 2017 Jan 15;317:327-331. doi: 10.1016/j.bbr.2016.09.068. Epub 2016 Oct 1.","Lee YA","Behav Brain Res","2017","2016/10/06","","","10.1016/j.bbr.2016.09.068"
"27659062","Depth-dependence of visual signals in the human superior colliculus at 9.4 T","Loureiro JR, Hagberg GE, Ethofer T, Erb M, Bause J, Ehses P, Scheffler K, Himmelbach M.","Hum Brain Mapp. 2017 Jan;38(1):574-587. doi: 10.1002/hbm.23404. Epub 2016 Sep 23.","Loureiro JR","Hum Brain Mapp","2017","2016/09/24","PMC6867058","","10.1002/hbm.23404"
"27640140","Sensory-integration system rather than approximate number system underlies numerosity processing: A critical review","Gebuis T, Cohen Kadosh R, Gevers W.","Acta Psychol (Amst). 2016 Nov;171:17-35. doi: 10.1016/j.actpsy.2016.09.003. Epub 2016 Sep 16.","Gebuis T","Acta Psychol (Amst)","2016","2016/09/19","","","10.1016/j.actpsy.2016.09.003"
"27587999","Off to a Good Start: The Early Development of the Neural Substrates Underlying Visual Working Memory","Fitch A, Smith H, Guillory SB, Kaldy Z.","Front Syst Neurosci. 2016 Aug 18;10:68. doi: 10.3389/fnsys.2016.00068. eCollection 2016.","Fitch A","Front Syst Neurosci","2016","2016/09/03","PMC4989029","","10.3389/fnsys.2016.00068"
"27568200","The effects of ecstasy on neurotransmitter systems: a review on the findings of molecular imaging studies","Vegting Y, Reneman L, Booij J.","Psychopharmacology (Berl). 2016 Oct;233(19-20):3473-501. doi: 10.1007/s00213-016-4396-5. Epub 2016 Aug 28.","Vegting Y","Psychopharmacology (Berl)","2016","2016/08/29","PMC5021729","","10.1007/s00213-016-4396-5"
"27417344","On the other hand: Increased cortical activation to human versus mechanical hands in infants","Biondi M, Boas DA, Wilcox T.","Neuroimage. 2016 Nov 1;141:143-153. doi: 10.1016/j.neuroimage.2016.07.021. Epub 2016 Jul 11.","Biondi M","Neuroimage","2016","2016/07/16","PMC5026947","NIHMS806371","10.1016/j.neuroimage.2016.07.021"
"27391213","Believing androids - fMRI activation in the right temporo-parietal junction is modulated by ascribing intentions to non-human agents","Özdem C, Wiese E, Wykowska A, Müller H, Brass M, Van Overwalle F.","Soc Neurosci. 2017 Oct;12(5):582-593. doi: 10.1080/17470919.2016.1207702. Epub 2016 Sep 2.","Özdem C","Soc Neurosci","2017","2016/07/09","","","10.1080/17470919.2016.1207702"
"27355874","Discovery of a Highly Selective Glycogen Synthase Kinase-3 Inhibitor (PF-04802367) That Modulates Tau Phosphorylation in the Brain: Translation for PET Neuroimaging","Liang SH, Chen JM, Normandin MD, Chang JS, Chang GC, Taylor CK, Trapa P, Plummer MS, Para KS, Conn EL, Lopresti-Morrow L, Lanyon LF, Cook JM, Richter KE, Nolan CE, Schachter JB, Janat F, Che Y, Shanmugasundaram V, Lefker BA, Enerson BE, Livni E, Wang L, Guehl NJ, Patnaik D, Wagner FF, Perlis R, Holson EB, Haggarty SJ, El Fakhri G, Kurumbail RG, Vasdev N.","Angew Chem Int Ed Engl. 2016 Aug 8;55(33):9601-5. doi: 10.1002/anie.201603797. Epub 2016 Jun 29.","Liang SH","Angew Chem Int Ed Engl","2016","2016/06/30","PMC4983481","NIHMS808347","10.1002/anie.201603797"
"27256592","Spatial and non-spatial aspects of visual attention: Interactive cognitive mechanisms and neural underpinnings","Shomstein S, Gottlieb J.","Neuropsychologia. 2016 Nov;92:9-19. doi: 10.1016/j.neuropsychologia.2016.05.021. Epub 2016 May 30.","Shomstein S","Neuropsychologia","2016","2016/06/04","","","10.1016/j.neuropsychologia.2016.05.021"
"27021951","The impact of stress on the structure of the adolescent brain: Implications for adolescent mental health","Romeo RD.","Brain Res. 2017 Jan 1;1654(Pt B):185-191. doi: 10.1016/j.brainres.2016.03.021. Epub 2016 Mar 26.","Romeo RD","Brain Res","2017","2016/03/30","","","10.1016/j.brainres.2016.03.021"
"26975558","The average baboon brain: MRI templates and tissue probability maps from 89 individuals","Love SA, Marie D, Roth M, Lacoste R, Nazarian B, Bertello A, Coulon O, Anton JL, Meguerditchian A.","Neuroimage. 2016 May 15;132:526-533. doi: 10.1016/j.neuroimage.2016.03.018. Epub 2016 Mar 11.","Love SA","Neuroimage","2016","2016/03/16","","","10.1016/j.neuroimage.2016.03.018"
"26908365","Connectivity between the central nucleus of the amygdala and the bed nucleus of the stria terminalis in the non-human primate: neuronal tract tracing and developmental neuroimaging studies","Oler JA, Tromp DP, Fox AS, Kovner R, Davidson RJ, Alexander AL, McFarlin DR, Birn RM, E Berg B, deCampo DM, Kalin NH, Fudge JL.","Brain Struct Funct. 2017 Jan;222(1):21-39. doi: 10.1007/s00429-016-1198-9. Epub 2016 Feb 23.","Oler JA","Brain Struct Funct","2017","2016/02/25","PMC4995160","NIHMS762902","10.1007/s00429-016-1198-9"
"26755918","Modeling Parkinson's disease in the common marmoset (Callithrix jacchus): overview of models, methods, and animal care","Yun JW, Ahn JB, Kang BC.","Lab Anim Res. 2015 Dec;31(4):155-65. doi: 10.5625/lar.2015.31.4.155. Epub 2015 Dec 22.","Yun JW","Lab Anim Res","2015","2016/01/13","PMC4707143","","10.5625/lar.2015.31.4.155"
"29600289","Advancing research in regeneration and repair of the motor circuitry: non-human primate models and imaging scales as the missing links for successfully translating injectable therapeutics to the clinic","Tsintou M, Dalamagkas K, Makris N.","Int J Stem Cell Res Ther. 2016;3(2):042. doi: 10.23937/2469-570X/1410042. Epub 2016 Oct 28.","Tsintou M","Int J Stem Cell Res Ther","2016","2018/03/31","PMC5870906","NIHMS947961","10.23937/2469-570X/1410042"
"26689826","Tools for studying drug transport and metabolism in the brain","Pitcher MR, Quevedo J.","Expert Opin Drug Metab Toxicol. 2016;12(2):161-8. doi: 10.1517/17425255.2016.1132307. Epub 2016 Jan 8.","Pitcher MR","Expert Opin Drug Metab Toxicol","2016","2015/12/23","","","10.1517/17425255.2016.1132307"
"26659431","Neural mechanisms of the observation of human and non-human object touch in children: An event-related potential study","Galilee A, McCleery JP.","Br J Dev Psychol. 2016 Mar;34(1):86-100. doi: 10.1111/bjdp.12119. Epub 2015 Dec 12.","Galilee A","Br J Dev Psychol","2016","2015/12/15","","","10.1111/bjdp.12119"
"26466979","Distinct vestibular effects on early and late somatosensory cortical processing in humans","Pfeiffer C, van Elk M, Bernasconi F, Blanke O.","Neuroimage. 2016 Jan 15;125:208-219. doi: 10.1016/j.neuroimage.2015.10.004. Epub 2015 Oct 23.","Pfeiffer C","Neuroimage","2016","2015/10/16","","","10.1016/j.neuroimage.2015.10.004"
"26447578","Behavioral, Neural, and Computational Principles of Bodily Self-Consciousness","Blanke O, Slater M, Serino A.","Neuron. 2015 Oct 7;88(1):145-66. doi: 10.1016/j.neuron.2015.09.029.","Blanke O","Neuron","2015","2015/10/09","","","10.1016/j.neuron.2015.09.029"
"26113807","Robust estimation of group-wise cortical correspondence with an application to macaque and human neuroimaging studies","Lyu I, Kim SH, Seong JK, Yoo SW, Evans A, Shi Y, Sanchez M, Niethammer M, Styner MA.","Front Neurosci. 2015 Jun 11;9:210. doi: 10.3389/fnins.2015.00210. eCollection 2015.","Lyu I","Front Neurosci","2015","2015/06/27","PMC4462677","","10.3389/fnins.2015.00210"
"26029133","Is it the real deal? Perception of virtual characters versus humans: an affective cognitive neuroscience perspective","de Borst AW, de Gelder B.","Front Psychol. 2015 May 12;6:576. doi: 10.3389/fpsyg.2015.00576. eCollection 2015.","de Borst AW","Front Psychol","2015","2015/06/02","PMC4428060","","10.3389/fpsyg.2015.00576"
"25881906","Characterization of Cerebral Damage in a Monkey Model of Alzheimer's Disease Induced by Intracerebroventricular Injection of Streptozotocin","Yeo HG, Lee Y, Jeon CY, Jeong KJ, Jin YB, Kang P, Kim SU, Kim JS, Huh JW, Kim YH, Sim BW, Song BS, Park YH, Hong Y, Lee SR, Chang KT.","J Alzheimers Dis. 2015;46(4):989-1005. doi: 10.3233/JAD-143222.","Yeo HG","J Alzheimers Dis","2015","2015/04/18","","","10.3233/JAD-143222"
"25784645","The nature of individual differences in inhibited temperament and risk for psychiatric disease: A review and meta-analysis","Clauss JA, Avery SN, Blackford JU.","Prog Neurobiol. 2015 Apr;127-128:23-45. doi: 10.1016/j.pneurobio.2015.03.001. Epub 2015 Mar 14.","Clauss JA","Prog Neurobiol","2015","2015/03/19","PMC4516130","NIHMS677992","10.1016/j.pneurobio.2015.03.001"
"25684556","Functional consequences of cocaine expectation: findings in a non-human primate model of cocaine self-administration","Porrino LJ, Beveridge TJ, Smith HR, Nader MA.","Addict Biol. 2016 May;21(3):519-29. doi: 10.1111/adb.12231. Epub 2015 Feb 15.","Porrino LJ","Addict Biol","2016","2015/02/17","PMC4537685","NIHMS657663","10.1111/adb.12231"
"25581649","Moderate-level prenatal alcohol exposure induces sex differences in dopamine d1 receptor binding in adult rhesus monkeys","Converse AK, Moore CF, Holden JE, Ahlers EO, Moirano JM, Larson JA, Resch LM, DeJesus OT, Barnhart TE, Nickles RJ, Murali D, Christian BT, Schneider ML.","Alcohol Clin Exp Res. 2014 Dec;38(12):2934-43. doi: 10.1111/acer.12575.","Converse AK","Alcohol Clin Exp Res","2014","2015/01/13","PMC4293080","NIHMS629526","10.1111/acer.12575"
"25505424","Cerebellar-motor dysfunction in schizophrenia and psychosis-risk: the importance of regional cerebellar analysis approaches","Bernard JA, Mittal VA.","Front Psychiatry. 2014 Nov 25;5:160. doi: 10.3389/fpsyt.2014.00160. eCollection 2014.","Bernard JA","Front Psychiatry","2014","2014/12/16","PMC4243486","","10.3389/fpsyt.2014.00160"
"25433093","The future of real-world neuroscience: imaging techniques to assess active brains in social environments","Kasai K, Fukuda M, Yahata N, Morita K, Fujii N.","Neurosci Res. 2015 Jan;90:65-71. doi: 10.1016/j.neures.2014.11.007. Epub 2014 Nov 26.","Kasai K","Neurosci Res","2015","2014/11/30","","","10.1016/j.neures.2014.11.007"
"25377443","Longitudinal cerebral metabolic changes in pig-tailed macaques infected with the neurovirulent virus SIVsmmFGb","Li CX, Zhang X, Komery A, Li Y, Mao H, Herndon JG, Novembre FJ.","J Neurovirol. 2014 Dec;20(6):612-9. doi: 10.1007/s13365-014-0286-y. Epub 2014 Nov 7.","Li CX","J Neurovirol","2014","2014/11/08","PMC4268089","NIHMS641007","10.1007/s13365-014-0286-y"
"25285398","Using the threat probability task to assess anxiety and fear during uncertain and certain threat","Bradford DE, Magruder KP, Korhumel RA, Curtin JJ.","J Vis Exp. 2014 Sep 12;(91):51905. doi: 10.3791/51905.","Bradford DE","J Vis Exp","2014","2014/10/07","PMC4431547","","10.3791/51905"
"25257942","Longer lithium exposure is associated with better white matter integrity in older adults with bipolar disorder","Gildengers AG, Butters MA, Aizenstein HJ, Marron MM, Emanuel J, Anderson SJ, Weissfeld LA, Becker JT, Lopez OL, Mulsant BH, Reynolds CF 3rd.","Bipolar Disord. 2015 May;17(3):248-56. doi: 10.1111/bdi.12260. Epub 2014 Sep 25.","Gildengers AG","Bipolar Disord","2015","2014/09/27","PMC4374042","NIHMS620416","10.1111/bdi.12260"
"25228872","An investigation of the neural circuits underlying reaching and reach-to-grasp movements: from planning to execution","Begliomini C, De Sanctis T, Marangon M, Tarantino V, Sartori L, Miotto D, Motta R, Stramare R, Castiello U.","Front Hum Neurosci. 2014 Sep 2;8:676. doi: 10.3389/fnhum.2014.00676. eCollection 2014.","Begliomini C","Front Hum Neurosci","2014","2014/09/18","PMC4151344","","10.3389/fnhum.2014.00676"
"25157678","Dynamic changes in phase-amplitude coupling facilitate spatial attention control in fronto-parietal cortex","Szczepanski SM, Crone NE, Kuperman RA, Auguste KI, Parvizi J, Knight RT.","PLoS Biol. 2014 Aug 26;12(8):e1001936. doi: 10.1371/journal.pbio.1001936. eCollection 2014 Aug.","Szczepanski SM","PLoS Biol","2014","2014/08/27","PMC4144794","","10.1371/journal.pbio.1001936"
"25100931","Auditory connections and functions of prefrontal cortex","Plakke B, Romanski LM.","Front Neurosci. 2014 Jul 23;8:199. doi: 10.3389/fnins.2014.00199. eCollection 2014.","Plakke B","Front Neurosci","2014","2014/08/08","PMC4107948","","10.3389/fnins.2014.00199"
"25010558","A comparison of neural responses to appetitive and aversive stimuli in humans and other mammals","Hayes DJ, Duncan NW, Xu J, Northoff G.","Neurosci Biobehav Rev. 2014 Sep;45:350-68. doi: 10.1016/j.neubiorev.2014.06.018. Epub 2014 Jul 7.","Hayes DJ","Neurosci Biobehav Rev","2014","2014/07/11","","","10.1016/j.neubiorev.2014.06.018"
"24906509","Functional magnetic resonance imaging of intrinsic brain networks for translational drug discovery","Smucny J, Wylie KP, Tregellas JR.","Trends Pharmacol Sci. 2014 Aug;35(8):397-403. doi: 10.1016/j.tips.2014.05.001. Epub 2014 Jun 3.","Smucny J","Trends Pharmacol Sci","2014","2014/06/08","PMC4388149","NIHMS676980","10.1016/j.tips.2014.05.001"
"24890304","Effect of high dose isoflurane on cerebral blood flow in macaque monkeys","Li CX, Patel S, Wang DJ, Zhang X.","Magn Reson Imaging. 2014 Sep;32(7):956-60. doi: 10.1016/j.mri.2014.04.019. Epub 2014 Apr 26.","Li CX","Magn Reson Imaging","2014","2014/06/04","PMC4099278","NIHMS590213","10.1016/j.mri.2014.04.019"
"24851284","The cerebellum and addiction: insights gained from neuroimaging research","Moulton EA, Elman I, Becerra LR, Goldstein RZ, Borsook D.","Addict Biol. 2014 May;19(3):317-31. doi: 10.1111/adb.12101.","Moulton EA","Addict Biol","2014","2014/05/23","PMC4031616","NIHMS533241","10.1111/adb.12101"
"24813151","rTMS-induced virtual lesion of the posterior parietal cortex (PPC) alters the control of reflexive shifts of social attention triggered by pointing hands","Porciello G, Crostella F, Liuzza MT, Valentini E, Aglioti SM.","Neuropsychologia. 2014 Jul;59:148-56. doi: 10.1016/j.neuropsychologia.2014.04.017. Epub 2014 May 9.","Porciello G","Neuropsychologia","2014","2014/05/13","","","10.1016/j.neuropsychologia.2014.04.017"
"24489639","Knowledge-guided robust MRI brain extraction for diverse large-scale neuroimaging studies on humans and non-human primates","Wang Y, Nie J, Yap PT, Li G, Shi F, Geng X, Guo L, Shen D; Alzheimer's Disease Neuroimaging Initiative.","PLoS One. 2014 Jan 29;9(1):e77810. doi: 10.1371/journal.pone.0077810. eCollection 2014.","Wang Y","PLoS One","2014","2014/02/04","PMC3906014","","10.1371/journal.pone.0077810"
"24444996","BNST neurocircuitry in humans","Avery SN, Clauss JA, Winder DG, Woodward N, Heckers S, Blackford JU.","Neuroimage. 2014 May 1;91:311-23. doi: 10.1016/j.neuroimage.2014.01.017. Epub 2014 Jan 18.","Avery SN","Neuroimage","2014","2014/01/22","PMC4214684","NIHMS559696","10.1016/j.neuroimage.2014.01.017"
"24412331","Evaluating signal-correlated noise as a control task with language-related gamma activity on electrocorticography","Brown EC, Muzik O, Rothermel R, Juhász C, Shah AK, Fuerst D, Mittal S, Sood S, Asano E.","Clin Neurophysiol. 2014 Jul;125(7):1312-23. doi: 10.1016/j.clinph.2013.11.026. Epub 2013 Dec 1.","Brown EC","Clin Neurophysiol","2014","2014/01/14","PMC4035421","NIHMS557907","10.1016/j.clinph.2013.11.026"
"24381544","The harmonic organization of auditory cortex","Wang X.","Front Syst Neurosci. 2013 Dec 17;7:114. doi: 10.3389/fnsys.2013.00114.","Wang X","Front Syst Neurosci","2013","2014/01/02","PMC3865599","","10.3389/fnsys.2013.00114"
"24282537","Human infant faces provoke implicit positive affective responses in parents and non-parents alike","Senese VP, De Falco S, Bornstein MH, Caria A, Buffolino S, Venuti P.","PLoS One. 2013 Nov 25;8(11):e80379. doi: 10.1371/journal.pone.0080379. eCollection 2013.","Senese VP","PLoS One","2013","2013/11/28","PMC3840010","","10.1371/journal.pone.0080379"
"24220025","Imaging nicotine- and amphetamine-induced dopamine release in rhesus monkeys with [(11)C]PHNO vs [(11)C]raclopride PET","Gallezot JD, Kloczynski T, Weinzimmer D, Labaree D, Zheng MQ, Lim K, Rabiner EA, Ridler K, Pittman B, Huang Y, Carson RE, Morris ED, Cosgrove KP.","Neuropsychopharmacology. 2014 Mar;39(4):866-74. doi: 10.1038/npp.2013.286. Epub 2013 Oct 15.","Gallezot JD","Neuropsychopharmacology","2014","2013/11/14","PMC3924521","","10.1038/npp.2013.286"
"24201011","Format-dependent representations of symbolic and non-symbolic numbers in the human cortex as revealed by multi-voxel pattern analyses","Bulthé J, De Smedt B, Op de Beeck HP.","Neuroimage. 2014 Feb 15;87:311-22. doi: 10.1016/j.neuroimage.2013.10.049. Epub 2013 Nov 5.","Bulthé J","Neuroimage","2014","2013/11/09","","","10.1016/j.neuroimage.2013.10.049"
"24198791","Consciousness in humans and non-human animals: recent advances and future directions","Boly M, Seth AK, Wilke M, Ingmundson P, Baars B, Laureys S, Edelman DB, Tsuchiya N.","Front Psychol. 2013 Oct 31;4:625. doi: 10.3389/fpsyg.2013.00625.","Boly M","Front Psychol","2013","2013/11/08","PMC3814086","","10.3389/fpsyg.2013.00625"
"24137150","Quantitative meta-analysis of fMRI and PET studies reveals consistent activation in fronto-striatal-parietal regions and cerebellum during antisaccades and prosaccades","Jamadar SD, Fielding J, Egan GF.","Front Psychol. 2013 Oct 16;4:749. doi: 10.3389/fpsyg.2013.00749. eCollection 2013.","Jamadar SD","Front Psychol","2013","2013/10/19","PMC3797465","","10.3389/fpsyg.2013.00749"
"24121168","The helmet head restraint system: a viable solution for resting state fMRI in awake monkeys","Hadj-Bouziane F, Monfardini E, Guedj C, Gardechaux G, Hynaux C, Farnè A, Meunier M.","Neuroimage. 2014 Feb 1;86:536-43. doi: 10.1016/j.neuroimage.2013.09.068. Epub 2013 Oct 8.","Hadj-Bouziane F","Neuroimage","2014","2013/10/15","","","10.1016/j.neuroimage.2013.09.068"
"24076012","Combining fMRI and behavioral measures to examine the process of human learning","Karuza EA, Emberson LL, Aslin RN.","Neurobiol Learn Mem. 2014 Mar;109:193-206. doi: 10.1016/j.nlm.2013.09.012. Epub 2013 Sep 25.","Karuza EA","Neurobiol Learn Mem","2014","2013/10/01","PMC3963805","NIHMS532412","10.1016/j.nlm.2013.09.012"
"24061965","Progressive loss of striatal dopamine terminals in MPTP-induced acute parkinsonism in cynomolgus monkeys using vesicular monoamine transporter type 2 PET imaging ([(18)F]AV-133)","Liu Y, Yue F, Tang R, Tao G, Pan X, Zhu L, Kung HF, Chan P.","Neurosci Bull. 2014 Jun;30(3):409-16. doi: 10.1007/s12264-013-1374-3. Epub 2013 Sep 5.","Liu Y","Neurosci Bull","2014","2013/09/25","PMC5562597","","10.1007/s12264-013-1374-3"
"23991095","A macaque model of mesial temporal lobe epilepsy induced by unilateral intrahippocampal injection of kainic Acid","Chen N, Liu C, Yan N, Hu W, Zhang JG, Ge Y, Meng FG.","PLoS One. 2013 Aug 26;8(8):e72336. doi: 10.1371/journal.pone.0072336. eCollection 2013.","Chen N","PLoS One","2013","2013/08/31","PMC3753347","","10.1371/journal.pone.0072336"
"23916753","Tonotopic mapping of human auditory cortex","Saenz M, Langers DR.","Hear Res. 2014 Jan;307:42-52. doi: 10.1016/j.heares.2013.07.016. Epub 2013 Aug 2.","Saenz M","Hear Res","2014","2013/08/07","","","10.1016/j.heares.2013.07.016"
"23847558","Functional organization and visual representations of human ventral lateral prefrontal cortex","Chan AW.","Front Psychol. 2013 Jul 9;4:371. doi: 10.3389/fpsyg.2013.00371. eCollection 2013.","Chan AW","Front Psychol","2013","2013/07/13","PMC3705197","","10.3389/fpsyg.2013.00371"
"23805100","Manganese neurotoxicity: new perspectives from behavioral, neuroimaging, and neuropathological studies in humans and non-human primates","Guilarte TR.","Front Aging Neurosci. 2013 Jun 24;5:23. doi: 10.3389/fnagi.2013.00023. eCollection 2013.","Guilarte TR","Front Aging Neurosci","2013","2013/06/28","PMC3690350","","10.3389/fnagi.2013.00023"
"23774218","Cortical reorganization after stroke: how much and how functional?","Grefkes C, Ward NS.","Neuroscientist. 2014 Feb;20(1):56-70. doi: 10.1177/1073858413491147. Epub 2013 Jun 17.","Grefkes C","Neuroscientist","2014","2013/06/19","","","10.1177/1073858413491147"
"23770728","Perceptual and category processing of the Uncanny Valley hypothesis' dimension of human likeness: some methodological issues","Cheetham M, Jancke L.","J Vis Exp. 2013 Jun 3;(76):4375. doi: 10.3791/4375.","Cheetham M","J Vis Exp","2013","2013/06/18","PMC3725829","","10.3791/4375"
"23702412","Cytoarchitecture, probability maps and functions of the human frontal pole","Bludau S, Eickhoff SB, Mohlberg H, Caspers S, Laird AR, Fox PT, Schleicher A, Zilles K, Amunts K.","Neuroimage. 2014 Jun;93 Pt 2(Pt 2):260-75. doi: 10.1016/j.neuroimage.2013.05.052. Epub 2013 May 21.","Bludau S","Neuroimage","2014","2013/05/25","PMC5325035","NIHMS844456","10.1016/j.neuroimage.2013.05.052"
"23657147","Seeing human: distinct and overlapping neural signatures associated with two forms of dehumanization","Jack AI, Dawson AJ, Norr ME.","Neuroimage. 2013 Oct 1;79:313-28. doi: 10.1016/j.neuroimage.2013.04.109. Epub 2013 May 5.","Jack AI","Neuroimage","2013","2013/05/10","","","10.1016/j.neuroimage.2013.04.109"
"23609420","Functional topography of cortical thumb movement representations in human primary motor cortex","Zartl M, Kapfer T, Muellbacher W.","Brain Topogr. 2014 Mar;27(2):228-39. doi: 10.1007/s10548-013-0289-7. Epub 2013 Apr 23.","Zartl M","Brain Topogr","2014","2013/04/24","","","10.1007/s10548-013-0289-7"
"23528268","Identifying the molecular basis of inhibitory control deficits in addictions: neuroimaging in non-human primates","Groman SM, Jentsch JD.","Curr Opin Neurobiol. 2013 Aug;23(4):625-31. doi: 10.1016/j.conb.2013.03.001. Epub 2013 Mar 22.","Groman SM","Curr Opin Neurobiol","2013","2013/03/27","PMC3731407","NIHMS463402","10.1016/j.conb.2013.03.001"
"23466936","A receptor-based model for dopamine-induced fMRI signal","Mandeville JB, Sander CYM, Jenkins BG, Hooker JM, Catana C, Vanduffel W, Alpert NM, Rosen BR, Normandin MD.","Neuroimage. 2013 Jul 15;75:46-57. doi: 10.1016/j.neuroimage.2013.02.036. Epub 2013 Mar 1.","Mandeville JB","Neuroimage","2013","2013/03/08","PMC3683121","NIHMS451571","10.1016/j.neuroimage.2013.02.036"
"23378834","Anterior temporal face patches: a meta-analysis and empirical study","Von Der Heide RJ, Skipper LM, Olson IR.","Front Hum Neurosci. 2013 Feb 1;7:17. doi: 10.3389/fnhum.2013.00017. eCollection 2013.","Von Der Heide RJ","Front Hum Neurosci","2013","2013/02/05","PMC3561664","","10.3389/fnhum.2013.00017"
"23349451","Anaesthesia for positron emission tomography scanning of animal brains","Alstrup AK, Smith DF.","Lab Anim. 2013 Jan;47(1):12-8. doi: 10.1258/la.2012.011173. Epub 2013 Jan 24.","Alstrup AK","Lab Anim","2013","2013/01/26","","","10.1258/la.2012.011173"
"23333868","The neural and hormonal bases of human parental care","Rilling JK.","Neuropsychologia. 2013 Mar;51(4):731-47. doi: 10.1016/j.neuropsychologia.2012.12.017. Epub 2013 Jan 16.","Rilling JK","Neuropsychologia","2013","2013/01/22","","","10.1016/j.neuropsychologia.2012.12.017"
"23313563","Is there an association between peripheral immune markers and structural/functional neuroimaging findings?","Frodl T, Amico F.","Prog Neuropsychopharmacol Biol Psychiatry. 2014 Jan 3;48:295-303. doi: 10.1016/j.pnpbp.2012.12.013. Epub 2013 Jan 11.","Frodl T","Prog Neuropsychopharmacol Biol Psychiatry","2014","2013/01/15","","","10.1016/j.pnpbp.2012.12.013"
"24683983","Group-wise cortical correspondence via sulcal curve-constrained entropy minimization","Lyu I, Kim SH, Seong JK, Yoo SW, Evans AC, Shi Y, Sanchez M, Niethammer M, Styner MA.","Inf Process Med Imaging. 2013;23:364-75. doi: 10.1007/978-3-642-38868-2_31.","Lyu I","Inf Process Med Imaging","2013","2014/04/02","PMC4003502","NIHMS561818","10.1007/978-3-642-38868-2_31"
"23143344","Differentiated parietal connectivity of frontal regions for ""what"" and ""where"" memory","Rottschy C, Caspers S, Roski C, Reetz K, Dogan I, Schulz JB, Zilles K, Laird AR, Fox PT, Eickhoff SB.","Brain Struct Funct. 2013 Nov;218(6):1551-67. doi: 10.1007/s00429-012-0476-4. Epub 2012 Nov 10.","Rottschy C","Brain Struct Funct","2013","2012/11/13","PMC3825581","","10.1007/s00429-012-0476-4"
"23051902","Social cognition and the anterior temporal lobes: a review and theoretical framework","Olson IR, McCoy D, Klobusicky E, Ross LA.","Soc Cogn Affect Neurosci. 2013 Feb;8(2):123-33. doi: 10.1093/scan/nss119. Epub 2012 Oct 9.","Olson IR","Soc Cogn Affect Neurosci","2013","2012/10/12","PMC3575728","","10.1093/scan/nss119"
"22986224","Defining the habenula in human neuroimaging studies","Lawson RP, Drevets WC, Roiser JP.","Neuroimage. 2013 Jan 1;64:722-7. doi: 10.1016/j.neuroimage.2012.08.076. Epub 2012 Sep 8.","Lawson RP","Neuroimage","2013","2012/09/19","PMC3650642","","10.1016/j.neuroimage.2012.08.076"
"22982103","Articulatory movements modulate auditory responses to speech","Agnew ZK, McGettigan C, Banks B, Scott SK.","Neuroimage. 2013 Jun;73:191-9. doi: 10.1016/j.neuroimage.2012.08.020. Epub 2012 Aug 17.","Agnew ZK","Neuroimage","2013","2012/09/18","PMC3708127","","10.1016/j.neuroimage.2012.08.020"
"22965769","Human finger somatotopy in areas 3b, 1, and 2: a 7T fMRI study using a natural stimulus","Martuzzi R, van der Zwaag W, Farthouat J, Gruetter R, Blanke O.","Hum Brain Mapp. 2014 Jan;35(1):213-26. doi: 10.1002/hbm.22172. Epub 2012 Sep 11.","Martuzzi R","Hum Brain Mapp","2014","2012/09/12","PMC6869627","","10.1002/hbm.22172"
"22960664","Current state-of-the-art of auditory functional MRI (fMRI) on zebra finches: technique and scientific achievements","Van Ruijssevelt L, Van der Kant A, De Groof G, Van der Linden A.","J Physiol Paris. 2013 Jun;107(3):156-69. doi: 10.1016/j.jphysparis.2012.08.005. Epub 2012 Aug 30.","Van Ruijssevelt L","J Physiol Paris","2013","2012/09/11","","","10.1016/j.jphysparis.2012.08.005"
"22661938","The hippocampus supports multiple cognitive processes through relational binding and comparison","Olsen RK, Moses SN, Riggs L, Ryan JD.","Front Hum Neurosci. 2012 May 25;6:146. doi: 10.3389/fnhum.2012.00146. eCollection 2012.","Olsen RK","Front Hum Neurosci","2012","2012/06/05","PMC3363343","","10.3389/fnhum.2012.00146"
"22480914","Baboon model of generalized epilepsy: continuous intracranial video-EEG monitoring with subdural electrodes","Szabó CÁ, Salinas FS, Leland MM, Caron JL, Hanes MA, Knape KD, Xie D, Williams JT.","Epilepsy Res. 2012 Aug;101(1-2):46-55. doi: 10.1016/j.eplepsyres.2012.02.016. Epub 2012 Apr 4.","Szabó CÁ","Epilepsy Res","2012","2012/04/07","PMC3398162","NIHMS368329","10.1016/j.eplepsyres.2012.02.016"
"22436353","The cerebellum and neuropsychiatric disorders","Villanueva R.","Psychiatry Res. 2012 Aug 15;198(3):527-32. doi: 10.1016/j.psychres.2012.02.023. Epub 2012 Mar 20.","Villanueva R","Psychiatry Res","2012","2012/03/23","","","10.1016/j.psychres.2012.02.023"
"22426350","Effects of lactate on the early visual cortex of non-human primates, investigated by pharmaco-MRI and neurochemical analysis","von Pföstl V, Li J, Zaldivar D, Goense J, Zhang X, Serr N, Logothetis NK, Rauch A.","Neuroimage. 2012 May 15;61(1):98-105. doi: 10.1016/j.neuroimage.2012.02.082. Epub 2012 Mar 8.","von Pföstl V","Neuroimage","2012","2012/03/20","","","10.1016/j.neuroimage.2012.02.082"
"22330981","Solving the ""human problem"": the frontal feedback model","Noack RA.","Conscious Cogn. 2012 Jun;21(2):1043-67. doi: 10.1016/j.concog.2012.01.011. Epub 2012 Feb 12.","Noack RA","Conscious Cogn","2012","2012/02/15","","","10.1016/j.concog.2012.01.011"
"22308259","[Developmental disorders]","Kushima I, Okada T, Ozaki N.","Brain Nerve. 2012 Feb;64(2):139-47.","Kushima I","Brain Nerve","2012","2012/02/07","","",""
"22253662","A frameless stereotaxic MRI technique for macaque neuroscience studies","Dubowitz DJ, Scadeng M.","Open Neuroimag J. 2011;5:198-205. doi: 10.2174/1874440001105010198. Epub 2011 Nov 18.","Dubowitz DJ","Open Neuroimag J","2011","2012/01/19","PMC3257065","","10.2174/1874440001105010198"
"22253655","Neuroimaging of non-human primates","Duong TQ.","Open Neuroimag J. 2011;5:146. doi: 10.2174/1874440001105010146. Epub 2011 Nov 18.","Duong TQ","Open Neuroimag J","2011","2012/01/19","PMC3257890","","10.2174/1874440001105010146"
"22209784","Meta-analytical definition and functional connectivity of the human vestibular cortex","zu Eulenburg P, Caspers S, Roski C, Eickhoff SB.","Neuroimage. 2012 Mar;60(1):162-9. doi: 10.1016/j.neuroimage.2011.12.032. Epub 2011 Dec 23.","zu Eulenburg P","Neuroimage","2012","2012/01/03","","","10.1016/j.neuroimage.2011.12.032"
"22117132","Magnetic resonance imaging of pathological processes in rodent models of amyotrophic lateral sclerosis","Evans MC, Modo M, Talbot K, Sibson N, Turner MR.","Amyotroph Lateral Scler. 2012 May;13(3):288-301. doi: 10.3109/17482968.2011.623300. Epub 2011 Nov 25.","Evans MC","Amyotroph Lateral Scler","2012","2011/11/26","","","10.3109/17482968.2011.623300"
"21898675","Robotic movement preferentially engages the action observation network","Cross ES, Liepelt R, Hamilton AF, Parkinson J, Ramsey R, Stadler W, Prinz W.","Hum Brain Mapp. 2012 Sep;33(9):2238-54. doi: 10.1002/hbm.21361. Epub 2011 Sep 6.","Cross ES","Hum Brain Mapp","2012","2011/09/08","PMC6870135","","10.1002/hbm.21361"
"21831362","Differential magnitude coding of gains and omitted rewards in the ventral striatum","Pedroni A, Koeneke S, Velickaite A, Jäncke L.","Brain Res. 2011 Sep 9;1411:76-86. doi: 10.1016/j.brainres.2011.07.019. Epub 2011 Jul 18.","Pedroni A","Brain Res","2011","2011/08/12","","","10.1016/j.brainres.2011.07.019"
"21721911","Brain tissue changes and antipsychotic medication","Puri BK.","Expert Rev Neurother. 2011 Jul;11(7):943-6. doi: 10.1586/ern.11.87.","Puri BK","Expert Rev Neurother","2011","2011/07/05","","","10.1586/ern.11.87"
"21698393","A library of cortical morphology analysis tools to study development, aging and genetics of cerebral cortex","Kochunov P, Rogers W, Mangin JF, Lancaster J.","Neuroinformatics. 2012 Jan;10(1):81-96. doi: 10.1007/s12021-011-9127-9.","Kochunov P","Neuroinformatics","2012","2011/06/24","PMC3471145","NIHMS378123","10.1007/s12021-011-9127-9"
"21687458","Studying Multisensory Processing and Its Role in the Representation of Space through Pathological and Physiological Crossmodal Extinction","Jacobs S, Brozzoli C, Hadj-Bouziane F, Meunier M, Farnè A.","Front Psychol. 2011 May 6;2:89. doi: 10.3389/fpsyg.2011.00089. eCollection 2011.","Jacobs S","Front Psychol","2011","2011/06/21","PMC3110341","","10.3389/fpsyg.2011.00089"
"21671065","Frontal lobe and posterior parietal contributions to the cortico-cerebellar system","Ramnani N.","Cerebellum. 2012 Jun;11(2):366-83. doi: 10.1007/s12311-011-0272-3.","Ramnani N","Cerebellum","2012","2011/06/15","","","10.1007/s12311-011-0272-3"
"21536557","From single cells to social perception","Barraclough NE, Perrett DI.","Philos Trans R Soc Lond B Biol Sci. 2011 Jun 12;366(1571):1739-52. doi: 10.1098/rstb.2010.0352.","Barraclough NE","Philos Trans R Soc Lond B Biol Sci","2011","2011/05/04","PMC3130376","","10.1098/rstb.2010.0352"
"21527670","Exercise, brain, and cognition across the life span","Voss MW, Nagamatsu LS, Liu-Ambrose T, Kramer AF.","J Appl Physiol (1985). 2011 Nov;111(5):1505-13. doi: 10.1152/japplphysiol.00210.2011. Epub 2011 Apr 28.","Voss MW","J Appl Physiol (1985)","2011","2011/04/30","PMC3220305","","10.1152/japplphysiol.00210.2011"
"21503138","Non-invasive imaging of neuroanatomical structures and neural activation with high-resolution MRI","Herberholz J, Mishra SH, Uma D, Germann MW, Edwards DH, Potter K.","Front Behav Neurosci. 2011 Mar 31;5:16. doi: 10.3389/fnbeh.2011.00016. eCollection 2011.","Herberholz J","Front Behav Neurosci","2011","2011/04/20","PMC3071494","","10.3389/fnbeh.2011.00016"
"21471644","Spatial distribution of glucose hypometabolism induced by intracerebroventricular streptozotocin in monkeys","Heo JH, Lee SR, Lee ST, Lee KM, Oh JH, Jang DP, Chang KT, Cho ZH.","J Alzheimers Dis. 2011;25(3):517-23. doi: 10.3233/JAD-2011-102079.","Heo JH","J Alzheimers Dis","2011","2011/04/08","","","10.3233/JAD-2011-102079"
"21256859","Acute effects of steroid hormones and neuropeptides on human social-emotional behavior: a review of single administration studies","Bos PA, Panksepp J, Bluthé RM, van Honk J.","Front Neuroendocrinol. 2012 Jan;33(1):17-35. doi: 10.1016/j.yfrne.2011.01.002. Epub 2011 Jan 21.","Bos PA","Front Neuroendocrinol","2012","2011/01/25","","","10.1016/j.yfrne.2011.01.002"
"21228170","Deep and superficial amygdala nuclei projections revealed in vivo by probabilistic tractography","Bach DR, Behrens TE, Garrido L, Weiskopf N, Dolan RJ.","J Neurosci. 2011 Jan 12;31(2):618-23. doi: 10.1523/JNEUROSCI.2744-10.2011.","Bach DR","J Neurosci","2011","2011/01/14","PMC3059574","UKMS34039","10.1523/JNEUROSCI.2744-10.2011"
"21223979","The thalamocortical vestibular system in animals and humans","Lopez C, Blanke O.","Brain Res Rev. 2011 Jun 24;67(1-2):119-46. doi: 10.1016/j.brainresrev.2010.12.002. Epub 2011 Jan 9.","Lopez C","Brain Res Rev","2011","2011/01/13","","","10.1016/j.brainresrev.2010.12.002"
"21196511","The effects of visuospatial attention measured across visual cortex using source-imaged, steady-state EEG","Lauritzen TZ, Ales JM, Wade AR.","J Vis. 2010 Dec 31;10(14):39. doi: 10.1167/10.14.39.","Lauritzen TZ","J Vis","2010","2011/01/04","","","10.1167/10.14.39"
"21095199","Neural structures and mechanisms involved in scene recognition: a review and interpretation","Sewards TV.","Neuropsychologia. 2011 Feb;49(3):277-98. doi: 10.1016/j.neuropsychologia.2010.11.018. Epub 2010 Nov 21.","Sewards TV","Neuropsychologia","2011","2010/11/25","","","10.1016/j.neuropsychologia.2010.11.018"
"21044887","Population-averaged standard template brain atlas for the common marmoset (Callithrix jacchus)","Hikishima K, Quallo MM, Komaki Y, Yamada M, Kawai K, Momoshima S, Okano HJ, Sasaki E, Tamaoki N, Lemon RN, Iriki A, Okano H.","Neuroimage. 2011 Feb 14;54(4):2741-9. doi: 10.1016/j.neuroimage.2010.10.061. Epub 2010 Oct 29.","Hikishima K","Neuroimage","2011","2010/11/04","","","10.1016/j.neuroimage.2010.10.061"
"20688103","An implicit measure of olfactory performance for non-human primates reveals aversive and pleasant odor conditioning","Livneh U, Paz R.","J Neurosci Methods. 2010 Sep 30;192(1):90-5. doi: 10.1016/j.jneumeth.2010.07.027. Epub 2010 Aug 3.","Livneh U","J Neurosci Methods","2010","2010/08/07","","","10.1016/j.jneumeth.2010.07.027"
"20665254","Disruption of saccadic adaptation with repetitive transcranial magnetic stimulation of the posterior cerebellum in humans","Jenkinson N, Miall RC.","Cerebellum. 2010 Dec;9(4):548-55. doi: 10.1007/s12311-010-0193-6.","Jenkinson N","Cerebellum","2010","2010/07/29","PMC2996540","","10.1007/s12311-010-0193-6"
"20654722","Distinct functional connectivity associated with lateral versus medial rostral prefrontal cortex: a meta-analysis","Gilbert SJ, Gonen-Yaacovi G, Benoit RG, Volle E, Burgess PW.","Neuroimage. 2010 Dec;53(4):1359-67. doi: 10.1016/j.neuroimage.2010.07.032. Epub 2010 Jul 21.","Gilbert SJ","Neuroimage","2010","2010/07/27","","","10.1016/j.neuroimage.2010.07.032"
"20512376","A link between the systems: functional differentiation and integration within the human insula revealed by meta-analysis","Kurth F, Zilles K, Fox PT, Laird AR, Eickhoff SB.","Brain Struct Funct. 2010 Jun;214(5-6):519-34. doi: 10.1007/s00429-010-0255-z. Epub 2010 May 29.","Kurth F","Brain Struct Funct","2010","2010/06/01","PMC4801482","NIHMS765788","10.1007/s00429-010-0255-z"
"20451630","Decoding the direction of auditory motion in blind humans","Wolbers T, Zahorik P, Giudice NA.","Neuroimage. 2011 May 15;56(2):681-7. doi: 10.1016/j.neuroimage.2010.04.266. Epub 2010 May 5.","Wolbers T","Neuroimage","2011","2010/05/11","","","10.1016/j.neuroimage.2010.04.266"
"20227444","Emotion and episodic memory in neuropsychiatric disorders","Dere E, Pause BM, Pietrowsky R.","Behav Brain Res. 2010 Dec 31;215(2):162-71. doi: 10.1016/j.bbr.2010.03.017. Epub 2010 Mar 20.","Dere E","Behav Brain Res","2010","2010/03/16","","","10.1016/j.bbr.2010.03.017"
"20226489","[The default mode network: cognitive role and pathological disturbances]","Mevel K, Grassiot B, Chételat G, Defer G, Desgranges B, Eustache F.","Rev Neurol (Paris). 2010 Nov;166(11):859-72. doi: 10.1016/j.neurol.2010.01.008. Epub 2010 Mar 11.","Mevel K","Rev Neurol (Paris)","2010","2010/03/16","","","10.1016/j.neurol.2010.01.008"
"20105440","Assessing cognitive function in clinical trials of schizophrenia","Barnett JH, Robbins TW, Leeson VC, Sahakian BJ, Joyce EM, Blackwell AD.","Neurosci Biobehav Rev. 2010 Jul;34(8):1161-77. doi: 10.1016/j.neubiorev.2010.01.012. Epub 2010 Jan 25.","Barnett JH","Neurosci Biobehav Rev","2010","2010/01/29","","","10.1016/j.neubiorev.2010.01.012"
"20074580","Going beyond LTM in the MTL: a synthesis of neuropsychological and neuroimaging findings on the role of the medial temporal lobe in memory and perception","Graham KS, Barense MD, Lee AC.","Neuropsychologia. 2010 Mar;48(4):831-53. doi: 10.1016/j.neuropsychologia.2010.01.001. Epub 2010 Jan 13.","Graham KS","Neuropsychologia","2010","2010/01/16","","","10.1016/j.neuropsychologia.2010.01.001"
"19883763","Rhesus macaque brain morphometry: a methodological comparison of voxel-wise approaches","McLaren DG, Kosmatka KJ, Kastman EK, Bendlin BB, Johnson SC.","Methods. 2010 Mar;50(3):157-65. doi: 10.1016/j.ymeth.2009.10.003. Epub 2009 Oct 31.","McLaren DG","Methods","2010","2009/11/04","PMC2828534","NIHMS166080","10.1016/j.ymeth.2009.10.003"
"19794396","Permanent or transient chronic ischemic stroke in the non-human primate: behavioral, neuroimaging, histological, and immunohistochemical investigations","Bihel E, Pro-Sistiaga P, Letourneur A, Toutain J, Saulnier R, Insausti R, Bernaudin M, Roussel S, Touzani O.","J Cereb Blood Flow Metab. 2010 Feb;30(2):273-85. doi: 10.1038/jcbfm.2009.209. Epub 2009 Sep 30.","Bihel E","J Cereb Blood Flow Metab","2010","2009/10/02","PMC2949113","","10.1038/jcbfm.2009.209"
"19721434","Cognitive impact of genetic variation of the serotonin transporter in primates is associated with differences in brain morphology rather than serotonin neurotransmission","Jedema HP, Gianaros PJ, Greer PJ, Kerr DD, Liu S, Higley JD, Suomi SJ, Olsen AS, Porter JN, Lopresti BJ, Hariri AR, Bradberry CW.","Mol Psychiatry. 2010 May;15(5):512-22, 446. doi: 10.1038/mp.2009.90. Epub 2009 Sep 1.","Jedema HP","Mol Psychiatry","2010","2009/09/02","PMC2861147","NIHMS133752","10.1038/mp.2009.90"
"19665567","Diffusion tensor and perfusion MRI of non-human primates","Duong TQ.","Methods. 2010 Mar;50(3):125-35. doi: 10.1016/j.ymeth.2009.08.001. Epub 2009 Aug 7.","Duong TQ","Methods","2010","2009/08/12","PMC2828503","NIHMS143278","10.1016/j.ymeth.2009.08.001"
"19665515","Anatomical organization of the eye fields in the human and non-human primate frontal cortex","Amiez C, Petrides M.","Prog Neurobiol. 2009 Oct;89(2):220-30. doi: 10.1016/j.pneurobio.2009.07.010. Epub 2009 Aug 7.","Amiez C","Prog Neurobiol","2009","2009/08/12","","","10.1016/j.pneurobio.2009.07.010"
"19523986","Neuronal synchronization in human parietal cortex during saccade planning","Van Der Werf J, Buchholz VN, Jensen O, Medendorp WP.","Behav Brain Res. 2009 Dec 28;205(2):329-35. doi: 10.1016/j.bbr.2009.06.011. Epub 2009 Jun 11.","Van Der Werf J","Behav Brain Res","2009","2009/06/16","","","10.1016/j.bbr.2009.06.011"
"19523515","The cortical visual area V6 in macaque and human brains","Fattori P, Pitzalis S, Galletti C.","J Physiol Paris. 2009 Jan-Mar;103(1-2):88-97. doi: 10.1016/j.jphysparis.2009.05.012. Epub 2009 Jun 10.","Fattori P","J Physiol Paris","2009","2009/06/16","","","10.1016/j.jphysparis.2009.05.012"
"19404410","Early, low-level auditory-somatosensory multisensory interactions impact reaction time speed","Sperdin HF, Cappe C, Foxe JJ, Murray MM.","Front Integr Neurosci. 2009 Mar 11;3:2. doi: 10.3389/neuro.07.002.2009. eCollection 2009.","Sperdin HF","Front Integr Neurosci","2009","2009/05/01","PMC2659167","","10.3389/neuro.07.002.2009"
"19337503","Manganese neurotoxicity: lessons learned from longitudinal studies in nonhuman primates","Burton NC, Guilarte TR.","Environ Health Perspect. 2009 Mar;117(3):325-32. doi: 10.1289/ehp.0800035. Epub 2008 Oct 3.","Burton NC","Environ Health Perspect","2009","2009/04/02","PMC2661898","","10.1289/ehp.0800035"
"19190637","Complex brain networks: graph theoretical analysis of structural and functional systems","Bullmore E, Sporns O.","Nat Rev Neurosci. 2009 Mar;10(3):186-98. doi: 10.1038/nrn2575. Epub 2009 Feb 4.","Bullmore E","Nat Rev Neurosci","2009","2009/02/05","","","10.1038/nrn2575"
"19085352","Deep brain stimulation of the pedunculopontine nucleus in Parkinson's disease. Preliminary experience at Oxford","Pereira EA, Muthusamy KA, De Pennington N, Joint CA, Aziz TZ.","Br J Neurosurg. 2008;22 Suppl 1:S41-4. doi: 10.1080/02688690802448335.","Pereira EA","Br J Neurosurg","2008","2008/12/17","","","10.1080/02688690802448335"
"19072897","Two systems of resting state connectivity between the insula and cingulate cortex","Taylor KS, Seminowicz DA, Davis KD.","Hum Brain Mapp. 2009 Sep;30(9):2731-45. doi: 10.1002/hbm.20705.","Taylor KS","Hum Brain Mapp","2009","2008/12/17","PMC6871122","","10.1002/hbm.20705"
"18939997","Left inferior frontal gyrus is critical for response inhibition","Swick D, Ashley V, Turken AU.","BMC Neurosci. 2008 Oct 21;9:102. doi: 10.1186/1471-2202-9-102.","Swick D","BMC Neurosci","2008","2008/10/23","PMC2588614","","10.1186/1471-2202-9-102"
"18835656","Neurophysiology and neuroanatomy of reflexive and volitional saccades: evidence from studies of humans","McDowell JE, Dyckman KA, Austin BP, Clementz BA.","Brain Cogn. 2008 Dec;68(3):255-70. doi: 10.1016/j.bandc.2008.08.016. Epub 2008 Oct 5.","McDowell JE","Brain Cogn","2008","2008/10/07","PMC2614688","NIHMS83686","10.1016/j.bandc.2008.08.016"
"18793712","Norman Cousins Lecture. Mechanisms of cytokine-induced behavioral changes: psychoneuroimmunology at the translational interface","Miller AH.","Brain Behav Immun. 2009 Feb;23(2):149-58. doi: 10.1016/j.bbi.2008.08.006. Epub 2008 Sep 3.","Miller AH","Brain Behav Immun","2009","2008/09/17","PMC2745948","NIHMS98177","10.1016/j.bbi.2008.08.006"
"18500391","The dual-pathway model of auditory signal processing","Wang WJ, Wu XH, Li L.","Neurosci Bull. 2008 Jun;24(3):173-82. doi: 10.1007/s12264-008-1226-8.","Wang WJ","Neurosci Bull","2008","2008/05/27","PMC5552542","","10.1007/s12264-008-1226-8"
"18374277","A link between neuroscience and informatics: large-scale modeling of memory processes","Horwitz B, Smith JF.","Methods. 2008 Apr;44(4):338-47. doi: 10.1016/j.ymeth.2007.02.007.","Horwitz B","Methods","2008","2008/04/01","PMC2362143","NIHMS46775","10.1016/j.ymeth.2007.02.007"
"18266547","In vivo pharmacology of MDMA and its enantiomers in rhesus monkeys","Fantegrossi WE.","Exp Clin Psychopharmacol. 2008 Feb;16(1):1-12. doi: 10.1037/1064-1297.16.1.1.","Fantegrossi WE","Exp Clin Psychopharmacol","2008","2008/02/13","","","10.1037/1064-1297.16.1.1"
"17827100","Introduction. The perception of speech: from sound to meaning","Moore BC, Tyler LK, Marslen-Wilson W.","Philos Trans R Soc Lond B Biol Sci. 2008 Mar 12;363(1493):917-21. doi: 10.1098/rstb.2007.2195.","Moore BC","Philos Trans R Soc Lond B Biol Sci","2008","2007/09/11","PMC2042536","","10.1098/rstb.2007.2195"
"17604651","Mapping the functional connectivity of anterior cingulate cortex","Margulies DS, Kelly AM, Uddin LQ, Biswal BB, Castellanos FX, Milham MP.","Neuroimage. 2007 Aug 15;37(2):579-88. doi: 10.1016/j.neuroimage.2007.05.019. Epub 2007 May 24.","Margulies DS","Neuroimage","2007","2007/07/03","","","10.1016/j.neuroimage.2007.05.019"
"17533768","Grounding object concepts in perception and action: evidence from fMRI studies of tools","Beauchamp MS, Martin A.","Cortex. 2007 Apr;43(3):461-8. doi: 10.1016/s0010-9452(08)70470-2.","Beauchamp MS","Cortex","2007","2007/05/31","","","10.1016/s0010-9452(08)70470-2"
"17395577","Morphology, language and the brain: the decompositional substrate for language comprehension","Marslen-Wilson WD, Tyler LK.","Philos Trans R Soc Lond B Biol Sci. 2007 May 29;362(1481):823-36. doi: 10.1098/rstb.2007.2091.","Marslen-Wilson WD","Philos Trans R Soc Lond B Biol Sci","2007","2007/03/31","PMC2430000","","10.1098/rstb.2007.2091"
"17298595","Retrosplenial and hippocampal brain regions in human navigation: complementary functional contributions to the formation and use of cognitive maps","Iaria G, Chen JK, Guariglia C, Ptito A, Petrides M.","Eur J Neurosci. 2007 Feb;25(3):890-9. doi: 10.1111/j.1460-9568.2007.05371.x. Epub 2007 Feb 12.","Iaria G","Eur J Neurosci","2007","2007/02/15","","","10.1111/j.1460-9568.2007.05371.x"
"16935269","Metabolic thalamocortical correlations during a verbal learning task and their comparison with correlations among regional volumes","Mitelman SA, Byne W, Kemether EM, Newmark RE, Hazlett EA, Haznedar MM, Buchsbaum MS.","Brain Res. 2006 Oct 9;1114(1):125-37. doi: 10.1016/j.brainres.2006.07.043. Epub 2006 Aug 28.","Mitelman SA","Brain Res","2006","2006/08/29","","","10.1016/j.brainres.2006.07.043"
"16594732","Functional imaging of numerical processing in adults and 4-y-old children","Cantlon JF, Brannon EM, Carter EJ, Pelphrey KA.","PLoS Biol. 2006 May;4(5):e125. doi: 10.1371/journal.pbio.0040125. Epub 2006 Apr 11.","Cantlon JF","PLoS Biol","2006","2006/04/06","PMC1431577","","10.1371/journal.pbio.0040125"
"16472906","Extending animal models of fear conditioning to humans","Delgado MR, Olsson A, Phelps EA.","Biol Psychol. 2006 Jul;73(1):39-48. doi: 10.1016/j.biopsycho.2006.01.006. Epub 2006 Feb 10.","Delgado MR","Biol Psychol","2006","2006/02/14","","","10.1016/j.biopsycho.2006.01.006"
"16417618","Deconstructing language by comparative gene expression: from neurobiology to microarray","Oldham MC, Geschwind DH.","Genes Brain Behav. 2006;5 Suppl 1:54-63. doi: 10.1111/j.1601-183X.2006.00195.x.","Oldham MC","Genes Brain Behav","2006","2006/01/19","","","10.1111/j.1601-183X.2006.00195.x"
"16399806","The precuneus: a review of its functional anatomy and behavioural correlates","Cavanna AE, Trimble MR.","Brain. 2006 Mar;129(Pt 3):564-83. doi: 10.1093/brain/awl004. Epub 2006 Jan 6.","Cavanna AE","Brain","2006","2006/01/10","","","10.1093/brain/awl004"
"16361940","Handedness-related functional connectivity using low-frequency blood oxygenation level-dependent fluctuations","He Y, Zang Y, Jiang T, Gong G, Xie S, Xiao J.","Neuroreport. 2006 Jan 23;17(1):5-8. doi: 10.1097/01.wnr.0000192737.92911.a4.","He Y","Neuroreport","2006","2005/12/20","","","10.1097/01.wnr.0000192737.92911.a4"
"16334413","Estrogen effects on the hippocampus and frontal lobes","Maki PM.","Int J Fertil Womens Med. 2005 Mar-Apr;50(2):67-71.","Maki PM","Int J Fertil Womens Med","2005","2005/12/13","","",""
"16213593","On the scent of human olfactory orbitofrontal cortex: meta-analysis and comparison to non-human primates","Gottfried JA, Zald DH.","Brain Res Brain Res Rev. 2005 Dec 15;50(2):287-304. doi: 10.1016/j.brainresrev.2005.08.004. Epub 2005 Oct 6.","Gottfried JA","Brain Res Brain Res Rev","2005","2005/10/11","","","10.1016/j.brainresrev.2005.08.004"
"16213062","Fitness, aging and neurocognitive function","Kramer AF, Colcombe SJ, McAuley E, Scalf PE, Erickson KI.","Neurobiol Aging. 2005 Dec;26 Suppl 1:124-7. doi: 10.1016/j.neurobiolaging.2005.09.009. Epub 2005 Oct 5.","Kramer AF","Neurobiol Aging","2005","2005/10/11","","","10.1016/j.neurobiolaging.2005.09.009"
"16207930","Now you hear it, now you don't: transient traces of consonants and their nonspeech analogues in the human brain","Obleser J, Scott SK, Eulitz C.","Cereb Cortex. 2006 Aug;16(8):1069-76. doi: 10.1093/cercor/bhj047. Epub 2005 Oct 5.","Obleser J","Cereb Cortex","2006","2005/10/07","","","10.1093/cercor/bhj047"
"15990243","Loss of self-control in intertemporal choice may be attributable to logarithmic time-perception","Takahashi T.","Med Hypotheses. 2005;65(4):691-3. doi: 10.1016/j.mehy.2005.04.040.","Takahashi T","Med Hypotheses","2005","2005/07/02","","","10.1016/j.mehy.2005.04.040"
"15831402","Auditory processing--speech, space and auditory objects","Scott SK.","Curr Opin Neurobiol. 2005 Apr;15(2):197-201. doi: 10.1016/j.conb.2005.03.009.","Scott SK","Curr Opin Neurobiol","2005","2005/04/16","","","10.1016/j.conb.2005.03.009"
"15630935","Smell, taste, texture, and temperature multimodal representations in the brain, and their relevance to the control of appetite","Rolls ET.","Nutr Rev. 2004 Nov;62(11 Pt 2):S193-204; discussion S224-41. doi: 10.1111/j.1753-4887.2004.tb00099.x.","Rolls ET","Nutr Rev","2004","2005/01/06","","","10.1111/j.1753-4887.2004.tb00099.x"
"15477030","Visuo-tactile representation of near-the-body space","Làdavas E, Farnè A.","J Physiol Paris. 2004 Jan-Jun;98(1-3):161-70. doi: 10.1016/j.jphysparis.2004.03.007.","Làdavas E","J Physiol Paris","2004","2004/10/13","","","10.1016/j.jphysparis.2004.03.007"
"15116743","Cardiovascular fitness and neurocognitive function in older adults: a brief review","McAuley E, Kramer AF, Colcombe SJ.","Brain Behav Immun. 2004 May;18(3):214-20. doi: 10.1016/j.bbi.2003.12.007.","McAuley E","Brain Behav Immun","2004","2004/05/01","","","10.1016/j.bbi.2003.12.007"
"15037125","The functional neuroanatomy of prelexical processing in speech perception","Scott SK, Wise RJ.","Cognition. 2004 May-Jun;92(1-2):13-45. doi: 10.1016/j.cognition.2002.12.002.","Scott SK","Cognition","2004","2004/03/24","","","10.1016/j.cognition.2002.12.002"
"15006672","A functional neuroimaging study of motivation and executive function","Taylor SF, Welsh RC, Wager TD, Phan KL, Fitzgerald KD, Gehring WJ.","Neuroimage. 2004 Mar;21(3):1045-54. doi: 10.1016/j.neuroimage.2003.10.032.","Taylor SF","Neuroimage","2004","2004/03/10","","","10.1016/j.neuroimage.2003.10.032"
"14606694","The amygdala and autism: implications from non-human primate studies","Amaral DG, Bauman MD, Schumann CM.","Genes Brain Behav. 2003 Oct;2(5):295-302. doi: 10.1034/j.1601-183x.2003.00043.x.","Amaral DG","Genes Brain Behav","2003","2003/11/11","","","10.1034/j.1601-183x.2003.00043.x"
"14521193","The amygdala, autism and anxiety","Amaral DG, Corbett BA.","Novartis Found Symp. 2003;251:177-87; discussion 187-97, 281-97.","Amaral DG","Novartis Found Symp","2003","2003/10/03","","",""
"12927334","Neuroimaging studies of priming","Henson RN.","Prog Neurobiol. 2003 May;70(1):53-81. doi: 10.1016/s0301-0082(03)00086-8.","Henson RN","Prog Neurobiol","2003","2003/08/21","","","10.1016/s0301-0082(03)00086-8"
"12744973","Neural coding of behavioral relevance in parietal cortex","Assad JA.","Curr Opin Neurobiol. 2003 Apr;13(2):194-7. doi: 10.1016/s0959-4388(03)00045-x.","Assad JA","Curr Opin Neurobiol","2003","2003/05/15","","","10.1016/s0959-4388(03)00045-x"
"12689371","Electrophysiology and brain imaging of biological motion","Puce A, Perrett D.","Philos Trans R Soc Lond B Biol Sci. 2003 Mar 29;358(1431):435-45. doi: 10.1098/rstb.2002.1221.","Puce A","Philos Trans R Soc Lond B Biol Sci","2003","2003/04/12","PMC1693130","","10.1098/rstb.2002.1221"
"12566688","Relationships between human auditory cortical structure and function","Hall DA, Hart HC, Johnsrude IS.","Audiol Neurootol. 2003 Jan-Feb;8(1):1-18. doi: 10.1159/000067894.","Hall DA","Audiol Neurootol","2003","2003/02/05","","","10.1159/000067894"
"12536133","The neuroanatomical and functional organization of speech perception","Scott SK, Johnsrude IS.","Trends Neurosci. 2003 Feb;26(2):100-7. doi: 10.1016/S0166-2236(02)00037-1.","Scott SK","Trends Neurosci","2003","2003/01/22","","","10.1016/S0166-2236(02)00037-1"
"12468009","Assessment of locus and extent of neurotoxic lesions in monkeys using neuroimaging techniques: a replication","Nemanic S, Alvarado MC, Price RE, Jackson EF, Bachevalier J.","J Neurosci Methods. 2002 Dec 15;121(2):199-209. doi: 10.1016/s0165-0270(02)00264-9.","Nemanic S","J Neurosci Methods","2002","2002/12/07","","","10.1016/s0165-0270(02)00264-9"
"12457750","Competition among multiple memory systems: converging evidence from animal and human brain studies","Poldrack RA, Packard MG.","Neuropsychologia. 2003;41(3):245-51. doi: 10.1016/s0028-3932(02)00157-4.","Poldrack RA","Neuropsychologia","2003","2002/11/30","","","10.1016/s0028-3932(02)00157-4"
"12221492","High resolution fMRI of ocular dominance columns within the visual cortex of human amblyopes","Goodyear BG, Nicolle DA, Menon RS.","Strabismus. 2002 Jun;10(2):129-36. doi: 10.1076/stra.10.2.129.8140.","Goodyear BG","Strabismus","2002","2002/09/11","","","10.1076/stra.10.2.129.8140"
"12183022","MR atlas of the baboon brain for functional neuroimaging","Greer PJ, Villemagne VL, Ruszkiewicz J, Graves AK, Meltzer CC, Mathis CA, Price JC.","Brain Res Bull. 2002 Aug 15;58(4):429-38. doi: 10.1016/s0361-9230(02)00810-9.","Greer PJ","Brain Res Bull","2002","2002/08/17","","","10.1016/s0361-9230(02)00810-9"
"11753413","An auditory domain in primate prefrontal cortex","Romanski LM, Goldman-Rakic PS.","Nat Neurosci. 2002 Jan;5(1):15-6. doi: 10.1038/nn781.","Romanski LM","Nat Neurosci","2002","2001/12/26","PMC2793092","NIHMS151817","10.1038/nn781"
"11480525","Functional MRI activity in the thalamus and occipital cortex of anesthetized dogs induced by monocular and binocular stimulation","Willis CK, Quinn RP, McDonell WM, Gati J, Partlow G, Vilis T.","Can J Vet Res. 2001 Jul;65(3):188-95.","Willis CK","Can J Vet Res","2001","2001/08/02","PMC1189674","",""
"11301234","Neuroimaging of cognitive functions in human parietal cortex","Culham JC, Kanwisher NG.","Curr Opin Neurobiol. 2001 Apr;11(2):157-63. doi: 10.1016/s0959-4388(00)00191-4.","Culham JC","Curr Opin Neurobiol","2001","2001/04/13","","","10.1016/s0959-4388(00)00191-4"
"9753127","Visuo-motor transformations for arm reaching","Lacquaniti F, Caminiti R.","Eur J Neurosci. 1998 Jan;10(1):195-203. doi: 10.1046/j.1460-9568.1998.00040.x.","Lacquaniti F","Eur J Neurosci","1998","1998/09/30","","","10.1046/j.1460-9568.1998.00040.x"
"9510384","Dorsal cortical regions subserving visually guided saccades in humans: an fMRI study","Luna B, Thulborn KR, Strojwas MH, McCurtain BJ, Berman RA, Genovese CR, Sweeney JA.","Cereb Cortex. 1998 Jan-Feb;8(1):40-7. doi: 10.1093/cercor/8.1.40.","Luna B","Cereb Cortex","1998","1998/03/24","","","10.1093/cercor/8.1.40"
"9240390","The functional organization of working memory processes within human lateral frontal cortex: the contribution of functional neuroimaging","Owen AM.","Eur J Neurosci. 1997 Jul;9(7):1329-39. doi: 10.1111/j.1460-9568.1997.tb01487.x.","Owen AM","Eur J Neurosci","1997","1997/07/01","","","10.1111/j.1460-9568.1997.tb01487.x"
"8941958","Dissociating executive functions of the prefrontal cortex","Robbins TW.","Philos Trans R Soc Lond B Biol Sci. 1996 Oct 29;351(1346):1463-70; discussion 1470-1. doi: 10.1098/rstb.1996.0131.","Robbins TW","Philos Trans R Soc Lond B Biol Sci","1996","1996/10/29","","","10.1098/rstb.1996.0131"
