﻿PMID,Title,Authors,Citation,First Author,Journal/Book,Publication Year,Create Date,PMCID,NIHMS ID,DOI
"33967709","Comparison of Scalp ERP to Faces in Macaques and Humans","Orczyk J, Schroeder CE, Abeles IY, Gomez-Ramirez M, Butler PD, Kajikawa Y.","Front Syst Neurosci. 2021 Apr 16;15:667611. doi: 10.3389/fnsys.2021.667611. eCollection 2021.","Orczyk J","Front Syst Neurosci","2021","2021/05/10","PMC8101630","","10.3389/fnsys.2021.667611"
"33482086","Common fronto-temporal effective connectivity in humans and monkeys","Rocchi F, Oya H, Balezeau F, Billig AJ, Kocsis Z, Jenison RL, Nourski KV, Kovach CK, Steinschneider M, Kikuchi Y, Rhone AE, Dlouhy BJ, Kawasaki H, Adolphs R, Greenlee JDW, Griffiths TD, Howard MA 3rd, Petkov CI.","Neuron. 2021 Mar 3;109(5):852-868.e8. doi: 10.1016/j.neuron.2020.12.026. Epub 2021 Jan 21.","Rocchi F","Neuron","2021","2021/01/22","PMC7927917","NIHMS1670759","10.1016/j.neuron.2020.12.026"
"33028641","Effective Connectivity Reveals an Interconnected Inferotemporal Network for Three-Dimensional Structure Processing","Premereur E, Janssen P.","J Neurosci. 2020 Oct 28;40(44):8501-8512. doi: 10.1523/JNEUROSCI.3024-19.2020. Epub 2020 Oct 7.","Premereur E","J Neurosci","2020","2020/10/08","PMC7605415","","10.1523/JNEUROSCI.3024-19.2020"
"32875354","Wide-field retinotopy reveals a new visuotopic cluster in macaque posterior parietal cortex","Rima S, Cottereau BR, Héjja-Brichard Y, Trotter Y, Durand JB.","Brain Struct Funct. 2020 Nov;225(8):2447-2461. doi: 10.1007/s00429-020-02134-2. Epub 2020 Sep 2.","Rima S","Brain Struct Funct","2020","2020/09/03","PMC7544618","","10.1007/s00429-020-02134-2"
"32226552","NIR-II fluorescence microscopic imaging of cortical vasculature in non-human primates","Cai Z, Zhu L, Wang M, Roe AW, Xi W, Qian J.","Theranostics. 2020 Mar 4;10(9):4265-4276. doi: 10.7150/thno.43533. eCollection 2020.","Cai Z","Theranostics","2020","2020/04/01","PMC7086344","","10.7150/thno.43533"
"30807382","Propofol Anesthesia Increases Long-range Frontoparietal Corticocortical Interaction in the Oculomotor Circuit in Macaque Monkeys","Ma L, Liu W, Hudson AE.","Anesthesiology. 2019 Apr;130(4):560-571. doi: 10.1097/ALN.0000000000002637.","Ma L","Anesthesiology","2019","2019/02/27","PMC6417961","NIHMS1518660","10.1097/ALN.0000000000002637"
"29682503","Imaging, Behavior and Endocrine Analysis of ""Jealousy"" in a Monogamous Primate","Maninger N, Mendoza SP, Williams DR, Mason WA, Cherry SR, Rowland DJ, Schaefer T, Bales KL.","Front Ecol Evol. 2017 Oct;5:119. doi: 10.3389/fevo.2017.00119. Epub 2017 Oct 19.","Maninger N","Front Ecol Evol","2017","2018/04/24","PMC5909987","NIHMS928917","10.3389/fevo.2017.00119"
"29240774","Pharmacological inactivation does not support a unique causal role for intraparietal sulcus in the discrimination of visual number","DeWind NK, Peng J, Luo A, Brannon EM, Platt ML.","PLoS One. 2017 Dec 14;12(12):e0188820. doi: 10.1371/journal.pone.0188820. eCollection 2017.","DeWind NK","PLoS One","2017","2017/12/15","PMC5730202","","10.1371/journal.pone.0188820"
"29186363","Transformation of Visual Representations Across Ventral Stream Body-selective Patches","Kumar S, Popivanov ID, Vogels R.","Cereb Cortex. 2019 Jan 1;29(1):215-229. doi: 10.1093/cercor/bhx320.","Kumar S","Cereb Cortex","2019","2017/11/30","","","10.1093/cercor/bhx320"
"28419201","Functional Imaging of Audio-Visual Selective Attention in Monkeys and Humans: How do Lapses in Monkey Performance Affect Cross-Species Correspondences?","Rinne T, Muers RS, Salo E, Slater H, Petkov CI.","Cereb Cortex. 2017 Jun 1;27(6):3471-3484. doi: 10.1093/cercor/bhx092.","Rinne T","Cereb Cortex","2017","2017/04/19","PMC5654311","","10.1093/cercor/bhx092"
"28100746","End-Stopping Predicts Curvature Tuning along the Ventral Stream","Ponce CR, Hartmann TS, Livingstone MS.","J Neurosci. 2017 Jan 18;37(3):648-659. doi: 10.1523/JNEUROSCI.2507-16.2016.","Ponce CR","J Neurosci","2017","2017/01/20","PMC5242411","","10.1523/JNEUROSCI.2507-16.2016"
"28080968","Interoception, homeostatic emotions and sympathovagal balance","Strigo IA, Craig AD.","Philos Trans R Soc Lond B Biol Sci. 2016 Nov 19;371(1708):20160010. doi: 10.1098/rstb.2016.0010. Epub 2016 Oct 10.","Strigo IA","Philos Trans R Soc Lond B Biol Sci","2016","2017/01/13","PMC5062099","","10.1098/rstb.2016.0010"
"27530989","Ketamine-induced changes in connectivity of functional brain networks in awake female nonhuman primates: a translational functional imaging model","Gopinath K, Maltbie E, Urushino N, Kempf D, Howell L.","Psychopharmacology (Berl). 2016 Oct;233(21-22):3673-3684. doi: 10.1007/s00213-016-4401-z. Epub 2016 Aug 16.","Gopinath K","Psychopharmacology (Berl)","2016","2016/08/18","","","10.1007/s00213-016-4401-z"
"27413146","Abstract and Effector-Selective Decision Signals Exhibit Qualitatively Distinct Dynamics before Delayed Perceptual Reports","Twomey DM, Kelly SP, O'Connell RG.","J Neurosci. 2016 Jul 13;36(28):7346-52. doi: 10.1523/JNEUROSCI.4162-15.2016.","Twomey DM","J Neurosci","2016","2016/07/15","PMC4945659","","10.1523/JNEUROSCI.4162-15.2016"
"27358462","Implications of Lateral Cerebellum in Proactive Control of Saccades","Kunimatsu J, Suzuki TW, Tanaka M.","J Neurosci. 2016 Jun 29;36(26):7066-74. doi: 10.1523/JNEUROSCI.0733-16.2016.","Kunimatsu J","J Neurosci","2016","2016/07/01","PMC6604892","","10.1523/JNEUROSCI.0733-16.2016"
"27053213","Monkey Prefrontal Neurons Reflect Logical Operations for Cognitive Control in a Variant of the AX Continuous Performance Task (AX-CPT)","Blackman RK, Crowe DA, DeNicola AL, Sakellaridi S, MacDonald AW 3rd, Chafee MV.","J Neurosci. 2016 Apr 6;36(14):4067-79. doi: 10.1523/JNEUROSCI.3578-15.2016.","Blackman RK","J Neurosci","2016","2016/04/08","PMC4821916","","10.1523/JNEUROSCI.3578-15.2016"
"26660447","Ketamine-induced brain activation in awake female nonhuman primates: a translational functional imaging model","Maltbie E, Gopinath K, Urushino N, Kempf D, Howell L.","Psychopharmacology (Berl). 2016 Mar;233(6):961-72. doi: 10.1007/s00213-015-4175-8. Epub 2015 Dec 10.","Maltbie E","Psychopharmacology (Berl)","2016","2015/12/15","PMC4761287","NIHMS744228","10.1007/s00213-015-4175-8"
"26283933","Electrical stimulation of the superior colliculus induces non-topographically organized perturbation of reaching movements in cats","Courjon JH, Zénon A, Clément G, Urquizar C, Olivier E, Pélisson D.","Front Syst Neurosci. 2015 Jul 28;9:109. doi: 10.3389/fnsys.2015.00109. eCollection 2015.","Courjon JH","Front Syst Neurosci","2015","2015/08/19","PMC4516875","","10.3389/fnsys.2015.00109"
"26238057","Imaging the Dynamics of Neocortical Population Activity in Behaving and Freely Moving Mammals","Grinvald A, Petersen CC.","Adv Exp Med Biol. 2015;859:273-96. doi: 10.1007/978-3-319-17641-3_11.","Grinvald A","Adv Exp Med Biol","2015","2015/08/05","","","10.1007/978-3-319-17641-3_11"
"25837599","Electrophysiological signatures of spontaneous BOLD fluctuations in macaque prefrontal cortex","Hutchison RM, Hashemi N, Gati JS, Menon RS, Everling S.","Neuroimage. 2015 Jun;113:257-67. doi: 10.1016/j.neuroimage.2015.03.062. Epub 2015 Mar 30.","Hutchison RM","Neuroimage","2015","2015/04/04","","","10.1016/j.neuroimage.2015.03.062"
"25711137","A human homologue of monkey F5c","Ferri S, Peeters R, Nelissen K, Vanduffel W, Rizzolatti G, Orban GA.","Neuroimage. 2015 May 1;111:251-66. doi: 10.1016/j.neuroimage.2015.02.033. Epub 2015 Feb 21.","Ferri S","Neuroimage","2015","2015/02/26","PMC4401441","","10.1016/j.neuroimage.2015.02.033"
"25677545","Neuronal representation of duration discrimination in the monkey striatum","Chiba A, Oshio K, Inase M.","Physiol Rep. 2015 Feb 12;3(2):e12283. doi: 10.14814/phy2.12283. Print 2015 Feb 1.","Chiba A","Physiol Rep","2015","2015/02/14","PMC4393192","","10.14814/phy2.12283"
"25498426","Functional imaging of olfaction by CBV fMRI in monkeys: insight into the role of olfactory bulb in habituation","Zhao F, Holahan MA, Houghton AK, Hargreaves R, Evelhoch JL, Winkelmann CT, Williams DS.","Neuroimage. 2015 Feb 1;106:364-72. doi: 10.1016/j.neuroimage.2014.12.001. Epub 2014 Dec 10.","Zhao F","Neuroimage","2015","2014/12/16","","","10.1016/j.neuroimage.2014.12.001"
"25411484","Differentially methylated plasticity genes in the amygdala of young primates are linked to anxious temperament, an at risk phenotype for anxiety and depressive disorders","Alisch RS, Chopra P, Fox AS, Chen K, White AT, Roseboom PH, Keles S, Kalin NH.","J Neurosci. 2014 Nov 19;34(47):15548-56. doi: 10.1523/JNEUROSCI.3338-14.2014.","Alisch RS","J Neurosci","2014","2014/11/21","PMC4236392","","10.1523/JNEUROSCI.3338-14.2014"
"25221479","Is there a tape recorder in your head? How the brain stores and retrieves musical melodies","Rauschecker JP.","Front Syst Neurosci. 2014 Aug 28;8:149. doi: 10.3389/fnsys.2014.00149. eCollection 2014.","Rauschecker JP","Front Syst Neurosci","2014","2014/09/16","PMC4147715","","10.3389/fnsys.2014.00149"
"25102559","Monkey cortex through fMRI glasses","Vanduffel W, Zhu Q, Orban GA.","Neuron. 2014 Aug 6;83(3):533-50. doi: 10.1016/j.neuron.2014.07.015.","Vanduffel W","Neuron","2014","2014/08/08","PMC4698430","NIHMS614180","10.1016/j.neuron.2014.07.015"
"25037923","Dorsolateral Prefrontal Cortex Deactivation in Monkeys Reduces Preparatory Beta and Gamma Power in the Superior Colliculus","Chan JL, Koval MJ, Womelsdorf T, Lomber SG, Everling S.","Cereb Cortex. 2015 Dec;25(12):4704-14. doi: 10.1093/cercor/bhu154. Epub 2014 Jul 17.","Chan JL","Cereb Cortex","2015","2014/07/20","PMC4635915","","10.1093/cercor/bhu154"
"24966298","One month in the life of a neuron: longitudinal single-unit electrophysiology in the monkey visual system","McMahon DB, Bondar IV, Afuwape OA, Ide DC, Leopold DA.","J Neurophysiol. 2014 Oct 1;112(7):1748-62. doi: 10.1152/jn.00052.2014. Epub 2014 Jun 25.","McMahon DB","J Neurophysiol","2014","2014/06/27","PMC4157170","","10.1152/jn.00052.2014"
"24671543","Contrasting the roles of the supplementary and frontal eye fields in ocular decision making","Yang SN, Heinen S.","J Neurophysiol. 2014 Jun 15;111(12):2644-55. doi: 10.1152/jn.00543.2013. Epub 2014 Mar 26.","Yang SN","J Neurophysiol","2014","2014/03/28","PMC4044436","","10.1152/jn.00543.2013"
"24637937","Functional imaging of auditory cortex in adult cats using high-field fMRI","Brown TA, Gati JS, Hughes SM, Nixon PL, Menon RS, Lomber SG.","J Vis Exp. 2014 Feb 19;(84):e50872. doi: 10.3791/50872.","Brown TA","J Vis Exp","2014","2014/03/19","PMC4126434","","10.3791/50872"
"24446505","Relative timing: from behaviour to neurons","Aghdaee SM, Battelli L, Assad JA.","Philos Trans R Soc Lond B Biol Sci. 2014 Jan 20;369(1637):20120472. doi: 10.1098/rstb.2012.0472. Print 2014 Mar 5.","Aghdaee SM","Philos Trans R Soc Lond B Biol Sci","2014","2014/01/22","PMC3895996","","10.1098/rstb.2012.0472"
"24315566","A nonhuman primate model of human radiation-induced venocclusive liver disease and hepatocyte injury","Yannam GR, Han B, Setoyama K, Yamamoto T, Ito R, Brooks JM, Guzman-Lepe J, Galambos C, Fong JV, Deutsch M, Quader MA, Yamanouchi K, Kabarriti R, Mehta K, Soto-Gutierrez A, Roy-Chowdhury J, Locker J, Abe M, Enke CA, Baranowska-Kortylewicz J, Solberg TD, Guha C, Fox IJ.","Int J Radiat Oncol Biol Phys. 2014 Feb 1;88(2):404-411. doi: 10.1016/j.ijrobp.2013.10.037. Epub 2013 Dec 5.","Yannam GR","Int J Radiat Oncol Biol Phys","2014","2013/12/10","PMC3905315","NIHMS547945","10.1016/j.ijrobp.2013.10.037"
"24285866","Effects of unilateral deactivations of dorsolateral prefrontal cortex and anterior cingulate cortex on saccadic eye movements","Koval MJ, Hutchison RM, Lomber SG, Everling S.","J Neurophysiol. 2014 Feb;111(4):787-803. doi: 10.1152/jn.00626.2013. Epub 2013 Nov 27.","Koval MJ","J Neurophysiol","2014","2013/11/29","","","10.1152/jn.00626.2013"
"24018729","Control of the superior colliculus by the lateral prefrontal cortex","Everling S, Johnston K.","Philos Trans R Soc Lond B Biol Sci. 2013 Sep 9;368(1628):20130068. doi: 10.1098/rstb.2013.0068. Print 2013 Oct 19.","Everling S","Philos Trans R Soc Lond B Biol Sci","2013","2013/09/11","PMC3758210","","10.1098/rstb.2013.0068"
"23780752","Hippocampal network connections account for differences in memory performance in the middle-aged rhesus monkey","Koo BB, Oblak AL, Zhao Y, Farris CW, Bowley B, Rosene DL, Killiany RJ.","Hippocampus. 2013 Dec;23(12):1179-88. doi: 10.1002/hipo.22156. Epub 2013 Jul 13.","Koo BB","Hippocampus","2013","2013/06/20","PMC4113965","NIHMS614121","10.1002/hipo.22156"
"23739963","Prefrontal-temporal disconnection impairs recognition memory but not familiarity discrimination","Browning PG, Baxter MG, Gaffan D.","J Neurosci. 2013 Jun 5;33(23):9667-74. doi: 10.1523/JNEUROSCI.5759-12.2013.","Browning PG","J Neurosci","2013","2013/06/07","PMC3797511","EMS53548","10.1523/JNEUROSCI.5759-12.2013"
"23077051","Dynamic reorganization of digit representations in somatosensory cortex of nonhuman primates after spinal cord injury","Chen LM, Qi HX, Kaas JH.","J Neurosci. 2012 Oct 17;32(42):14649-63. doi: 10.1523/JNEUROSCI.1841-12.2012.","Chen LM","J Neurosci","2012","2012/10/19","PMC3498942","NIHMS416090","10.1523/JNEUROSCI.1841-12.2012"
"22850123","The food reaching test: a sensitive test of behavioral improvements by deep brain stimulation in MPTP-treated monkey","Asakawa T, Sugiyama K, Akamine S, Yokoyama C, Shukuri M, Mizuma H, Tsukada H, Onoe H, Namba H.","Neurosci Res. 2012 Oct;74(2):122-8. doi: 10.1016/j.neures.2012.07.006. Epub 2012 Jul 28.","Asakawa T","Neurosci Res","2012","2012/08/02","","","10.1016/j.neures.2012.07.006"
"22796995","Stimulus representations in body-selective regions of the macaque cortex assessed with event-related fMRI","Popivanov ID, Jastorff J, Vanduffel W, Vogels R.","Neuroimage. 2012 Nov 1;63(2):723-41. doi: 10.1016/j.neuroimage.2012.07.013. Epub 2012 Jul 14.","Popivanov ID","Neuroimage","2012","2012/07/17","","","10.1016/j.neuroimage.2012.07.013"
"22715879","Primary visual cortex: awareness and blindsight","Leopold DA.","Annu Rev Neurosci. 2012;35:91-109. doi: 10.1146/annurev-neuro-062111-150356.","Leopold DA","Annu Rev Neurosci","2012","2012/06/22","PMC3476047","NIHMS413122","10.1146/annurev-neuro-062111-150356"
"22666194","Representation of numerosity in posterior parietal cortex","Roitman JD, Brannon EM, Platt ML.","Front Integr Neurosci. 2012 May 31;6:25. doi: 10.3389/fnint.2012.00025. eCollection 2012.","Roitman JD","Front Integr Neurosci","2012","2012/06/06","PMC3364489","","10.3389/fnint.2012.00025"
"22562793","Functional imaging reveals rapid reorganization of cortical activity after parietal inactivation in monkeys","Wilke M, Kagan I, Andersen RA.","Proc Natl Acad Sci U S A. 2012 May 22;109(21):8274-9. doi: 10.1073/pnas.1204789109. Epub 2012 May 4.","Wilke M","Proc Natl Acad Sci U S A","2012","2012/05/08","PMC3361455","","10.1073/pnas.1204789109"
"22465841","Evidence for coordinated functional activity within the extended amygdala of non-human and human primates","Oler JA, Birn RM, Patriat R, Fox AS, Shelton SE, Burghy CA, Stodola DE, Essex MJ, Davidson RJ, Kalin NH.","Neuroimage. 2012 Jul 16;61(4):1059-66. doi: 10.1016/j.neuroimage.2012.03.045. Epub 2012 Mar 23.","Oler JA","Neuroimage","2012","2012/04/03","PMC3376204","NIHMS364904","10.1016/j.neuroimage.2012.03.045"
"22426348","The story of the initial dip in fMRI","Hu X, Yacoub E.","Neuroimage. 2012 Aug 15;62(2):1103-8. doi: 10.1016/j.neuroimage.2012.03.005. Epub 2012 Mar 9.","Hu X","Neuroimage","2012","2012/03/20","PMC3389272","NIHMS367531","10.1016/j.neuroimage.2012.03.005"
"22253658","Methods for fine scale functional imaging of tactile motion in human and nonhuman primates","Friedman RM, Dillenburger BC, Wang F, Avison MJ, Gore JC, Roe AW, Chen LM.","Open Neuroimag J. 2011;5:160-71. doi: 10.2174/1874440001105010160. Epub 2011 Nov 18.","Friedman RM","Open Neuroimag J","2011","2012/01/19","PMC3257843","","10.2174/1874440001105010160"
"22245356","Integration of shape and motion cues in biological motion processing in the monkey STS","Jastorff J, Popivanov ID, Vogels R, Vanduffel W, Orban GA.","Neuroimage. 2012 Apr 2;60(2):911-21. doi: 10.1016/j.neuroimage.2011.12.087. Epub 2012 Jan 10.","Jastorff J","Neuroimage","2012","2012/01/17","","","10.1016/j.neuroimage.2011.12.087"
"22230769","High resolution 3T fMRI in anesthetized monkeys","Pró-Sistiaga P, Lamberton F, Boraud T, Saulnier R, Young AR, Bioulac B, Gross C, Mazoyer B.","J Neurosci Methods. 2012 Mar 30;205(1):86-95. doi: 10.1016/j.jneumeth.2011.12.023. Epub 2012 Jan 2.","Pró-Sistiaga P","J Neurosci Methods","2012","2012/01/11","","","10.1016/j.jneumeth.2011.12.023"
"21862445","Role of the medial part of the intraparietal sulcus in implementing movement direction","Davare M, Zénon A, Pourtois G, Desmurget M, Olivier E.","Cereb Cortex. 2012 Jun;22(6):1382-94. doi: 10.1093/cercor/bhr210. Epub 2011 Aug 22.","Davare M","Cereb Cortex","2012","2011/08/25","","","10.1093/cercor/bhr210"
"21653870","Prefrontal cortex deactivation in macaques alters activity in the superior colliculus and impairs voluntary control of saccades","Koval MJ, Lomber SG, Everling S.","J Neurosci. 2011 Jun 8;31(23):8659-68. doi: 10.1523/JNEUROSCI.1258-11.2011.","Koval MJ","J Neurosci","2011","2011/06/10","PMC6623349","","10.1523/JNEUROSCI.1258-11.2011"
"21596523","How does the brain rapidly learn and reorganize view-invariant and position-invariant object representations in the inferotemporal cortex?","Cao Y, Grossberg S, Markowitz J.","Neural Netw. 2011 Dec;24(10):1050-61. doi: 10.1016/j.neunet.2011.04.004. Epub 2011 Apr 22.","Cao Y","Neural Netw","2011","2011/05/21","","","10.1016/j.neunet.2011.04.004"
"21273409","Vascularization of cytochrome oxidase-rich blobs in the primary visual cortex of squirrel and macaque monkeys","Keller AL, Schüz A, Logothetis NK, Weber B.","J Neurosci. 2011 Jan 26;31(4):1246-53. doi: 10.1523/JNEUROSCI.2765-10.2011.","Keller AL","J Neurosci","2011","2011/01/29","PMC6623626","","10.1523/JNEUROSCI.2765-10.2011"
"20950281","Representations of visual proportions in the primate posterior parietal and prefrontal cortices","Vallentin D, Nieder A.","Eur J Neurosci. 2010 Oct;32(8):1380-7. doi: 10.1111/j.1460-9568.2010.07427.x.","Vallentin D","Eur J Neurosci","2010","2010/10/19","","","10.1111/j.1460-9568.2010.07427.x"
"20928833","A unified framework for the functional organization of the medial temporal lobes and the phenomenology of episodic memory","Ranganath C.","Hippocampus. 2010 Nov;20(11):1263-90. doi: 10.1002/hipo.20852.","Ranganath C","Hippocampus","2010","2010/10/08","","","10.1002/hipo.20852"
"20727941","Cortical activation during color discrimination task in macaques as revealed by positron emission tomography","Katsuyama N, Imamura K, Onoe H, Tanaka HK, Onoe K, Tsukada H, Watanabe Y.","Neurosci Lett. 2010 Nov 5;484(3):168-73. doi: 10.1016/j.neulet.2010.08.040. Epub 2010 Aug 19.","Katsuyama N","Neurosci Lett","2010","2010/08/24","","","10.1016/j.neulet.2010.08.040"
"20484644","Orbitofrontal cortex lesions alter anxiety-related activity in the primate bed nucleus of stria terminalis","Fox AS, Shelton SE, Oakes TR, Converse AK, Davidson RJ, Kalin NH.","J Neurosci. 2010 May 19;30(20):7023-7. doi: 10.1523/JNEUROSCI.5952-09.2010.","Fox AS","J Neurosci","2010","2010/05/21","PMC2915894","NIHMS187483","10.1523/JNEUROSCI.5952-09.2010"
"20445067","Anatomical and functional connectivity of cytoarchitectonic areas within the human parietal operculum","Eickhoff SB, Jbabdi S, Caspers S, Laird AR, Fox PT, Zilles K, Behrens TE.","J Neurosci. 2010 May 5;30(18):6409-21. doi: 10.1523/JNEUROSCI.5664-09.2010.","Eickhoff SB","J Neurosci","2010","2010/05/07","PMC4791040","NIHMS765795","10.1523/JNEUROSCI.5664-09.2010"
"20385808","Space representation for eye movements is more contralateral in monkeys than in humans","Kagan I, Iyer A, Lindner A, Andersen RA.","Proc Natl Acad Sci U S A. 2010 Apr 27;107(17):7933-8. doi: 10.1073/pnas.1002825107. Epub 2010 Apr 12.","Kagan I","Proc Natl Acad Sci U S A","2010","2010/04/14","PMC2867911","","10.1073/pnas.1002825107"
"19805199","Monkey drumming reveals common networks for perceiving vocal and nonvocal communication sounds","Remedios R, Logothetis NK, Kayser C.","Proc Natl Acad Sci U S A. 2009 Oct 20;106(42):18010-5. doi: 10.1073/pnas.0909756106. Epub 2009 Oct 1.","Remedios R","Proc Natl Acad Sci U S A","2009","2009/10/07","PMC2755465","","10.1073/pnas.0909756106"
"19763747","Origins of retinal intrinsic signals: a series of experiments on retinas of macaque monkeys","Tsunoda K, Hanazono G, Inomata K, Kazato Y, Suzuki W, Tanifuji M.","Jpn J Ophthalmol. 2009 Jul;53(4):297-314. doi: 10.1007/s10384-009-0686-3. Epub 2009 Sep 8.","Tsunoda K","Jpn J Ophthalmol","2009","2009/09/19","","","10.1007/s10384-009-0686-3"
"19660766","Morphometry of human insular cortex and insular volume reduction in Williams syndrome","Cohen JD, Mock JR, Nichols T, Zadina J, Corey DM, Lemen L, Bellugi U, Galaburda A, Reiss A, Foundas AL.","J Psychiatr Res. 2010 Jan;44(2):81-9. doi: 10.1016/j.jpsychires.2009.07.001. Epub 2009 Aug 5.","Cohen JD","J Psychiatr Res","2010","2009/08/08","PMC2813413","NIHMS130585","10.1016/j.jpsychires.2009.07.001"
"19631538","Explicit encoding of multimodal percepts by single neurons in the human brain","Quian Quiroga R, Kraskov A, Koch C, Fried I.","Curr Biol. 2009 Aug 11;19(15):1308-13. doi: 10.1016/j.cub.2009.06.060. Epub 2009 Jul 23.","Quian Quiroga R","Curr Biol","2009","2009/07/28","PMC3032396","NIHMS261113","10.1016/j.cub.2009.06.060"
"19321641","Contributions of primate prefrontal and posterior parietal cortices to length and numerosity representation","Tudusciuc O, Nieder A.","J Neurophysiol. 2009 Jun;101(6):2984-94. doi: 10.1152/jn.90713.2008. Epub 2009 Mar 25.","Tudusciuc O","J Neurophysiol","2009","2009/03/27","","","10.1152/jn.90713.2008"
"19136211","Area-specific representation of mechanical nociceptive stimuli within SI cortex of squirrel monkeys","Chen LM, Friedman RM, Roe AW.","Pain. 2009 Feb;141(3):258-268. doi: 10.1016/j.pain.2008.11.018. Epub 2009 Jan 10.","Chen LM","Pain","2009","2009/01/13","PMC2680084","NIHMS95434","10.1016/j.pain.2008.11.018"
"18958375","Optical imaging of nociception in primary somatosensory cortex of non-human primates","Chen LM, Friedman RM, Roe AW.","Sheng Li Xue Bao. 2008 Oct 25;60(5):664-8.","Chen LM","Sheng Li Xue Bao","2008","2008/10/30","","",""
"18641121","High-field fMRI unveils orientation columns in humans","Yacoub E, Harel N, Ugurbil K.","Proc Natl Acad Sci U S A. 2008 Jul 29;105(30):10607-12. doi: 10.1073/pnas.0804110105. Epub 2008 Jul 18.","Yacoub E","Proc Natl Acad Sci U S A","2008","2008/07/22","PMC2492463","","10.1073/pnas.0804110105"
"18641087","Functional imaging of the parietal cortex during action execution and observation","Evangeliou MN, Raos V, Galletti C, Savaki HE.","Cereb Cortex. 2009 Mar;19(3):624-39. doi: 10.1093/cercor/bhn116. Epub 2008 Jul 18.","Evangeliou MN","Cereb Cortex","2009","2008/07/22","","","10.1093/cercor/bhn116"
"18596180","Early and late changes in the distal forelimb representation of the supplementary motor area after injury to frontal motor areas in the squirrel monkey","Eisner-Janowicz I, Barbay S, Hoover E, Stowe AM, Frost SB, Plautz EJ, Nudo RJ.","J Neurophysiol. 2008 Sep;100(3):1498-512. doi: 10.1152/jn.90447.2008. Epub 2008 Jul 2.","Eisner-Janowicz I","J Neurophysiol","2008","2008/07/04","PMC2544457","","10.1152/jn.90447.2008"
"18453154","[Neuromodulation for Parkinson's disease]","Takahashi J.","Rinsho Shinkeigaku. 2008 Apr;48(4):233-41. doi: 10.5692/clinicalneurol.48.233.","Takahashi J","Rinsho Shinkeigaku","2008","2008/05/06","","","10.5692/clinicalneurol.48.233"
"18231592","Symmetric sensorimotor somatotopy","Overduin SA, Servos P.","PLoS One. 2008 Jan 30;3(1):e1505. doi: 10.1371/journal.pone.0001505.","Overduin SA","PLoS One","2008","2008/01/31","PMC2200828","","10.1371/journal.pone.0001505"
"17888413","On-line grasp control is mediated by the contralateral hemisphere","Rice NJ, Tunik E, Cross ES, Grafton ST.","Brain Res. 2007 Oct 17;1175:76-84. doi: 10.1016/j.brainres.2007.08.009. Epub 2007 Aug 10.","Rice NJ","Brain Res","2007","2007/09/25","PMC2093953","NIHMS33116","10.1016/j.brainres.2007.08.009"
"17537970","A labeled-line code for small and large numerosities in the monkey prefrontal cortex","Nieder A, Merten K.","J Neurosci. 2007 May 30;27(22):5986-93. doi: 10.1523/JNEUROSCI.1056-07.2007.","Nieder A","J Neurosci","2007","2007/06/01","PMC6672244","","10.1523/JNEUROSCI.1056-07.2007"
"17517599","Rapid enhancement of visual cortical response discriminability by microstimulation of the frontal eye field","Armstrong KM, Moore T.","Proc Natl Acad Sci U S A. 2007 May 29;104(22):9499-504. doi: 10.1073/pnas.0701104104. Epub 2007 May 21.","Armstrong KM","Proc Natl Acad Sci U S A","2007","2007/05/23","PMC1890523","","10.1073/pnas.0701104104"
"17462895","Behavioral detection of electrical microstimulation in different cortical visual areas","Murphey DK, Maunsell JH.","Curr Biol. 2007 May 15;17(10):862-7. doi: 10.1016/j.cub.2007.03.066. Epub 2007 Apr 26.","Murphey DK","Curr Biol","2007","2007/04/28","PMC2034326","NIHMS23806","10.1016/j.cub.2007.03.066"
"17428771","Action selection and refinement in subcortical loops through basal ganglia and cerebellum","Houk JC, Bastianen C, Fansler D, Fishbach A, Fraser D, Reber PJ, Roy SA, Simo LS.","Philos Trans R Soc Lond B Biol Sci. 2007 Sep 29;362(1485):1573-83. doi: 10.1098/rstb.2007.2063.","Houk JC","Philos Trans R Soc Lond B Biol Sci","2007","2007/04/13","PMC2440782","","10.1098/rstb.2007.2063"
"17314483","Mechanics of the orbita","Demer JL.","Dev Ophthalmol. 2007;40:132-57. doi: 10.1159/000100353.","Demer JL","Dev Ophthalmol","2007","2007/02/23","PMC2268111","NIHMS41083","10.1159/000100353"
"17208181","Separate coding of different gaze directions in the superior temporal sulcus and inferior parietal lobule","Calder AJ, Beaver JD, Winston JS, Dolan RJ, Jenkins R, Eger E, Henson RN.","Curr Biol. 2007 Jan 9;17(1):20-5. doi: 10.1016/j.cub.2006.10.052.","Calder AJ","Curr Biol","2007","2007/01/09","PMC1885952","","10.1016/j.cub.2006.10.052"
"17102698","Cognition and medial frontal cortex in health and disease","Nachev P.","Curr Opin Neurol. 2006 Dec;19(6):586-92. doi: 10.1097/01.wco.0000247609.36482.ae.","Nachev P","Curr Opin Neurol","2006","2006/11/15","PMC2658463","UKMS3993","10.1097/01.wco.0000247609.36482.ae"
"17088545","Local field potential reflects perceptual suppression in monkey visual cortex","Wilke M, Logothetis NK, Leopold DA.","Proc Natl Acad Sci U S A. 2006 Nov 14;103(46):17507-12. doi: 10.1073/pnas.0604673103. Epub 2006 Nov 6.","Wilke M","Proc Natl Acad Sci U S A","2006","2006/11/08","PMC1859959","","10.1073/pnas.0604673103"
"16962619","Visuomotor functions of the posterior parietal cortex","Jackson SR, Husain M.","Neuropsychologia. 2006;44(13):2589-93. doi: 10.1016/j.neuropsychologia.2006.08.002. Epub 2006 Sep 7.","Jackson SR","Neuropsychologia","2006","2006/09/12","","","10.1016/j.neuropsychologia.2006.08.002"
"16909637","Disorders of visual attention and the posterior parietal cortex","Nachev P, Husain M.","Cortex. 2006 Jul;42(5):766-73. doi: 10.1016/s0010-9452(08)70415-5.","Nachev P","Cortex","2006","2006/08/17","","","10.1016/s0010-9452(08)70415-5"
"16899640","Laser-evoked potentials are graded and somatotopically organized anteroposteriorly in the operculoinsular cortex of anesthetized monkeys","Baumgärtner U, Tiede W, Treede RD, Craig AD.","J Neurophysiol. 2006 Nov;96(5):2802-8. doi: 10.1152/jn.00512.2006. Epub 2006 Aug 9.","Baumgärtner U","J Neurophysiol","2006","2006/08/11","","","10.1152/jn.00512.2006"
"16774452","Functional imaging reveals numerous fields in the monkey auditory cortex","Petkov CI, Kayser C, Augath M, Logothetis NK.","PLoS Biol. 2006 Jul;4(7):e215. doi: 10.1371/journal.pbio.0040215.","Petkov CI","PLoS Biol","2006","2006/06/16","PMC1479693","","10.1371/journal.pbio.0040215"
"16677941","Development of visually evoked cortical activity in infant macaque monkeys studied longitudinally with fMRI","Kourtzi Z, Augath M, Logothetis NK, Movshon JA, Kiorpes L.","Magn Reson Imaging. 2006 May;24(4):359-66. doi: 10.1016/j.mri.2005.12.025. Epub 2006 Mar 10.","Kourtzi Z","Magn Reson Imaging","2006","2006/05/09","","","10.1016/j.mri.2005.12.025"
"16624587","Functional imaging of the intraparietal cortex during saccades to visual and memorized targets","Bakola S, Gregoriou GG, Moschovakis AK, Savaki HE.","Neuroimage. 2006 Jul 15;31(4):1637-49. doi: 10.1016/j.neuroimage.2006.02.030. Epub 2006 Apr 19.","Bakola S","Neuroimage","2006","2006/04/21","","","10.1016/j.neuroimage.2006.02.030"
"16415671","Current concepts of mechanical and neural factors in ocular motility","Demer JL.","Curr Opin Neurol. 2006 Feb;19(1):4-13. doi: 10.1097/01.wco.0000198100.87670.37.","Demer JL","Curr Opin Neurol","2006","2006/01/18","PMC1847330","NIHMS19423","10.1097/01.wco.0000198100.87670.37"
"15795051","Estrogen modulates cognitive and cholinergic processes in surgically menopausal monkeys","Tinkler GP, Voytko ML.","Prog Neuropsychopharmacol Biol Psychiatry. 2005 Mar;29(3):423-31. doi: 10.1016/j.pnpbp.2004.12.016.","Tinkler GP","Prog Neuropsychopharmacol Biol Psychiatry","2005","2005/03/30","","","10.1016/j.pnpbp.2004.12.016"
"15791645","Architecture and neurocytology of monkey cingulate gyrus","Vogt BA, Vogt L, Farber NB, Bush G.","J Comp Neurol. 2005 May 9;485(3):218-39. doi: 10.1002/cne.20512.","Vogt BA","J Comp Neurol","2005","2005/03/26","PMC2649765","NIHMS51811","10.1002/cne.20512"
"15661310","Design of a head fixation device for experiments in behaving monkeys","Isoda M, Tsutsui K, Katsuyama N, Naganuma T, Saito N, Furusawa Y, Mushiake H, Taira M, Tanji J.","J Neurosci Methods. 2005 Feb 15;141(2):277-82. doi: 10.1016/j.jneumeth.2004.07.003.","Isoda M","J Neurosci Methods","2005","2005/01/22","","","10.1016/j.jneumeth.2004.07.003"
"15630449","Dopaminergic neurons generated from monkey embryonic stem cells function in a Parkinson primate model","Takagi Y, Takahashi J, Saiki H, Morizane A, Hayashi T, Kishi Y, Fukuda H, Okamoto Y, Koyanagi M, Ideguchi M, Hayashi H, Imazato T, Kawasaki H, Suemori H, Omachi S, Iida H, Itoh N, Nakatsuji N, Sasai Y, Hashimoto N.","J Clin Invest. 2005 Jan;115(1):102-9. doi: 10.1172/JCI21137.","Takagi Y","J Clin Invest","2005","2005/01/05","PMC539189","","10.1172/JCI21137"
"15215295","Oculomotor areas of the primate frontal lobes: a transneuronal transfer of rabies virus and [14C]-2-deoxyglucose functional imaging study","Moschovakis AK, Gregoriou GG, Ugolini G, Doldan M, Graf W, Guldin W, Hadjidimitrakis K, Savaki HE.","J Neurosci. 2004 Jun 23;24(25):5726-40. doi: 10.1523/JNEUROSCI.1223-04.2004.","Moschovakis AK","J Neurosci","2004","2004/06/25","PMC6729209","","10.1523/JNEUROSCI.1223-04.2004"
"15167550","Time predictability modulates pre-supplementary motor area neuronal activity","Akkal D, Escola L, Bioulac B, Burbaud P.","Neuroreport. 2004 Jun 7;15(8):1283-6. doi: 10.1097/01.wnr.0000127347.87552.87.","Akkal D","Neuroreport","2004","2004/05/29","","","10.1097/01.wnr.0000127347.87552.87"
"14755627","Effects of acute acetylcholinesterase inhibition on the cerebral cholinergic neuronal system and cognitive function: Functional imaging of the conscious monkey brain using animal PET in combination with microdialysis","Tsukada H, Nishiyama S, Fukumoto D, Ohba H, Sato K, Kakiuchi T.","Synapse. 2004 Apr;52(1):1-10. doi: 10.1002/syn.10310.","Tsukada H","Synapse","2004","2004/02/03","","","10.1002/syn.10310"
"14744209","On building a bridge between brain and behavior","Schall JD.","Annu Rev Psychol. 2004;55:23-50. doi: 10.1146/annurev.psych.55.090902.141907.","Schall JD","Annu Rev Psychol","2004","2004/01/28","","","10.1146/annurev.psych.55.090902.141907"
"14681146","Chemically defined parallel pathways in the monkey auditory system","Jones EG.","Ann N Y Acad Sci. 2003 Nov;999:218-33. doi: 10.1196/annals.1284.033.","Jones EG","Ann N Y Acad Sci","2003","2003/12/19","","","10.1196/annals.1284.033"
"12916490","Disorders of face perception and recognition","Barton JJ.","Neurol Clin. 2003 May;21(2):521-48. doi: 10.1016/s0733-8619(02)00106-8.","Barton JJ","Neurol Clin","2003","2003/08/15","","","10.1016/s0733-8619(02)00106-8"
"12902397","Activation of the supplementary motor area (SMA) during performance of visually guided movements","Picard N, Strick PL.","Cereb Cortex. 2003 Sep;13(9):977-86. doi: 10.1093/cercor/13.9.977.","Picard N","Cereb Cortex","2003","2003/08/07","","","10.1093/cercor/13.9.977"
"12880824","When vision guides movement: a functional imaging study of the monkey brain","Gregoriou GG, Savaki HE.","Neuroimage. 2003 Jul;19(3):959-67. doi: 10.1016/s1053-8119(03)00176-9.","Gregoriou GG","Neuroimage","2003","2003/07/26","","","10.1016/s1053-8119(03)00176-9"
"12477699","Disruption of information processing in the supplementary motor area of the MPTP-treated monkey: a clue to the pathophysiology of akinesia?","Escola L, Michelet T, Macia F, Guehl D, Bioulac B, Burbaud P.","Brain. 2003 Jan;126(Pt 1):95-114. doi: 10.1093/brain/awg004.","Escola L","Brain","2003","2002/12/13","","","10.1093/brain/awg004"
"12424086","Investigating temporal pole function by functional imaging","Dupont S.","Epileptic Disord. 2002 Sep;4 Suppl 1:S17-22.","Dupont S","Epileptic Disord","2002","2002/11/09","","",""
"12414278","Human vestibular cortex as identified with caloric stimulation in functional magnetic resonance imaging","Fasold O, von Brevern M, Kuhberg M, Ploner CJ, Villringer A, Lempert T, Wenzel R.","Neuroimage. 2002 Nov;17(3):1384-93. doi: 10.1006/nimg.2002.1241.","Fasold O","Neuroimage","2002","2002/11/05","","","10.1006/nimg.2002.1241"
"12373436","Functional imaging and neurochemical correlates of stimulant self-administration in primates","Howell LL, Wilcox KM.","Psychopharmacology (Berl). 2002 Oct;163(3-4):352-61. doi: 10.1007/s00213-002-1207-y. Epub 2002 Aug 29.","Howell LL","Psychopharmacology (Berl)","2002","2002/10/10","","","10.1007/s00213-002-1207-y"
"12204305","Functional MRI studies in awake rhesus monkeys: methodological and analytical strategies","Andersen AH, Zhang Z, Barber T, Rayens WS, Zhang J, Grondin R, Hardy P, Gerhardt GA, Gash DM.","J Neurosci Methods. 2002 Aug 30;118(2):141-52. doi: 10.1016/s0165-0270(02)00123-1.","Andersen AH","J Neurosci Methods","2002","2002/09/03","","","10.1016/s0165-0270(02)00123-1"
"11884353","Representation of pain and somatic sensation in the human insula: a study of responses to direct electrical cortical stimulation","Ostrowsky K, Magnin M, Ryvlin P, Isnard J, Guenot M, Mauguière F.","Cereb Cortex. 2002 Apr;12(4):376-85. doi: 10.1093/cercor/12.4.376.","Ostrowsky K","Cereb Cortex","2002","2002/03/09","","","10.1093/cercor/12.4.376"
"11600656","Distinguishing subregions of the human MT+ complex using visual fields and pursuit eye movements","Dukelow SP, DeSouza JF, Culham JC, van den Berg AV, Menon RS, Vilis T.","J Neurophysiol. 2001 Oct;86(4):1991-2000. doi: 10.1152/jn.2001.86.4.1991.","Dukelow SP","J Neurophysiol","2001","2001/10/16","","","10.1152/jn.2001.86.4.1991"
"11559850","Functional imaging of the primate superior colliculus during saccades to visual targets","Moschovakis AK, Gregoriou GG, Savaki HE.","Nat Neurosci. 2001 Oct;4(10):1026-31. doi: 10.1038/nn727.","Moschovakis AK","Nat Neurosci","2001","2001/09/18","","","10.1038/nn727"
"11506546","Template images for nonhuman primate neuroimaging: 2. Macaque","Black KJ, Koller JM, Snyder AZ, Perlmutter JS.","Neuroimage. 2001 Sep;14(3):744-8. doi: 10.1006/nimg.2001.0871.","Black KJ","Neuroimage","2001","2001/08/17","","","10.1006/nimg.2001.0871"
"11447340","Functional imaging of brain activity in conscious monkeys responding to sexually arousing cues","Ferris CF, Snowdon CT, King JA, Duong TQ, Ziegler TE, Ugurbil K, Ludwig R, Schultz-Darken NJ, Wu Z, Olson DP, Sullivan JM Jr, Tannenbaum PL, Vaughan JT.","Neuroreport. 2001 Jul 20;12(10):2231-6. doi: 10.1097/00001756-200107200-00037.","Ferris CF","Neuroreport","2001","2001/07/12","","","10.1097/00001756-200107200-00037"
"11073870","Lesions affecting the parahippocampal cortex yield spatial memory deficits in humans","Ploner CJ, Gaymard BM, Rivaud-Péchoux S, Baulac M, Clémenceau S, Samson S, Pierrot-Deseilligny C.","Cereb Cortex. 2000 Dec;10(12):1211-6. doi: 10.1093/cercor/10.12.1211.","Ploner CJ","Cereb Cortex","2000","2000/11/14","","","10.1093/cercor/10.12.1211"
"10652521","Attentional modulation of visual motion perception","Raymond JE.","Trends Cogn Sci. 2000 Feb;4(2):42-50. doi: 10.1016/s1364-6613(99)01437-0.","Raymond JE","Trends Cogn Sci","2000","2000/02/01","","","10.1016/s1364-6613(99)01437-0"
"10448221","Functional imaging of the monkey brain","Logothetis NK, Guggenberger H, Peled S, Pauls J.","Nat Neurosci. 1999 Jun;2(6):555-62. doi: 10.1038/9210.","Logothetis NK","Nat Neurosci","1999","1999/08/17","","","10.1038/9210"
"10387335","Higher cortical visual function","Barton JJ.","Curr Opin Ophthalmol. 1998 Dec;9(6):40-5. doi: 10.1097/00055735-199812000-00007.","Barton JJ","Curr Opin Ophthalmol","1998","1999/07/01","","","10.1097/00055735-199812000-00007"
"10097879","Neurology of saccades and smooth pursuit","Gaymard B, Pierrot-Deseilligny C.","Curr Opin Neurol. 1999 Feb;12(1):13-9. doi: 10.1097/00019052-199902000-00003.","Gaymard B","Curr Opin Neurol","1999","1999/03/31","","","10.1097/00019052-199902000-00003"
"9770241","Functional imaging of the brain by infrared radiation (thermoencephaloscopy)","Shevelev IA.","Prog Neurobiol. 1998 Oct;56(3):269-305. doi: 10.1016/s0301-0082(98)00038-0.","Shevelev IA","Prog Neurobiol","1998","1998/10/14","","","10.1016/s0301-0082(98)00038-0"
"9259453","Mapping of cortical areas involved in color vision in non-human primates","Takechi H, Onoe H, Shizuno H, Yoshikawa E, Sadato N, Tsukada H, Watanabe Y.","Neurosci Lett. 1997 Jul 11;230(1):17-20. doi: 10.1016/s0304-3940(97)00461-8.","Takechi H","Neurosci Lett","1997","1997/07/11","","","10.1016/s0304-3940(97)00461-8"
"21223865","The cerebral representation of space: insights from functional imaging data","Maguire EA.","Trends Cogn Sci. 1997 May;1(2):62-8. doi: 10.1016/S1364-6613(97)01011-5.","Maguire EA","Trends Cogn Sci","1997","2011/01/13","","","10.1016/S1364-6613(97)01011-5"
"9378611","Cerebellar output channels","Middleton FA, Strick PL.","Int Rev Neurobiol. 1997;41:61-82. doi: 10.1016/s0074-7742(08)60347-5.","Middleton FA","Int Rev Neurobiol","1997","1997/01/01","","","10.1016/s0074-7742(08)60347-5"
"8797528","Functional MRI of lateral occipitotemporal cortex during pursuit and motion perception","Barton JJ, Simpson T, Kiriakopoulos E, Stewart C, Crawley A, Guthrie B, Wood M, Mikulis D.","Ann Neurol. 1996 Sep;40(3):387-98. doi: 10.1002/ana.410400308.","Barton JJ","Ann Neurol","1996","1996/09/01","","","10.1002/ana.410400308"
"1489653","Temperature topography of the brain cortex: thermoencephaloscopy","Shevelev IA.","Brain Topogr. 1992 Winter;5(2):77-85. doi: 10.1007/BF01129034.","Shevelev IA","Brain Topogr","1992","1992/01/01","","","10.1007/BF01129034"
"1763070","High-resolution optical imaging of functional brain architecture in the awake monkey","Grinvald A, Frostig RD, Siegel RM, Bartfeld E.","Proc Natl Acad Sci U S A. 1991 Dec 15;88(24):11559-63. doi: 10.1073/pnas.88.24.11559.","Grinvald A","Proc Natl Acad Sci U S A","1991","1991/12/15","PMC53175","","10.1073/pnas.88.24.11559"
