﻿PMID,Title,Authors,Citation,First Author,Journal/Book,Publication Year,Create Date,PMCID,NIHMS ID,DOI
"33770531","GABA levels in ventral visual cortex decline with age and are associated with neural distinctiveness","Chamberlain JD, Gagnon H, Lalwani P, Cassady KE, Simmonite M, Seidler RD, Taylor SF, Weissman DH, Park DC, Polk TA.","Neurobiol Aging. 2021 Jun;102:170-177. doi: 10.1016/j.neurobiolaging.2021.02.013. Epub 2021 Feb 26.","Chamberlain JD","Neurobiol Aging","2021","2021/03/26","PMC8205971","NIHMS1686882","10.1016/j.neurobiolaging.2021.02.013"
"33484849","The nonhuman primate neuroimaging and neuroanatomy project","Hayashi T, Hou Y, Glasser MF, Autio JA, Knoblauch K, Inoue-Murayama M, Coalson T, Yacoub E, Smith S, Kennedy H, Van Essen DC.","Neuroimage. 2021 Apr 1;229:117726. doi: 10.1016/j.neuroimage.2021.117726. Epub 2021 Jan 20.","Hayashi T","Neuroimage","2021","2021/01/23","PMC8079967","NIHMS1688396","10.1016/j.neuroimage.2021.117726"
"33137475","The macaque brain ONPRC18 template with combined gray and white matter labelmap for multimodal neuroimaging studies of Nonhuman Primates","Weiss AR, Liu Z, Wang X, Liguore WA, Kroenke CD, McBride JL.","Neuroimage. 2021 Jan 15;225:117517. doi: 10.1016/j.neuroimage.2020.117517. Epub 2020 Nov 1.","Weiss AR","Neuroimage","2021","2020/11/02","PMC7833476","NIHMS1659147","10.1016/j.neuroimage.2020.117517"
"33122437","Differential functional connectivity underlying asymmetric reward-related activity in human and nonhuman primates","Lopez-Persem A, Roumazeilles L, Folloni D, Marche K, Fouragnan EF, Khalighinejad N, Rushworth MFS, Sallet J.","Proc Natl Acad Sci U S A. 2020 Nov 10;117(45):28452-28462. doi: 10.1073/pnas.2000759117. Epub 2020 Oct 29.","Lopez-Persem A","Proc Natl Acad Sci U S A","2020","2020/10/30","PMC7668182","","10.1073/pnas.2000759117"
"33067998","Connectivity of the Cingulate Sulcus Visual Area (CSv) in Macaque Monkeys","De Castro V, Smith AT, Beer AL, Leguen C, Vayssière N, Héjja-Brichard Y, Audurier P, Cottereau BR, Durand JB.","Cereb Cortex. 2021 Jan 5;31(2):1347-1364. doi: 10.1093/cercor/bhaa301.","De Castro V","Cereb Cortex","2021","2020/10/17","PMC7786354","","10.1093/cercor/bhaa301"
"32833632","A Magnetic Resonance-Guided Focused Ultrasound Neuromodulation System With a Whole Brain Coil Array for Nonhuman Primates at 3 T","Li Y, Lee J, Long X, Qiao Y, Ma T, He Q, Cao P, Zhang X, Zheng H.","IEEE Trans Med Imaging. 2020 Dec;39(12):4401-4412. doi: 10.1109/TMI.2020.3019087. Epub 2020 Nov 30.","Li Y","IEEE Trans Med Imaging","2020","2020/08/25","","","10.1109/TMI.2020.3019087"
"32817555","Divergence of rodent and primate medial frontal cortex functional connectivity","Schaeffer DJ, Hori Y, Gilbert KM, Gati JS, Menon RS, Everling S.","Proc Natl Acad Sci U S A. 2020 Sep 1;117(35):21681-21689. doi: 10.1073/pnas.2003181117. Epub 2020 Aug 17.","Schaeffer DJ","Proc Natl Acad Sci U S A","2020","2020/08/21","PMC7474619","","10.1073/pnas.2003181117"
"32720701","Evolution of the speech-ready brain: The voice/jaw connection in the human motor cortex","Brown S, Yuan Y, Belyk M.","J Comp Neurol. 2021 Apr 1;529(5):1018-1028. doi: 10.1002/cne.24997. Epub 2020 Sep 8.","Brown S","J Comp Neurol","2021","2020/07/29","","","10.1002/cne.24997"
"32541016","Auditory representation of learned sound sequences in motor regions of the macaque brain","Archakov D, DeWitt I, Kuśmierek P, Ortiz-Rios M, Cameron D, Cui D, Morin EL, VanMeter JW, Sams M, Jääskeläinen IP, Rauschecker JP.","Proc Natl Acad Sci U S A. 2020 Jun 30;117(26):15242-15252. doi: 10.1073/pnas.1915610117. Epub 2020 Jun 15.","Archakov D","Proc Natl Acad Sci U S A","2020","2020/06/17","PMC7334521","","10.1073/pnas.1915610117"
"32469053","Dynamic Reconfiguration, Fragmentation, and Integration of Whole-Brain Modular Structure across Depths of Unconsciousness","Standage D, Areshenkoff CN, Nashed JY, Hutchison RM, Hutchison M, Heinke D, Menon RS, Everling S, Gallivan JP.","Cereb Cortex. 2020 Sep 3;30(10):5229-5241. doi: 10.1093/cercor/bhaa085.","Standage D","Cereb Cortex","2020","2020/05/30","PMC7472202","","10.1093/cercor/bhaa085"
"31871175","Cerebral cortical folding, parcellation, and connectivity in humans, nonhuman primates, and mice","Van Essen DC, Donahue CJ, Coalson TS, Kennedy H, Hayashi T, Glasser MF.","Proc Natl Acad Sci U S A. 2019 Dec 23;116(52):26173-80. doi: 10.1073/pnas.1902299116. Online ahead of print.","Van Essen DC","Proc Natl Acad Sci U S A","2019","2019/12/25","PMC6936571","","10.1073/pnas.1902299116"
"31825706","Transcranial alternating current stimulation attenuates BOLD adaptation and increases functional connectivity","Kar K, Ito T, Cole MW, Krekelberg B.","J Neurophysiol. 2020 Jan 1;123(1):428-438. doi: 10.1152/jn.00376.2019. Epub 2019 Dec 11.","Kar K","J Neurophysiol","2020","2019/12/12","PMC6985864","","10.1152/jn.00376.2019"
"30943105","Saccadic suppression measured by steady-state visual evoked potentials","Chen J, Valsecchi M, Gegenfurtner KR.","J Neurophysiol. 2019 Jul 1;122(1):251-258. doi: 10.1152/jn.00712.2018. Epub 2019 Apr 3.","Chen J","J Neurophysiol","2019","2019/04/04","","","10.1152/jn.00712.2018"
"30601693","Functionally distinct language and Theory of Mind networks are synchronized at rest and during language comprehension","Paunov AM, Blank IA, Fedorenko E.","J Neurophysiol. 2019 Apr 1;121(4):1244-1265. doi: 10.1152/jn.00619.2018. Epub 2019 Jan 2.","Paunov AM","J Neurophysiol","2019","2019/01/03","PMC6485726","","10.1152/jn.00619.2018"
"30395192","Homology and Specificity of Natural Sound-Encoding in Human and Monkey Auditory Cortex","Erb J, Armendariz M, De Martino F, Goebel R, Vanduffel W, Formisano E.","Cereb Cortex. 2019 Aug 14;29(9):3636-3650. doi: 10.1093/cercor/bhy243.","Erb J","Cereb Cortex","2019","2018/11/06","","","10.1093/cercor/bhy243"
"30355629","Functional MRI in Macaque Monkeys during Task Switching","Premereur E, Janssen P, Vanduffel W.","J Neurosci. 2018 Dec 12;38(50):10619-10630. doi: 10.1523/JNEUROSCI.1539-18.2018. Epub 2018 Oct 24.","Premereur E","J Neurosci","2018","2018/10/26","PMC6580658","","10.1523/JNEUROSCI.1539-18.2018"
"30099461","Comparative Primate Connectomics","Rilling JK, van den Heuvel MP.","Brain Behav Evol. 2018;91(3):170-179. doi: 10.1159/000488886. Epub 2018 Aug 10.","Rilling JK","Brain Behav Evol","2018","2018/08/13","","","10.1159/000488886"
"29050469","In Vivo [(18)F]GE-179 Brain Signal Does Not Show NMDA-Specific Modulation with Drug Challenges in Rodents and Nonhuman Primates","Schoenberger M, Schroeder FA, Placzek MS, Carter RL, Rosen BR, Hooker JM, Sander CY.","ACS Chem Neurosci. 2018 Feb 21;9(2):298-305. doi: 10.1021/acschemneuro.7b00327. Epub 2017 Nov 14.","Schoenberger M","ACS Chem Neurosci","2018","2017/10/21","PMC5894869","NIHMS944838","10.1021/acschemneuro.7b00327"
"29049083","Ketamine and pharmacological imaging: use of functional magnetic resonance imaging to evaluate mechanisms of action","Maltbie EA, Kaundinya GS, Howell LL.","Behav Pharmacol. 2017 Dec;28(8):610-622. doi: 10.1097/FBP.0000000000000354.","Maltbie EA","Behav Pharmacol","2017","2017/10/20","PMC5687297","NIHMS909831","10.1097/FBP.0000000000000354"
"28935007","An International Survey of Approaches to Chair Restraint of Nonhuman Primates","McMillan JL, Bloomsmith MA, Prescott MJ.","Comp Med. 2017 Oct 1;67(5):442-451.","McMillan JL","Comp Med","2017","2017/09/23","PMC5621573","",""
"28905408","Resting-state functional connectivity in the rat cervical spinal cord at 9.4 T","Wu TL, Wang F, Mishra A, Wilson GH 3rd, Byun N, Chen LM, Gore JC.","Magn Reson Med. 2018 May;79(5):2773-2783. doi: 10.1002/mrm.26905. Epub 2017 Sep 14.","Wu TL","Magn Reson Med","2018","2017/09/15","PMC5821555","NIHMS928552","10.1002/mrm.26905"
"27530989","Ketamine-induced changes in connectivity of functional brain networks in awake female nonhuman primates: a translational functional imaging model","Gopinath K, Maltbie E, Urushino N, Kempf D, Howell L.","Psychopharmacology (Berl). 2016 Oct;233(21-22):3673-3684. doi: 10.1007/s00213-016-4401-z. Epub 2016 Aug 16.","Gopinath K","Psychopharmacology (Berl)","2016","2016/08/18","","","10.1007/s00213-016-4401-z"
"27501382","Design and implementation of embedded 8-channel receive-only arrays for whole-brain MRI and fMRI of conscious awake marmosets","Papoti D, Yen CC, Hung CC, Ciuchta J, Leopold DA, Silva AC.","Magn Reson Med. 2017 Jul;78(1):387-398. doi: 10.1002/mrm.26339. Epub 2016 Aug 8.","Papoti D","Magn Reson Med","2017","2016/08/09","PMC5298952","NIHMS797550","10.1002/mrm.26339"
"27091670","Speed of saccade execution and inhibition associated with fractional anisotropy in distinct fronto-frontal and fronto-striatal white matter pathways","Thakkar KN, van den Heiligenberg FM, Kahn RS, Neggers SF.","Hum Brain Mapp. 2016 Aug;37(8):2811-22. doi: 10.1002/hbm.23209. Epub 2016 Apr 19.","Thakkar KN","Hum Brain Mapp","2016","2016/04/20","PMC6867450","","10.1002/hbm.23209"
"26660447","Ketamine-induced brain activation in awake female nonhuman primates: a translational functional imaging model","Maltbie E, Gopinath K, Urushino N, Kempf D, Howell L.","Psychopharmacology (Berl). 2016 Mar;233(6):961-72. doi: 10.1007/s00213-015-4175-8. Epub 2015 Dec 10.","Maltbie E","Psychopharmacology (Berl)","2016","2015/12/15","PMC4761287","NIHMS744228","10.1007/s00213-015-4175-8"
"26149609","Functional MRI of visual responses in the awake, behaving marmoset","Hung CC, Yen CC, Ciuchta JL, Papoti D, Bock NA, Leopold DA, Silva AC.","Neuroimage. 2015 Oct 15;120:1-11. doi: 10.1016/j.neuroimage.2015.06.090. Epub 2015 Jul 3.","Hung CC","Neuroimage","2015","2015/07/08","PMC4589494","NIHMS711899","10.1016/j.neuroimage.2015.06.090"
"25970649","Functional subdivisions of medial parieto-occipital cortex in humans and nonhuman primates using resting-state fMRI","Hutchison RM, Culham JC, Flanagan JR, Everling S, Gallivan JP.","Neuroimage. 2015 Aug 1;116:10-29. doi: 10.1016/j.neuroimage.2015.04.068. Epub 2015 May 10.","Hutchison RM","Neuroimage","2015","2015/05/14","","","10.1016/j.neuroimage.2015.04.068"
"24285866","Effects of unilateral deactivations of dorsolateral prefrontal cortex and anterior cingulate cortex on saccadic eye movements","Koval MJ, Hutchison RM, Lomber SG, Everling S.","J Neurophysiol. 2014 Feb;111(4):787-803. doi: 10.1152/jn.00626.2013. Epub 2013 Nov 27.","Koval MJ","J Neurophysiol","2014","2013/11/29","","","10.1152/jn.00626.2013"
"24133280","Large-scale brain networks in the awake, truly resting marmoset monkey","Belcher AM, Yen CC, Stepp H, Gu H, Lu H, Yang Y, Silva AC, Stein EA.","J Neurosci. 2013 Oct 16;33(42):16796-804. doi: 10.1523/JNEUROSCI.3146-13.2013.","Belcher AM","J Neurosci","2013","2013/10/18","PMC3797383","","10.1523/JNEUROSCI.3146-13.2013"
"23773004","A method for conducting functional MRI studies in alert nonhuman primates: initial results with opioid agonists in male cynomolgus monkeys","Kaufman MJ, Janes AC, Frederick Bd, Brimson-Théberge M, Tong Y, McWilliams SB, Bear A, Gillis TE, Schrode KM, Renshaw PF, Negus SS.","Exp Clin Psychopharmacol. 2013 Aug;21(4):323-31. doi: 10.1037/a0033062. Epub 2013 Jun 17.","Kaufman MJ","Exp Clin Psychopharmacol","2013","2013/06/19","PMC3916219","NIHMS546580","10.1037/a0033062"
"23723346","Neurovascular coupling to D2/D3 dopamine receptor occupancy using simultaneous PET/functional MRI","Sander CY, Hooker JM, Catana C, Normandin MD, Alpert NM, Knudsen GM, Vanduffel W, Rosen BR, Mandeville JB.","Proc Natl Acad Sci U S A. 2013 Jul 2;110(27):11169-74. doi: 10.1073/pnas.1220512110. Epub 2013 May 30.","Sander CY","Proc Natl Acad Sci U S A","2013","2013/06/01","PMC3703969","","10.1073/pnas.1220512110"
"23648963","In vivo architectonics: a cortico-centric perspective","Van Essen DC, Glasser MF.","Neuroimage. 2014 Jun;93 Pt 2:157-64. doi: 10.1016/j.neuroimage.2013.04.095. Epub 2013 May 3.","Van Essen DC","Neuroimage","2014","2013/05/08","PMC3767769","NIHMS476163","10.1016/j.neuroimage.2013.04.095"
"23365237","Where one hand meets the other: limb-specific and action-dependent movement plans decoded from preparatory signals in single human frontoparietal brain areas","Gallivan JP, McLean DA, Flanagan JR, Culham JC.","J Neurosci. 2013 Jan 30;33(5):1991-2008. doi: 10.1523/JNEUROSCI.0541-12.2013.","Gallivan JP","J Neurosci","2013","2013/02/01","PMC6619126","","10.1523/JNEUROSCI.0541-12.2013"
"23188798","Orthogonal acoustic dimensions define auditory field maps in human cortex","Barton B, Venezia JH, Saberi K, Hickok G, Brewer AA.","Proc Natl Acad Sci U S A. 2012 Dec 11;109(50):20738-43. doi: 10.1073/pnas.1213381109. Epub 2012 Nov 27.","Barton B","Proc Natl Acad Sci U S A","2012","2012/11/29","PMC3528571","","10.1073/pnas.1213381109"
"23136420","Within-digit functional parcellation of Brodmann areas of the human primary somatosensory cortex using functional magnetic resonance imaging at 7 tesla","Sanchez-Panchuelo RM, Besle J, Beckett A, Bowtell R, Schluppeck D, Francis S.","J Neurosci. 2012 Nov 7;32(45):15815-22. doi: 10.1523/JNEUROSCI.2501-12.2012.","Sanchez-Panchuelo RM","J Neurosci","2012","2012/11/09","PMC6621625","","10.1523/JNEUROSCI.2501-12.2012"
"22114283","Decoding effector-dependent and effector-independent movement intentions from human parieto-frontal brain activity","Gallivan JP, McLean DA, Smith FW, Culham JC.","J Neurosci. 2011 Nov 23;31(47):17149-68. doi: 10.1523/JNEUROSCI.1058-11.2011.","Gallivan JP","J Neurosci","2011","2011/11/25","PMC6623835","","10.1523/JNEUROSCI.1058-11.2011"
"21715625","Decoding action intentions from preparatory brain activity in human parieto-frontal networks","Gallivan JP, McLean DA, Valyear KF, Pettypiece CE, Culham JC.","J Neurosci. 2011 Jun 29;31(26):9599-610. doi: 10.1523/JNEUROSCI.0080-11.2011.","Gallivan JP","J Neurosci","2011","2011/07/01","PMC6623162","","10.1523/JNEUROSCI.0080-11.2011"
"21697384","Functional correlates of the anterolateral processing hierarchy in human auditory cortex","Chevillet M, Riesenhuber M, Rauschecker JP.","J Neurosci. 2011 Jun 22;31(25):9345-52. doi: 10.1523/JNEUROSCI.1448-11.2011.","Chevillet M","J Neurosci","2011","2011/06/24","PMC3142575","NIHMS305056","10.1523/JNEUROSCI.1448-11.2011"
"20220100","Distinct frontal systems for response inhibition, attentional capture, and error processing","Sharp DJ, Bonnelle V, De Boissezon X, Beckmann CF, James SG, Patel MC, Mehta MA.","Proc Natl Acad Sci U S A. 2010 Mar 30;107(13):6106-11. doi: 10.1073/pnas.1000175107. Epub 2010 Mar 10.","Sharp DJ","Proc Natl Acad Sci U S A","2010","2010/03/12","PMC2851908","","10.1073/pnas.1000175107"
"19812283","Visual-manual exploration and posterior parietal cortex in humans","Hinkley LB, Krubitzer LA, Padberg J, Disbrow EA.","J Neurophysiol. 2009 Dec;102(6):3433-46. doi: 10.1152/jn.90785.2008. Epub 2009 Oct 7.","Hinkley LB","J Neurophysiol","2009","2009/10/09","PMC2804435","","10.1152/jn.90785.2008"
"19074351","Modafinil shifts human locus coeruleus to low-tonic, high-phasic activity during functional MRI","Minzenberg MJ, Watrous AJ, Yoon JH, Ursu S, Carter CS.","Science. 2008 Dec 12;322(5908):1700-2. doi: 10.1126/science.1164908.","Minzenberg MJ","Science","2008","2008/12/17","","","10.1126/science.1164908"
"19073806","Dissociating vision and visual attention in the human pulvinar","Smith AT, Cotton PL, Bruno A, Moutsiana C.","J Neurophysiol. 2009 Feb;101(2):917-25. doi: 10.1152/jn.90963.2008. Epub 2008 Dec 10.","Smith AT","J Neurophysiol","2009","2008/12/17","PMC2657069","","10.1152/jn.90963.2008"
"18971297","Development of working memory maintenance","Geier CF, Garver K, Terwilliger R, Luna B.","J Neurophysiol. 2009 Jan;101(1):84-99. doi: 10.1152/jn.90562.2008. Epub 2008 Oct 29.","Geier CF","J Neurophysiol","2009","2008/10/31","PMC2637004","","10.1152/jn.90562.2008"
"17896395","MRI of spontaneous fluctuations after acute cerebral ischemia in nonhuman primates","Liu Y, D'Arceuil H, He J, Duggan M, Gonzalez G, Pryor J, de Crespigny A.","J Magn Reson Imaging. 2007 Oct;26(4):1112-6. doi: 10.1002/jmri.21131.","Liu Y","J Magn Reson Imaging","2007","2007/09/27","","","10.1002/jmri.21131"
"16702554","Binding crossmodal object features in perirhinal cortex","Taylor KI, Moss HE, Stamatakis EA, Tyler LK.","Proc Natl Acad Sci U S A. 2006 May 23;103(21):8239-44. doi: 10.1073/pnas.0509704103. Epub 2006 May 15.","Taylor KI","Proc Natl Acad Sci U S A","2006","2006/05/17","PMC1461402","","10.1073/pnas.0509704103"
"15944234","Visual responses of the human superior colliculus: a high-resolution functional magnetic resonance imaging study","Schneider KA, Kastner S.","J Neurophysiol. 2005 Oct;94(4):2491-503. doi: 10.1152/jn.00288.2005. Epub 2005 Jun 8.","Schneider KA","J Neurophysiol","2005","2005/06/10","","","10.1152/jn.00288.2005"
"15710884","Symmetry activates extrastriate visual cortex in human and nonhuman primates","Sasaki Y, Vanduffel W, Knutsen T, Tyler C, Tootell R.","Proc Natl Acad Sci U S A. 2005 Feb 22;102(8):3159-63. doi: 10.1073/pnas.0500319102. Epub 2005 Feb 14.","Sasaki Y","Proc Natl Acad Sci U S A","2005","2005/02/16","PMC549500","","10.1073/pnas.0500319102"
"12626765","Persistence and brain circuitry","Gusnard DA, Ollinger JM, Shulman GL, Cloninger CR, Price JL, Van Essen DC, Raichle ME.","Proc Natl Acad Sci U S A. 2003 Mar 18;100(6):3479-84. doi: 10.1073/pnas.0538050100. Epub 2003 Mar 7.","Gusnard DA","Proc Natl Acad Sci U S A","2003","2003/03/11","PMC152318","","10.1073/pnas.0538050100"
"12414256","Is it tonotopy after all?","Schönwiesner M, von Cramon DY, Rübsamen R.","Neuroimage. 2002 Nov;17(3):1144-61. doi: 10.1006/nimg.2002.1250.","Schönwiesner M","Neuroimage","2002","2002/11/05","","","10.1006/nimg.2002.1250"
"12148938","Human hippocampal activation in the delayed matching- and nonmatching-to-sample memory tasks: an event-related functional MRI approach","Monk CS, Zhuang J, Curtis WJ, Ofenloch IT, Tottenham N, Nelson CA, Hu X.","Behav Neurosci. 2002 Aug;116(4):716-21. doi: 10.1037//0735-7044.116.4.716.","Monk CS","Behav Neurosci","2002","2002/08/01","","","10.1037//0735-7044.116.4.716"
"11496106","Enhancing fMRI contrast in awake-behaving primates using intravascular magnetite dextran nanopartieles","Dubowitz DJ, Bernheim KA, Chen DY, Bradley WG Jr, Andersen RA.","Neuroreport. 2001 Aug 8;12(11):2335-40. doi: 10.1097/00001756-200108080-00011.","Dubowitz DJ","Neuroreport","2001","2001/08/10","","","10.1097/00001756-200108080-00011"
"10227627","Neural pathways in tactile object recognition","Deibert E, Kraut M, Kremen S, Hart J Jr.","Neurology. 1999 Apr 22;52(7):1413-7. doi: 10.1212/wnl.52.7.1413.","Deibert E","Neurology","1999","1999/05/05","","","10.1212/wnl.52.7.1413"
"9595971","Human anterior intraparietal area subserves prehension: a combined lesion and functional MRI activation study","Binkofski F, Dohle C, Posse S, Stephan KM, Hefter H, Seitz RJ, Freund HJ.","Neurology. 1998 May;50(5):1253-9. doi: 10.1212/wnl.50.5.1253.","Binkofski F","Neurology","1998","1998/05/22","","","10.1212/wnl.50.5.1253"
"9153483","Object shape processing in the visual system evaluated using functional MRI","Kraut M, Hart J Jr, Soher BJ, Gordon B.","Neurology. 1997 May;48(5):1416-20. doi: 10.1212/wnl.48.5.1416.","Kraut M","Neurology","1997","1997/05/01","","","10.1212/wnl.48.5.1416"
"8670685","Activation of human prefrontal cortex during spatial and nonspatial working memory tasks measured by functional MRI","McCarthy G, Puce A, Constable RT, Krystal JH, Gore JC, Goldman-Rakic P.","Cereb Cortex. 1996 Jul-Aug;6(4):600-11. doi: 10.1093/cercor/6.4.600.","McCarthy G","Cereb Cortex","1996","1996/07/01","","","10.1093/cercor/6.4.600"
"7722658","Functional analysis of human MT and related visual cortical areas using magnetic resonance imaging","Tootell RB, Reppas JB, Kwong KK, Malach R, Born RT, Brady TJ, Rosen BR, Belliveau JW.","J Neurosci. 1995 Apr;15(4):3215-30. doi: 10.1523/JNEUROSCI.15-04-03215.1995.","Tootell RB","J Neurosci","1995","1995/04/01","PMC6577785","","10.1523/JNEUROSCI.15-04-03215.1995"
