﻿PMID,Title,Authors,Citation,First Author,Journal/Book,Publication Year,Create Date,PMCID,NIHMS ID,DOI
"33819611","Functional parcellation of human and macaque striatum reveals human-specific connectivity in the dorsal caudate","Liu X, Eickhoff SB, Caspers S, Wu J, Genon S, Hoffstaedter F, Mars RB, Sommer IE, Eickhoff CR, Chen J, Jardri R, Reetz K, Dogan I, Aleman A, Kogler L, Gruber O, Caspers J, Mathys C, Patil KR.","Neuroimage. 2021 Jul 15;235:118006. doi: 10.1016/j.neuroimage.2021.118006. Epub 2021 Apr 2.","Liu X","Neuroimage","2021","2021/04/05","PMC8214073","","10.1016/j.neuroimage.2021.118006"
"33385552","Resting-State functional networks of different topographic representations in the somatosensory cortex of macaque monkeys and humans","Thomas J, Sharma D, Mohanta S, Jain N.","Neuroimage. 2021 Mar;228:117694. doi: 10.1016/j.neuroimage.2020.117694. Epub 2020 Dec 30.","Thomas J","Neuroimage","2021","2021/01/01","","","10.1016/j.neuroimage.2020.117694"
"32936342","Reproducing macaque lateral grasping and oculomotor networks using resting state functional connectivity and diffusion tractography","Howells H, Simone L, Borra E, Fornia L, Cerri G, Luppino G.","Brain Struct Funct. 2020 Nov;225(8):2533-2551. doi: 10.1007/s00429-020-02142-2. Epub 2020 Sep 16.","Howells H","Brain Struct Funct","2020","2020/09/16","PMC7544728","","10.1007/s00429-020-02142-2"
"32898683","Ultra-high field (10.5 T) resting state fMRI in the macaque","Yacoub E, Grier MD, Auerbach EJ, Lagore RL, Harel N, Adriany G, Zilverstand A, Hayden BY, Heilbronner SR, Uğurbil K, Zimmermann J.","Neuroimage. 2020 Dec;223:117349. doi: 10.1016/j.neuroimage.2020.117349. Epub 2020 Sep 6.","Yacoub E","Neuroimage","2020","2020/09/08","PMC7745777","NIHMS1651795","10.1016/j.neuroimage.2020.117349"
"31408715","A putative human homologue of the macaque area PEc","Pitzalis S, Serra C, Sulpizio V, Di Marco S, Fattori P, Galati G, Galletti C.","Neuroimage. 2019 Nov 15;202:116092. doi: 10.1016/j.neuroimage.2019.116092. Epub 2019 Aug 10.","Pitzalis S","Neuroimage","2019","2019/08/14","","","10.1016/j.neuroimage.2019.116092"
"30668705","Biological Characteristics of Connection-Wise Resting-State Functional Connectivity Strength","Pijnenburg R, Scholtens LH, Mantini D, Vanduffel W, Barrett LF, van den Heuvel MP.","Cereb Cortex. 2019 Dec 17;29(11):4646-4653. doi: 10.1093/cercor/bhy342.","Pijnenburg R","Cereb Cortex","2019","2019/01/23","PMC7049309","","10.1093/cercor/bhy342"
"30547311","Gradients of connectivity distance in the cerebral cortex of the macaque monkey","Oligschläger S, Xu T, Baczkowski BM, Falkiewicz M, Falchier A, Linn G, Margulies DS.","Brain Struct Funct. 2019 Mar;224(2):925-935. doi: 10.1007/s00429-018-1811-1. Epub 2018 Dec 13.","Oligschläger S","Brain Struct Funct","2019","2018/12/15","PMC6420469","","10.1007/s00429-018-1811-1"
"30470895","Mapping multiple principles of parietal-frontal cortical organization using functional connectivity","Vijayakumar S, Sallet J, Verhagen L, Folloni D, Medendorp WP, Mars RB.","Brain Struct Funct. 2019 Mar;224(2):681-697. doi: 10.1007/s00429-018-1791-1. Epub 2018 Nov 23.","Vijayakumar S","Brain Struct Funct","2019","2018/11/25","PMC6420483","","10.1007/s00429-018-1791-1"
"29437980","Temporal-prefrontal cortical network for discrimination of valuable objects in long-term memory","Ghazizadeh A, Griggs W, Leopold DA, Hikosaka O.","Proc Natl Acad Sci U S A. 2018 Feb 27;115(9):E2135-E2144. doi: 10.1073/pnas.1707695115. Epub 2018 Feb 1.","Ghazizadeh A","Proc Natl Acad Sci U S A","2018","2018/02/14","PMC5834664","","10.1073/pnas.1707695115"
"28184415","A Systematic Relationship Between Functional Connectivity and Intracortical Myelin in the Human Cerebral Cortex","Huntenburg JM, Bazin PL, Goulas A, Tardif CL, Villringer A, Margulies DS.","Cereb Cortex. 2017 Feb 1;27(2):981-997. doi: 10.1093/cercor/bhx030.","Huntenburg JM","Cereb Cortex","2017","2017/02/11","PMC5390400","","10.1093/cercor/bhx030"
"27207489","Multimodal analysis of cortical chemoarchitecture and macroscale fMRI resting-state functional connectivity","van den Heuvel MP, Scholtens LH, Turk E, Mantini D, Vanduffel W, Feldman Barrett L.","Hum Brain Mapp. 2016 Sep;37(9):3103-13. doi: 10.1002/hbm.23229. Epub 2016 May 21.","van den Heuvel MP","Hum Brain Mapp","2016","2016/05/22","PMC5111767","","10.1002/hbm.23229"
"28590676","Parcellations and Connectivity Patterns in Human and Macaque Cerebral Cortex","Van Essen DC, Donahue C, Dierker DL, Glasser MF.","2016 Mar 11. In: Kennedy H, Van Essen DC, Christen Y, editors. Micro-, Meso- and Macro-Connectomics of the Brain [Internet]. Cham (CH): Springer; 2016.","Van Essen DC","Micro-, Meso- and Macro-Connectomics of the Brain","2016","2016/03/11","","","10.1007/978-3-319-27777-6_7"
"26613367","Subdivision of Broca's region based on individual-level functional connectivity","Jakobsen E, Böttger J, Bellec P, Geyer S, Rübsamen R, Petrides M, Margulies DS.","Eur J Neurosci. 2016 Feb;43(4):561-71. doi: 10.1111/ejn.13140.","Jakobsen E","Eur J Neurosci","2016","2015/11/28","","","10.1111/ejn.13140"
"25947150","Connectivity reveals relationship of brain areas for reward-guided learning and decision making in human and monkey frontal cortex","Neubert FX, Mars RB, Sallet J, Rushworth MF.","Proc Natl Acad Sci U S A. 2015 May 19;112(20):E2695-704. doi: 10.1073/pnas.1410767112. Epub 2015 May 6.","Neubert FX","Proc Natl Acad Sci U S A","2015","2015/05/08","PMC4443352","","10.1073/pnas.1410767112"
"24741045","Bridging the gap between the human and macaque connectome: a quantitative comparison of global interspecies structure-function relationships and network topology","Miranda-Dominguez O, Mills BD, Grayson D, Woodall A, Grant KA, Kroenke CD, Fair DA.","J Neurosci. 2014 Apr 16;34(16):5552-63. doi: 10.1523/JNEUROSCI.4229-13.2014.","Miranda-Dominguez O","J Neurosci","2014","2014/04/18","PMC3988411","","10.1523/JNEUROSCI.4229-13.2014"
"24501348","Dietary omega-3 fatty acids modulate large-scale systems organization in the rhesus macaque brain","Grayson DS, Kroenke CD, Neuringer M, Fair DA.","J Neurosci. 2014 Feb 5;34(6):2065-74. doi: 10.1523/JNEUROSCI.3038-13.2014.","Grayson DS","J Neurosci","2014","2014/02/07","PMC3913863","","10.1523/JNEUROSCI.3038-13.2014"
"24133284","Distinct parietal and temporal connectivity profiles of ventrolateral frontal areas involved in language production","Margulies DS, Petrides M.","J Neurosci. 2013 Oct 16;33(42):16846-52. doi: 10.1523/JNEUROSCI.2259-13.2013.","Margulies DS","J Neurosci","2013","2013/10/18","PMC6618526","","10.1523/JNEUROSCI.2259-13.2013"
"23924609","Causal effect of disconnection lesions on interhemispheric functional connectivity in rhesus monkeys","O'Reilly JX, Croxson PL, Jbabdi S, Sallet J, Noonan MP, Mars RB, Browning PG, Wilson CR, Mitchell AS, Miller KL, Rushworth MF, Baxter MG.","Proc Natl Acad Sci U S A. 2013 Aug 20;110(34):13982-7. doi: 10.1073/pnas.1305062110. Epub 2013 Aug 7.","O'Reilly JX","Proc Natl Acad Sci U S A","2013","2013/08/09","PMC3752223","","10.1073/pnas.1305062110"
"22438275","Resting-state networks show dynamic functional connectivity in awake humans and anesthetized macaques","Hutchison RM, Womelsdorf T, Gati JS, Everling S, Menon RS.","Hum Brain Mapp. 2013 Sep;34(9):2154-77. doi: 10.1002/hbm.22058. Epub 2012 Mar 22.","Hutchison RM","Hum Brain Mapp","2013","2012/03/23","PMC6870538","","10.1002/hbm.22058"
"21411650","Diffusion-weighted imaging tractography-based parcellation of the human parietal cortex and comparison with human and macaque resting-state functional connectivity","Mars RB, Jbabdi S, Sallet J, O'Reilly JX, Croxson PL, Olivier E, Noonan MP, Bergmann C, Mitchell AS, Baxter MG, Behrens TE, Johansen-Berg H, Tomassini V, Miller KL, Rushworth MF.","J Neurosci. 2011 Mar 16;31(11):4087-100. doi: 10.1523/JNEUROSCI.5102-10.2011.","Mars RB","J Neurosci","2011","2011/03/18","PMC3091022","UKMS34710","10.1523/JNEUROSCI.5102-10.2011"
"20662902","Broca's region: linking human brain functional connectivity data and non-human primate tracing anatomy studies","Kelly C, Uddin LQ, Shehzad Z, Margulies DS, Castellanos FX, Milham MP, Petrides M.","Eur J Neurosci. 2010 Aug;32(3):383-98. doi: 10.1111/j.1460-9568.2010.07279.x. Epub 2010 Jul 21.","Kelly C","Eur J Neurosci","2010","2010/07/29","PMC3111969","NIHMS294225","10.1111/j.1460-9568.2010.07279.x"
"19903877","Precuneus shares intrinsic functional architecture in humans and monkeys","Margulies DS, Vincent JL, Kelly C, Lohmann G, Uddin LQ, Biswal BB, Villringer A, Castellanos FX, Milham MP, Petrides M.","Proc Natl Acad Sci U S A. 2009 Nov 24;106(47):20069-74. doi: 10.1073/pnas.0905314106. Epub 2009 Nov 10.","Margulies DS","Proc Natl Acad Sci U S A","2009","2009/11/12","PMC2775700","","10.1073/pnas.0905314106"
