﻿PMID,Title,Authors,Citation,First Author,Journal/Book,Publication Year,Create Date,PMCID,NIHMS ID,DOI
"34215969","Topography of Visual Features in the Human Ventral Visual Pathway","Fan S, Wang X, Wang X, Wei T, Bi Y.","Neurosci Bull. 2021 Jul 2. doi: 10.1007/s12264-021-00734-4. Online ahead of print.","Fan S","Neurosci Bull","2021","2021/07/03","","","10.1007/s12264-021-00734-4"
"33945242","A thermal nociceptive patch in S2 cortex of nonhuman primates: a combined fMRI and electrophysiology study","Ye X, Yang PF, Liu Q, Dillenburger BD, Friedman RM, Chen LM.","Pain. 2021 Feb 23. doi: 10.1097/j.pain.0000000000002247. Online ahead of print.","Ye X","Pain","2021","2021/05/04","","","10.1097/j.pain.0000000000002247"
"33839768","The Brain Circuits and Dynamics of Curiosity-Driven Behavior in Naturally Curious Marmosets","Tian X, Silva AC, Liu C.","Cereb Cortex. 2021 Jul 29;31(9):4220-4232. doi: 10.1093/cercor/bhab080.","Tian X","Cereb Cortex","2021","2021/04/11","","","10.1093/cercor/bhab080"
"33770531","GABA levels in ventral visual cortex decline with age and are associated with neural distinctiveness","Chamberlain JD, Gagnon H, Lalwani P, Cassady KE, Simmonite M, Seidler RD, Taylor SF, Weissman DH, Park DC, Polk TA.","Neurobiol Aging. 2021 Jun;102:170-177. doi: 10.1016/j.neurobiolaging.2021.02.013. Epub 2021 Feb 26.","Chamberlain JD","Neurobiol Aging","2021","2021/03/26","PMC8205971","NIHMS1686882","10.1016/j.neurobiolaging.2021.02.013"
"33745141","The mouth matters most: A functional magnetic resonance imaging study of how dogs perceive inanimate objects","Prichard A, Chhibber R, Athanassiades K, Chiu V, Spivak M, Berns GS.","J Comp Neurol. 2021 Aug 1;529(11):2987-2994. doi: 10.1002/cne.25142. Epub 2021 Mar 25.","Prichard A","J Comp Neurol","2021","2021/03/21","","","10.1002/cne.25142"
"33484849","The nonhuman primate neuroimaging and neuroanatomy project","Hayashi T, Hou Y, Glasser MF, Autio JA, Knoblauch K, Inoue-Murayama M, Coalson T, Yacoub E, Smith S, Kennedy H, Van Essen DC.","Neuroimage. 2021 Apr 1;229:117726. doi: 10.1016/j.neuroimage.2021.117726. Epub 2021 Jan 20.","Hayashi T","Neuroimage","2021","2021/01/23","PMC8079967","NIHMS1688396","10.1016/j.neuroimage.2021.117726"
"33268770","Effects of long-term cocaine self-administration on brain resting-state functional connectivity in nonhuman primates","Kohut SJ, Mintzopoulos D, Kangas BD, Shields H, Brown K, Gillis TE, Rohan ML, Bergman J, Kaufman MJ.","Transl Psychiatry. 2020 Dec 2;10(1):420. doi: 10.1038/s41398-020-01101-z.","Kohut SJ","Transl Psychiatry","2020","2020/12/03","PMC7710734","","10.1038/s41398-020-01101-z"
"33240053","Segregated Co-activation Patterns in the Emergence of Decision Confidence During Visual Perception","Jaeger C, Glim S, Dimulescu C, Ries A, Sorg C, Wohlschläger A.","Front Syst Neurosci. 2020 Nov 10;14:557693. doi: 10.3389/fnsys.2020.557693. eCollection 2020.","Jaeger C","Front Syst Neurosci","2020","2020/11/26","PMC7683611","","10.3389/fnsys.2020.557693"
"33137475","The macaque brain ONPRC18 template with combined gray and white matter labelmap for multimodal neuroimaging studies of Nonhuman Primates","Weiss AR, Liu Z, Wang X, Liguore WA, Kroenke CD, McBride JL.","Neuroimage. 2021 Jan 15;225:117517. doi: 10.1016/j.neuroimage.2020.117517. Epub 2020 Nov 1.","Weiss AR","Neuroimage","2021","2020/11/02","PMC7833476","NIHMS1659147","10.1016/j.neuroimage.2020.117517"
"32981657","Converging Structural and Functional Evidence for a Rat Salience Network","Tsai PJ, Keeley RJ, Carmack SA, Vendruscolo JCM, Lu H, Gu H, Vendruscolo LF, Koob GF, Lin CP, Stein EA, Yang Y.","Biol Psychiatry. 2020 Dec 1;88(11):867-878. doi: 10.1016/j.biopsych.2020.06.023. Epub 2020 Jul 2.","Tsai PJ","Biol Psychiatry","2020","2020/09/28","","","10.1016/j.biopsych.2020.06.023"
"32817555","Divergence of rodent and primate medial frontal cortex functional connectivity","Schaeffer DJ, Hori Y, Gilbert KM, Gati JS, Menon RS, Everling S.","Proc Natl Acad Sci U S A. 2020 Sep 1;117(35):21681-21689. doi: 10.1073/pnas.2003181117. Epub 2020 Aug 17.","Schaeffer DJ","Proc Natl Acad Sci U S A","2020","2020/08/21","PMC7474619","","10.1073/pnas.2003181117"
"32720701","Evolution of the speech-ready brain: The voice/jaw connection in the human motor cortex","Brown S, Yuan Y, Belyk M.","J Comp Neurol. 2021 Apr 1;529(5):1018-1028. doi: 10.1002/cne.24997. Epub 2020 Sep 8.","Brown S","J Comp Neurol","2021","2020/07/29","","","10.1002/cne.24997"
"32539526","Diagnostic Classification for Human Autism and Obsessive-Compulsive Disorder Based on Machine Learning From a Primate Genetic Model","Zhan Y, Wei J, Liang J, Xu X, He R, Robbins TW, Wang Z.","Am J Psychiatry. 2021 Jan 1;178(1):65-76. doi: 10.1176/appi.ajp.2020.19101091. Epub 2020 Jun 16.","Zhan Y","Am J Psychiatry","2021","2020/06/17","","","10.1176/appi.ajp.2020.19101091"
"32469053","Dynamic Reconfiguration, Fragmentation, and Integration of Whole-Brain Modular Structure across Depths of Unconsciousness","Standage D, Areshenkoff CN, Nashed JY, Hutchison RM, Hutchison M, Heinke D, Menon RS, Everling S, Gallivan JP.","Cereb Cortex. 2020 Sep 3;30(10):5229-5241. doi: 10.1093/cercor/bhaa085.","Standage D","Cereb Cortex","2020","2020/05/30","PMC7472202","","10.1093/cercor/bhaa085"
"32315894","Fasting may increase incentive signaling for nonfood rewards","Zhang X, Melrose AJ, De Santis O, Luo S, Page KA, Hsu E, Monterosso JR.","Nutr Res. 2020 May;77:43-53. doi: 10.1016/j.nutres.2020.02.013. Epub 2020 Mar 2.","Zhang X","Nutr Res","2020","2020/04/22","PMC7295658","NIHMS1570362","10.1016/j.nutres.2020.02.013"
"32139585","Resolving the Spatial Profile of Figure Enhancement in Human V1 through Population Receptive Field Modeling","Poltoratski S, Tong F.","J Neurosci. 2020 Apr 15;40(16):3292-3303. doi: 10.1523/JNEUROSCI.2377-19.2020. Epub 2020 Mar 5.","Poltoratski S","J Neurosci","2020","2020/03/07","PMC7159895","","10.1523/JNEUROSCI.2377-19.2020"
"32094202","Ultra-high-resolution fMRI of Human Ventral Temporal Cortex Reveals Differential Representation of Categories and Domains","Margalit E, Jamison KW, Weiner KS, Vizioli L, Zhang RY, Kay KN, Grill-Spector K.","J Neurosci. 2020 Apr 8;40(15):3008-3024. doi: 10.1523/JNEUROSCI.2106-19.2020. Epub 2020 Feb 24.","Margalit E","J Neurosci","2020","2020/02/26","PMC7141875","","10.1523/JNEUROSCI.2106-19.2020"
"31862856","Categorical Biases in Human Occipitoparietal Cortex","Ester EF, Sprague TC, Serences JT.","J Neurosci. 2020 Jan 22;40(4):917-931. doi: 10.1523/JNEUROSCI.2700-19.2019. Epub 2019 Dec 20.","Ester EF","J Neurosci","2020","2019/12/22","PMC6975303","","10.1523/JNEUROSCI.2700-19.2019"
"31825706","Transcranial alternating current stimulation attenuates BOLD adaptation and increases functional connectivity","Kar K, Ito T, Cole MW, Krekelberg B.","J Neurophysiol. 2020 Jan 1;123(1):428-438. doi: 10.1152/jn.00376.2019. Epub 2019 Dec 11.","Kar K","J Neurophysiol","2020","2019/12/12","PMC6985864","","10.1152/jn.00376.2019"
"31692192","Top-down versus bottom-up attention differentially modulate frontal-parietal connectivity","Bowling JT, Friston KJ, Hopfinger JB.","Hum Brain Mapp. 2020 Mar;41(4):928-942. doi: 10.1002/hbm.24850. Epub 2019 Nov 6.","Bowling JT","Hum Brain Mapp","2020","2019/11/07","PMC7267915","","10.1002/hbm.24850"
"31672243","Approach-Avoidance Conflict in Major Depressive Disorder: Congruent Neural Findings in Humans and Nonhuman Primates","Ironside M, Amemori KI, McGrath CL, Pedersen ML, Kang MS, Amemori S, Frank MJ, Graybiel AM, Pizzagalli DA.","Biol Psychiatry. 2020 Mar 1;87(5):399-408. doi: 10.1016/j.biopsych.2019.08.022. Epub 2019 Sep 6.","Ironside M","Biol Psychiatry","2020","2019/11/02","PMC7007869","NIHMS1539267","10.1016/j.biopsych.2019.08.022"
"31262949","Sex Differences in Cognitive Flexibility and Resting Brain Networks in Middle-Aged Marmosets","LaClair M, Febo M, Nephew B, Gervais NJ, Poirier G, Workman K, Chumachenko S, Payne L, Moore MC, King JA, Lacreuse A.","eNeuro. 2019 Jul 25;6(4):ENEURO.0154-19.2019. doi: 10.1523/ENEURO.0154-19.2019. Print 2019 Jul/Aug.","LaClair M","eNeuro","2019","2019/07/03","PMC6658914","","10.1523/ENEURO.0154-19.2019"
"31219563","From Synchrony to Asynchrony: Cerebellar-Basal Ganglia Functional Circuits in Young and Older Adults","Hausman HK, Jackson TB, Goen JRM, Bernard JA.","Cereb Cortex. 2020 Mar 21;30(2):718-729. doi: 10.1093/cercor/bhz121.","Hausman HK","Cereb Cortex","2020","2019/06/21","","","10.1093/cercor/bhz121"
"30867291","Estimating average single-neuron visual receptive field sizes by fMRI","Keliris GA, Li Q, Papanikolaou A, Logothetis NK, Smirnakis SM.","Proc Natl Acad Sci U S A. 2019 Mar 26;116(13):6425-6434. doi: 10.1073/pnas.1809612116. Epub 2019 Mar 13.","Keliris GA","Proc Natl Acad Sci U S A","2019","2019/03/15","PMC6442598","","10.1073/pnas.1809612116"
"30796824","Neurofeedback Training of Gamma Oscillations in Monkey Primary Visual Cortex","Chauvière L, Singer W.","Cereb Cortex. 2019 Dec 17;29(11):4785-4802. doi: 10.1093/cercor/bhz013.","Chauvière L","Cereb Cortex","2019","2019/02/24","","","10.1093/cercor/bhz013"
"30601693","Functionally distinct language and Theory of Mind networks are synchronized at rest and during language comprehension","Paunov AM, Blank IA, Fedorenko E.","J Neurophysiol. 2019 Apr 1;121(4):1244-1265. doi: 10.1152/jn.00619.2018. Epub 2019 Jan 2.","Paunov AM","J Neurophysiol","2019","2019/01/03","PMC6485726","","10.1152/jn.00619.2018"
"30530859","Changes in Endogenous Dopamine Induced by Methylphenidate Predict Functional Connectivity in Nonhuman Primates","Birn RM, Converse AK, Rajala AZ, Alexander AL, Block WF, McMillan AB, Christian BT, Filla CN, Murali D, Hurley SA, Jenison RL, Populin LC.","J Neurosci. 2019 Feb 20;39(8):1436-1444. doi: 10.1523/JNEUROSCI.2513-18.2018. Epub 2018 Dec 10.","Birn RM","J Neurosci","2019","2018/12/12","PMC6381257","","10.1523/JNEUROSCI.2513-18.2018"
"30395192","Homology and Specificity of Natural Sound-Encoding in Human and Monkey Auditory Cortex","Erb J, Armendariz M, De Martino F, Goebel R, Vanduffel W, Formisano E.","Cereb Cortex. 2019 Aug 14;29(9):3636-3650. doi: 10.1093/cercor/bhy243.","Erb J","Cereb Cortex","2019","2018/11/06","","","10.1093/cercor/bhy243"
"30355629","Functional MRI in Macaque Monkeys during Task Switching","Premereur E, Janssen P, Vanduffel W.","J Neurosci. 2018 Dec 12;38(50):10619-10630. doi: 10.1523/JNEUROSCI.1539-18.2018. Epub 2018 Oct 24.","Premereur E","J Neurosci","2018","2018/10/26","PMC6580658","","10.1523/JNEUROSCI.1539-18.2018"
"30267074","Human V2A: A map of the peripheral visual hemifield with functional connections to scene-selective cortex","Elshout JA, van den Berg AV, Haak KV.","J Vis. 2018 Sep 4;18(9):22. doi: 10.1167/18.9.22.","Elshout JA","J Vis","2018","2018/09/30","PMC6159387","","10.1167/18.9.22"
"30232039","Improved methods for MRI-compatible implants in nonhuman primates","Ortiz-Rios M, Haag M, Balezeau F, Frey S, Thiele A, Murphy K, Schmid MC.","J Neurosci Methods. 2018 Oct 1;308:377-389. doi: 10.1016/j.jneumeth.2018.09.013. Epub 2018 Sep 16.","Ortiz-Rios M","J Neurosci Methods","2018","2018/09/21","PMC6203806","","10.1016/j.jneumeth.2018.09.013"
"29951579","Foreground-Background Segmentation Revealed during Natural Image Viewing","Papale P, Leo A, Cecchetti L, Handjaras G, Kay KN, Pietrini P, Ricciardi E.","eNeuro. 2018 Jun 26;5(3):ENEURO.0075-18.2018. doi: 10.1523/ENEURO.0075-18.2018. eCollection 2018 May-Jun.","Papale P","eNeuro","2018","2018/06/29","PMC6019392","","10.1523/ENEURO.0075-18.2018"
"29870538","fMRI study of the role of glutamate NMDA receptor in the olfactory processing in monkeys","Zhao F, Holahan MA, Wang X, Uslaner JM, Houghton AK, Evelhoch JL, Winkelmann CT, Hines CDG.","PLoS One. 2018 Jun 5;13(6):e0198395. doi: 10.1371/journal.pone.0198395. eCollection 2018.","Zhao F","PLoS One","2018","2018/06/06","PMC5988321","","10.1371/journal.pone.0198395"
"29575494","Cortical depth profiles of luminance contrast responses in human V1 and V2 using 7 T fMRI","Marquardt I, Schneider M, Gulban OF, Ivanov D, Uludağ K.","Hum Brain Mapp. 2018 Jul;39(7):2812-2827. doi: 10.1002/hbm.24042. Epub 2018 Mar 25.","Marquardt I","Hum Brain Mapp","2018","2018/03/26","PMC6866457","","10.1002/hbm.24042"
"29263238","Attention Shifts Recruit the Monkey Default Mode Network","Arsenault JT, Caspari N, Vandenberghe R, Vanduffel W.","J Neurosci. 2018 Jan 31;38(5):1202-1217. doi: 10.1523/JNEUROSCI.1111-17.2017. Epub 2017 Dec 20.","Arsenault JT","J Neurosci","2018","2017/12/22","PMC6596261","","10.1523/JNEUROSCI.1111-17.2017"
"29145469","Development of visual cortical function in infant macaques: A BOLD fMRI study","Van Grootel TJ, Meeson A, Munk MHJ, Kourtzi Z, Movshon JA, Logothetis NK, Kiorpes L.","PLoS One. 2017 Nov 16;12(11):e0187942. doi: 10.1371/journal.pone.0187942. eCollection 2017.","Van Grootel TJ","PLoS One","2017","2017/11/18","PMC5690606","","10.1371/journal.pone.0187942"
"29050469","In Vivo [(18)F]GE-179 Brain Signal Does Not Show NMDA-Specific Modulation with Drug Challenges in Rodents and Nonhuman Primates","Schoenberger M, Schroeder FA, Placzek MS, Carter RL, Rosen BR, Hooker JM, Sander CY.","ACS Chem Neurosci. 2018 Feb 21;9(2):298-305. doi: 10.1021/acschemneuro.7b00327. Epub 2017 Nov 14.","Schoenberger M","ACS Chem Neurosci","2018","2017/10/21","PMC5894869","NIHMS944838","10.1021/acschemneuro.7b00327"
"28905408","Resting-state functional connectivity in the rat cervical spinal cord at 9.4 T","Wu TL, Wang F, Mishra A, Wilson GH 3rd, Byun N, Chen LM, Gore JC.","Magn Reson Med. 2018 May;79(5):2773-2783. doi: 10.1002/mrm.26905. Epub 2017 Sep 14.","Wu TL","Magn Reson Med","2018","2017/09/15","PMC5821555","NIHMS928552","10.1002/mrm.26905"
"28729159","What do we know about laminar connectivity?","Rockland KS.","Neuroimage. 2019 Aug 15;197:772-784. doi: 10.1016/j.neuroimage.2017.07.032. Epub 2017 Jul 17.","Rockland KS","Neuroimage","2019","2017/07/22","","","10.1016/j.neuroimage.2017.07.032"
"28716961","Structural Basis of Large-Scale Functional Connectivity in the Mouse","Grandjean J, Zerbi V, Balsters JH, Wenderoth N, Rudin M.","J Neurosci. 2017 Aug 23;37(34):8092-8101. doi: 10.1523/JNEUROSCI.0438-17.2017. Epub 2017 Jul 17.","Grandjean J","J Neurosci","2017","2017/07/19","PMC6596781","","10.1523/JNEUROSCI.0438-17.2017"
"28612373","Reduced reward-related neural response to mimicry in individuals with autism","Hsu CT, Neufeld J, Chakrabarti B.","Eur J Neurosci. 2018 Mar;47(6):610-618. doi: 10.1111/ejn.13620. Epub 2017 Jul 12.","Hsu CT","Eur J Neurosci","2018","2017/06/15","PMC5900892","","10.1111/ejn.13620"
"28461461","High spatial correspondence at a columnar level between activation and resting state fMRI signals and local field potentials","Shi Z, Wu R, Yang PF, Wang F, Wu TL, Mishra A, Chen LM, Gore JC.","Proc Natl Acad Sci U S A. 2017 May 16;114(20):5253-5258. doi: 10.1073/pnas.1620520114. Epub 2017 May 1.","Shi Z","Proc Natl Acad Sci U S A","2017","2017/05/03","PMC5441782","","10.1073/pnas.1620520114"
"28258716","Functional interactions between the macaque dorsal and ventral visual pathways during three-dimensional object vision","Janssen P, Verhoef BE, Premereur E.","Cortex. 2018 Jan;98:218-227. doi: 10.1016/j.cortex.2017.01.021. Epub 2017 Feb 3.","Janssen P","Cortex","2018","2017/03/05","","","10.1016/j.cortex.2017.01.021"
"28202786","Dopamine Modulates Adaptive Prediction Error Coding in the Human Midbrain and Striatum","Diederen KM, Ziauddeen H, Vestergaard MD, Spencer T, Schultz W, Fletcher PC.","J Neurosci. 2017 Feb 15;37(7):1708-1720. doi: 10.1523/JNEUROSCI.1979-16.2016.","Diederen KM","J Neurosci","2017","2017/02/17","PMC5320604","","10.1523/JNEUROSCI.1979-16.2016"
"27535906","A Putative Multiple-Demand System in the Macaque Brain","Mitchell DJ, Bell AH, Buckley MJ, Mitchell AS, Sallet J, Duncan J.","J Neurosci. 2016 Aug 17;36(33):8574-85. doi: 10.1523/JNEUROSCI.0810-16.2016.","Mitchell DJ","J Neurosci","2016","2016/08/19","PMC4987434","","10.1523/JNEUROSCI.0810-16.2016"
"27501382","Design and implementation of embedded 8-channel receive-only arrays for whole-brain MRI and fMRI of conscious awake marmosets","Papoti D, Yen CC, Hung CC, Ciuchta J, Leopold DA, Silva AC.","Magn Reson Med. 2017 Jul;78(1):387-398. doi: 10.1002/mrm.26339. Epub 2016 Aug 8.","Papoti D","Magn Reson Med","2017","2016/08/09","PMC5298952","NIHMS797550","10.1002/mrm.26339"
"27488625","Contributions of the Central Extended Amygdala to Fear and Anxiety","Shackman AJ, Fox AS.","J Neurosci. 2016 Aug 3;36(31):8050-63. doi: 10.1523/JNEUROSCI.0982-16.2016.","Shackman AJ","J Neurosci","2016","2016/08/05","PMC4971357","","10.1523/JNEUROSCI.0982-16.2016"
"27383603","Global Motion Processing in Human Visual Cortical Areas V2 and V3","Furlan M, Smith AT.","J Neurosci. 2016 Jul 6;36(27):7314-24. doi: 10.1523/JNEUROSCI.0025-16.2016.","Furlan M","J Neurosci","2016","2016/07/08","PMC6705536","","10.1523/JNEUROSCI.0025-16.2016"
"27309348","Distinct BOLD fMRI Responses of Capsaicin-Induced Thermal Sensation Reveal Pain-Related Brain Activation in Nonhuman Primates","Asad AB, Seah S, Baumgartner R, Feng D, Jensen A, Manigbas E, Henry B, Houghton A, Evelhoch JL, Derbyshire SW, Chin CL.","PLoS One. 2016 Jun 16;11(6):e0156805. doi: 10.1371/journal.pone.0156805. eCollection 2016.","Asad AB","PLoS One","2016","2016/06/17","PMC4911046","","10.1371/journal.pone.0156805"
"26973476","Functional Connectivity Hubs and Networks in the Awake Marmoset Brain","Belcher AM, Yen CC, Notardonato L, Ross TJ, Volkow ND, Yang Y, Stein EA, Silva AC, Tomasi D.","Front Integr Neurosci. 2016 Mar 4;10:9. doi: 10.3389/fnint.2016.00009. eCollection 2016.","Belcher AM","Front Integr Neurosci","2016","2016/03/15","PMC4777715","","10.3389/fnint.2016.00009"
"26966119","A proof-of-concept, randomized controlled trial of DAR-0100A, a dopamine-1 receptor agonist, for cognitive enhancement in schizophrenia","Girgis RR, Van Snellenberg JX, Glass A, Kegeles LS, Thompson JL, Wall M, Cho RY, Carter CS, Slifstein M, Abi-Dargham A, Lieberman JA.","J Psychopharmacol. 2016 May;30(5):428-35. doi: 10.1177/0269881116636120. Epub 2016 Mar 10.","Girgis RR","J Psychopharmacol","2016","2016/03/12","","","10.1177/0269881116636120"
"26908365","Connectivity between the central nucleus of the amygdala and the bed nucleus of the stria terminalis in the non-human primate: neuronal tract tracing and developmental neuroimaging studies","Oler JA, Tromp DP, Fox AS, Kovner R, Davidson RJ, Alexander AL, McFarlin DR, Birn RM, E Berg B, deCampo DM, Kalin NH, Fudge JL.","Brain Struct Funct. 2017 Jan;222(1):21-39. doi: 10.1007/s00429-016-1198-9. Epub 2016 Feb 23.","Oler JA","Brain Struct Funct","2017","2016/02/25","PMC4995160","NIHMS762902","10.1007/s00429-016-1198-9"
"26865609","Interdigitated Color- and Disparity-Selective Columns within Human Visual Cortical Areas V2 and V3","Nasr S, Polimeni JR, Tootell RB.","J Neurosci. 2016 Feb 10;36(6):1841-57. doi: 10.1523/JNEUROSCI.3518-15.2016.","Nasr S","J Neurosci","2016","2016/02/12","PMC4748071","","10.1523/JNEUROSCI.3518-15.2016"
"26843649","Color-Biased Regions of the Ventral Visual Pathway Lie between Face- and Place-Selective Regions in Humans, as in Macaques","Lafer-Sousa R, Conway BR, Kanwisher NG.","J Neurosci. 2016 Feb 3;36(5):1682-97. doi: 10.1523/JNEUROSCI.3164-15.2016.","Lafer-Sousa R","J Neurosci","2016","2016/02/05","PMC4737777","","10.1523/JNEUROSCI.3164-15.2016"
"26467643","Essential tremor is associated with disruption of functional connectivity in the ventral intermediate Nucleus--Motor Cortex--Cerebellum circuit","Fang W, Chen H, Wang H, Zhang H, Puneet M, Liu M, Lv F, Luo T, Cheng O, Wang X, Lu X.","Hum Brain Mapp. 2016 Jan;37(1):165-78. doi: 10.1002/hbm.23024. Epub 2015 Oct 15.","Fang W","Hum Brain Mapp","2016","2015/10/16","PMC6867464","","10.1002/hbm.23024"
"26467517","Tactile representation of the head and shoulders assessed by fMRI in the nonhuman primate","Wardak C, Guipponi O, Pinède S, Ben Hamed S.","J Neurophysiol. 2016 Jan 1;115(1):80-91. doi: 10.1152/jn.00633.2015. Epub 2015 Oct 14.","Wardak C","J Neurophysiol","2016","2015/10/16","PMC4760502","","10.1152/jn.00633.2015"
"26354907","Discrimination of Visual Categories Based on Behavioral Relevance in Widespread Regions of Frontoparietal Cortex","Erez Y, Duncan J.","J Neurosci. 2015 Sep 9;35(36):12383-93. doi: 10.1523/JNEUROSCI.1134-15.2015.","Erez Y","J Neurosci","2015","2015/09/11","PMC4563032","","10.1523/JNEUROSCI.1134-15.2015"
"26290449","Resting-state functional connectivity in the baboon model of genetic generalized epilepsy","Salinas FS, Szabó CÁ.","Epilepsia. 2015 Oct;56(10):1580-9. doi: 10.1111/epi.13115. Epub 2015 Aug 20.","Salinas FS","Epilepsia","2015","2015/08/21","PMC4593742","NIHMS708606","10.1111/epi.13115"
"26239105","A problem of overlap","Tootell RB, Echavarria C, Nasr S.","Vis Neurosci. 2015 Jan;32:E001. doi: 10.1017/S0952523814000340.","Tootell RB","Vis Neurosci","2015","2015/08/05","PMC5678273","","10.1017/S0952523814000340"
"26203144","Differential fMRI Activation Patterns to Noxious Heat and Tactile Stimuli in the Primate Spinal Cord","Yang PF, Wang F, Chen LM.","J Neurosci. 2015 Jul 22;35(29):10493-502. doi: 10.1523/JNEUROSCI.0583-15.2015.","Yang PF","J Neurosci","2015","2015/07/24","PMC4510289","","10.1523/JNEUROSCI.0583-15.2015"
"26156987","The Anatomical and Functional Organization of the Human Visual Pulvinar","Arcaro MJ, Pinsk MA, Kastner S.","J Neurosci. 2015 Jul 8;35(27):9848-71. doi: 10.1523/JNEUROSCI.1575-14.2015.","Arcaro MJ","J Neurosci","2015","2015/07/10","PMC4495241","","10.1523/JNEUROSCI.1575-14.2015"
"26149609","Functional MRI of visual responses in the awake, behaving marmoset","Hung CC, Yen CC, Ciuchta JL, Papoti D, Bock NA, Leopold DA, Silva AC.","Neuroimage. 2015 Oct 15;120:1-11. doi: 10.1016/j.neuroimage.2015.06.090. Epub 2015 Jul 3.","Hung CC","Neuroimage","2015","2015/07/08","PMC4589494","NIHMS711899","10.1016/j.neuroimage.2015.06.090"
"26052749","Functional subregions of the human entorhinal cortex","Maass A, Berron D, Libby LA, Ranganath C, Düzel E.","Elife. 2015 Jun 8;4:e06426. doi: 10.7554/eLife.06426.","Maass A","Elife","2015","2015/06/09","PMC4458841","","10.7554/eLife.06426"
"26041830","Activity in the human superior colliculus relating to endogenous saccade preparation and execution","Furlan M, Smith AT, Walker R.","J Neurophysiol. 2015 Aug;114(2):1048-58. doi: 10.1152/jn.00825.2014. Epub 2015 Jun 3.","Furlan M","J Neurophysiol","2015","2015/06/05","PMC4725108","","10.1152/jn.00825.2014"
"26029069","Aggressive vocal expressions-an investigation of their underlying neural network","Klaas HS, Frühholz S, Grandjean D.","Front Behav Neurosci. 2015 May 11;9:121. doi: 10.3389/fnbeh.2015.00121. eCollection 2015.","Klaas HS","Front Behav Neurosci","2015","2015/06/02","PMC4426728","","10.3389/fnbeh.2015.00121"
"25970649","Functional subdivisions of medial parieto-occipital cortex in humans and nonhuman primates using resting-state fMRI","Hutchison RM, Culham JC, Flanagan JR, Everling S, Gallivan JP.","Neuroimage. 2015 Aug 1;116:10-29. doi: 10.1016/j.neuroimage.2015.04.068. Epub 2015 May 10.","Hutchison RM","Neuroimage","2015","2015/05/14","","","10.1016/j.neuroimage.2015.04.068"
"25390202","Tolerance of macaque middle STS body patch neurons to shape-preserving stimulus transformations","Popivanov ID, Jastorff J, Vanduffel W, Vogels R.","J Cogn Neurosci. 2015 May;27(5):1001-16. doi: 10.1162/jocn_a_00762. Epub 2014 Nov 12.","Popivanov ID","J Cogn Neurosci","2015","2014/11/13","","","10.1162/jocn_a_00762"
"25375136","Deep supervised, but not unsupervised, models may explain IT cortical representation","Khaligh-Razavi SM, Kriegeskorte N.","PLoS Comput Biol. 2014 Nov 6;10(11):e1003915. doi: 10.1371/journal.pcbi.1003915. eCollection 2014 Nov.","Khaligh-Razavi SM","PLoS Comput Biol","2014","2014/11/07","PMC4222664","","10.1371/journal.pcbi.1003915"
"25224997","Understanding human original actions directed at real-world goals: the role of the lateral prefrontal cortex","Sitnikova T, Rosen BR, Lord LD, West WC.","Neuroimage. 2014 Dec;103:91-105. doi: 10.1016/j.neuroimage.2014.09.012. Epub 2014 Sep 16.","Sitnikova T","Neuroimage","2014","2014/09/17","PMC4312188","NIHMS628219","10.1016/j.neuroimage.2014.09.012"
"25009268","Parallel functional reorganizations of somatosensory areas 3b and 1, and S2 following spinal cord injury in squirrel monkeys","Yang PF, Qi HX, Kaas JH, Chen LM.","J Neurosci. 2014 Jul 9;34(28):9351-63. doi: 10.1523/JNEUROSCI.0537-14.2014.","Yang PF","J Neurosci","2014","2014/07/11","PMC4087212","","10.1523/JNEUROSCI.0537-14.2014"
"24933029","Subthalamic nucleus deep brain stimulation induces motor network BOLD activation: use of a high precision MRI guided stereotactic system for nonhuman primates","Min HK, Ross EK, Lee KH, Dennis K, Han SR, Jeong JH, Marsh MP, Striemer B, Felmlee JP, Lujan JL, Goerss S, Duffy PS, Blaha C, Chang SY, Bennet KE.","Brain Stimul. 2014 Jul-Aug;7(4):603-607. doi: 10.1016/j.brs.2014.04.007. Epub 2014 May 2.","Min HK","Brain Stimul","2014","2014/06/17","PMC4108508","NIHMS603271","10.1016/j.brs.2014.04.007"
"24893745","Retinotopy versus face selectivity in macaque visual cortex","Rajimehr R, Bilenko NY, Vanduffel W, Tootell RB.","J Cogn Neurosci. 2014 Dec;26(12):2691-700. doi: 10.1162/jocn_a_00672. Epub 2014 Jun 4.","Rajimehr R","J Cogn Neurosci","2014","2014/06/05","","","10.1162/jocn_a_00672"
"24790190","The anterior cingulate gyrus signals the net value of others' rewards","Apps MA, Ramnani N.","J Neurosci. 2014 Apr 30;34(18):6190-200. doi: 10.1523/JNEUROSCI.2701-13.2014.","Apps MA","J Neurosci","2014","2014/05/03","PMC4004808","","10.1523/JNEUROSCI.2701-13.2014"
"24523555","Representation of the material properties of objects in the visual cortex of nonhuman primates","Goda N, Tachibana A, Okazawa G, Komatsu H.","J Neurosci. 2014 Feb 12;34(7):2660-73. doi: 10.1523/JNEUROSCI.2593-13.2014.","Goda N","J Neurosci","2014","2014/02/14","PMC6802747","","10.1523/JNEUROSCI.2593-13.2014"
"24478378","Dissociable memory traces within the macaque medial temporal lobe predict subsequent recognition performance","Miyamoto K, Adachi Y, Osada T, Watanabe T, Kimura HM, Setsuie R, Miyashita Y.","J Neurosci. 2014 Jan 29;34(5):1988-97. doi: 10.1523/JNEUROSCI.4048-13.2014.","Miyamoto K","J Neurosci","2014","2014/01/31","PMC6827594","","10.1523/JNEUROSCI.4048-13.2014"
"24453305","A hierarchy of responses to auditory regularities in the macaque brain","Uhrig L, Dehaene S, Jarraya B.","J Neurosci. 2014 Jan 22;34(4):1127-32. doi: 10.1523/JNEUROSCI.3165-13.2014.","Uhrig L","J Neurosci","2014","2014/01/24","PMC5635960","EMS74429","10.1523/JNEUROSCI.3165-13.2014"
"24164166","Graphs of brain networks","Zahr NM.","Alcohol Clin Exp Res. 2013 Nov;37(11):1813-5. doi: 10.1111/acer.12293.","Zahr NM","Alcohol Clin Exp Res","2013","2013/10/30","PMC8146133","NIHMS1699229","10.1111/acer.12293"
"24068551","Large-scale brain networks of the human left temporal pole: a functional connectivity MRI study","Pascual B, Masdeu JC, Hollenbeck M, Makris N, Insausti R, Ding SL, Dickerson BC.","Cereb Cortex. 2015 Mar;25(3):680-702. doi: 10.1093/cercor/bht260. Epub 2013 Sep 24.","Pascual B","Cereb Cortex","2015","2013/09/27","PMC4318532","","10.1093/cercor/bht260"
"23928747","Multi-region hemispheric specialization differentiates human from nonhuman primate brain function","Wey HY, Phillips KA, McKay DR, Laird AR, Kochunov P, Davis MD, Glahn DC, Blangero J, Duong TQ, Fox PT.","Brain Struct Funct. 2014 Nov;219(6):2187-94. doi: 10.1007/s00429-013-0620-9. Epub 2013 Aug 9.","Wey HY","Brain Struct Funct","2014","2013/08/10","PMC4219928","NIHMS638709","10.1007/s00429-013-0620-9"
"23905720","The effects of alcohol on the nonhuman primate brain: a network science approach to neuroimaging","Telesford QK, Laurienti PJ, Friedman DP, Kraft RA, Daunais JB.","Alcohol Clin Exp Res. 2013 Nov;37(11):1891-900. doi: 10.1111/acer.12181. Epub 2013 Jul 26.","Telesford QK","Alcohol Clin Exp Res","2013","2013/08/03","PMC3812370","NIHMS471410","10.1111/acer.12181"
"23873674","""What?"" and ""where?"" versus ""what is where?"": the impact of task on coding of object form and position in the lateral occipital complex","Macevoy SP.","J Vis. 2013 Jul 19;13(8):21. doi: 10.1167/13.8.21.","Macevoy SP","J Vis","2013","2013/07/23","","","10.1167/13.8.21"
"23788461","Minimizing biases in estimating the reorganization of human visual areas with BOLD retinotopic mapping","Binda P, Thomas JM, Boynton GM, Fine I.","J Vis. 2013 Jun 20;13(7):13. doi: 10.1167/13.7.13.","Binda P","J Vis","2013","2013/06/22","PMC3689563","","10.1167/13.7.13"
"23773004","A method for conducting functional MRI studies in alert nonhuman primates: initial results with opioid agonists in male cynomolgus monkeys","Kaufman MJ, Janes AC, Frederick Bd, Brimson-Théberge M, Tong Y, McWilliams SB, Bear A, Gillis TE, Schrode KM, Renshaw PF, Negus SS.","Exp Clin Psychopharmacol. 2013 Aug;21(4):323-31. doi: 10.1037/a0033062. Epub 2013 Jun 17.","Kaufman MJ","Exp Clin Psychopharmacol","2013","2013/06/19","PMC3916219","NIHMS546580","10.1037/a0033062"
"23723346","Neurovascular coupling to D2/D3 dopamine receptor occupancy using simultaneous PET/functional MRI","Sander CY, Hooker JM, Catana C, Normandin MD, Alpert NM, Knudsen GM, Vanduffel W, Rosen BR, Mandeville JB.","Proc Natl Acad Sci U S A. 2013 Jul 2;110(27):11169-74. doi: 10.1073/pnas.1220512110. Epub 2013 May 30.","Sander CY","Proc Natl Acad Sci U S A","2013","2013/06/01","PMC3703969","","10.1073/pnas.1220512110"
"23585519","The pathways for intelligible speech: multivariate and univariate perspectives","Evans S, Kyong JS, Rosen S, Golestani N, Warren JE, McGettigan C, Mourão-Miranda J, Wise RJ, Scott SK.","Cereb Cortex. 2014 Sep;24(9):2350-61. doi: 10.1093/cercor/bht083. Epub 2013 Apr 12.","Evans S","Cereb Cortex","2014","2013/04/16","PMC4128702","","10.1093/cercor/bht083"
"23513045","Dissociable functional networks of the human dentate nucleus","Bernard JA, Peltier SJ, Benson BL, Wiggins JL, Jaeggi SM, Buschkuehl M, Jonides J, Monk CS, Seidler RD.","Cereb Cortex. 2014 Aug;24(8):2151-9. doi: 10.1093/cercor/bht065. Epub 2013 Mar 19.","Bernard JA","Cereb Cortex","2014","2013/03/21","PMC4089384","","10.1093/cercor/bht065"
"23460411","Representational demands modulate involvement of perirhinal cortex in face processing","O'Neil EB, Barkley VA, Köhler S.","Hippocampus. 2013 Jul;23(7):592-605. doi: 10.1002/hipo.22117. Epub 2013 Apr 12.","O'Neil EB","Hippocampus","2013","2013/03/06","","","10.1002/hipo.22117"
"23447621","Multimodal convergence within the intraparietal sulcus of the macaque monkey","Guipponi O, Wardak C, Ibarrola D, Comte JC, Sappey-Marinier D, Pinède S, Ben Hamed S.","J Neurosci. 2013 Feb 27;33(9):4128-39. doi: 10.1523/JNEUROSCI.1421-12.2013.","Guipponi O","J Neurosci","2013","2013/03/01","PMC6619317","","10.1523/JNEUROSCI.1421-12.2013"
"23365237","Where one hand meets the other: limb-specific and action-dependent movement plans decoded from preparatory signals in single human frontoparietal brain areas","Gallivan JP, McLean DA, Flanagan JR, Culham JC.","J Neurosci. 2013 Jan 30;33(5):1991-2008. doi: 10.1523/JNEUROSCI.0541-12.2013.","Gallivan JP","J Neurosci","2013","2013/02/01","PMC6619126","","10.1523/JNEUROSCI.0541-12.2013"
"23077051","Dynamic reorganization of digit representations in somatosensory cortex of nonhuman primates after spinal cord injury","Chen LM, Qi HX, Kaas JH.","J Neurosci. 2012 Oct 17;32(42):14649-63. doi: 10.1523/JNEUROSCI.1841-12.2012.","Chen LM","J Neurosci","2012","2012/10/19","PMC3498942","NIHMS416090","10.1523/JNEUROSCI.1841-12.2012"
"23042731","Meta-analytic connectivity modeling reveals differential functional connectivity of the medial and lateral orbitofrontal cortex","Zald DH, McHugo M, Ray KL, Glahn DC, Eickhoff SB, Laird AR.","Cereb Cortex. 2014 Jan;24(1):232-48. doi: 10.1093/cercor/bhs308. Epub 2012 Oct 4.","Zald DH","Cereb Cortex","2014","2012/10/09","PMC3862271","","10.1093/cercor/bhs308"
"22965769","Human finger somatotopy in areas 3b, 1, and 2: a 7T fMRI study using a natural stimulus","Martuzzi R, van der Zwaag W, Farthouat J, Gruetter R, Blanke O.","Hum Brain Mapp. 2014 Jan;35(1):213-26. doi: 10.1002/hbm.22172. Epub 2012 Sep 11.","Martuzzi R","Hum Brain Mapp","2014","2012/09/12","PMC6869627","","10.1002/hbm.22172"
"22849405","Neurodynamics of cognitive set shifting in monkey frontal cortex and its causal impact on behavioral flexibility","Kamigaki T, Fukushima T, Tamura K, Miyashita Y.","J Cogn Neurosci. 2012 Nov;24(11):2171-85. doi: 10.1162/jocn_a_00277. Epub 2012 Jul 31.","Kamigaki T","J Cogn Neurosci","2012","2012/08/02","","","10.1162/jocn_a_00277"
"22836258","Unravelling the intrinsic functional organization of the human lateral frontal cortex: a parcellation scheme based on resting state fMRI","Goulas A, Uylings HB, Stiers P.","J Neurosci. 2012 Jul 25;32(30):10238-52. doi: 10.1523/JNEUROSCI.5852-11.2012.","Goulas A","J Neurosci","2012","2012/07/28","PMC6703746","","10.1523/JNEUROSCI.5852-11.2012"
"22492028","Direct evidence for domain-sensitive functional subregions in human entorhinal cortex","Schultz H, Sommer T, Peters J.","J Neurosci. 2012 Apr 4;32(14):4716-23. doi: 10.1523/JNEUROSCI.5126-11.2012.","Schultz H","J Neurosci","2012","2012/04/12","PMC6620910","","10.1523/JNEUROSCI.5126-11.2012"
"22253658","Methods for fine scale functional imaging of tactile motion in human and nonhuman primates","Friedman RM, Dillenburger BC, Wang F, Avison MJ, Gore JC, Roe AW, Chen LM.","Open Neuroimag J. 2011;5:160-71. doi: 10.2174/1874440001105010160. Epub 2011 Nov 18.","Friedman RM","Open Neuroimag J","2011","2012/01/19","PMC3257843","","10.2174/1874440001105010160"
"22115923","Differential fMRI activation to noxious heat and tactile stimuli in parasylvian areas of new world monkeys","Chen LM, Dillenburger BC, Wang F, Tang CH.","Pain. 2012 Jan;153(1):158-169. doi: 10.1016/j.pain.2011.10.006. Epub 2011 Nov 23.","Chen LM","Pain","2012","2011/11/26","PMC3245780","NIHMS332815","10.1016/j.pain.2011.10.006"
"22114283","Decoding effector-dependent and effector-independent movement intentions from human parieto-frontal brain activity","Gallivan JP, McLean DA, Smith FW, Culham JC.","J Neurosci. 2011 Nov 23;31(47):17149-68. doi: 10.1523/JNEUROSCI.1058-11.2011.","Gallivan JP","J Neurosci","2011","2011/11/25","PMC6623835","","10.1523/JNEUROSCI.1058-11.2011"
"22040739","Ongoing physiological processes in the cerebral cortex","Leopold DA, Maier A.","Neuroimage. 2012 Oct 1;62(4):2190-200. doi: 10.1016/j.neuroimage.2011.10.059. Epub 2011 Oct 25.","Leopold DA","Neuroimage","2012","2011/11/02","PMC3288739","NIHMS334847","10.1016/j.neuroimage.2011.10.059"
"21957240","Scene-selective cortical regions in human and nonhuman primates","Nasr S, Liu N, Devaney KJ, Yue X, Rajimehr R, Ungerleider LG, Tootell RB.","J Neurosci. 2011 Sep 28;31(39):13771-85. doi: 10.1523/JNEUROSCI.2792-11.2011.","Nasr S","J Neurosci","2011","2011/09/30","PMC3489186","NIHMS328321","10.1523/JNEUROSCI.2792-11.2011"
"21865466","Relationship between functional magnetic resonance imaging-identified regions and neuronal category selectivity","Bell AH, Malecek NJ, Morin EL, Hadj-Bouziane F, Tootell RB, Ungerleider LG.","J Neurosci. 2011 Aug 24;31(34):12229-40. doi: 10.1523/JNEUROSCI.5865-10.2011.","Bell AH","J Neurosci","2011","2011/08/26","PMC3165163","NIHMS317613","10.1523/JNEUROSCI.5865-10.2011"
"21715625","Decoding action intentions from preparatory brain activity in human parieto-frontal networks","Gallivan JP, McLean DA, Valyear KF, Pettypiece CE, Culham JC.","J Neurosci. 2011 Jun 29;31(26):9599-610. doi: 10.1523/JNEUROSCI.0080-11.2011.","Gallivan JP","J Neurosci","2011","2011/07/01","PMC6623162","","10.1523/JNEUROSCI.0080-11.2011"
"21677185","FMRI adaptation reveals a cortical mechanism for the coding of space near the hand","Brozzoli C, Gentile G, Petkova VI, Ehrsson HH.","J Neurosci. 2011 Jun 15;31(24):9023-31. doi: 10.1523/JNEUROSCI.1172-11.2011.","Brozzoli C","J Neurosci","2011","2011/06/17","PMC6622953","","10.1523/JNEUROSCI.1172-11.2011"
"21664781","Realignment strategies for awake-monkey fMRI data","Stoewer S, Goense J, Keliris GA, Bartels A, Logothetis NK, Duncan J, Sigala N.","Magn Reson Imaging. 2011 Dec;29(10):1390-400. doi: 10.1016/j.mri.2011.05.003. Epub 2011 Jun 12.","Stoewer S","Magn Reson Imaging","2011","2011/06/14","","","10.1016/j.mri.2011.05.003"
"21530264","Subjective socioeconomic status predicts human ventral striatal responses to social status information","Ly M, Haynes MR, Barter JW, Weinberger DR, Zink CF.","Curr Biol. 2011 May 10;21(9):794-7. doi: 10.1016/j.cub.2011.03.050. Epub 2011 Apr 28.","Ly M","Curr Biol","2011","2011/05/03","","","10.1016/j.cub.2011.03.050"
"21317354","Nonhuman primate positron emission tomography neuroimaging in drug abuse research","Howell LL, Murnane KS.","J Pharmacol Exp Ther. 2011 May;337(2):324-34. doi: 10.1124/jpet.108.136689. Epub 2011 Feb 11.","Howell LL","J Pharmacol Exp Ther","2011","2011/02/15","PMC3083112","","10.1124/jpet.108.136689"
"21265603","Functional connectivity and coactivation of the nucleus accumbens: a combined functional connectivity and structure-based meta-analysis","Cauda F, Cavanna AE, D'agata F, Sacco K, Duca S, Geminiani GC.","J Cogn Neurosci. 2011 Oct;23(10):2864-77. doi: 10.1162/jocn.2011.21624. Epub 2011 Jan 25.","Cauda F","J Cogn Neurosci","2011","2011/01/27","","","10.1162/jocn.2011.21624"
"20827260","Baseline CBF, and BOLD, CBF, and CMRO2 fMRI of visual and vibrotactile stimulations in baboons","Wey HY, Wang DJ, Duong TQ.","J Cereb Blood Flow Metab. 2011 Feb;31(2):715-24. doi: 10.1038/jcbfm.2010.154. Epub 2010 Sep 8.","Wey HY","J Cereb Blood Flow Metab","2011","2010/09/10","PMC3049525","","10.1038/jcbfm.2010.154"
"20579829","Integration of EEG source imaging and fMRI during continuous viewing of natural movies","Whittingstall K, Bartels A, Singh V, Kwon S, Logothetis NK.","Magn Reson Imaging. 2010 Oct;28(8):1135-42. doi: 10.1016/j.mri.2010.03.042. Epub 2010 Jun 25.","Whittingstall K","Magn Reson Imaging","2010","2010/06/29","","","10.1016/j.mri.2010.03.042"
"20433244","High-resolution fMRI reveals match enhancement and attentional modulation in the human medial temporal lobe","Dudukovic NM, Preston AR, Archie JJ, Glover GH, Wagner AD.","J Cogn Neurosci. 2011 Mar;23(3):670-82. doi: 10.1162/jocn.2010.21509. Epub 2010 Apr 30.","Dudukovic NM","J Cogn Neurosci","2011","2010/05/04","PMC5746189","NIHMS928159","10.1162/jocn.2010.21509"
"20164324","fMRI-Guided transcranial magnetic stimulation reveals that the superior temporal sulcus is a cortical locus of the McGurk effect","Beauchamp MS, Nath AR, Pasalar S.","J Neurosci. 2010 Feb 17;30(7):2414-7. doi: 10.1523/JNEUROSCI.4865-09.2010.","Beauchamp MS","J Neurosci","2010","2010/02/19","PMC2844713","NIHMS179272","10.1523/JNEUROSCI.4865-09.2010"
"19803682","Heterogeneous structure in face-selective human occipito-temporal cortex","Betts LR, Wilson HR.","J Cogn Neurosci. 2010 Oct;22(10):2276-88. doi: 10.1162/jocn.2009.21346.","Betts LR","J Cogn Neurosci","2010","2009/10/07","","","10.1162/jocn.2009.21346"
"19386635","Integrating visual and tactile information in the perirhinal cortex","Holdstock JS, Hocking J, Notley P, Devlin JT, Price CJ.","Cereb Cortex. 2009 Dec;19(12):2993-3000. doi: 10.1093/cercor/bhp073. Epub 2009 Apr 22.","Holdstock JS","Cereb Cortex","2009","2009/04/24","PMC2774401","","10.1093/cercor/bhp073"
"19239700","Orienting asymmetries and lateralized processing of sounds in humans","Fischer J, Teufel C, Drolet M, Patzelt A, Rübsamen R, von Cramon DY, Schubotz RI.","BMC Neurosci. 2009 Feb 24;10:14. doi: 10.1186/1471-2202-10-14.","Fischer J","BMC Neurosci","2009","2009/02/26","PMC2652465","","10.1186/1471-2202-10-14"
"19179278","An anterior temporal face patch in human cortex, predicted by macaque maps","Rajimehr R, Young JC, Tootell RB.","Proc Natl Acad Sci U S A. 2009 Feb 10;106(6):1995-2000. doi: 10.1073/pnas.0807304106. Epub 2009 Jan 28.","Rajimehr R","Proc Natl Acad Sci U S A","2009","2009/01/31","PMC2632713","","10.1073/pnas.0807304106"
"19138749","BOLD fMRI activation for anti-saccades in nonhuman primates","Ford KA, Gati JS, Menon RS, Everling S.","Neuroimage. 2009 Apr 1;45(2):470-6. doi: 10.1016/j.neuroimage.2008.12.009. Epub 2008 Dec 24.","Ford KA","Neuroimage","2009","2009/01/14","","","10.1016/j.neuroimage.2008.12.009"
"19074351","Modafinil shifts human locus coeruleus to low-tonic, high-phasic activity during functional MRI","Minzenberg MJ, Watrous AJ, Yoon JH, Ursu S, Carter CS.","Science. 2008 Dec 12;322(5908):1700-2. doi: 10.1126/science.1164908.","Minzenberg MJ","Science","2008","2008/12/17","","","10.1126/science.1164908"
"18971297","Development of working memory maintenance","Geier CF, Garver K, Terwilliger R, Luna B.","J Neurophysiol. 2009 Jan;101(1):84-99. doi: 10.1152/jn.90562.2008. Epub 2008 Oct 29.","Geier CF","J Neurophysiol","2009","2008/10/31","PMC2637004","","10.1152/jn.90562.2008"
"18701759","Intrinsic functional relations between human cerebral cortex and thalamus","Zhang D, Snyder AZ, Fox MD, Sansbury MW, Shimony JS, Raichle ME.","J Neurophysiol. 2008 Oct;100(4):1740-8. doi: 10.1152/jn.90463.2008. Epub 2008 Aug 13.","Zhang D","J Neurophysiol","2008","2008/08/15","PMC2576214","","10.1152/jn.90463.2008"
"18493928","Multiple signals of recognition memory in the medial temporal lobe","Yassa MA, Stark CE.","Hippocampus. 2008;18(9):945-54. doi: 10.1002/hipo.20452.","Yassa MA","Hippocampus","2008","2008/05/22","","","10.1002/hipo.20452"
"18372289","Functional lateralization of face, hand, and trunk representation in anatomically defined human somatosensory areas","Eickhoff SB, Grefkes C, Fink GR, Zilles K.","Cereb Cortex. 2008 Dec;18(12):2820-30. doi: 10.1093/cercor/bhn039. Epub 2008 Mar 27.","Eickhoff SB","Cereb Cortex","2008","2008/03/29","PMC2724832","","10.1093/cercor/bhn039"
"18172338","High-resolution fMRI maps of cortical activation in nonhuman primates: correlation with intrinsic signal optical images","Roe AW, Chen LM.","ILAR J. 2008;49(1):116-23. doi: 10.1093/ilar.49.1.116.","Roe AW","ILAR J","2008","2008/01/04","PMC2653868","NIHMS94976","10.1093/ilar.49.1.116"
"18054173","Three-dimensional probabilistic maps of the occipital sulci of the human brain in standardized stereotaxic space","Iaria G, Robbins S, Petrides M.","Neuroscience. 2008 Jan 2;151(1):174-85. doi: 10.1016/j.neuroscience.2007.09.050. Epub 2007 Nov 28.","Iaria G","Neuroscience","2008","2007/12/07","","","10.1016/j.neuroscience.2007.09.050"
"17960143","The effect of labeling parameters on perfusion-based fMRI in nonhuman primates","Zappe AC, Pfeuffer J, Merkle H, Logothetis NK, Goense JB.","J Cereb Blood Flow Metab. 2008 Mar;28(3):640-52. doi: 10.1038/sj.jcbfm.9600564. Epub 2007 Oct 24.","Zappe AC","J Cereb Blood Flow Metab","2008","2007/10/26","","","10.1038/sj.jcbfm.9600564"
"17896395","MRI of spontaneous fluctuations after acute cerebral ischemia in nonhuman primates","Liu Y, D'Arceuil H, He J, Duggan M, Gonzalez G, Pryor J, de Crespigny A.","J Magn Reson Imaging. 2007 Oct;26(4):1112-6. doi: 10.1002/jmri.21131.","Liu Y","J Magn Reson Imaging","2007","2007/09/27","","","10.1002/jmri.21131"
"17715354","High-resolution maps of real and illusory tactile activation in primary somatosensory cortex in individual monkeys with functional magnetic resonance imaging and optical imaging","Chen LM, Turner GH, Friedman RM, Zhang N, Gore JC, Roe AW, Avison MJ.","J Neurosci. 2007 Aug 22;27(34):9181-91. doi: 10.1523/JNEUROSCI.1588-07.2007.","Chen LM","J Neurosci","2007","2007/08/24","PMC6672200","","10.1523/JNEUROSCI.1588-07.2007"
"17689575","Human cortical representation of oral temperature","Guest S, Grabenhorst F, Essick G, Chen Y, Young M, McGlone F, de Araujo I, Rolls ET.","Physiol Behav. 2007 Dec 5;92(5):975-84. doi: 10.1016/j.physbeh.2007.07.004. Epub 2007 Jul 13.","Guest S","Physiol Behav","2007","2007/08/11","","","10.1016/j.physbeh.2007.07.004"
"17499170","fMRI studies of eye movement control: investigating the interaction of cognitive and sensorimotor brain systems","Sweeney JA, Luna B, Keedy SK, McDowell JE, Clementz BA.","Neuroimage. 2007;36 Suppl 2(Suppl 2):T54-60. doi: 10.1016/j.neuroimage.2007.03.018. Epub 2007 Mar 27.","Sweeney JA","Neuroimage","2007","2007/05/15","PMC2692203","NIHMS24134","10.1016/j.neuroimage.2007.03.018"
"17497631","Localization of human intraparietal areas AIP, CIP, and LIP using surface orientation and saccadic eye movement tasks","Shikata E, McNamara A, Sprenger A, Hamzei F, Glauche V, Büchel C, Binkofski F.","Hum Brain Mapp. 2008 Apr;29(4):411-21. doi: 10.1002/hbm.20396.","Shikata E","Hum Brain Mapp","2008","2007/05/15","PMC6870972","","10.1002/hbm.20396"
"16950163","The radial bias: a different slant on visual orientation sensitivity in human and nonhuman primates","Sasaki Y, Rajimehr R, Kim BW, Ekstrom LB, Vanduffel W, Tootell RB.","Neuron. 2006 Sep 7;51(5):661-70. doi: 10.1016/j.neuron.2006.07.021.","Sasaki Y","Neuron","2006","2006/09/05","","","10.1016/j.neuron.2006.07.021"
"16928798","Integration of target and effector information in the human brain during reach planning","Beurze SM, de Lange FP, Toni I, Medendorp WP.","J Neurophysiol. 2007 Jan;97(1):188-99. doi: 10.1152/jn.00456.2006. Epub 2006 Aug 23.","Beurze SM","J Neurophysiol","2007","2006/08/25","","","10.1152/jn.00456.2006"
"16281284","Identifying human parieto-insular vestibular cortex using fMRI and cytoarchitectonic mapping","Eickhoff SB, Weiss PH, Amunts K, Fink GR, Zilles K.","Hum Brain Mapp. 2006 Jul;27(7):611-21. doi: 10.1002/hbm.20205.","Eickhoff SB","Hum Brain Mapp","2006","2005/11/11","PMC6871353","","10.1002/hbm.20205"
"15944234","Visual responses of the human superior colliculus: a high-resolution functional magnetic resonance imaging study","Schneider KA, Kastner S.","J Neurophysiol. 2005 Oct;94(4):2491-503. doi: 10.1152/jn.00288.2005. Epub 2005 Jun 8.","Schneider KA","J Neurophysiol","2005","2005/06/10","","","10.1152/jn.00288.2005"
"15849896","Integrating rewards and cognition in the frontal cortex","Gilbert AM, Fiez JA.","Cogn Affect Behav Neurosci. 2004 Dec;4(4):540-52. doi: 10.3758/cabn.4.4.540.","Gilbert AM","Cogn Affect Behav Neurosci","2004","2005/04/27","","","10.3758/cabn.4.4.540"
"15827999","Bilateral cortical representation of the trunk midline in human first somatic sensory area","Fabri M, Polonara G, Salvolini U, Manzoni T.","Hum Brain Mapp. 2005 Jul;25(3):287-96. doi: 10.1002/hbm.20099.","Fabri M","Hum Brain Mapp","2005","2005/04/14","PMC6871704","","10.1002/hbm.20099"
"15710884","Symmetry activates extrastriate visual cortex in human and nonhuman primates","Sasaki Y, Vanduffel W, Knutsen T, Tyler C, Tootell R.","Proc Natl Acad Sci U S A. 2005 Feb 22;102(8):3159-63. doi: 10.1073/pnas.0500319102. Epub 2005 Feb 14.","Sasaki Y","Proc Natl Acad Sci U S A","2005","2005/02/16","PMC549500","","10.1073/pnas.0500319102"
"15601517","Response-selection-related parietal activation during number comparison","Göbel SM, Johansen-Berg H, Behrens T, Rushworth MF.","J Cogn Neurosci. 2004 Nov;16(9):1536-51. doi: 10.1162/0898929042568442.","Göbel SM","J Cogn Neurosci","2004","2004/12/17","","","10.1162/0898929042568442"
"15488396","Distributed digit somatotopy in primary somatosensory cortex","Overduin SA, Servos P.","Neuroimage. 2004 Oct;23(2):462-72. doi: 10.1016/j.neuroimage.2004.06.024.","Overduin SA","Neuroimage","2004","2004/10/19","","","10.1016/j.neuroimage.2004.06.024"
"15110033","Assessing the auditory dual-pathway model in humans","Arnott SR, Binns MA, Grady CL, Alain C.","Neuroimage. 2004 May;22(1):401-8. doi: 10.1016/j.neuroimage.2004.01.014.","Arnott SR","Neuroimage","2004","2004/04/28","","","10.1016/j.neuroimage.2004.01.014"
"15072671","Processing objects at different levels of specificity","Tyler LK, Stamatakis EA, Bright P, Acres K, Abdallah S, Rodd JM, Moss HE.","J Cogn Neurosci. 2004 Apr;16(3):351-62. doi: 10.1162/089892904322926692.","Tyler LK","J Cogn Neurosci","2004","2004/04/10","","","10.1162/089892904322926692"
"15068921","Brain network interactions in auditory, visual and linguistic processing","Horwitz B, Braun AR.","Brain Lang. 2004 May;89(2):377-84. doi: 10.1016/S0093-934X(03)00349-3.","Horwitz B","Brain Lang","2004","2004/04/08","","","10.1016/S0093-934X(03)00349-3"
"14960288","Event-related functional magnetic resonance imaging of reward-related brain circuitry in children and adolescents","May JC, Delgado MR, Dahl RE, Stenger VA, Ryan ND, Fiez JA, Carter CS.","Biol Psychiatry. 2004 Feb 15;55(4):359-66. doi: 10.1016/j.biopsych.2003.11.008.","May JC","Biol Psychiatry","2004","2004/02/13","","","10.1016/j.biopsych.2003.11.008"
"14527586","Functional brain imaging of olfactory processing in monkeys","Boyett-Anderson JM, Lyons DM, Reiss AL, Schatzberg AF, Menon V.","Neuroimage. 2003 Sep;20(1):257-64. doi: 10.1016/s1053-8119(03)00288-x.","Boyett-Anderson JM","Neuroimage","2003","2003/10/07","","","10.1016/s1053-8119(03)00288-x"
"12718849","Principles of pleasure prediction: specifying the neural dynamics of human reward learning","Braver TS, Brown JW.","Neuron. 2003 Apr 24;38(2):150-2. doi: 10.1016/s0896-6273(03)00230-7.","Braver TS","Neuron","2003","2003/04/30","","","10.1016/s0896-6273(03)00230-7"
"12625459","Encoding of novel picture pairs activates the perirhinal cortex: an fMRI study","Pihlajamäki M, Tanila H, Hänninen T, Könönen M, Mikkonen M, Jalkanen V, Partanen K, Aronen HJ, Soininen H.","Hippocampus. 2003;13(1):67-80. doi: 10.1002/hipo.10049.","Pihlajamäki M","Hippocampus","2003","2003/03/11","","","10.1002/hipo.10049"
"12611944","Neural basis of visually guided head movements studied with fMRI","Petit L, Beauchamp MS.","J Neurophysiol. 2003 May;89(5):2516-27. doi: 10.1152/jn.00988.2002. Epub 2003 Jan 29.","Petit L","J Neurophysiol","2003","2003/03/04","","","10.1152/jn.00988.2002"
"12414256","Is it tonotopy after all?","Schönwiesner M, von Cramon DY, Rübsamen R.","Neuroimage. 2002 Nov;17(3):1144-61. doi: 10.1006/nimg.2002.1250.","Schönwiesner M","Neuroimage","2002","2002/11/05","","","10.1006/nimg.2002.1250"
"12126506","Sustained mnemonic response in the human middle frontal gyrus during on-line storage of spatial memoranda","Leung HC, Gore JC, Goldman-Rakic PS.","J Cogn Neurosci. 2002 May 15;14(4):659-71. doi: 10.1162/08989290260045882.","Leung HC","J Cogn Neurosci","2002","2002/07/20","","","10.1162/08989290260045882"
"12030817","Repeated fMRI using iron oxide contrast agent in awake, behaving macaques at 3 Tesla","Leite FP, Tsao D, Vanduffel W, Fize D, Sasaki Y, Wald LL, Dale AM, Kwong KK, Orban GA, Rosen BR, Tootell RB, Mandeville JB.","Neuroimage. 2002 Jun;16(2):283-94. doi: 10.1006/nimg.2002.1110.","Leite FP","Neuroimage","2002","2002/05/29","","","10.1006/nimg.2002.1110"
"11832220","Dissociations within association cortex","Culham J.","Neuron. 2002 Jan 31;33(3):318-20. doi: 10.1016/s0896-6273(02)00584-6.","Culham J","Neuron","2002","2002/02/08","","","10.1016/s0896-6273(02)00584-6"
"11530838","Medial temporal and prefrontal contributions to working memory tasks with novel and familiar stimuli","Stern CE, Sherman SJ, Kirchhoff BA, Hasselmo ME.","Hippocampus. 2001;11(4):337-46. doi: 10.1002/hipo.1048.","Stern CE","Hippocampus","2001","2001/09/04","","","10.1002/hipo.1048"
"11496106","Enhancing fMRI contrast in awake-behaving primates using intravascular magnetite dextran nanopartieles","Dubowitz DJ, Bernheim KA, Chen DY, Bradley WG Jr, Andersen RA.","Neuroreport. 2001 Aug 8;12(11):2335-40. doi: 10.1097/00001756-200108080-00011.","Dubowitz DJ","Neuroreport","2001","2001/08/10","","","10.1097/00001756-200108080-00011"
"11467916","Detection of audio-visual integration sites in humans by application of electrophysiological criteria to the BOLD effect","Calvert GA, Hansen PC, Iversen SD, Brammer MJ.","Neuroimage. 2001 Aug;14(2):427-38. doi: 10.1006/nimg.2001.0812.","Calvert GA","Neuroimage","2001","2001/07/27","","","10.1006/nimg.2001.0812"
"11224904","Hierarchical organization of the human auditory cortex revealed by functional magnetic resonance imaging","Wessinger CM, VanMeter J, Tian B, Van Lare J, Pekar J, Rauschecker JP.","J Cogn Neurosci. 2001 Jan 1;13(1):1-7. doi: 10.1162/089892901564108.","Wessinger CM","J Cogn Neurosci","2001","2001/02/27","","","10.1162/089892901564108"
"11144756","Broca's region subserves imagery of motion: a combined cytoarchitectonic and fMRI study","Binkofski F, Amunts K, Stephan KM, Posse S, Schormann T, Freund HJ, Zilles K, Seitz RJ.","Hum Brain Mapp. 2000 Dec;11(4):273-85. doi: 10.1002/1097-0193(200012)11:4<273::aid-hbm40>3.0.co;2-0.","Binkofski F","Hum Brain Mapp","2000","2001/01/06","PMC6872088","","10.1002/1097-0193(200012)11:4<273::aid-hbm40>3.0.co;2-0"
"10619415","Cortical networks subserving pursuit and saccadic eye movements in humans: an FMRI study","Berman RA, Colby CL, Genovese CR, Voyvodic JT, Luna B, Thulborn KR, Sweeney JA.","Hum Brain Mapp. 1999;8(4):209-25. doi: 10.1002/(sici)1097-0193(1999)8:4<209::aid-hbm5>3.0.co;2-0.","Berman RA","Hum Brain Mapp","1999","2000/01/05","PMC6873313","","10.1002/(sici)1097-0193(1999)8:4<209::aid-hbm5>3.0.co;2-0"
"10350543","The use of fMRI for determining the topographic organization of cortical fields in human and nonhuman primates","Disbrow E, Roberts TP, Slutsky D, Krubitzer L.","Brain Res. 1999 May 22;829(1-2):167-73. doi: 10.1016/s0006-8993(99)01297-4.","Disbrow E","Brain Res","1999","1999/06/03","","","10.1016/s0006-8993(99)01297-4"
"10227627","Neural pathways in tactile object recognition","Deibert E, Kraut M, Kremen S, Hart J Jr.","Neurology. 1999 Apr 22;52(7):1413-7. doi: 10.1212/wnl.52.7.1413.","Deibert E","Neurology","1999","1999/05/05","","","10.1212/wnl.52.7.1413"
"9698575","The time course of changes during motor sequence learning: a whole-brain fMRI study","Toni I, Krams M, Turner R, Passingham RE.","Neuroimage. 1998 Jul;8(1):50-61. doi: 10.1006/nimg.1998.0349.","Toni I","Neuroimage","1998","1998/08/12","","","10.1006/nimg.1998.0349"
"9655492","fMRI of monkey visual cortex","Stefanacci L, Reber P, Costanza J, Wong E, Buxton R, Zola S, Squire L, Albright T.","Neuron. 1998 Jun;20(6):1051-7. doi: 10.1016/s0896-6273(00)80485-7.","Stefanacci L","Neuron","1998","1998/07/09","","","10.1016/s0896-6273(00)80485-7"
"9635201","Brain mapping in animals and humans","Sereno MI.","Curr Opin Neurobiol. 1998 Apr;8(2):188-94. doi: 10.1016/s0959-4388(98)80139-6.","Sereno MI","Curr Opin Neurobiol","1998","1998/06/23","","","10.1016/s0959-4388(98)80139-6"
"9153483","Object shape processing in the visual system evaluated using functional MRI","Kraut M, Hart J Jr, Soher BJ, Gordon B.","Neurology. 1997 May;48(5):1416-20. doi: 10.1212/wnl.48.5.1416.","Kraut M","Neurology","1997","1997/05/01","","","10.1212/wnl.48.5.1416"
"20408207","Tonotopy in human auditory cortex examined with functional magnetic resonance imaging","Wessinger CM, Buonocore MH, Kussmaul CL, Mangun GR.","Hum Brain Mapp. 1997;5(1):18-25. doi: 10.1002/(SICI)1097-0193(1997)5:1<18::AID-HBM3>3.0.CO;2-Q.","Wessinger CM","Hum Brain Mapp","1997","2010/04/22","","","10.1002/(SICI)1097-0193(1997)5:1<18::AID-HBM3>3.0.CO;2-Q"
"7722658","Functional analysis of human MT and related visual cortical areas using magnetic resonance imaging","Tootell RB, Reppas JB, Kwong KK, Malach R, Born RT, Brady TJ, Rosen BR, Belliveau JW.","J Neurosci. 1995 Apr;15(4):3215-30. doi: 10.1523/JNEUROSCI.15-04-03215.1995.","Tootell RB","J Neurosci","1995","1995/04/01","PMC6577785","","10.1523/JNEUROSCI.15-04-03215.1995"
