﻿PMID,Title,Authors,Citation,First Author,Journal/Book,Publication Year,Create Date,PMCID,NIHMS ID,DOI
"34118393","High-resolution in vivo imaging of rhesus cerebral cortex with ultrafast portable photoacoustic microscopy","Qin W, Gan Q, Yang L, Wang Y, Qi W, Ke B, Xi L.","Neuroimage. 2021 Sep;238:118260. doi: 10.1016/j.neuroimage.2021.118260. Epub 2021 Jun 9.","Qin W","Neuroimage","2021","2021/06/12","","","10.1016/j.neuroimage.2021.118260"
"33822908","Brain Activity Fluctuations Propagate as Waves Traversing the Cortical Hierarchy","Gu Y, Sainburg LE, Kuang S, Han F, Williams JW, Liu Y, Zhang N, Zhang X, Leopold DA, Liu X.","Cereb Cortex. 2021 Jul 29;31(9):3986-4005. doi: 10.1093/cercor/bhab064.","Gu Y","Cereb Cortex","2021","2021/04/06","","","10.1093/cercor/bhab064"
"33427167","Developmental outcomes of early adverse care on amygdala functional connectivity in nonhuman primates","Morin EL, Howell BR, Feczko E, Earl E, Pincus M, Reding K, Kovacs-Balint ZA, Meyer JS, Styner M, Fair D, Sanchez MM.","Dev Psychopathol. 2020 Dec;32(5):1579-1596. doi: 10.1017/S0954579420001133.","Morin EL","Dev Psychopathol","2020","2021/01/11","","","10.1017/S0954579420001133"
"33350445","Individual Variability in Functional Organization of the Human and Monkey Auditory Cortex","Ren J, Xu T, Wang D, Li M, Lin Y, Schoeppe F, Ramirez JSB, Han Y, Luan G, Li L, Liu H, Ahveninen J.","Cereb Cortex. 2021 Mar 31;31(5):2450-2465. doi: 10.1093/cercor/bhaa366.","Ren J","Cereb Cortex","2021","2020/12/22","PMC8023837","","10.1093/cercor/bhaa366"
"33338618","Intrinsic functional clustering of ventral premotor F5 in the macaque brain","Sharma S, Schaeffer DJ, Vinken K, Everling S, Nelissen K.","Neuroimage. 2021 Feb 15;227:117647. doi: 10.1016/j.neuroimage.2020.117647. Epub 2020 Dec 15.","Sharma S","Neuroimage","2021","2020/12/18","","","10.1016/j.neuroimage.2020.117647"
"33263778","Mapping the neural circuitry of predator fear in the nonhuman primate","Montardy Q, Kwan WC, Mundinano IC, Fox DM, Wang L, Gross CT, Bourne JA.","Brain Struct Funct. 2021 Jan;226(1):195-205. doi: 10.1007/s00429-020-02176-6. Epub 2020 Dec 2.","Montardy Q","Brain Struct Funct","2021","2020/12/02","PMC7817595","","10.1007/s00429-020-02176-6"
"33221453","Multimodal 3D atlas of the macaque monkey motor and premotor cortex","Rapan L, Froudist-Walsh S, Niu M, Xu T, Funck T, Zilles K, Palomero-Gallagher N.","Neuroimage. 2021 Feb 1;226:117574. doi: 10.1016/j.neuroimage.2020.117574. Epub 2020 Nov 20.","Rapan L","Neuroimage","2021","2020/11/22","PMC8168280","NIHMS1702877","10.1016/j.neuroimage.2020.117574"
"33137478","Signature of consciousness in brain-wide synchronization patterns of monkey and human fMRI signals","Hahn G, Zamora-López G, Uhrig L, Tagliazucchi E, Laufs H, Mantini D, Kringelbach ML, Jarraya B, Deco G.","Neuroimage. 2021 Feb 1;226:117470. doi: 10.1016/j.neuroimage.2020.117470. Epub 2020 Nov 1.","Hahn G","Neuroimage","2021","2020/11/02","","","10.1016/j.neuroimage.2020.117470"
"33127411","Effects of alfaxalone on cerebral blood flow and intrinsic neural activity of rhesus monkeys: A comparison study with ketamine","Li CX, Kempf D, Howell L, Zhang X.","Magn Reson Imaging. 2021 Jan;75:134-140. doi: 10.1016/j.mri.2020.10.011. Epub 2020 Oct 27.","Li CX","Magn Reson Imaging","2021","2020/10/31","PMC7733545","NIHMS1643371","10.1016/j.mri.2020.10.011"
"33067998","Connectivity of the Cingulate Sulcus Visual Area (CSv) in Macaque Monkeys","De Castro V, Smith AT, Beer AL, Leguen C, Vayssière N, Héjja-Brichard Y, Audurier P, Cottereau BR, Durand JB.","Cereb Cortex. 2021 Jan 5;31(2):1347-1364. doi: 10.1093/cercor/bhaa301.","De Castro V","Cereb Cortex","2021","2020/10/17","PMC7786354","","10.1093/cercor/bhaa301"
"32539526","Diagnostic Classification for Human Autism and Obsessive-Compulsive Disorder Based on Machine Learning From a Primate Genetic Model","Zhan Y, Wei J, Liang J, Xu X, He R, Robbins TW, Wang Z.","Am J Psychiatry. 2021 Jan 1;178(1):65-76. doi: 10.1176/appi.ajp.2020.19101091. Epub 2020 Jun 16.","Zhan Y","Am J Psychiatry","2021","2020/06/17","","","10.1176/appi.ajp.2020.19101091"
"32269107","MECP2 Duplication Causes Aberrant GABA Pathways, Circuits and Behaviors in Transgenic Monkeys: Neural Mappings to Patients with Autism","Cai DC, Wang Z, Bo T, Yan S, Liu Y, Liu Z, Zeljic K, Chen X, Zhan Y, Xu X, Du Y, Wang Y, Cang J, Wang GZ, Zhang J, Sun Q, Qiu Z, Ge S, Ye Z, Wang Z.","J Neurosci. 2020 May 6;40(19):3799-3814. doi: 10.1523/JNEUROSCI.2727-19.2020. Epub 2020 Apr 8.","Cai DC","J Neurosci","2020","2020/04/10","PMC7204082","","10.1523/JNEUROSCI.2727-19.2020"
"32255200","Mapping mesoscale cortical connectivity in monkey sensorimotor cortex with optical imaging and microstimulation","Friedman RM, Morone KA, Gharbawie OA, Roe AW.","J Comp Neurol. 2020 Dec 1;528(17):3095-3107. doi: 10.1002/cne.24918. Epub 2020 May 4.","Friedman RM","J Comp Neurol","2020","2020/04/08","PMC7541397","NIHMS1581307","10.1002/cne.24918"
"32158386","Memory Function and Brain Functional Connectivity Adaptations Following Multiple-Modality Exercise and Mind-Motor Training in Older Adults at Risk of Dementia: An Exploratory Sub-Study","Boa Sorte Silva NC, Nagamatsu LS, Gill DP, Owen AM, Petrella RJ.","Front Aging Neurosci. 2020 Feb 25;12:22. doi: 10.3389/fnagi.2020.00022. eCollection 2020.","Boa Sorte Silva NC","Front Aging Neurosci","2020","2020/03/12","PMC7052336","","10.3389/fnagi.2020.00022"
"31858422","Effects of Chronic Ephedrine Toxicity on Functional Connections, Cell Apoptosis, and CREB-Related Proteins in the Prefrontal Cortex of Rhesus Monkeys","Duan S, Ma Y, Xie L, Zheng L, Huang J, Guo R, Sun Z, Xie Y, Lv J, Lin Z, Ma S.","Neurotox Res. 2020 Mar;37(3):602-615. doi: 10.1007/s12640-019-00146-3. Epub 2019 Dec 20.","Duan S","Neurotox Res","2020","2019/12/21","","","10.1007/s12640-019-00146-3"
"31846515","Effects of social subordination and oestradiol on resting-state amygdala functional connectivity in adult female rhesus monkeys","Reding KM, Grayson DS, Miranda-Dominguez O, Ray S, Wilson ME, Toufexis D, Fair DA, Sanchez MM.","J Neuroendocrinol. 2020 Feb;32(2):e12822. doi: 10.1111/jne.12822. Epub 2020 Feb 11.","Reding KM","J Neuroendocrinol","2020","2019/12/18","PMC7066536","NIHMS1064649","10.1111/jne.12822"
"31731911","Cingulate role in Tourette syndrome","O'Neill J, Piacentini JC, Peterson BS.","Handb Clin Neurol. 2019;166:165-221. doi: 10.1016/B978-0-444-64196-0.00011-X.","O'Neill J","Handb Clin Neurol","2019","2019/11/17","","","10.1016/B978-0-444-64196-0.00011-X"
"31649516","Brainstem Modulation of Large-Scale Intrinsic Cortical Activity Correlations","van den Brink RL, Pfeffer T, Donner TH.","Front Hum Neurosci. 2019 Oct 9;13:340. doi: 10.3389/fnhum.2019.00340. eCollection 2019.","van den Brink RL","Front Hum Neurosci","2019","2019/10/26","PMC6794422","","10.3389/fnhum.2019.00340"
"31120417","Preserved extrastriate visual network in a monkey with substantial, naturally occurring damage to primary visual cortex","Bridge H, Bell AH, Ainsworth M, Sallet J, Premereur E, Ahmed B, Mitchell AS, Schüffelgen U, Buckley M, Tendler BC, Miller KL, Mars RB, Parker AJ, Krug K.","Elife. 2019 May 23;8:e42325. doi: 10.7554/eLife.42325.","Bridge H","Elife","2019","2019/05/24","PMC6533062","","10.7554/eLife.42325"
"31031580","Isoflurane-Induced Burst Suppression Increases Intrinsic Functional Connectivity of the Monkey Brain","Zhang Z, Cai DC, Wang Z, Zeljic K, Wang Z, Wang Y.","Front Neurosci. 2019 Apr 11;13:296. doi: 10.3389/fnins.2019.00296. eCollection 2019.","Zhang Z","Front Neurosci","2019","2019/04/30","PMC6470287","","10.3389/fnins.2019.00296"
"30926817","Intrinsic functional architecture of the non-human primate spinal cord derived from fMRI and electrophysiology","Wu TL, Yang PF, Wang F, Shi Z, Mishra A, Wu R, Chen LM, Gore JC.","Nat Commun. 2019 Mar 29;10(1):1416. doi: 10.1038/s41467-019-09485-3.","Wu TL","Nat Commun","2019","2019/03/31","PMC6440970","","10.1038/s41467-019-09485-3"
"30924264","Egomotion-related visual areas respond to active leg movements","Serra C, Galletti C, Di Marco S, Fattori P, Galati G, Sulpizio V, Pitzalis S.","Hum Brain Mapp. 2019 Aug 1;40(11):3174-3191. doi: 10.1002/hbm.24589. Epub 2019 Mar 28.","Serra C","Hum Brain Mapp","2019","2019/03/30","PMC6865514","","10.1002/hbm.24589"
"30888415","Thalamic Inputs to Posterior Parietal Cortical Areas Involved in Skilled Forelimb Movement and Tool Use in the Capuchin Monkey","Mayer A, Lewenfus G, Bittencourt-Navarrete RE, Clasca F, Franca JGD.","Cereb Cortex. 2019 Dec 17;29(12):5098-5115. doi: 10.1093/cercor/bhz051.","Mayer A","Cereb Cortex","2019","2019/03/20","","","10.1093/cercor/bhz051"
"30873000","Brain Map of Intrinsic Functional Flexibility in Anesthetized Monkeys and Awake Humans","Yin D, Zhang Z, Wang Z, Zeljic K, Lv Q, Cai D, Wang Y, Wang Z.","Front Neurosci. 2019 Feb 28;13:174. doi: 10.3389/fnins.2019.00174. eCollection 2019.","Yin D","Front Neurosci","2019","2019/03/16","PMC6403192","","10.3389/fnins.2019.00174"
"30807382","Propofol Anesthesia Increases Long-range Frontoparietal Corticocortical Interaction in the Oculomotor Circuit in Macaque Monkeys","Ma L, Liu W, Hudson AE.","Anesthesiology. 2019 Apr;130(4):560-571. doi: 10.1097/ALN.0000000000002637.","Ma L","Anesthesiology","2019","2019/02/27","PMC6417961","NIHMS1518660","10.1097/ALN.0000000000002637"
"30802514","Functional specialization of macaque premotor F5 subfields with respect to hand and mouth movements: A comparison of task and resting-state fMRI","Sharma S, Mantini D, Vanduffel W, Nelissen K.","Neuroimage. 2019 May 1;191:441-456. doi: 10.1016/j.neuroimage.2019.02.045. Epub 2019 Feb 23.","Sharma S","Neuroimage","2019","2019/02/26","","","10.1016/j.neuroimage.2019.02.045"
"30765166","Manipulation of Subcortical and Deep Cortical Activity in the Primate Brain Using Transcranial Focused Ultrasound Stimulation","Folloni D, Verhagen L, Mars RB, Fouragnan E, Constans C, Aubry JF, Rushworth MFS, Sallet J.","Neuron. 2019 Mar 20;101(6):1109-1116.e5. doi: 10.1016/j.neuron.2019.01.019. Epub 2019 Feb 11.","Folloni D","Neuron","2019","2019/02/16","PMC6520498","","10.1016/j.neuron.2019.01.019"
"30575525","Estimation of Vector Autoregressive Parameters and Granger Causality From Noisy Multichannel Data","Rangarajan P, Rao RPN.","IEEE Trans Biomed Eng. 2019 Aug;66(8):2231-2240. doi: 10.1109/TBME.2018.2885812. Epub 2018 Dec 18.","Rangarajan P","IEEE Trans Biomed Eng","2019","2018/12/22","PMC6859843","NIHMS1535203","10.1109/TBME.2018.2885812"
"30547311","Gradients of connectivity distance in the cerebral cortex of the macaque monkey","Oligschläger S, Xu T, Baczkowski BM, Falkiewicz M, Falchier A, Linn G, Margulies DS.","Brain Struct Funct. 2019 Mar;224(2):925-935. doi: 10.1007/s00429-018-1811-1. Epub 2018 Dec 13.","Oligschläger S","Brain Struct Funct","2019","2018/12/15","PMC6420469","","10.1007/s00429-018-1811-1"
"30530862","Intrinsic Functional Boundaries of Lateral Frontal Cortex in the Common Marmoset Monkey","Schaeffer DJ, Gilbert KM, Gati JS, Menon RS, Everling S.","J Neurosci. 2019 Feb 6;39(6):1020-1029. doi: 10.1523/JNEUROSCI.2595-18.2018. Epub 2018 Dec 10.","Schaeffer DJ","J Neurosci","2019","2018/12/12","PMC6363921","","10.1523/JNEUROSCI.2595-18.2018"
"30528965","Mapping Structure-Function Relationships in the Brain","Snyder AZ, Bauer AQ.","Biol Psychiatry Cogn Neurosci Neuroimaging. 2019 Jun;4(6):510-521. doi: 10.1016/j.bpsc.2018.10.005. Epub 2018 Oct 29.","Snyder AZ","Biol Psychiatry Cogn Neurosci Neuroimaging","2019","2018/12/12","PMC6488459","NIHMS1511011","10.1016/j.bpsc.2018.10.005"
"30272135","Early Developmental Trajectories of Functional Connectivity Along the Visual Pathways in Rhesus Monkeys","Kovacs-Balint Z, Feczko E, Pincus M, Earl E, Miranda-Dominguez O, Howell B, Morin E, Maltbie E, Li L, Steele J, Styner M, Bachevalier J, Fair D, Sanchez M.","Cereb Cortex. 2019 Jul 22;29(8):3514-3526. doi: 10.1093/cercor/bhy222.","Kovacs-Balint Z","Cereb Cortex","2019","2018/10/02","PMC6644858","","10.1093/cercor/bhy222"
"30257948","Functionally specific optogenetic modulation in primate visual cortex","Chernov MM, Friedman RM, Chen G, Stoner GR, Roe AW.","Proc Natl Acad Sci U S A. 2018 Oct 9;115(41):10505-10510. doi: 10.1073/pnas.1802018115. Epub 2018 Sep 26.","Chernov MM","Proc Natl Acad Sci U S A","2018","2018/09/28","PMC6187135","","10.1073/pnas.1802018115"
"30061190","Functional Connectivity within the Primate Extended Amygdala Is Heritable and Associated with Early-Life Anxious Temperament","Fox AS, Oler JA, Birn RM, Shackman AJ, Alexander AL, Kalin NH.","J Neurosci. 2018 Aug 29;38(35):7611-7621. doi: 10.1523/JNEUROSCI.0102-18.2018. Epub 2018 Jul 30.","Fox AS","J Neurosci","2018","2018/08/01","PMC6113902","","10.1523/JNEUROSCI.0102-18.2018"
"30022250","White matter tract anatomy in the rhesus monkey: a fiber dissection study","Decramer T, Swinnen S, van Loon J, Janssen P, Theys T.","Brain Struct Funct. 2018 Nov;223(8):3681-3688. doi: 10.1007/s00429-018-1718-x. Epub 2018 Jul 18.","Decramer T","Brain Struct Funct","2018","2018/07/20","","","10.1007/s00429-018-1718-x"
"29971252","Chronometry on Spike-LFP Responses Reveals the Functional Neural Circuitry of Early Auditory Cortex Underlying Sound Processing and Discrimination","Banerjee A, Kikuchi Y, Mishkin M, Rauschecker JP, Horwitz B.","eNeuro. 2018 Jul 3;5(3):ENEURO.0420-17.2018. doi: 10.1523/ENEURO.0420-17.2018. eCollection 2018 May-Jun.","Banerjee A","eNeuro","2018","2018/07/05","PMC6028825","","10.1523/ENEURO.0420-17.2018"
"29886144","Source-reconstruction of the sensorimotor network from resting-state macaque electrocorticography","Hindriks R, Micheli C, Bosman CA, Oostenveld R, Lewis C, Mantini D, Fries P, Deco G.","Neuroimage. 2018 Nov 1;181:347-358. doi: 10.1016/j.neuroimage.2018.06.010. Epub 2018 Jun 15.","Hindriks R","Neuroimage","2018","2018/06/11","","","10.1016/j.neuroimage.2018.06.010"
"29852280","Concentric radiofrequency arrays to increase the statistical power of resting-state maps in monkeys","Gilbert KM, Schaeffer DJ, Zeman P, Diedrichsen J, Everling S, Martinez-Trujillo JC, Pruszynski JA, Menon RS.","Neuroimage. 2018 Sep;178:287-294. doi: 10.1016/j.neuroimage.2018.05.057. Epub 2018 May 28.","Gilbert KM","Neuroimage","2018","2018/06/01","","","10.1016/j.neuroimage.2018.05.057"
"29697775","Cortical Afferents of Area 10 in Cebus Monkeys: Implications for the Evolution of the Frontal Pole","Rosa MGP, Soares JGM, Chaplin TA, Majka P, Bakola S, Phillips KA, Reser DH, Gattass R.","Cereb Cortex. 2019 Apr 1;29(4):1473-1495. doi: 10.1093/cercor/bhy044.","Rosa MGP","Cereb Cortex","2019","2018/04/27","PMC6676977","","10.1093/cercor/bhy044"
"29437980","Temporal-prefrontal cortical network for discrimination of valuable objects in long-term memory","Ghazizadeh A, Griggs W, Leopold DA, Hikosaka O.","Proc Natl Acad Sci U S A. 2018 Feb 27;115(9):E2135-E2144. doi: 10.1073/pnas.1707695115. Epub 2018 Feb 1.","Ghazizadeh A","Proc Natl Acad Sci U S A","2018","2018/02/14","PMC5834664","","10.1073/pnas.1707695115"
"29363843","What does scalp electroencephalogram coherence tell us about long-range cortical networks?","Snyder AC, Issar D, Smith MA.","Eur J Neurosci. 2018 Oct;48(7):2466-2481. doi: 10.1111/ejn.13840. Epub 2018 Feb 13.","Snyder AC","Eur J Neurosci","2018","2018/01/25","PMC6497452","NIHMS937085","10.1111/ejn.13840"
"29308987","Evidence for a Functional Hierarchy of Association Networks","Choi EY, Drayna GK, Badre D.","J Cogn Neurosci. 2018 May;30(5):722-736. doi: 10.1162/jocn_a_01229. Epub 2018 Jan 8.","Choi EY","J Cogn Neurosci","2018","2018/01/09","","","10.1162/jocn_a_01229"
"29299382","An interspecies comparative study of invasive electrophysiological functional connectivity","Casimo K, Levinson LH, Zanos S, Gkogkidis CA, Ball T, Fetz E, Weaver KE, Ojemann JG.","Brain Behav. 2017 Nov 22;7(12):e00863. doi: 10.1002/brb3.863. eCollection 2017 Dec.","Casimo K","Brain Behav","2017","2018/01/05","PMC5745242","","10.1002/brb3.863"
"29180616","Changes in cortical network connectivity with long-term brain-machine interface exposure after chronic amputation","Balasubramanian K, Vaidya M, Southerland J, Badreldin I, Eleryan A, Takahashi K, Qian K, Slutzky MW, Fagg AH, Oweiss K, Hatsopoulos NG.","Nat Commun. 2017 Nov 27;8(1):1796. doi: 10.1038/s41467-017-01909-2.","Balasubramanian K","Nat Commun","2017","2017/11/29","PMC5703974","","10.1038/s41467-017-01909-2"
"29107523","A Large-Scale Semi-Chronic Microdrive Recording System for Non-Human Primates","Dotson NM, Hoffman SJ, Goodell B, Gray CM.","Neuron. 2017 Nov 15;96(4):769-782.e2. doi: 10.1016/j.neuron.2017.09.050. Epub 2017 Oct 26.","Dotson NM","Neuron","2017","2017/11/07","","","10.1016/j.neuron.2017.09.050"
"29038239","Correlated Disruption of Resting-State fMRI, LFP, and Spike Connectivity between Area 3b and S2 following Spinal Cord Injury in Monkeys","Wu R, Yang PF, Chen LM.","J Neurosci. 2017 Nov 15;37(46):11192-11203. doi: 10.1523/JNEUROSCI.2318-17.2017. Epub 2017 Oct 16.","Wu R","J Neurosci","2017","2017/10/18","PMC5688527","","10.1523/JNEUROSCI.2318-17.2017"
"28539914","Functional Connectivity Mapping in the Animal Model: Principles and Applications of Resting-State fMRI","Gorges M, Roselli F, Müller HP, Ludolph AC, Rasche V, Kassubek J.","Front Neurol. 2017 May 10;8:200. doi: 10.3389/fneur.2017.00200. eCollection 2017.","Gorges M","Front Neurol","2017","2017/05/26","PMC5423907","","10.3389/fneur.2017.00200"
"28461059","High-resolution functional MRI identified distinct global intrinsic functional networks of nociceptive posterior insula and S2 regions in squirrel monkey brain","Wu R, Wang F, Yang PF, Chen LM.","Neuroimage. 2017 Jul 15;155:147-158. doi: 10.1016/j.neuroimage.2017.04.067. Epub 2017 Apr 28.","Wu R","Neuroimage","2017","2017/05/03","PMC6104393","NIHMS983774","10.1016/j.neuroimage.2017.04.067"
"28255676","Human orbital and anterior medial prefrontal cortex: Intrinsic connectivity parcellation and functional organization","Samara Z, Evers EAT, Goulas A, Uylings HBM, Rajkowska G, Ramaekers JG, Stiers P.","Brain Struct Funct. 2017 Sep;222(7):2941-2960. doi: 10.1007/s00429-017-1378-2. Epub 2017 Mar 2.","Samara Z","Brain Struct Funct","2017","2017/03/04","PMC5581738","NIHMS864697","10.1007/s00429-017-1378-2"
"28184415","A Systematic Relationship Between Functional Connectivity and Intracortical Myelin in the Human Cerebral Cortex","Huntenburg JM, Bazin PL, Goulas A, Tardif CL, Villringer A, Margulies DS.","Cereb Cortex. 2017 Feb 1;27(2):981-997. doi: 10.1093/cercor/bhx030.","Huntenburg JM","Cereb Cortex","2017","2017/02/11","PMC5390400","","10.1093/cercor/bhx030"
"28179165","Selective TMS-induced modulation of functional connectivity correlates with changes in behavior","Balan PF, Gerits A, Mantini D, Vanduffel W.","Neuroimage. 2017 Apr 1;149:361-378. doi: 10.1016/j.neuroimage.2017.01.076. Epub 2017 Feb 6.","Balan PF","Neuroimage","2017","2017/02/10","","","10.1016/j.neuroimage.2017.01.076"
"28161319","Biophysical and neural basis of resting state functional connectivity: Evidence from non-human primates","Chen LM, Yang PF, Wang F, Mishra A, Shi Z, Wu R, Wu TL, Wilson GH 3rd, Ding Z, Gore JC.","Magn Reson Imaging. 2017 Jun;39:71-81. doi: 10.1016/j.mri.2017.01.020. Epub 2017 Feb 2.","Chen LM","Magn Reson Imaging","2017","2017/02/06","PMC5410395","NIHMS852391","10.1016/j.mri.2017.01.020"
"28103408","Functional planning units for the management of an endangered Brazilian titi monkey","Gouveia SF, Souza-Alves JP, de Souza BB, Beltrão-Mendes R, Jerusalinsky L, Ferrari SF.","Am J Primatol. 2017 May;79(5). doi: 10.1002/ajp.22637. Epub 2017 Jan 19.","Gouveia SF","Am J Primatol","2017","2017/01/20","","","10.1002/ajp.22637"
"28003408","Intrinsic functional architecture of the macaque dorsal and ventral lateral frontal cortex","Goulas A, Stiers P, Hutchison RM, Everling S, Petrides M, Margulies DS.","J Neurophysiol. 2017 Mar 1;117(3):1084-1099. doi: 10.1152/jn.00486.2016. Epub 2016 Dec 21.","Goulas A","J Neurophysiol","2017","2016/12/23","PMC5340881","","10.1152/jn.00486.2016"
"27646127","Convergence of prefrontal and parietal anatomical projections in a connectional hub in the striatum","Choi EY, Tanimura Y, Vage PR, Yates EH, Haber SN.","Neuroimage. 2017 Feb 1;146:821-832. doi: 10.1016/j.neuroimage.2016.09.037. Epub 2016 Sep 17.","Choi EY","Neuroimage","2017","2016/09/21","PMC5841917","NIHMS865144","10.1016/j.neuroimage.2016.09.037"
"27600848","Boosting Norepinephrine Transmission Triggers Flexible Reconfiguration of Brain Networks at Rest","Guedj C, Monfardini E, Reynaud AJ, Farnè A, Meunier M, Hadj-Bouziane F.","Cereb Cortex. 2017 Oct 1;27(10):4691-4700. doi: 10.1093/cercor/bhw262.","Guedj C","Cereb Cortex","2017","2016/09/08","","","10.1093/cercor/bhw262"
"27477019","The Rhesus Monkey Connectome Predicts Disrupted Functional Networks Resulting from Pharmacogenetic Inactivation of the Amygdala","Grayson DS, Bliss-Moreau E, Machado CJ, Bennett J, Shen K, Grant KA, Fair DA, Amaral DG.","Neuron. 2016 Jul 20;91(2):453-66. doi: 10.1016/j.neuron.2016.06.005.","Grayson DS","Neuron","2016","2016/08/02","PMC5233431","NIHMS803969","10.1016/j.neuron.2016.06.005"
"27405331","Frontoparietal Functional Connectivity in the Common Marmoset","Ghahremani M, Hutchison RM, Menon RS, Everling S.","Cereb Cortex. 2017 Aug 1;27(8):3890-3905. doi: 10.1093/cercor/bhw198.","Ghahremani M","Cereb Cortex","2017","2016/07/14","","","10.1093/cercor/bhw198"
"27296233","Realistic models of apparent dynamic changes in resting-state connectivity in somatosensory cortex","Shi Z, Rogers BP, Chen LM, Morgan VL, Mishra A, Wilkes DM, Gore JC.","Hum Brain Mapp. 2016 Nov;37(11):3897-3910. doi: 10.1002/hbm.23284.","Shi Z","Hum Brain Mapp","2016","2016/06/15","PMC5053861","NIHMS791612","10.1002/hbm.23284"
"27148697","Effects of a pretarget distractor on saccade reaction times across space and time in monkeys and humans","Khan AZ, Munoz DP, Takahashi N, Blohm G, McPeek RM.","J Vis. 2016 May 1;16(7):5. doi: 10.1167/16.7.5.","Khan AZ","J Vis","2016","2016/05/06","PMC5833323","","10.1167/16.7.5"
"27063864","Decreased functional connectivity in dorsolateral prefrontal cortical networks in adult macaques with neonatal hippocampal lesions: Relations to visual working memory deficits","Meng Y, Hu X, Bachevalier J, Zhang X.","Neurobiol Learn Mem. 2016 Oct;134 Pt A(Pt A):31-37. doi: 10.1016/j.nlm.2016.04.003. Epub 2016 Apr 7.","Meng Y","Neurobiol Learn Mem","2016","2016/04/12","PMC6329462","NIHMS1001069","10.1016/j.nlm.2016.04.003"
"26834583","Assessing Granger Causality in Electrophysiological Data: Removing the Adverse Effects of Common Signals via Bipolar Derivations","Trongnetrpunya A, Nandi B, Kang D, Kocsis B, Schroeder CE, Ding M.","Front Syst Neurosci. 2016 Jan 20;9:189. doi: 10.3389/fnsys.2015.00189. eCollection 2015.","Trongnetrpunya A","Front Syst Neurosci","2016","2016/02/03","PMC4718991","","10.3389/fnsys.2015.00189"
"26706280","Longitudinal evaluation of functional connectivity variation in the monkey sensorimotor network induced by spinal cord injury","Rao JS, Liu Z, Zhao C, Wei RH, Zhao W, Yang ZY, Li XG.","Acta Physiol (Oxf). 2016 Jun;217(2):164-73. doi: 10.1111/apha.12645. Epub 2016 Jan 13.","Rao JS","Acta Physiol (Oxf)","2016","2015/12/27","","","10.1111/apha.12645"
"26415043","Partial Correlation-Based Retinotopically Organized Resting-State Functional Connectivity Within and Between Areas of the Visual Cortex Reflects More Than Cortical Distance","Dawson DA, Lam J, Lewis LB, Carbonell F, Mendola JD, Shmuel A.","Brain Connect. 2016 Feb;6(1):57-75. doi: 10.1089/brain.2014.0331.","Dawson DA","Brain Connect","2016","2015/09/29","PMC4744894","","10.1089/brain.2014.0331"
"26169795","A framework to explore the visual brain in glaucoma with lessons from models and man","Yucel YH, Gupta N.","Exp Eye Res. 2015 Dec;141:171-8. doi: 10.1016/j.exer.2015.07.004. Epub 2015 Jul 11.","Yucel YH","Exp Eye Res","2015","2015/07/15","","","10.1016/j.exer.2015.07.004"
"25988226","Whole brain mapping of visual and tactile convergence in the macaque monkey","Guipponi O, Cléry J, Odouard S, Wardak C, Ben Hamed S.","Neuroimage. 2015 Aug 15;117:93-102. doi: 10.1016/j.neuroimage.2015.05.022. Epub 2015 May 16.","Guipponi O","Neuroimage","2015","2015/05/20","","","10.1016/j.neuroimage.2015.05.022"
"25947150","Connectivity reveals relationship of brain areas for reward-guided learning and decision making in human and monkey frontal cortex","Neubert FX, Mars RB, Sallet J, Rushworth MF.","Proc Natl Acad Sci U S A. 2015 May 19;112(20):E2695-704. doi: 10.1073/pnas.1410767112. Epub 2015 May 6.","Neubert FX","Proc Natl Acad Sci U S A","2015","2015/05/08","PMC4443352","","10.1073/pnas.1410767112"
"25902510","Injury alters intrinsic functional connectivity within the primate spinal cord","Chen LM, Mishra A, Yang PF, Wang F, Gore JC.","Proc Natl Acad Sci U S A. 2015 May 12;112(19):5991-6. doi: 10.1073/pnas.1424106112. Epub 2015 Apr 22.","Chen LM","Proc Natl Acad Sci U S A","2015","2015/04/23","PMC4434735","","10.1073/pnas.1424106112"
"25837427","Large-Scale Persistent Network Reconfiguration Induced by Ketamine in Anesthetized Monkeys: Relevance to Mood Disorders","Lv Q, Yang L, Li G, Wang Z, Shen Z, Yu W, Jiang Q, Hou B, Pu J, Hu H, Wang Z.","Biol Psychiatry. 2016 May 1;79(9):765-775. doi: 10.1016/j.biopsych.2015.02.028. Epub 2015 Feb 27.","Lv Q","Biol Psychiatry","2016","2015/04/04","","","10.1016/j.biopsych.2015.02.028"
"25568105","Temporal plasticity involved in recovery from manual dexterity deficit after motor cortex lesion in macaque monkeys","Murata Y, Higo N, Hayashi T, Nishimura Y, Sugiyama Y, Oishi T, Tsukada H, Isa T, Onoe H.","J Neurosci. 2015 Jan 7;35(1):84-95. doi: 10.1523/JNEUROSCI.1737-14.2015.","Murata Y","J Neurosci","2015","2015/01/09","PMC4287160","","10.1523/JNEUROSCI.1737-14.2015"
"25096286","Resting-state connectivity and functional specialization in human medial parieto-occipital cortex","Tosoni A, Pitzalis S, Committeri G, Fattori P, Galletti C, Galati G.","Brain Struct Funct. 2015 Nov;220(6):3307-21. doi: 10.1007/s00429-014-0858-x. Epub 2014 Aug 6.","Tosoni A","Brain Struct Funct","2015","2014/08/07","","","10.1007/s00429-014-0858-x"
"24972186","An electrocorticographic electrode array for simultaneous recording from medial, lateral, and intrasulcal surface of the cortex in macaque monkeys","Fukushima M, Saunders RC, Mullarkey M, Doyle AM, Mishkin M, Fujii N.","J Neurosci Methods. 2014 Aug 15;233:155-65. doi: 10.1016/j.jneumeth.2014.06.022. Epub 2014 Jun 24.","Fukushima M","J Neurosci Methods","2014","2014/06/28","PMC4123547","NIHMS608528","10.1016/j.jneumeth.2014.06.022"
"24872561","Associative Hebbian synaptic plasticity in primate visual cortex","Huang S, Rozas C, Treviño M, Contreras J, Yang S, Song L, Yoshioka T, Lee HK, Kirkwood A.","J Neurosci. 2014 May 28;34(22):7575-9. doi: 10.1523/JNEUROSCI.0983-14.2014.","Huang S","J Neurosci","2014","2014/05/30","PMC4035519","","10.1523/JNEUROSCI.0983-14.2014"
"24427205","Estimating causal interaction between prefrontal cortex and striatum by transfer entropy","Ma C, Pan X, Wang R, Sakagami M.","Cogn Neurodyn. 2013 Jun;7(3):253-61. doi: 10.1007/s11571-012-9239-4. Epub 2013 Jan 4.","Ma C","Cogn Neurodyn","2013","2014/01/16","PMC3654150","","10.1007/s11571-012-9239-4"
"24349020","Increased firing irregularity as an emergent property of neural-state transition in monkey prefrontal cortex","Sakamoto K, Katori Y, Saito N, Yoshida S, Aihara K, Mushiake H.","PLoS One. 2013 Dec 4;8(12):e80906. doi: 10.1371/journal.pone.0080906. eCollection 2013.","Sakamoto K","PLoS One","2013","2013/12/19","PMC3857743","","10.1371/journal.pone.0080906"
"24133284","Distinct parietal and temporal connectivity profiles of ventrolateral frontal areas involved in language production","Margulies DS, Petrides M.","J Neurosci. 2013 Oct 16;33(42):16846-52. doi: 10.1523/JNEUROSCI.2259-13.2013.","Margulies DS","J Neurosci","2013","2013/10/18","PMC6618526","","10.1523/JNEUROSCI.2259-13.2013"
"24084390","Automatic mapping of visual cortex receptive fields: a fast and precise algorithm","Fiorani M, Azzi JC, Soares JG, Gattass R.","J Neurosci Methods. 2014 Jan 15;221:112-26. doi: 10.1016/j.jneumeth.2013.09.012. Epub 2013 Sep 29.","Fiorani M","J Neurosci Methods","2014","2013/10/03","","","10.1016/j.jneumeth.2013.09.012"
"24068551","Large-scale brain networks of the human left temporal pole: a functional connectivity MRI study","Pascual B, Masdeu JC, Hollenbeck M, Makris N, Insausti R, Ding SL, Dickerson BC.","Cereb Cortex. 2015 Mar;25(3):680-702. doi: 10.1093/cercor/bht260. Epub 2013 Sep 24.","Pascual B","Cereb Cortex","2015","2013/09/27","PMC4318532","","10.1093/cercor/bht260"
"23919836","Anti-correlated cortical networks of intrinsic connectivity in the rat brain","Schwarz AJ, Gass N, Sartorius A, Risterucci C, Spedding M, Schenker E, Meyer-Lindenberg A, Weber-Fahr W.","Brain Connect. 2013;3(5):503-11. doi: 10.1089/brain.2013.0168. Epub 2013 Sep 26.","Schwarz AJ","Brain Connect","2013","2013/08/08","PMC3796325","","10.1089/brain.2013.0168"
"23754406","Connectivity profiles reveal the relationship between brain areas for social cognition in human and monkey temporoparietal cortex","Mars RB, Sallet J, Neubert FX, Rushworth MF.","Proc Natl Acad Sci U S A. 2013 Jun 25;110(26):10806-11. doi: 10.1073/pnas.1302956110. Epub 2013 Jun 10.","Mars RB","Proc Natl Acad Sci U S A","2013","2013/06/12","PMC3696774","","10.1073/pnas.1302956110"
"23578055","Perceptual suppression revealed by adaptive multi-scale entropy analysis of local field potential in monkey visual cortex","Hu M, Liang H.","Int J Neural Syst. 2013 Apr;23(2):1350005. doi: 10.1142/S0129065713500056. Epub 2013 Mar 3.","Hu M","Int J Neural Syst","2013","2013/04/13","","","10.1142/S0129065713500056"
"23547137","Differences in intrinsic functional organization between dorsolateral prefrontal and posterior parietal cortex","Katsuki F, Qi XL, Meyer T, Kostelic PM, Salinas E, Constantinidis C.","Cereb Cortex. 2014 Sep;24(9):2334-49. doi: 10.1093/cercor/bht087. Epub 2013 Mar 31.","Katsuki F","Cereb Cortex","2014","2013/04/03","PMC4128703","","10.1093/cercor/bht087"
"23366949","Granger causality analysis of functional connectivity of spiking neurons in orofacial motor cortex during chewing and swallowing","Takahashi K, Pesce L, Iriarte-Diaz J, Kim S, Coleman TP, Hatsopoulos NG, Ross CF.","Annu Int Conf IEEE Eng Med Biol Soc. 2012;2012:4587-90. doi: 10.1109/EMBC.2012.6346988.","Takahashi K","Annu Int Conf IEEE Eng Med Biol Soc","2012","2013/02/01","","","10.1109/EMBC.2012.6346988"
"23153969","Evaluation and calibration of functional network modeling methods based on known anatomical connections","Dawson DA, Cha K, Lewis LB, Mendola JD, Shmuel A.","Neuroimage. 2013 Feb 15;67:331-43. doi: 10.1016/j.neuroimage.2012.11.006. Epub 2012 Nov 12.","Dawson DA","Neuroimage","2013","2012/11/17","","","10.1016/j.neuroimage.2012.11.006"
"23106737","Neural correlates of perceptual narrowing in cross-species face-voice matching","Grossmann T, Missana M, Friederici AD, Ghazanfar AA.","Dev Sci. 2012 Nov;15(6):830-9. doi: 10.1111/j.1467-7687.2012.01179.x. Epub 2012 Sep 7.","Grossmann T","Dev Sci","2012","2012/10/31","","","10.1111/j.1467-7687.2012.01179.x"
"23052545","The ""vegetarian brain"": chatting with monkeys and pigs?","Filippi M, Riccitelli G, Meani A, Falini A, Comi G, Rocca MA.","Brain Struct Funct. 2013 Sep;218(5):1211-27. doi: 10.1007/s00429-012-0455-9. Epub 2012 Sep 29.","Filippi M","Brain Struct Funct","2013","2012/10/12","","","10.1007/s00429-012-0455-9"
"22855672","Monkey in the middle: why non-human primates are needed to bridge the gap in resting-state investigations","Hutchison RM, Everling S.","Front Neuroanat. 2012 Jul 26;6:29. doi: 10.3389/fnana.2012.00029. eCollection 2012.","Hutchison RM","Front Neuroanat","2012","2012/08/03","PMC3405297","","10.3389/fnana.2012.00029"
"22832566","The organization of the human striatum estimated by intrinsic functional connectivity","Choi EY, Yeo BT, Buckner RL.","J Neurophysiol. 2012 Oct;108(8):2242-63. doi: 10.1152/jn.00270.2012. Epub 2012 Jul 25.","Choi EY","J Neurophysiol","2012","2012/07/27","PMC3545026","","10.1152/jn.00270.2012"
"22553030","Connectivity-based parcellation of the human orbitofrontal cortex","Kahnt T, Chang LJ, Park SQ, Heinzle J, Haynes JD.","J Neurosci. 2012 May 2;32(18):6240-50. doi: 10.1523/JNEUROSCI.0257-12.2012.","Kahnt T","J Neurosci","2012","2012/05/04","PMC6622144","","10.1523/JNEUROSCI.0257-12.2012"
"22298826","Functional connectivity of the frontal eye fields in humans and macaque monkeys investigated with resting-state fMRI","Hutchison RM, Gallivan JP, Culham JC, Gati JS, Menon RS, Everling S.","J Neurophysiol. 2012 May;107(9):2463-74. doi: 10.1152/jn.00891.2011. Epub 2012 Feb 1.","Hutchison RM","J Neurophysiol","2012","2012/02/03","","","10.1152/jn.00891.2011"
"22255055","Functional connectivity during surround suppression in macaque area V4","Zanos TP, Mineault PJ, Monteon JA, Pack CC.","Annu Int Conf IEEE Eng Med Biol Soc. 2011;2011:3342-5. doi: 10.1109/IEMBS.2011.6090906.","Zanos TP","Annu Int Conf IEEE Eng Med Biol Soc","2011","2012/01/19","","","10.1109/IEMBS.2011.6090906"
"22252892","Functional connectivity in human and monkey brain: new insights for understanding movement disorders?","Pró-Sistiaga P, Bézard E.","Mov Disord. 2012 Jan;27(1):61. doi: 10.1002/mds.24063.","Pró-Sistiaga P","Mov Disord","2012","2012/01/19","","","10.1002/mds.24063"
"22194249","Functional connectivity dynamics among cortical neurons: a dependence analysis","Li L, Park IM, Seth S, Sanchez JC, Principe JC.","IEEE Trans Neural Syst Rehabil Eng. 2012 Jan;20(1):18-30. doi: 10.1109/TNSRE.2011.2176749. Epub 2011 Dec 20.","Li L","IEEE Trans Neural Syst Rehabil Eng","2012","2011/12/24","","","10.1109/TNSRE.2011.2176749"
"21982165","Fine-scale functional connectivity in somatosensory cortex revealed by high-resolution fMRI","Chen L, Mishra A, Newton AT, Morgan VL, Stringer EA, Rogers BP, Gore JC.","Magn Reson Imaging. 2011 Dec;29(10):1330-7. doi: 10.1016/j.mri.2011.08.001. Epub 2011 Oct 6.","Chen L","Magn Reson Imaging","2011","2011/10/11","PMC3285506","NIHMS330403","10.1016/j.mri.2011.08.001"
"21900574","Default mode of brain function in monkeys","Mantini D, Gerits A, Nelissen K, Durand JB, Joly O, Simone L, Sawamura H, Wardak C, Orban GA, Buckner RL, Vanduffel W.","J Neurosci. 2011 Sep 7;31(36):12954-62. doi: 10.1523/JNEUROSCI.2318-11.2011.","Mantini D","J Neurosci","2011","2011/09/09","PMC3686636","NIHMS475975","10.1523/JNEUROSCI.2318-11.2011"
"21880928","Network rhythms influence the relationship between spike-triggered local field potential and functional connectivity","Ray S, Maunsell JH.","J Neurosci. 2011 Aug 31;31(35):12674-82. doi: 10.1523/JNEUROSCI.1856-11.2011.","Ray S","J Neurosci","2011","2011/09/02","PMC3488382","NIHMS321966","10.1523/JNEUROSCI.1856-11.2011"
"21808612","Task-dependent and independent synchronous activity of monkey hippocampal neurons in real and virtual translocation","Hori E, Tabuchi E, Matsumura N, Ono T, Nishijo H.","Front Behav Neurosci. 2011 Jul 14;5:36. doi: 10.3389/fnbeh.2011.00036. eCollection 2011.","Hori E","Front Behav Neurosci","2011","2011/08/03","PMC3139221","","10.3389/fnbeh.2011.00036"
"21653723","The organization of the human cerebral cortex estimated by intrinsic functional connectivity","Yeo BT, Krienen FM, Sepulcre J, Sabuncu MR, Lashkari D, Hollinshead M, Roffman JL, Smoller JW, Zöllei L, Polimeni JR, Fischl B, Liu H, Buckner RL.","J Neurophysiol. 2011 Sep;106(3):1125-65. doi: 10.1152/jn.00338.2011. Epub 2011 Jun 8.","Yeo BT","J Neurophysiol","2011","2011/06/10","PMC3174820","","10.1152/jn.00338.2011"
"21394538","Block coherence: a method for measuring the interdependence between two blocks of neurobiological time series","Nedungadi AG, Ding M, Rangarajan G.","Biol Cybern. 2011 Mar;104(3):197-207. doi: 10.1007/s00422-011-0429-7. Epub 2011 Mar 11.","Nedungadi AG","Biol Cybern","2011","2011/03/12","","","10.1007/s00422-011-0429-7"
"21096881","Neuronal functional connectivity dynamics in cortex: An MSC-based analysis","Li L, Park I, Seth S, Sanchez JC, Principe JC.","Annu Int Conf IEEE Eng Med Biol Soc. 2010;2010:4136-9. doi: 10.1109/IEMBS.2010.5627362.","Li L","Annu Int Conf IEEE Eng Med Biol Soc","2010","2010/11/25","","","10.1109/IEMBS.2010.5627362"
"20662902","Broca's region: linking human brain functional connectivity data and non-human primate tracing anatomy studies","Kelly C, Uddin LQ, Shehzad Z, Margulies DS, Castellanos FX, Milham MP, Petrides M.","Eur J Neurosci. 2010 Aug;32(3):383-98. doi: 10.1111/j.1460-9568.2010.07279.x. Epub 2010 Jul 21.","Kelly C","Eur J Neurosci","2010","2010/07/29","PMC3111969","NIHMS294225","10.1111/j.1460-9568.2010.07279.x"
"20582566","Estimating the directed information to infer causal relationships in ensemble neural spike train recordings","Quinn CJ, Coleman TP, Kiyavash N, Hatsopoulos NG.","J Comput Neurosci. 2011 Feb;30(1):17-44. doi: 10.1007/s10827-010-0247-2. Epub 2010 Jun 26.","Quinn CJ","J Comput Neurosci","2011","2010/06/29","PMC3171872","NIHMS311378","10.1007/s10827-010-0247-2"
"20577632","Directed coupling in local field potentials of macaque v4 during visual short-term memory revealed by multivariate autoregressive models","Hoerzer GM, Liebe S, Schloegl A, Logothetis NK, Rainer G.","Front Comput Neurosci. 2010 Jun 2;4:14. doi: 10.3389/fncom.2010.00014. eCollection 2010.","Hoerzer GM","Front Comput Neurosci","2010","2010/06/26","PMC2889719","","10.3389/fncom.2010.00014"
"19903877","Precuneus shares intrinsic functional architecture in humans and monkeys","Margulies DS, Vincent JL, Kelly C, Lohmann G, Uddin LQ, Biswal BB, Villringer A, Castellanos FX, Milham MP, Petrides M.","Proc Natl Acad Sci U S A. 2009 Nov 24;106(47):20069-74. doi: 10.1073/pnas.0905314106. Epub 2009 Nov 10.","Margulies DS","Proc Natl Acad Sci U S A","2009","2009/11/12","PMC2775700","","10.1073/pnas.0905314106"
"19377473","Reinforcement learning can account for associative and perceptual learning on a visual-decision task","Law CT, Gold JI.","Nat Neurosci. 2009 May;12(5):655-63. doi: 10.1038/nn.2304. Epub 2009 Apr 19.","Law CT","Nat Neurosci","2009","2009/04/21","PMC2674144","NIHMS103084","10.1038/nn.2304"
"19344685","How not to study spontaneous activity","Logothetis NK, Murayama Y, Augath M, Steffen T, Werner J, Oeltermann A.","Neuroimage. 2009 May 1;45(4):1080-9. doi: 10.1016/j.neuroimage.2009.01.010.","Logothetis NK","Neuroimage","2009","2009/04/07","","","10.1016/j.neuroimage.2009.01.010"
"19273038","Bayesian inference of functional connectivity and network structure from spikes","Stevenson IH, Rebesco JM, Hatsopoulos NG, Haga Z, Miller LE, Körding KP.","IEEE Trans Neural Syst Rehabil Eng. 2009 Jun;17(3):203-13. doi: 10.1109/TNSRE.2008.2010471. Epub 2008 Dec 9.","Stevenson IH","IEEE Trans Neural Syst Rehabil Eng","2009","2009/03/11","PMC3406607","NIHMS392930","10.1109/TNSRE.2008.2010471"
"19029885","Stimulus contrast modulates functional connectivity in visual cortex","Nauhaus I, Busse L, Carandini M, Ringach DL.","Nat Neurosci. 2009 Jan;12(1):70-6. doi: 10.1038/nn.2232. Epub 2008 Nov 23.","Nauhaus I","Nat Neurosci","2009","2008/11/26","PMC2610236","NIHMS81429","10.1038/nn.2232"
"18591484","Neuronal mechanisms underlying attention deficit hyperactivity disorder: the influence of arousal on prefrontal cortical function","Brennan AR, Arnsten AF.","Ann N Y Acad Sci. 2008;1129:236-45. doi: 10.1196/annals.1417.007.","Brennan AR","Ann N Y Acad Sci","2008","2008/07/02","PMC2863119","NIHMS193988","10.1196/annals.1417.007"
"18465799","Neuronal correlates of spontaneous fluctuations in fMRI signals in monkey visual cortex: Implications for functional connectivity at rest","Shmuel A, Leopold DA.","Hum Brain Mapp. 2008 Jul;29(7):751-61. doi: 10.1002/hbm.20580.","Shmuel A","Hum Brain Mapp","2008","2008/05/10","PMC6870786","","10.1002/hbm.20580"
"18385483","Distinct cortical anatomy linked to subregions of the medial temporal lobe revealed by intrinsic functional connectivity","Kahn I, Andrews-Hanna JR, Vincent JL, Snyder AZ, Buckner RL.","J Neurophysiol. 2008 Jul;100(1):129-39. doi: 10.1152/jn.00077.2008. Epub 2008 Apr 2.","Kahn I","J Neurophysiol","2008","2008/04/04","PMC2493488","","10.1152/jn.00077.2008"
"19317181","Dynamic synchrony of local cell assembly","Sakurai Y, Takahashi S.","Rev Neurosci. 2008;19(6):425-40. doi: 10.1515/revneuro.2008.19.6.425.","Sakurai Y","Rev Neurosci","2008","2009/03/26","","","10.1515/revneuro.2008.19.6.425"
"16899720","The structure of multi-neuron firing patterns in primate retina","Shlens J, Field GD, Gauthier JL, Grivich MI, Petrusca D, Sher A, Litke AM, Chichilnisky EJ.","J Neurosci. 2006 Aug 9;26(32):8254-66. doi: 10.1523/JNEUROSCI.1282-06.2006.","Shlens J","J Neurosci","2006","2006/08/11","PMC6673811","","10.1523/JNEUROSCI.1282-06.2006"
"16540174","Loose-patch-juxtacellular recording in vivo--a method for functional characterization and labeling of neurons in macaque V1","Joshi S, Hawken MJ.","J Neurosci Methods. 2006 Sep 30;156(1-2):37-49. doi: 10.1016/j.jneumeth.2006.02.004. Epub 2006 Mar 15.","Joshi S","J Neurosci Methods","2006","2006/03/17","","","10.1016/j.jneumeth.2006.02.004"
"16140550","Cytology and functionally correlated circuits of human posterior cingulate areas","Vogt BA, Vogt L, Laureys S.","Neuroimage. 2006 Jan 15;29(2):452-66. doi: 10.1016/j.neuroimage.2005.07.048. Epub 2005 Sep 6.","Vogt BA","Neuroimage","2006","2005/09/06","PMC2649771","NIHMS51808","10.1016/j.neuroimage.2005.07.048"
"12716948","Internal state of monkey primary visual cortex (V1) predicts figure-ground perception","Supèr H, van der Togt C, Spekreijse H, Lamme VA.","J Neurosci. 2003 Apr 15;23(8):3407-14. doi: 10.1523/JNEUROSCI.23-08-03407.2003.","Supèr H","J Neurosci","2003","2003/04/30","PMC6742343","","10.1523/JNEUROSCI.23-08-03407.2003"
"12705425","Functional connectivity revealed by single-photon emission computed tomography (SPECT) during repetitive transcranial magnetic stimulation (rTMS) of the motor cortex","Okabe S, Hanajima R, Ohnishi T, Nishikawa M, Imabayashi E, Takano H, Kawachi T, Matsuda H, Shiio Y, Iwata NK, Furubayashi T, Terao Y, Ugawa Y.","Clin Neurophysiol. 2003 Mar;114(3):450-7. doi: 10.1016/s1388-2457(02)00408-x.","Okabe S","Clin Neurophysiol","2003","2003/04/23","","","10.1016/s1388-2457(02)00408-x"
"12364497","Is the functional connectivity within temporal lobe influenced by saccadic eye movements?","Sobotka S, Zuo W, Ringo JL.","J Neurophysiol. 2002 Oct;88(4):1675-84. doi: 10.1152/jn.2002.88.4.1675.","Sobotka S","J Neurophysiol","2002","2002/10/05","","","10.1152/jn.2002.88.4.1675"
"11984822","Nigral and pallidal inputs to functionally segregated thalamostriatal neurons in the centromedian/parafascicular intralaminar nuclear complex in monkey","Sidibé M, Paré JF, Smith Y.","J Comp Neurol. 2002 Jun 3;447(3):286-99. doi: 10.1002/cne.10247.","Sidibé M","J Comp Neurol","2002","2002/05/02","","","10.1002/cne.10247"
"10899231","Functional connectivity between cerebellum and primary motor cortex in the awake monkey","Holdefer RN, Miller LE, Chen LL, Houk JC.","J Neurophysiol. 2000 Jul;84(1):585-90. doi: 10.1152/jn.2000.84.1.585.","Holdefer RN","J Neurophysiol","2000","2000/07/19","","","10.1152/jn.2000.84.1.585"
"10719899","Diversity and cell type specificity of local excitatory connections to neurons in layer 3B of monkey primary visual cortex","Sawatari A, Callaway EM.","Neuron. 2000 Feb;25(2):459-71. doi: 10.1016/s0896-6273(00)80908-3.","Sawatari A","Neuron","2000","2000/03/17","","","10.1016/s0896-6273(00)80908-3"
"10493903","A comparative fMRI study of cortical representations for thermal painful, vibrotactile, and motor performance tasks","Gelnar PA, Krauss BR, Sheehe PR, Szeverenyi NM, Apkarian AV.","Neuroimage. 1999 Oct;10(4):460-82. doi: 10.1006/nimg.1999.0482.","Gelnar PA","Neuroimage","1999","1999/09/24","","","10.1006/nimg.1999.0482"
"9096152","Transcranial magnetic stimulation during positron emission tomography: a new method for studying connectivity of the human cerebral cortex","Paus T, Jech R, Thompson CJ, Comeau R, Peters T, Evans AC.","J Neurosci. 1997 May 1;17(9):3178-84. doi: 10.1523/JNEUROSCI.17-09-03178.1997.","Paus T","J Neurosci","1997","1997/05/01","PMC6573635","","10.1523/JNEUROSCI.17-09-03178.1997"
"9116656","Dynamics of functional connectivity in visual cortical networks: an overview","Frégnac Y.","J Physiol Paris. 1996;90(3-4):113-39. doi: 10.1016/s0928-4257(97)81412-x.","Frégnac Y","J Physiol Paris","1996","1996/01/01","","","10.1016/s0928-4257(97)81412-x"
"8989416","Neurons in the globus pallidus do not show correlated activity in the normal monkey, but phase-locked oscillations appear in the MPTP model of parkinsonism","Nini A, Feingold A, Slovin H, Bergman H.","J Neurophysiol. 1995 Oct;74(4):1800-5. doi: 10.1152/jn.1995.74.4.1800.","Nini A","J Neurophysiol","1995","1995/10/01","","","10.1152/jn.1995.74.4.1800"
"7475218","A method for detecting the time course of correlation between single-unit activity and EMG during a behavioral task","Schwartz AB, Adams JL.","J Neurosci Methods. 1995 May;58(1-2):127-41. doi: 10.1016/0165-0270(94)00167-f.","Schwartz AB","J Neurosci Methods","1995","1995/05/01","","","10.1016/0165-0270(94)00167-f"
