﻿PMID,Title,Authors,Citation,First Author,Journal/Book,Publication Year,Create Date,PMCID,NIHMS ID,DOI
"33839768","The Brain Circuits and Dynamics of Curiosity-Driven Behavior in Naturally Curious Marmosets","Tian X, Silva AC, Liu C.","Cereb Cortex. 2021 Jul 29;31(9):4220-4232. doi: 10.1093/cercor/bhab080.","Tian X","Cereb Cortex","2021","2021/04/11","","","10.1093/cercor/bhab080"
"33745141","The mouth matters most: A functional magnetic resonance imaging study of how dogs perceive inanimate objects","Prichard A, Chhibber R, Athanassiades K, Chiu V, Spivak M, Berns GS.","J Comp Neurol. 2021 Aug 1;529(11):2987-2994. doi: 10.1002/cne.25142. Epub 2021 Mar 25.","Prichard A","J Comp Neurol","2021","2021/03/21","","","10.1002/cne.25142"
"33427167","Developmental outcomes of early adverse care on amygdala functional connectivity in nonhuman primates","Morin EL, Howell BR, Feczko E, Earl E, Pincus M, Reding K, Kovacs-Balint ZA, Meyer JS, Styner M, Fair D, Sanchez MM.","Dev Psychopathol. 2020 Dec;32(5):1579-1596. doi: 10.1017/S0954579420001133.","Morin EL","Dev Psychopathol","2020","2021/01/11","","","10.1017/S0954579420001133"
"32981657","Converging Structural and Functional Evidence for a Rat Salience Network","Tsai PJ, Keeley RJ, Carmack SA, Vendruscolo JCM, Lu H, Gu H, Vendruscolo LF, Koob GF, Lin CP, Stein EA, Yang Y.","Biol Psychiatry. 2020 Dec 1;88(11):867-878. doi: 10.1016/j.biopsych.2020.06.023. Epub 2020 Jul 2.","Tsai PJ","Biol Psychiatry","2020","2020/09/28","","","10.1016/j.biopsych.2020.06.023"
"32469053","Dynamic Reconfiguration, Fragmentation, and Integration of Whole-Brain Modular Structure across Depths of Unconsciousness","Standage D, Areshenkoff CN, Nashed JY, Hutchison RM, Hutchison M, Heinke D, Menon RS, Everling S, Gallivan JP.","Cereb Cortex. 2020 Sep 3;30(10):5229-5241. doi: 10.1093/cercor/bhaa085.","Standage D","Cereb Cortex","2020","2020/05/30","PMC7472202","","10.1093/cercor/bhaa085"
"31825706","Transcranial alternating current stimulation attenuates BOLD adaptation and increases functional connectivity","Kar K, Ito T, Cole MW, Krekelberg B.","J Neurophysiol. 2020 Jan 1;123(1):428-438. doi: 10.1152/jn.00376.2019. Epub 2019 Dec 11.","Kar K","J Neurophysiol","2020","2019/12/12","PMC6985864","","10.1152/jn.00376.2019"
"31768458","Brain Activation in a Cynomolgus Macaque Model of Chymopapain-Induced Discogenic Low Back Pain: A Preliminary Study","Ushirozako H, Yoshida G, Togawa D, Omura T, Hasegawa T, Yamato Y, Banno T, Arima H, Oe S, Mihara Y, Yamada T, Natsume T, Ogawa S, Awaga Y, Takamatsu H, Matsuyama Y.","Spine Surg Relat Res. 2019 Apr 5;3(4):368-376. doi: 10.22603/ssrr.2018-0110. eCollection 2019.","Ushirozako H","Spine Surg Relat Res","2019","2019/11/27","PMC6834467","","10.22603/ssrr.2018-0110"
"31672243","Approach-Avoidance Conflict in Major Depressive Disorder: Congruent Neural Findings in Humans and Nonhuman Primates","Ironside M, Amemori KI, McGrath CL, Pedersen ML, Kang MS, Amemori S, Frank MJ, Graybiel AM, Pizzagalli DA.","Biol Psychiatry. 2020 Mar 1;87(5):399-408. doi: 10.1016/j.biopsych.2019.08.022. Epub 2019 Sep 6.","Ironside M","Biol Psychiatry","2020","2019/11/02","PMC7007869","NIHMS1539267","10.1016/j.biopsych.2019.08.022"
"31219563","From Synchrony to Asynchrony: Cerebellar-Basal Ganglia Functional Circuits in Young and Older Adults","Hausman HK, Jackson TB, Goen JRM, Bernard JA.","Cereb Cortex. 2020 Mar 21;30(2):718-729. doi: 10.1093/cercor/bhz121.","Hausman HK","Cereb Cortex","2020","2019/06/21","","","10.1093/cercor/bhz121"
"31039559","Brain Connectivity in Ateles geoffroyi: Resting-State Functional Magnetic Resonance Imaging of Working Memory and Executive Control","Platas-Neri D, Hidalgo-Tobón S, Chico-Ponce de León F, Muñoz-Delgado J, Phillips KA, Téllez-Alanís B, Villanueva-Valle J, de Celis Alonso B.","Brain Behav Evol. 2019;93(1):19-33. doi: 10.1159/000499177. Epub 2019 Apr 30.","Platas-Neri D","Brain Behav Evol","2019","2019/05/01","","","10.1159/000499177"
"30867291","Estimating average single-neuron visual receptive field sizes by fMRI","Keliris GA, Li Q, Papanikolaou A, Logothetis NK, Smirnakis SM.","Proc Natl Acad Sci U S A. 2019 Mar 26;116(13):6425-6434. doi: 10.1073/pnas.1809612116. Epub 2019 Mar 13.","Keliris GA","Proc Natl Acad Sci U S A","2019","2019/03/15","PMC6442598","","10.1073/pnas.1809612116"
"30355629","Functional MRI in Macaque Monkeys during Task Switching","Premereur E, Janssen P, Vanduffel W.","J Neurosci. 2018 Dec 12;38(50):10619-10630. doi: 10.1523/JNEUROSCI.1539-18.2018. Epub 2018 Oct 24.","Premereur E","J Neurosci","2018","2018/10/26","PMC6580658","","10.1523/JNEUROSCI.1539-18.2018"
"30232039","Improved methods for MRI-compatible implants in nonhuman primates","Ortiz-Rios M, Haag M, Balezeau F, Frey S, Thiele A, Murphy K, Schmid MC.","J Neurosci Methods. 2018 Oct 1;308:377-389. doi: 10.1016/j.jneumeth.2018.09.013. Epub 2018 Sep 16.","Ortiz-Rios M","J Neurosci Methods","2018","2018/09/21","PMC6203806","","10.1016/j.jneumeth.2018.09.013"
"29049083","Ketamine and pharmacological imaging: use of functional magnetic resonance imaging to evaluate mechanisms of action","Maltbie EA, Kaundinya GS, Howell LL.","Behav Pharmacol. 2017 Dec;28(8):610-622. doi: 10.1097/FBP.0000000000000354.","Maltbie EA","Behav Pharmacol","2017","2017/10/20","PMC5687297","NIHMS909831","10.1097/FBP.0000000000000354"
"27501382","Design and implementation of embedded 8-channel receive-only arrays for whole-brain MRI and fMRI of conscious awake marmosets","Papoti D, Yen CC, Hung CC, Ciuchta J, Leopold DA, Silva AC.","Magn Reson Med. 2017 Jul;78(1):387-398. doi: 10.1002/mrm.26339. Epub 2016 Aug 8.","Papoti D","Magn Reson Med","2017","2016/08/09","PMC5298952","NIHMS797550","10.1002/mrm.26339"
"27251623","Dopamine Release in the Nonhuman Primate Caudate and Putamen Depends upon Site of Stimulation in the Subthalamic Nucleus","Min HK, Ross EK, Jo HJ, Cho S, Settell ML, Jeong JH, Duffy PS, Chang SY, Bennet KE, Blaha CD, Lee KH.","J Neurosci. 2016 Jun 1;36(22):6022-9. doi: 10.1523/JNEUROSCI.0403-16.2016.","Min HK","J Neurosci","2016","2016/06/03","PMC4887566","","10.1523/JNEUROSCI.0403-16.2016"
"26966119","A proof-of-concept, randomized controlled trial of DAR-0100A, a dopamine-1 receptor agonist, for cognitive enhancement in schizophrenia","Girgis RR, Van Snellenberg JX, Glass A, Kegeles LS, Thompson JL, Wall M, Cho RY, Carter CS, Slifstein M, Abi-Dargham A, Lieberman JA.","J Psychopharmacol. 2016 May;30(5):428-35. doi: 10.1177/0269881116636120. Epub 2016 Mar 10.","Girgis RR","J Psychopharmacol","2016","2016/03/12","","","10.1177/0269881116636120"
"26677082","Coding of attention across the human intraparietal sulcus","Connolly JD, Kentridge RW, Cavina-Pratesi C.","Exp Brain Res. 2016 Mar;234(3):917-30. doi: 10.1007/s00221-015-4507-2. Epub 2015 Dec 16.","Connolly JD","Exp Brain Res","2016","2015/12/18","PMC4751187","","10.1007/s00221-015-4507-2"
"26467643","Essential tremor is associated with disruption of functional connectivity in the ventral intermediate Nucleus--Motor Cortex--Cerebellum circuit","Fang W, Chen H, Wang H, Zhang H, Puneet M, Liu M, Lv F, Luo T, Cheng O, Wang X, Lu X.","Hum Brain Mapp. 2016 Jan;37(1):165-78. doi: 10.1002/hbm.23024. Epub 2015 Oct 15.","Fang W","Hum Brain Mapp","2016","2015/10/16","PMC6867464","","10.1002/hbm.23024"
"26467517","Tactile representation of the head and shoulders assessed by fMRI in the nonhuman primate","Wardak C, Guipponi O, Pinède S, Ben Hamed S.","J Neurophysiol. 2016 Jan 1;115(1):80-91. doi: 10.1152/jn.00633.2015. Epub 2015 Oct 14.","Wardak C","J Neurophysiol","2016","2015/10/16","PMC4760502","","10.1152/jn.00633.2015"
"26290449","Resting-state functional connectivity in the baboon model of genetic generalized epilepsy","Salinas FS, Szabó CÁ.","Epilepsia. 2015 Oct;56(10):1580-9. doi: 10.1111/epi.13115. Epub 2015 Aug 20.","Salinas FS","Epilepsia","2015","2015/08/21","PMC4593742","NIHMS708606","10.1111/epi.13115"
"26156987","The Anatomical and Functional Organization of the Human Visual Pulvinar","Arcaro MJ, Pinsk MA, Kastner S.","J Neurosci. 2015 Jul 8;35(27):9848-71. doi: 10.1523/JNEUROSCI.1575-14.2015.","Arcaro MJ","J Neurosci","2015","2015/07/10","PMC4495241","","10.1523/JNEUROSCI.1575-14.2015"
"26156687","Striatal and Pallidal Activation during Reward Modulated Movement Using a Translational Paradigm","Bischoff-Grethe A, Buxton RB, Paulus MP, Fleisher AS, Yang TT, Brown GG.","J Int Neuropsychol Soc. 2015 Jul;21(6):399-411. doi: 10.1017/S1355617715000491. Epub 2015 Jul 9.","Bischoff-Grethe A","J Int Neuropsychol Soc","2015","2015/07/10","PMC4668805","NIHMS723842","10.1017/S1355617715000491"
"26052749","Functional subregions of the human entorhinal cortex","Maass A, Berron D, Libby LA, Ranganath C, Düzel E.","Elife. 2015 Jun 8;4:e06426. doi: 10.7554/eLife.06426.","Maass A","Elife","2015","2015/06/09","PMC4458841","","10.7554/eLife.06426"
"26029069","Aggressive vocal expressions-an investigation of their underlying neural network","Klaas HS, Frühholz S, Grandjean D.","Front Behav Neurosci. 2015 May 11;9:121. doi: 10.3389/fnbeh.2015.00121. eCollection 2015.","Klaas HS","Front Behav Neurosci","2015","2015/06/02","PMC4426728","","10.3389/fnbeh.2015.00121"
"25833027","The effects of chronic alcohol self-administration in nonhuman primate brain networks","Telesford QK, Laurienti PJ, Davenport AT, Friedman DP, Kraft RA, Daunais JB.","Alcohol Clin Exp Res. 2015 Apr;39(4):659-71. doi: 10.1111/acer.12688.","Telesford QK","Alcohol Clin Exp Res","2015","2015/04/03","PMC6724209","NIHMS659294","10.1111/acer.12688"
"25224997","Understanding human original actions directed at real-world goals: the role of the lateral prefrontal cortex","Sitnikova T, Rosen BR, Lord LD, West WC.","Neuroimage. 2014 Dec;103:91-105. doi: 10.1016/j.neuroimage.2014.09.012. Epub 2014 Sep 16.","Sitnikova T","Neuroimage","2014","2014/09/17","PMC4312188","NIHMS628219","10.1016/j.neuroimage.2014.09.012"
"24933029","Subthalamic nucleus deep brain stimulation induces motor network BOLD activation: use of a high precision MRI guided stereotactic system for nonhuman primates","Min HK, Ross EK, Lee KH, Dennis K, Han SR, Jeong JH, Marsh MP, Striemer B, Felmlee JP, Lujan JL, Goerss S, Duffy PS, Blaha C, Chang SY, Bennet KE.","Brain Stimul. 2014 Jul-Aug;7(4):603-607. doi: 10.1016/j.brs.2014.04.007. Epub 2014 May 2.","Min HK","Brain Stimul","2014","2014/06/17","PMC4108508","NIHMS603271","10.1016/j.brs.2014.04.007"
"24478378","Dissociable memory traces within the macaque medial temporal lobe predict subsequent recognition performance","Miyamoto K, Adachi Y, Osada T, Watanabe T, Kimura HM, Setsuie R, Miyashita Y.","J Neurosci. 2014 Jan 29;34(5):1988-97. doi: 10.1523/JNEUROSCI.4048-13.2014.","Miyamoto K","J Neurosci","2014","2014/01/31","PMC6827594","","10.1523/JNEUROSCI.4048-13.2014"
"24164166","Graphs of brain networks","Zahr NM.","Alcohol Clin Exp Res. 2013 Nov;37(11):1813-5. doi: 10.1111/acer.12293.","Zahr NM","Alcohol Clin Exp Res","2013","2013/10/30","PMC8146133","NIHMS1699229","10.1111/acer.12293"
"23905720","The effects of alcohol on the nonhuman primate brain: a network science approach to neuroimaging","Telesford QK, Laurienti PJ, Friedman DP, Kraft RA, Daunais JB.","Alcohol Clin Exp Res. 2013 Nov;37(11):1891-900. doi: 10.1111/acer.12181. Epub 2013 Jul 26.","Telesford QK","Alcohol Clin Exp Res","2013","2013/08/03","PMC3812370","NIHMS471410","10.1111/acer.12181"
"23873674","""What?"" and ""where?"" versus ""what is where?"": the impact of task on coding of object form and position in the lateral occipital complex","Macevoy SP.","J Vis. 2013 Jul 19;13(8):21. doi: 10.1167/13.8.21.","Macevoy SP","J Vis","2013","2013/07/23","","","10.1167/13.8.21"
"23788461","Minimizing biases in estimating the reorganization of human visual areas with BOLD retinotopic mapping","Binda P, Thomas JM, Boynton GM, Fine I.","J Vis. 2013 Jun 20;13(7):13. doi: 10.1167/13.7.13.","Binda P","J Vis","2013","2013/06/22","PMC3689563","","10.1167/13.7.13"
"23723346","Neurovascular coupling to D2/D3 dopamine receptor occupancy using simultaneous PET/functional MRI","Sander CY, Hooker JM, Catana C, Normandin MD, Alpert NM, Knudsen GM, Vanduffel W, Rosen BR, Mandeville JB.","Proc Natl Acad Sci U S A. 2013 Jul 2;110(27):11169-74. doi: 10.1073/pnas.1220512110. Epub 2013 May 30.","Sander CY","Proc Natl Acad Sci U S A","2013","2013/06/01","PMC3703969","","10.1073/pnas.1220512110"
"23585519","The pathways for intelligible speech: multivariate and univariate perspectives","Evans S, Kyong JS, Rosen S, Golestani N, Warren JE, McGettigan C, Mourão-Miranda J, Wise RJ, Scott SK.","Cereb Cortex. 2014 Sep;24(9):2350-61. doi: 10.1093/cercor/bht083. Epub 2013 Apr 12.","Evans S","Cereb Cortex","2014","2013/04/16","PMC4128702","","10.1093/cercor/bht083"
"23447621","Multimodal convergence within the intraparietal sulcus of the macaque monkey","Guipponi O, Wardak C, Ibarrola D, Comte JC, Sappey-Marinier D, Pinède S, Ben Hamed S.","J Neurosci. 2013 Feb 27;33(9):4128-39. doi: 10.1523/JNEUROSCI.1421-12.2013.","Guipponi O","J Neurosci","2013","2013/03/01","PMC6619317","","10.1523/JNEUROSCI.1421-12.2013"
"23236202","Effects of neural synchrony on surface EEG","Musall S, von Pföstl V, Rauch A, Logothetis NK, Whittingstall K.","Cereb Cortex. 2014 Apr;24(4):1045-53. doi: 10.1093/cercor/bhs389. Epub 2012 Dec 12.","Musall S","Cereb Cortex","2014","2012/12/14","","","10.1093/cercor/bhs389"
"23136420","Within-digit functional parcellation of Brodmann areas of the human primary somatosensory cortex using functional magnetic resonance imaging at 7 tesla","Sanchez-Panchuelo RM, Besle J, Beckett A, Bowtell R, Schluppeck D, Francis S.","J Neurosci. 2012 Nov 7;32(45):15815-22. doi: 10.1523/JNEUROSCI.2501-12.2012.","Sanchez-Panchuelo RM","J Neurosci","2012","2012/11/09","PMC6621625","","10.1523/JNEUROSCI.2501-12.2012"
"23077051","Dynamic reorganization of digit representations in somatosensory cortex of nonhuman primates after spinal cord injury","Chen LM, Qi HX, Kaas JH.","J Neurosci. 2012 Oct 17;32(42):14649-63. doi: 10.1523/JNEUROSCI.1841-12.2012.","Chen LM","J Neurosci","2012","2012/10/19","PMC3498942","NIHMS416090","10.1523/JNEUROSCI.1841-12.2012"
"22570135","Session II: Mechanisms of age-related cognitive change and targets for intervention: neural circuits, networks, and plasticity","DeCarli C, Kawas C, Morrison JH, Reuter-Lorenz PA, Sperling RA, Wright CB.","J Gerontol A Biol Sci Med Sci. 2012 Jun;67(7):747-53. doi: 10.1093/gerona/gls111. Epub 2012 May 8.","DeCarli C","J Gerontol A Biol Sci Med Sci","2012","2012/05/10","PMC3732094","","10.1093/gerona/gls111"
"22115923","Differential fMRI activation to noxious heat and tactile stimuli in parasylvian areas of new world monkeys","Chen LM, Dillenburger BC, Wang F, Tang CH.","Pain. 2012 Jan;153(1):158-169. doi: 10.1016/j.pain.2011.10.006. Epub 2011 Nov 23.","Chen LM","Pain","2012","2011/11/26","PMC3245780","NIHMS332815","10.1016/j.pain.2011.10.006"
"22040739","Ongoing physiological processes in the cerebral cortex","Leopold DA, Maier A.","Neuroimage. 2012 Oct 1;62(4):2190-200. doi: 10.1016/j.neuroimage.2011.10.059. Epub 2011 Oct 25.","Leopold DA","Neuroimage","2012","2011/11/02","PMC3288739","NIHMS334847","10.1016/j.neuroimage.2011.10.059"
"21917787","Behavioral and neural properties of social reinforcement learning","Jones RM, Somerville LH, Li J, Ruberry EJ, Libby V, Glover G, Voss HU, Ballon DJ, Casey BJ.","J Neurosci. 2011 Sep 14;31(37):13039-45. doi: 10.1523/JNEUROSCI.2972-11.2011.","Jones RM","J Neurosci","2011","2011/09/16","PMC3303166","NIHMS325214","10.1523/JNEUROSCI.2972-11.2011"
"21865466","Relationship between functional magnetic resonance imaging-identified regions and neuronal category selectivity","Bell AH, Malecek NJ, Morin EL, Hadj-Bouziane F, Tootell RB, Ungerleider LG.","J Neurosci. 2011 Aug 24;31(34):12229-40. doi: 10.1523/JNEUROSCI.5865-10.2011.","Bell AH","J Neurosci","2011","2011/08/26","PMC3165163","NIHMS317613","10.1523/JNEUROSCI.5865-10.2011"
"21664781","Realignment strategies for awake-monkey fMRI data","Stoewer S, Goense J, Keliris GA, Bartels A, Logothetis NK, Duncan J, Sigala N.","Magn Reson Imaging. 2011 Dec;29(10):1390-400. doi: 10.1016/j.mri.2011.05.003. Epub 2011 Jun 12.","Stoewer S","Magn Reson Imaging","2011","2011/06/14","","","10.1016/j.mri.2011.05.003"
"21530264","Subjective socioeconomic status predicts human ventral striatal responses to social status information","Ly M, Haynes MR, Barter JW, Weinberger DR, Zink CF.","Curr Biol. 2011 May 10;21(9):794-7. doi: 10.1016/j.cub.2011.03.050. Epub 2011 Apr 28.","Ly M","Curr Biol","2011","2011/05/03","","","10.1016/j.cub.2011.03.050"
"21368033","Fractionating the default mode network: distinct contributions of the ventral and dorsal posterior cingulate cortex to cognitive control","Leech R, Kamourieh S, Beckmann CF, Sharp DJ.","J Neurosci. 2011 Mar 2;31(9):3217-24. doi: 10.1523/JNEUROSCI.5626-10.2011.","Leech R","J Neurosci","2011","2011/03/04","PMC6623935","","10.1523/JNEUROSCI.5626-10.2011"
"21317354","Nonhuman primate positron emission tomography neuroimaging in drug abuse research","Howell LL, Murnane KS.","J Pharmacol Exp Ther. 2011 May;337(2):324-34. doi: 10.1124/jpet.108.136689. Epub 2011 Feb 11.","Howell LL","J Pharmacol Exp Ther","2011","2011/02/15","PMC3083112","","10.1124/jpet.108.136689"
"20827260","Baseline CBF, and BOLD, CBF, and CMRO2 fMRI of visual and vibrotactile stimulations in baboons","Wey HY, Wang DJ, Duong TQ.","J Cereb Blood Flow Metab. 2011 Feb;31(2):715-24. doi: 10.1038/jcbfm.2010.154. Epub 2010 Sep 8.","Wey HY","J Cereb Blood Flow Metab","2011","2010/09/10","PMC3049525","","10.1038/jcbfm.2010.154"
"20665723","Dynamic upper and lower visual field preferences within the human dorsal frontoparietal attention network","Kraft A, Sommer WH, Schmidt S, Brandt SA.","Hum Brain Mapp. 2011 Jul;32(7):1036-49. doi: 10.1002/hbm.21087. Epub 2010 Jul 27.","Kraft A","Hum Brain Mapp","2011","2010/07/29","PMC6870500","","10.1002/hbm.21087"
"20579829","Integration of EEG source imaging and fMRI during continuous viewing of natural movies","Whittingstall K, Bartels A, Singh V, Kwon S, Logothetis NK.","Magn Reson Imaging. 2010 Oct;28(8):1135-42. doi: 10.1016/j.mri.2010.03.042. Epub 2010 Jun 25.","Whittingstall K","Magn Reson Imaging","2010","2010/06/29","","","10.1016/j.mri.2010.03.042"
"20513657","Neural mechanisms of understanding rational actions: middle temporal gyrus activation by contextual violation","Jastorff J, Clavagnier S, Gergely G, Orban GA.","Cereb Cortex. 2011 Feb;21(2):318-29. doi: 10.1093/cercor/bhq098. Epub 2010 May 30.","Jastorff J","Cereb Cortex","2011","2010/06/02","","","10.1093/cercor/bhq098"
"19923280","Default mode of brain activity demonstrated by positron emission tomography imaging in awake monkeys: higher rest-related than working memory-related activity in medial cortical areas","Kojima T, Onoe H, Hikosaka K, Tsutsui K, Tsukada H, Watanabe M.","J Neurosci. 2009 Nov 18;29(46):14463-71. doi: 10.1523/JNEUROSCI.1786-09.2009.","Kojima T","J Neurosci","2009","2009/11/20","PMC6665835","","10.1523/JNEUROSCI.1786-09.2009"
"19674088","3D surface perception from motion involves a temporal-parietal network","Beer AL, Watanabe T, Ni R, Sasaki Y, Andersen GJ.","Eur J Neurosci. 2009 Aug;30(4):703-13. doi: 10.1111/j.1460-9568.2009.06857.x. Epub 2009 Aug 7.","Beer AL","Eur J Neurosci","2009","2009/08/14","PMC2902171","NIHMS199043","10.1111/j.1460-9568.2009.06857.x"
"19633556","Functional imaging of human auditory cortex","Woods DL, Alain C.","Curr Opin Otolaryngol Head Neck Surg. 2009 Oct;17(5):407-11. doi: 10.1097/MOO.0b013e3283303330.","Woods DL","Curr Opin Otolaryngol Head Neck Surg","2009","2009/07/28","","","10.1097/MOO.0b013e3283303330"
"19555290","The neuropsychopharmacology of fronto-executive function: monoaminergic modulation","Robbins TW, Arnsten AF.","Annu Rev Neurosci. 2009;32:267-87. doi: 10.1146/annurev.neuro.051508.135535.","Robbins TW","Annu Rev Neurosci","2009","2009/06/27","PMC2863127","NIHMS197469","10.1146/annurev.neuro.051508.135535"
"19386635","Integrating visual and tactile information in the perirhinal cortex","Holdstock JS, Hocking J, Notley P, Devlin JT, Price CJ.","Cereb Cortex. 2009 Dec;19(12):2993-3000. doi: 10.1093/cercor/bhp073. Epub 2009 Apr 22.","Holdstock JS","Cereb Cortex","2009","2009/04/24","PMC2774401","","10.1093/cercor/bhp073"
"19239700","Orienting asymmetries and lateralized processing of sounds in humans","Fischer J, Teufel C, Drolet M, Patzelt A, Rübsamen R, von Cramon DY, Schubotz RI.","BMC Neurosci. 2009 Feb 24;10:14. doi: 10.1186/1471-2202-10-14.","Fischer J","BMC Neurosci","2009","2009/02/26","PMC2652465","","10.1186/1471-2202-10-14"
"19225172","Area Spt in the human planum temporale supports sensory-motor integration for speech processing","Hickok G, Okada K, Serences JT.","J Neurophysiol. 2009 May;101(5):2725-32. doi: 10.1152/jn.91099.2008. Epub 2009 Feb 18.","Hickok G","J Neurophysiol","2009","2009/02/20","","","10.1152/jn.91099.2008"
"19138749","BOLD fMRI activation for anti-saccades in nonhuman primates","Ford KA, Gati JS, Menon RS, Everling S.","Neuroimage. 2009 Apr 1;45(2):470-6. doi: 10.1016/j.neuroimage.2008.12.009. Epub 2008 Dec 24.","Ford KA","Neuroimage","2009","2009/01/14","","","10.1016/j.neuroimage.2008.12.009"
"19074351","Modafinil shifts human locus coeruleus to low-tonic, high-phasic activity during functional MRI","Minzenberg MJ, Watrous AJ, Yoon JH, Ursu S, Carter CS.","Science. 2008 Dec 12;322(5908):1700-2. doi: 10.1126/science.1164908.","Minzenberg MJ","Science","2008","2008/12/17","","","10.1126/science.1164908"
"19005042","Fine-scale spatial organization of face and object selectivity in the temporal lobe: do functional magnetic resonance imaging, optical imaging, and electrophysiology agree?","Op de Beeck HP, Dicarlo JJ, Goense JB, Grill-Spector K, Papanastassiou A, Tanifuji M, Tsao DY.","J Neurosci. 2008 Nov 12;28(46):11796-801. doi: 10.1523/JNEUROSCI.3799-08.2008.","Op de Beeck HP","J Neurosci","2008","2008/11/14","PMC6671639","","10.1523/JNEUROSCI.3799-08.2008"
"19003891","Neuroscientific approaches and applications within anthropology","Rilling JK.","Am J Phys Anthropol. 2008;Suppl 47:2-32. doi: 10.1002/ajpa.20947.","Rilling JK","Am J Phys Anthropol","2008","2008/11/13","","","10.1002/ajpa.20947"
"18989104","Brain-computer interface in paralysis","Birbaumer N, Murguialday AR, Cohen L.","Curr Opin Neurol. 2008 Dec;21(6):634-8. doi: 10.1097/WCO.0b013e328315ee2d.","Birbaumer N","Curr Opin Neurol","2008","2008/11/08","","","10.1097/WCO.0b013e328315ee2d"
"18823880","Impairment of working memory maintenance and response in schizophrenia: functional magnetic resonance imaging evidence","Driesen NR, Leung HC, Calhoun VD, Constable RT, Gueorguieva R, Hoffman R, Skudlarski P, Goldman-Rakic PS, Krystal JH.","Biol Psychiatry. 2008 Dec 15;64(12):1026-34. doi: 10.1016/j.biopsych.2008.07.029. Epub 2008 Sep 27.","Driesen NR","Biol Psychiatry","2008","2008/10/01","PMC2650279","NIHMS81965","10.1016/j.biopsych.2008.07.029"
"18701759","Intrinsic functional relations between human cerebral cortex and thalamus","Zhang D, Snyder AZ, Fox MD, Sansbury MW, Shimony JS, Raichle ME.","J Neurophysiol. 2008 Oct;100(4):1740-8. doi: 10.1152/jn.90463.2008. Epub 2008 Aug 13.","Zhang D","J Neurophysiol","2008","2008/08/15","PMC2576214","","10.1152/jn.90463.2008"
"18372289","Functional lateralization of face, hand, and trunk representation in anatomically defined human somatosensory areas","Eickhoff SB, Grefkes C, Fink GR, Zilles K.","Cereb Cortex. 2008 Dec;18(12):2820-30. doi: 10.1093/cercor/bhn039. Epub 2008 Mar 27.","Eickhoff SB","Cereb Cortex","2008","2008/03/29","PMC2724832","","10.1093/cercor/bhn039"
"18172338","High-resolution fMRI maps of cortical activation in nonhuman primates: correlation with intrinsic signal optical images","Roe AW, Chen LM.","ILAR J. 2008;49(1):116-23. doi: 10.1093/ilar.49.1.116.","Roe AW","ILAR J","2008","2008/01/04","PMC2653868","NIHMS94976","10.1093/ilar.49.1.116"
"18054173","Three-dimensional probabilistic maps of the occipital sulci of the human brain in standardized stereotaxic space","Iaria G, Robbins S, Petrides M.","Neuroscience. 2008 Jan 2;151(1):174-85. doi: 10.1016/j.neuroscience.2007.09.050. Epub 2007 Nov 28.","Iaria G","Neuroscience","2008","2007/12/07","","","10.1016/j.neuroscience.2007.09.050"
"17960143","The effect of labeling parameters on perfusion-based fMRI in nonhuman primates","Zappe AC, Pfeuffer J, Merkle H, Logothetis NK, Goense JB.","J Cereb Blood Flow Metab. 2008 Mar;28(3):640-52. doi: 10.1038/sj.jcbfm.9600564. Epub 2007 Oct 24.","Zappe AC","J Cereb Blood Flow Metab","2008","2007/10/26","","","10.1038/sj.jcbfm.9600564"
"17728454","Differential recruitment of the hippocampus, medial prefrontal cortex, and the human motion complex during path integration in humans","Wolbers T, Wiener JM, Mallot HA, Büchel C.","J Neurosci. 2007 Aug 29;27(35):9408-16. doi: 10.1523/JNEUROSCI.2146-07.2007.","Wolbers T","J Neurosci","2007","2007/08/31","PMC6673121","","10.1523/JNEUROSCI.2146-07.2007"
"17715354","High-resolution maps of real and illusory tactile activation in primary somatosensory cortex in individual monkeys with functional magnetic resonance imaging and optical imaging","Chen LM, Turner GH, Friedman RM, Zhang N, Gore JC, Roe AW, Avison MJ.","J Neurosci. 2007 Aug 22;27(34):9181-91. doi: 10.1523/JNEUROSCI.1588-07.2007.","Chen LM","J Neurosci","2007","2007/08/24","PMC6672200","","10.1523/JNEUROSCI.1588-07.2007"
"17652462","The representation of blinking movement in cingulate motor areas: a functional magnetic resonance imaging study","Hanakawa T, Dimyan MA, Hallett M.","Cereb Cortex. 2008 Apr;18(4):930-7. doi: 10.1093/cercor/bhm129. Epub 2007 Jul 25.","Hanakawa T","Cereb Cortex","2008","2007/07/27","","","10.1093/cercor/bhm129"
"17614230","Dependence of BOLD signal change on tactile stimulus intensity in SI of primates","Zhang N, Gore JC, Chen LM, Avison MJ.","Magn Reson Imaging. 2007 Jul;25(6):784-94. doi: 10.1016/j.mri.2007.05.002. Epub 2007 Jul 5.","Zhang N","Magn Reson Imaging","2007","2007/07/07","","","10.1016/j.mri.2007.05.002"
"17497631","Localization of human intraparietal areas AIP, CIP, and LIP using surface orientation and saccadic eye movement tasks","Shikata E, McNamara A, Sprenger A, Hamzei F, Glauche V, Büchel C, Binkofski F.","Hum Brain Mapp. 2008 Apr;29(4):411-21. doi: 10.1002/hbm.20396.","Shikata E","Hum Brain Mapp","2008","2007/05/15","PMC6870972","","10.1002/hbm.20396"
"17314280","Functional imaging reveals visual modulation of specific fields in auditory cortex","Kayser C, Petkov CI, Augath M, Logothetis NK.","J Neurosci. 2007 Feb 21;27(8):1824-35. doi: 10.1523/JNEUROSCI.4737-06.2007.","Kayser C","J Neurosci","2007","2007/02/23","PMC6673538","","10.1523/JNEUROSCI.4737-06.2007"
"17069478","Neuroanatomic organization of sound memory in humans","Kraut MA, Pitcock JA, Calhoun V, Li J, Freeman T, Hart J Jr.","J Cogn Neurosci. 2006 Nov;18(11):1877-88. doi: 10.1162/jocn.2006.18.11.1877.","Kraut MA","J Cogn Neurosci","2006","2006/10/31","","","10.1162/jocn.2006.18.11.1877"
"17032710","The somatotopic organization of cytoarchitectonic areas on the human parietal operculum","Eickhoff SB, Grefkes C, Zilles K, Fink GR.","Cereb Cortex. 2007 Aug;17(8):1800-11. doi: 10.1093/cercor/bhl090. Epub 2006 Oct 10.","Eickhoff SB","Cereb Cortex","2007","2006/10/13","","","10.1093/cercor/bhl090"
"16281284","Identifying human parieto-insular vestibular cortex using fMRI and cytoarchitectonic mapping","Eickhoff SB, Weiss PH, Amunts K, Fink GR, Zilles K.","Hum Brain Mapp. 2006 Jul;27(7):611-21. doi: 10.1002/hbm.20205.","Eickhoff SB","Hum Brain Mapp","2006","2005/11/11","PMC6871353","","10.1002/hbm.20205"
"15944234","Visual responses of the human superior colliculus: a high-resolution functional magnetic resonance imaging study","Schneider KA, Kastner S.","J Neurophysiol. 2005 Oct;94(4):2491-503. doi: 10.1152/jn.00288.2005. Epub 2005 Jun 8.","Schneider KA","J Neurophysiol","2005","2005/06/10","","","10.1152/jn.00288.2005"
"15827999","Bilateral cortical representation of the trunk midline in human first somatic sensory area","Fabri M, Polonara G, Salvolini U, Manzoni T.","Hum Brain Mapp. 2005 Jul;25(3):287-96. doi: 10.1002/hbm.20099.","Fabri M","Hum Brain Mapp","2005","2005/04/14","PMC6871704","","10.1002/hbm.20099"
"15488396","Distributed digit somatotopy in primary somatosensory cortex","Overduin SA, Servos P.","Neuroimage. 2004 Oct;23(2):462-72. doi: 10.1016/j.neuroimage.2004.06.024.","Overduin SA","Neuroimage","2004","2004/10/19","","","10.1016/j.neuroimage.2004.06.024"
"15130736","Direct comparison of visual cortex activation in human and nonhuman primates using functional magnetic resonance imaging","Dubowitz DJ.","Methods Enzymol. 2004;385:102-34. doi: 10.1016/S0076-6879(04)85007-9.","Dubowitz DJ","Methods Enzymol","2004","2004/05/08","","","10.1016/S0076-6879(04)85007-9"
"15110033","Assessing the auditory dual-pathway model in humans","Arnott SR, Binns MA, Grady CL, Alain C.","Neuroimage. 2004 May;22(1):401-8. doi: 10.1016/j.neuroimage.2004.01.014.","Arnott SR","Neuroimage","2004","2004/04/28","","","10.1016/j.neuroimage.2004.01.014"
"15014131","The processing of visual shape in the cerebral cortex of human and nonhuman primates: a functional magnetic resonance imaging study","Denys K, Vanduffel W, Fize D, Nelissen K, Peuskens H, Van Essen D, Orban GA.","J Neurosci. 2004 Mar 10;24(10):2551-65. doi: 10.1523/JNEUROSCI.3569-03.2004.","Denys K","J Neurosci","2004","2004/03/12","PMC6729498","","10.1523/JNEUROSCI.3569-03.2004"
"14960288","Event-related functional magnetic resonance imaging of reward-related brain circuitry in children and adolescents","May JC, Delgado MR, Dahl RE, Stenger VA, Ryan ND, Fiez JA, Carter CS.","Biol Psychiatry. 2004 Feb 15;55(4):359-66. doi: 10.1016/j.biopsych.2003.11.008.","May JC","Biol Psychiatry","2004","2004/02/13","","","10.1016/j.biopsych.2003.11.008"
"14684855","Functional asymmetry for auditory processing in human primary auditory cortex","Devlin JT, Raley J, Tunbridge E, Lanary K, Floyer-Lea A, Narain C, Cohen I, Behrens T, Jezzard P, Matthews PM, Moore DR.","J Neurosci. 2003 Dec 17;23(37):11516-22. doi: 10.1523/JNEUROSCI.23-37-11516.2003.","Devlin JT","J Neurosci","2003","2003/12/20","PMC6740959","","10.1523/JNEUROSCI.23-37-11516.2003"
"12716950","Hierarchical processing in spoken language comprehension","Davis MH, Johnsrude IS.","J Neurosci. 2003 Apr 15;23(8):3423-31. doi: 10.1523/JNEUROSCI.23-08-03423.2003.","Davis MH","J Neurosci","2003","2003/04/30","PMC6742313","","10.1523/JNEUROSCI.23-08-03423.2003"
"12625459","Encoding of novel picture pairs activates the perirhinal cortex: an fMRI study","Pihlajamäki M, Tanila H, Hänninen T, Könönen M, Mikkonen M, Jalkanen V, Partanen K, Aronen HJ, Soininen H.","Hippocampus. 2003;13(1):67-80. doi: 10.1002/hipo.10049.","Pihlajamäki M","Hippocampus","2003","2003/03/11","","","10.1002/hipo.10049"
"12148938","Human hippocampal activation in the delayed matching- and nonmatching-to-sample memory tasks: an event-related functional MRI approach","Monk CS, Zhuang J, Curtis WJ, Ofenloch IT, Tottenham N, Nelson CA, Hu X.","Behav Neurosci. 2002 Aug;116(4):716-21. doi: 10.1037//0735-7044.116.4.716.","Monk CS","Behav Neurosci","2002","2002/08/01","","","10.1037//0735-7044.116.4.716"
"12126506","Sustained mnemonic response in the human middle frontal gyrus during on-line storage of spatial memoranda","Leung HC, Gore JC, Goldman-Rakic PS.","J Cogn Neurosci. 2002 May 15;14(4):659-71. doi: 10.1162/08989290260045882.","Leung HC","J Cogn Neurosci","2002","2002/07/20","","","10.1162/08989290260045882"
"12040063","Defining the neural mechanisms of probabilistic reversal learning using event-related functional magnetic resonance imaging","Cools R, Clark L, Owen AM, Robbins TW.","J Neurosci. 2002 Jun 1;22(11):4563-7. doi: 10.1523/JNEUROSCI.22-11-04563.2002.","Cools R","J Neurosci","2002","2002/06/01","PMC6758810","","10.1523/JNEUROSCI.22-11-04563.2002"
"11530838","Medial temporal and prefrontal contributions to working memory tasks with novel and familiar stimuli","Stern CE, Sherman SJ, Kirchhoff BA, Hasselmo ME.","Hippocampus. 2001;11(4):337-46. doi: 10.1002/hipo.1048.","Stern CE","Hippocampus","2001","2001/09/04","","","10.1002/hipo.1048"
"11467916","Detection of audio-visual integration sites in humans by application of electrophysiological criteria to the BOLD effect","Calvert GA, Hansen PC, Iversen SD, Brammer MJ.","Neuroimage. 2001 Aug;14(2):427-38. doi: 10.1006/nimg.2001.0812.","Calvert GA","Neuroimage","2001","2001/07/27","","","10.1006/nimg.2001.0812"
"11224904","Hierarchical organization of the human auditory cortex revealed by functional magnetic resonance imaging","Wessinger CM, VanMeter J, Tian B, Van Lare J, Pekar J, Rauschecker JP.","J Cogn Neurosci. 2001 Jan 1;13(1):1-7. doi: 10.1162/089892901564108.","Wessinger CM","J Cogn Neurosci","2001","2001/02/27","","","10.1162/089892901564108"
"11144756","Broca's region subserves imagery of motion: a combined cytoarchitectonic and fMRI study","Binkofski F, Amunts K, Stephan KM, Posse S, Schormann T, Freund HJ, Zilles K, Seitz RJ.","Hum Brain Mapp. 2000 Dec;11(4):273-85. doi: 10.1002/1097-0193(200012)11:4<273::aid-hbm40>3.0.co;2-0.","Binkofski F","Hum Brain Mapp","2000","2001/01/06","PMC6872088","","10.1002/1097-0193(200012)11:4<273::aid-hbm40>3.0.co;2-0"
"10806026","Activity in ventrolateral and mid-dorsolateral prefrontal cortex during nonspatial visual working memory processing: evidence from functional magnetic resonance imaging","Stern CE, Owen AM, Tracey I, Look RB, Rosen BR, Petrides M.","Neuroimage. 2000 May;11(5 Pt 1):392-9. doi: 10.1006/nimg.2000.0569.","Stern CE","Neuroimage","2000","2000/05/12","","","10.1006/nimg.2000.0569"
"10619415","Cortical networks subserving pursuit and saccadic eye movements in humans: an FMRI study","Berman RA, Colby CL, Genovese CR, Voyvodic JT, Luna B, Thulborn KR, Sweeney JA.","Hum Brain Mapp. 1999;8(4):209-25. doi: 10.1002/(sici)1097-0193(1999)8:4<209::aid-hbm5>3.0.co;2-0.","Berman RA","Hum Brain Mapp","1999","2000/01/05","PMC6873313","","10.1002/(sici)1097-0193(1999)8:4<209::aid-hbm5>3.0.co;2-0"
"10389669","Cognitive functional magnetic resonance imaging at very-high-field: eye movement control","Luna B, Sweeney JA.","Top Magn Reson Imaging. 1999 Feb;10(1):3-15. doi: 10.1097/00002142-199902000-00002.","Luna B","Top Magn Reson Imaging","1999","1999/07/02","","","10.1097/00002142-199902000-00002"
"9749610","Somatotopical organization of striatal activation during finger and toe movement: a 3-T functional magnetic resonance imaging study","Lehéricy S, van de Moortele PF, Lobel E, Paradis AL, Vidailhet M, Frouin V, Neveu P, Agid Y, Marsault C, Le Bihan D.","Ann Neurol. 1998 Sep;44(3):398-404. doi: 10.1002/ana.410440319.","Lehéricy S","Ann Neurol","1998","1998/09/28","","","10.1002/ana.410440319"
"9655492","fMRI of monkey visual cortex","Stefanacci L, Reber P, Costanza J, Wong E, Buxton R, Zola S, Squire L, Albright T.","Neuron. 1998 Jun;20(6):1051-7. doi: 10.1016/s0896-6273(00)80485-7.","Stefanacci L","Neuron","1998","1998/07/09","","","10.1016/s0896-6273(00)80485-7"
"9635201","Brain mapping in animals and humans","Sereno MI.","Curr Opin Neurobiol. 1998 Apr;8(2):188-94. doi: 10.1016/s0959-4388(98)80139-6.","Sereno MI","Curr Opin Neurobiol","1998","1998/06/23","","","10.1016/s0959-4388(98)80139-6"
"20408207","Tonotopy in human auditory cortex examined with functional magnetic resonance imaging","Wessinger CM, Buonocore MH, Kussmaul CL, Mangun GR.","Hum Brain Mapp. 1997;5(1):18-25. doi: 10.1002/(SICI)1097-0193(1997)5:1<18::AID-HBM3>3.0.CO;2-Q.","Wessinger CM","Hum Brain Mapp","1997","2010/04/22","","","10.1002/(SICI)1097-0193(1997)5:1<18::AID-HBM3>3.0.CO;2-Q"
"8670685","Activation of human prefrontal cortex during spatial and nonspatial working memory tasks measured by functional MRI","McCarthy G, Puce A, Constable RT, Krystal JH, Gore JC, Goldman-Rakic P.","Cereb Cortex. 1996 Jul-Aug;6(4):600-11. doi: 10.1093/cercor/6.4.600.","McCarthy G","Cereb Cortex","1996","1996/07/01","","","10.1093/cercor/6.4.600"
"7792606","Shared neural substrates controlling hand movements in human motor cortex","Sanes JN, Donoghue JP, Thangaraj V, Edelman RR, Warach S.","Science. 1995 Jun 23;268(5218):1775-7. doi: 10.1126/science.7792606.","Sanes JN","Science","1995","1995/06/23","","","10.1126/science.7792606"
"7722658","Functional analysis of human MT and related visual cortical areas using magnetic resonance imaging","Tootell RB, Reppas JB, Kwong KK, Malach R, Born RT, Brady TJ, Rosen BR, Belliveau JW.","J Neurosci. 1995 Apr;15(4):3215-30. doi: 10.1523/JNEUROSCI.15-04-03215.1995.","Tootell RB","J Neurosci","1995","1995/04/01","PMC6577785","","10.1523/JNEUROSCI.15-04-03215.1995"
"8078943","Functional magnetic resonance imaging of human prefrontal cortex activation during a spatial working memory task","McCarthy G, Blamire AM, Puce A, Nobre AC, Bloch G, Hyder F, Goldman-Rakic P, Shulman RG.","Proc Natl Acad Sci U S A. 1994 Aug 30;91(18):8690-4. doi: 10.1073/pnas.91.18.8690.","McCarthy G","Proc Natl Acad Sci U S A","1994","1994/08/30","PMC44672","","10.1073/pnas.91.18.8690"
