﻿PMID,Title,Authors,Citation,First Author,Journal/Book,Publication Year,Create Date,PMCID,NIHMS ID,DOI
"34273134","Structure, function and connectivity fingerprints of the frontal eye field versus the inferior frontal junction: A comprehensive comparison","Bedini M, Baldauf D.","Eur J Neurosci. 2021 Jul 17. doi: 10.1111/ejn.15393. Online ahead of print.","Bedini M","Eur J Neurosci","2021","2021/07/17","","","10.1111/ejn.15393"
"33930537","Longitudinal fMRI measures of cortical reactivation and hand use with and without training after sensory loss in primates","Qi HX, Reed JL, Wang F, Gross CL, Liu X, Chen LM, Kaas JH.","Neuroimage. 2021 Aug 1;236:118026. doi: 10.1016/j.neuroimage.2021.118026. Epub 2021 Apr 27.","Qi HX","Neuroimage","2021","2021/04/30","","","10.1016/j.neuroimage.2021.118026"
"33878384","Mapping functional gradients of the striatal circuit using simultaneous microelectric stimulation and ultrahigh-field fMRI in non-human primates","Han MJ, Park CU, Kang S, Kim B, Nikolaidis A, Milham MP, Hong SJ, Kim SG, Baeg E.","Neuroimage. 2021 Aug 1;236:118077. doi: 10.1016/j.neuroimage.2021.118077. Epub 2021 Apr 18.","Han MJ","Neuroimage","2021","2021/04/20","","","10.1016/j.neuroimage.2021.118077"
"33839768","The Brain Circuits and Dynamics of Curiosity-Driven Behavior in Naturally Curious Marmosets","Tian X, Silva AC, Liu C.","Cereb Cortex. 2021 Jul 29;31(9):4220-4232. doi: 10.1093/cercor/bhab080.","Tian X","Cereb Cortex","2021","2021/04/11","","","10.1093/cercor/bhab080"
"33787492","Neural network of social interaction observation in marmosets","Cléry JC, Hori Y, Schaeffer DJ, Menon RS, Everling S.","Elife. 2021 Mar 31;10:e65012. doi: 10.7554/eLife.65012.","Cléry JC","Elife","2021","2021/03/31","PMC8024015","","10.7554/eLife.65012"
"33745141","The mouth matters most: A functional magnetic resonance imaging study of how dogs perceive inanimate objects","Prichard A, Chhibber R, Athanassiades K, Chiu V, Spivak M, Berns GS.","J Comp Neurol. 2021 Aug 1;529(11):2987-2994. doi: 10.1002/cne.25142. Epub 2021 Mar 25.","Prichard A","J Comp Neurol","2021","2021/03/21","","","10.1002/cne.25142"
"33603648","Recent Advances in Neural Circuits for Taste Perception in Hunger","Fu O, Minokoshi Y, Nakajima KI.","Front Neural Circuits. 2021 Feb 2;15:609824. doi: 10.3389/fncir.2021.609824. eCollection 2021.","Fu O","Front Neural Circuits","2021","2021/02/19","PMC7884326","","10.3389/fncir.2021.609824"
"33427167","Developmental outcomes of early adverse care on amygdala functional connectivity in nonhuman primates","Morin EL, Howell BR, Feczko E, Earl E, Pincus M, Reding K, Kovacs-Balint ZA, Meyer JS, Styner M, Fair D, Sanchez MM.","Dev Psychopathol. 2020 Dec;32(5):1579-1596. doi: 10.1017/S0954579420001133.","Morin EL","Dev Psychopathol","2020","2021/01/11","","","10.1017/S0954579420001133"
"33350445","Individual Variability in Functional Organization of the Human and Monkey Auditory Cortex","Ren J, Xu T, Wang D, Li M, Lin Y, Schoeppe F, Ramirez JSB, Han Y, Luan G, Li L, Liu H, Ahveninen J.","Cereb Cortex. 2021 Mar 31;31(5):2450-2465. doi: 10.1093/cercor/bhaa366.","Ren J","Cereb Cortex","2021","2020/12/22","PMC8023837","","10.1093/cercor/bhaa366"
"33112698","Whole brain mapping of somatosensory responses in awake marmosets investigated with ultra-high-field fMRI","Cléry JC, Hori Y, Schaeffer DJ, Gati JS, Pruszynski JA, Everling S.","J Neurophysiol. 2020 Dec 1;124(6):1900-1913. doi: 10.1152/jn.00480.2020. Epub 2020 Oct 28.","Cléry JC","J Neurophysiol","2020","2020/10/28","","","10.1152/jn.00480.2020"
"33020215","Comparative Brain Imaging Reveals Analogous and Divergent Patterns of Species and Face Sensitivity in Humans and Dogs","Bunford N, Hernández-Pérez R, Farkas EB, Cuaya LV, Szabó D, Szabó ÁG, Gácsi M, Miklósi Á, Andics A.","J Neurosci. 2020 Oct 21;40(43):8396-8408. doi: 10.1523/JNEUROSCI.2800-19.2020. Epub 2020 Oct 5.","Bunford N","J Neurosci","2020","2020/10/06","PMC7577605","","10.1523/JNEUROSCI.2800-19.2020"
"32981657","Converging Structural and Functional Evidence for a Rat Salience Network","Tsai PJ, Keeley RJ, Carmack SA, Vendruscolo JCM, Lu H, Gu H, Vendruscolo LF, Koob GF, Lin CP, Stein EA, Yang Y.","Biol Psychiatry. 2020 Dec 1;88(11):867-878. doi: 10.1016/j.biopsych.2020.06.023. Epub 2020 Jul 2.","Tsai PJ","Biol Psychiatry","2020","2020/09/28","","","10.1016/j.biopsych.2020.06.023"
"32888082","Application of Pharmacokinetic-Pharmacodynamic Modeling to Inform Translation of In Vitro NaV1.7 Inhibition to In Vivo Pharmacological Response in Non-human Primate","Ballard JE, Pall P, Vardigan J, Zhao F, Holahan MA, Kraus R, Li Y, Henze D, Houghton A, Burgey CS, Gibson C.","Pharm Res. 2020 Sep 4;37(10):181. doi: 10.1007/s11095-020-02914-9.","Ballard JE","Pharm Res","2020","2020/09/05","PMC7473964","","10.1007/s11095-020-02914-9"
"32864612","Spatially and Temporally Distinct Encoding of Muscle and Kinematic Information in Rostral and Caudal Primary Motor Cortex","Kolasinski J, Dima DC, Mehler DMA, Stephenson A, Valadan S, Kusmia S, Rossiter HE.","Cereb Cortex Commun. 2020;1(1):tgaa009. doi: 10.1093/texcom/tgaa009. Epub 2020 Apr 4.","Kolasinski J","Cereb Cortex Commun","2020","2020/09/01","PMC7446240","","10.1093/texcom/tgaa009"
"32764639","Discrete finger sequences are widely represented in human striatum","Andersen KW, Madsen KH, Siebner HR.","Sci Rep. 2020 Aug 6;10(1):13189. doi: 10.1038/s41598-020-69923-x.","Andersen KW","Sci Rep","2020","2020/08/09","PMC7414018","","10.1038/s41598-020-69923-x"
"32728706","Mapping Human Laryngeal Motor Cortex during Vocalization","Eichert N, Papp D, Mars RB, Watkins KE.","Cereb Cortex. 2020 Nov 3;30(12):6254-6269. doi: 10.1093/cercor/bhaa182.","Eichert N","Cereb Cortex","2020","2020/07/31","PMC7610685","EMS122731","10.1093/cercor/bhaa182"
"32598478","Translational Development Strategies for TAK-063, a Phosphodiesterase 10A Inhibitor","Macek TA, Suzuki K, Asin K, Kimura H.","Int J Neuropsychopharmacol. 2020 Nov 26;23(8):524-532. doi: 10.1093/ijnp/pyaa042.","Macek TA","Int J Neuropsychopharmacol","2020","2020/06/30","PMC7689203","","10.1093/ijnp/pyaa042"
"32469053","Dynamic Reconfiguration, Fragmentation, and Integration of Whole-Brain Modular Structure across Depths of Unconsciousness","Standage D, Areshenkoff CN, Nashed JY, Hutchison RM, Hutchison M, Heinke D, Menon RS, Everling S, Gallivan JP.","Cereb Cortex. 2020 Sep 3;30(10):5229-5241. doi: 10.1093/cercor/bhaa085.","Standage D","Cereb Cortex","2020","2020/05/30","PMC7472202","","10.1093/cercor/bhaa085"
"32366956","Rapid event-related, BOLD fMRI, non-human primates (NHP): choose two out of three","Pelekanos V, Mok RM, Joly O, Ainsworth M, Kyriazis D, Kelly MG, Bell AH, Kriegeskorte N.","Sci Rep. 2020 May 4;10(1):7485. doi: 10.1038/s41598-020-64376-8.","Pelekanos V","Sci Rep","2020","2020/05/06","PMC7198564","","10.1038/s41598-020-64376-8"
"32275880","Evidence for Hierarchical Cognitive Control in the Human Cerebellum","D'Mello AM, Gabrieli JDE, Nee DE.","Curr Biol. 2020 May 18;30(10):1881-1892.e3. doi: 10.1016/j.cub.2020.03.028. Epub 2020 Apr 9.","D'Mello AM","Curr Biol","2020","2020/04/11","PMC7289516","NIHMS1582964","10.1016/j.cub.2020.03.028"
"31975553","Mirror neurons and their relationship with neurodegenerative disorders","Farina E, Borgnis F, Pozzo T.","J Neurosci Res. 2020 Jun;98(6):1070-1094. doi: 10.1002/jnr.24579. Epub 2020 Jan 23.","Farina E","J Neurosci Res","2020","2020/01/25","","","10.1002/jnr.24579"
"31847744","Canine sense of quantity: evidence for numerical ratio-dependent activation in parietotemporal cortex","Aulet LS, Chiu VC, Prichard A, Spivak M, Lourenco SF, Berns GS.","Biol Lett. 2019 Dec;15(12):20190666. doi: 10.1098/rsbl.2019.0666. Epub 2019 Dec 18.","Aulet LS","Biol Lett","2019","2019/12/19","PMC6936025","","10.1098/rsbl.2019.0666"
"31825706","Transcranial alternating current stimulation attenuates BOLD adaptation and increases functional connectivity","Kar K, Ito T, Cole MW, Krekelberg B.","J Neurophysiol. 2020 Jan 1;123(1):428-438. doi: 10.1152/jn.00376.2019. Epub 2019 Dec 11.","Kar K","J Neurophysiol","2020","2019/12/12","PMC6985864","","10.1152/jn.00376.2019"
"31768458","Brain Activation in a Cynomolgus Macaque Model of Chymopapain-Induced Discogenic Low Back Pain: A Preliminary Study","Ushirozako H, Yoshida G, Togawa D, Omura T, Hasegawa T, Yamato Y, Banno T, Arima H, Oe S, Mihara Y, Yamada T, Natsume T, Ogawa S, Awaga Y, Takamatsu H, Matsuyama Y.","Spine Surg Relat Res. 2019 Apr 5;3(4):368-376. doi: 10.22603/ssrr.2018-0110. eCollection 2019.","Ushirozako H","Spine Surg Relat Res","2019","2019/11/27","PMC6834467","","10.22603/ssrr.2018-0110"
"31672243","Approach-Avoidance Conflict in Major Depressive Disorder: Congruent Neural Findings in Humans and Nonhuman Primates","Ironside M, Amemori KI, McGrath CL, Pedersen ML, Kang MS, Amemori S, Frank MJ, Graybiel AM, Pizzagalli DA.","Biol Psychiatry. 2020 Mar 1;87(5):399-408. doi: 10.1016/j.biopsych.2019.08.022. Epub 2019 Sep 6.","Ironside M","Biol Psychiatry","2020","2019/11/02","PMC7007869","NIHMS1539267","10.1016/j.biopsych.2019.08.022"
"31649271","Resting-state fMRI data of awake dogs (Canis familiaris) via group-level independent component analysis reveal multiple, spatially distributed resting-state networks","Szabó D, Czeibert K, Kettinger Á, Gácsi M, Andics A, Miklósi Á, Kubinyi E.","Sci Rep. 2019 Oct 24;9(1):15270. doi: 10.1038/s41598-019-51752-2.","Szabó D","Sci Rep","2019","2019/10/26","PMC6813298","","10.1038/s41598-019-51752-2"
"31557544","Large scale networks for human hand-object interaction: Functionally distinct roles for two premotor regions identified intraoperatively","Simone L, Fornia L, Viganò L, Sambataro F, Rossi M, Leonetti A, Puglisi G, Howells H, Bellacicca A, Bello L, Cerri G.","Neuroimage. 2020 Jan 1;204:116215. doi: 10.1016/j.neuroimage.2019.116215. Epub 2019 Sep 24.","Simone L","Neuroimage","2020","2019/09/27","","","10.1016/j.neuroimage.2019.116215"
"31330815","Common and Distinct Functional Brain Networks for Intuitive and Deliberate Decision Making","Erdeniz B, Done J.","Brain Sci. 2019 Jul 20;9(7):174. doi: 10.3390/brainsci9070174.","Erdeniz B","Brain Sci","2019","2019/07/24","PMC6680530","","10.3390/brainsci9070174"
"31219563","From Synchrony to Asynchrony: Cerebellar-Basal Ganglia Functional Circuits in Young and Older Adults","Hausman HK, Jackson TB, Goen JRM, Bernard JA.","Cereb Cortex. 2020 Mar 21;30(2):718-729. doi: 10.1093/cercor/bhz121.","Hausman HK","Cereb Cortex","2020","2019/06/21","","","10.1093/cercor/bhz121"
"31039559","Brain Connectivity in Ateles geoffroyi: Resting-State Functional Magnetic Resonance Imaging of Working Memory and Executive Control","Platas-Neri D, Hidalgo-Tobón S, Chico-Ponce de León F, Muñoz-Delgado J, Phillips KA, Téllez-Alanís B, Villanueva-Valle J, de Celis Alonso B.","Brain Behav Evol. 2019;93(1):19-33. doi: 10.1159/000499177. Epub 2019 Apr 30.","Platas-Neri D","Brain Behav Evol","2019","2019/05/01","","","10.1159/000499177"
"31031580","Isoflurane-Induced Burst Suppression Increases Intrinsic Functional Connectivity of the Monkey Brain","Zhang Z, Cai DC, Wang Z, Zeljic K, Wang Z, Wang Y.","Front Neurosci. 2019 Apr 11;13:296. doi: 10.3389/fnins.2019.00296. eCollection 2019.","Zhang Z","Front Neurosci","2019","2019/04/30","PMC6470287","","10.3389/fnins.2019.00296"
"30879997","Integrated radiofrequency array and animal holder design for minimizing head motion during awake marmoset functional magnetic resonance imaging","Schaeffer DJ, Gilbert KM, Hori Y, Gati JS, Menon RS, Everling S.","Neuroimage. 2019 Jun;193:126-138. doi: 10.1016/j.neuroimage.2019.03.023. Epub 2019 Mar 15.","Schaeffer DJ","Neuroimage","2019","2019/03/19","","","10.1016/j.neuroimage.2019.03.023"
"30873000","Brain Map of Intrinsic Functional Flexibility in Anesthetized Monkeys and Awake Humans","Yin D, Zhang Z, Wang Z, Zeljic K, Lv Q, Cai D, Wang Y, Wang Z.","Front Neurosci. 2019 Feb 28;13:174. doi: 10.3389/fnins.2019.00174. eCollection 2019.","Yin D","Front Neurosci","2019","2019/03/16","PMC6403192","","10.3389/fnins.2019.00174"
"30867291","Estimating average single-neuron visual receptive field sizes by fMRI","Keliris GA, Li Q, Papanikolaou A, Logothetis NK, Smirnakis SM.","Proc Natl Acad Sci U S A. 2019 Mar 26;116(13):6425-6434. doi: 10.1073/pnas.1809612116. Epub 2019 Mar 13.","Keliris GA","Proc Natl Acad Sci U S A","2019","2019/03/15","PMC6442598","","10.1073/pnas.1809612116"
"30633413","Encoding of kinetic and kinematic movement parameters in the sensorimotor cortex: A Brain-Computer Interface perspective","Branco MP, de Boer LM, Ramsey NF, Vansteensel MJ.","Eur J Neurosci. 2019 Sep;50(5):2755-2772. doi: 10.1111/ejn.14342. Epub 2019 Jan 30.","Branco MP","Eur J Neurosci","2019","2019/01/12","PMC6625947","NIHMS1006223","10.1111/ejn.14342"
"30419289","Intrinsic functional clustering of anterior cingulate cortex in the common marmoset","Schaeffer DJ, Gilbert KM, Ghahremani M, Gati JS, Menon RS, Everling S.","Neuroimage. 2019 Feb 1;186:301-307. doi: 10.1016/j.neuroimage.2018.11.005. Epub 2018 Nov 10.","Schaeffer DJ","Neuroimage","2019","2018/11/13","","","10.1016/j.neuroimage.2018.11.005"
"30355629","Functional MRI in Macaque Monkeys during Task Switching","Premereur E, Janssen P, Vanduffel W.","J Neurosci. 2018 Dec 12;38(50):10619-10630. doi: 10.1523/JNEUROSCI.1539-18.2018. Epub 2018 Oct 24.","Premereur E","J Neurosci","2018","2018/10/26","PMC6580658","","10.1523/JNEUROSCI.1539-18.2018"
"30232039","Improved methods for MRI-compatible implants in nonhuman primates","Ortiz-Rios M, Haag M, Balezeau F, Frey S, Thiele A, Murphy K, Schmid MC.","J Neurosci Methods. 2018 Oct 1;308:377-389. doi: 10.1016/j.jneumeth.2018.09.013. Epub 2018 Sep 16.","Ortiz-Rios M","J Neurosci Methods","2018","2018/09/21","PMC6203806","","10.1016/j.jneumeth.2018.09.013"
"30211338","Effects of primatological training on anthropomorphic valuations of emotions","Mercadillo RE, Alcauter S, Barrios FA.","IBRO Rep. 2018 Sep 6;5:54-59. doi: 10.1016/j.ibror.2018.09.001. eCollection 2018 Dec.","Mercadillo RE","IBRO Rep","2018","2018/09/14","PMC6134357","","10.1016/j.ibror.2018.09.001"
"30205207","Resting-state white matter-cortical connectivity in non-human primate brain","Wu TL, Wang F, Li M, Schilling KG, Gao Y, Anderson AW, Chen LM, Ding Z, Gore JC.","Neuroimage. 2019 Jan 1;184:45-55. doi: 10.1016/j.neuroimage.2018.09.021. Epub 2018 Sep 8.","Wu TL","Neuroimage","2019","2018/09/12","PMC6250128","NIHMS1506840","10.1016/j.neuroimage.2018.09.021"
"29593518","Task-Relevant Information Modulates Primary Motor Cortex Activity Before Movement Onset","Calderon CB, Van Opstal F, Peigneux P, Verguts T, Gevers W.","Front Hum Neurosci. 2018 Mar 14;12:93. doi: 10.3389/fnhum.2018.00093. eCollection 2018.","Calderon CB","Front Hum Neurosci","2018","2018/03/30","PMC5861186","","10.3389/fnhum.2018.00093"
"29496614","Segregation of the human basal forebrain using resting state functional MRI","Markello RD, Spreng RN, Luh WM, Anderson AK, De Rosa E.","Neuroimage. 2018 Jun;173:287-297. doi: 10.1016/j.neuroimage.2018.02.042. Epub 2018 Feb 26.","Markello RD","Neuroimage","2018","2018/03/03","","","10.1016/j.neuroimage.2018.02.042"
"29486869","Neural Signaling of Cortisol, Childhood Emotional Abuse, and Depression-Related Memory Bias","Abercrombie HC, Frost CP, Walsh EC, Hoks RM, Cornejo MD, Sampe MC, Gaffey AE, Plante DT, Ladd CO, Birn RM.","Biol Psychiatry Cogn Neurosci Neuroimaging. 2018 Mar;3(3):274-284. doi: 10.1016/j.bpsc.2017.11.005. Epub 2017 Nov 22.","Abercrombie HC","Biol Psychiatry Cogn Neurosci Neuroimaging","2018","2018/03/01","PMC5833310","NIHMS922329","10.1016/j.bpsc.2017.11.005"
"29352154","Resting state brain networks in the prairie vole","Ortiz JJ, Portillo W, Paredes RG, Young LJ, Alcauter S.","Sci Rep. 2018 Jan 19;8(1):1231. doi: 10.1038/s41598-017-17610-9.","Ortiz JJ","Sci Rep","2018","2018/01/21","PMC5775431","","10.1038/s41598-017-17610-9"
"29049083","Ketamine and pharmacological imaging: use of functional magnetic resonance imaging to evaluate mechanisms of action","Maltbie EA, Kaundinya GS, Howell LL.","Behav Pharmacol. 2017 Dec;28(8):610-622. doi: 10.1097/FBP.0000000000000354.","Maltbie EA","Behav Pharmacol","2017","2017/10/20","PMC5687297","NIHMS909831","10.1097/FBP.0000000000000354"
"28916140","An Integrative Interdisciplinary Perspective on Social Dominance Hierarchies","Qu C, Ligneul R, Van der Henst JB, Dreher JC.","Trends Cogn Sci. 2017 Nov;21(11):893-908. doi: 10.1016/j.tics.2017.08.004. Epub 2017 Sep 12.","Qu C","Trends Cogn Sci","2017","2017/09/17","","","10.1016/j.tics.2017.08.004"
"28830766","Functional magnetic resonance imaging of auditory cortical fields in awake marmosets","Toarmino CR, Yen CCC, Papoti D, Bock NA, Leopold DA, Miller CT, Silva AC.","Neuroimage. 2017 Nov 15;162:86-92. doi: 10.1016/j.neuroimage.2017.08.052. Epub 2017 Aug 19.","Toarmino CR","Neuroimage","2017","2017/08/24","PMC5705576","NIHMS904090","10.1016/j.neuroimage.2017.08.052"
"28816571","Effects of flow changes on radiotracer binding: Simultaneous measurement of neuroreceptor binding and cerebral blood flow modulation","Sander CY, Mandeville JB, Wey HY, Catana C, Hooker JM, Rosen BR.","J Cereb Blood Flow Metab. 2019 Jan;39(1):131-146. doi: 10.1177/0271678X17725418. Epub 2017 Aug 17.","Sander CY","J Cereb Blood Flow Metab","2019","2017/08/18","PMC6311667","","10.1177/0271678X17725418"
"28755862","Ketamine changes the local resting-state functional properties of anesthetized-monkey brain","Rao JS, Liu Z, Zhao C, Wei RH, Zhao W, Tian PY, Zhou X, Yang ZY, Li XG.","Magn Reson Imaging. 2017 Nov;43:144-150. doi: 10.1016/j.mri.2017.07.025. Epub 2017 Jul 26.","Rao JS","Magn Reson Imaging","2017","2017/07/31","","","10.1016/j.mri.2017.07.025"
"28419201","Functional Imaging of Audio-Visual Selective Attention in Monkeys and Humans: How do Lapses in Monkey Performance Affect Cross-Species Correspondences?","Rinne T, Muers RS, Salo E, Slater H, Petkov CI.","Cereb Cortex. 2017 Jun 1;27(6):3471-3484. doi: 10.1093/cercor/bhx092.","Rinne T","Cereb Cortex","2017","2017/04/19","PMC5654311","","10.1093/cercor/bhx092"
"28274833","Investigating the spatiotemporal characteristics of the deoxyhemoglobin-related and deoxyhemoglobin-unrelated functional hemodynamic response across cortical layers in awake marmosets","Yen CC, Papoti D, Silva AC.","Neuroimage. 2018 Jan 1;164:121-130. doi: 10.1016/j.neuroimage.2017.03.005. Epub 2017 Mar 6.","Yen CC","Neuroimage","2018","2017/03/10","PMC5587354","NIHMS861535","10.1016/j.neuroimage.2017.03.005"
"28190642","Widespread and Opponent fMRI Signals Represent Sound Location in Macaque Auditory Cortex","Ortiz-Rios M, Azevedo FAC, Kuśmierek P, Balla DZ, Munk MH, Keliris GA, Logothetis NK, Rauschecker JP.","Neuron. 2017 Feb 22;93(4):971-983.e4. doi: 10.1016/j.neuron.2017.01.013. Epub 2017 Feb 9.","Ortiz-Rios M","Neuron","2017","2017/02/14","PMC5757378","NIHMS914593","10.1016/j.neuron.2017.01.013"
"28082592","Causal neural network of metamemory for retrospection in primates","Miyamoto K, Osada T, Setsuie R, Takeda M, Tamura K, Adachi Y, Miyashita Y.","Science. 2017 Jan 13;355(6321):188-193. doi: 10.1126/science.aal0162.","Miyamoto K","Science","2017","2017/01/14","","","10.1126/science.aal0162"
"28032008","Effects of isoflurane anesthesia on resting-state fMRI signals and functional connectivity within primary somatosensory cortex of monkeys","Wu TL, Mishra A, Wang F, Yang PF, Gore JC, Chen LM.","Brain Behav. 2016 Oct 11;6(12):e00591. doi: 10.1002/brb3.591. eCollection 2016 Dec.","Wu TL","Brain Behav","2016","2016/12/30","PMC5167001","","10.1002/brb3.591"
"28027960","Investigating resting-state functional connectivity in the cervical spinal cord at 3T","Eippert F, Kong Y, Winkler AM, Andersson JL, Finsterbusch J, Büchel C, Brooks JCW, Tracey I.","Neuroimage. 2017 Feb 15;147:589-601. doi: 10.1016/j.neuroimage.2016.12.072. Epub 2016 Dec 24.","Eippert F","Neuroimage","2017","2016/12/29","PMC5315056","","10.1016/j.neuroimage.2016.12.072"
"27833536","Patterns of Activity in the Human Frontal and Parietal Cortex Differentiate Large and Small Saccades","Grosbras MH.","Front Integr Neurosci. 2016 Oct 27;10:34. doi: 10.3389/fnint.2016.00034. eCollection 2016.","Grosbras MH","Front Integr Neurosci","2016","2016/11/12","PMC5081348","","10.3389/fnint.2016.00034"
"27596024","Resting state network topology of the ferret brain","Zhou ZC, Salzwedel AP, Radtke-Schuller S, Li Y, Sellers KK, Gilmore JH, Shih YY, Fröhlich F, Gao W.","Neuroimage. 2016 Dec;143:70-81. doi: 10.1016/j.neuroimage.2016.09.003. Epub 2016 Sep 2.","Zhou ZC","Neuroimage","2016","2016/09/07","PMC5124532","NIHMS817278","10.1016/j.neuroimage.2016.09.003"
"27515455","Dyscalculia and the Calculating Brain","Rapin I.","Pediatr Neurol. 2016 Aug;61:11-20. doi: 10.1016/j.pediatrneurol.2016.02.007. Epub 2016 Feb 18.","Rapin I","Pediatr Neurol","2016","2016/08/13","","","10.1016/j.pediatrneurol.2016.02.007"
"27501382","Design and implementation of embedded 8-channel receive-only arrays for whole-brain MRI and fMRI of conscious awake marmosets","Papoti D, Yen CC, Hung CC, Ciuchta J, Leopold DA, Silva AC.","Magn Reson Med. 2017 Jul;78(1):387-398. doi: 10.1002/mrm.26339. Epub 2016 Aug 8.","Papoti D","Magn Reson Med","2017","2016/08/09","PMC5298952","NIHMS797550","10.1002/mrm.26339"
"27451405","Effects of anesthesia on resting state BOLD signals in white matter of non-human primates","Wu TL, Wang F, Anderson AW, Chen LM, Ding Z, Gore JC.","Magn Reson Imaging. 2016 Nov;34(9):1235-1241. doi: 10.1016/j.mri.2016.07.001. Epub 2016 Jul 20.","Wu TL","Magn Reson Imaging","2016","2016/07/25","PMC5055423","NIHMS804667","10.1016/j.mri.2016.07.001"
"27296233","Realistic models of apparent dynamic changes in resting-state connectivity in somatosensory cortex","Shi Z, Rogers BP, Chen LM, Morgan VL, Mishra A, Wilkes DM, Gore JC.","Hum Brain Mapp. 2016 Nov;37(11):3897-3910. doi: 10.1002/hbm.23284.","Shi Z","Hum Brain Mapp","2016","2016/06/15","PMC5053861","NIHMS791612","10.1002/hbm.23284"
"27251623","Dopamine Release in the Nonhuman Primate Caudate and Putamen Depends upon Site of Stimulation in the Subthalamic Nucleus","Min HK, Ross EK, Jo HJ, Cho S, Settell ML, Jeong JH, Duffy PS, Chang SY, Bennet KE, Blaha CD, Lee KH.","J Neurosci. 2016 Jun 1;36(22):6022-9. doi: 10.1523/JNEUROSCI.0403-16.2016.","Min HK","J Neurosci","2016","2016/06/03","PMC4887566","","10.1523/JNEUROSCI.0403-16.2016"
"27038008","Asymmetry in functional connectivity of the human habenula revealed by high-resolution cardiac-gated resting state imaging","Hétu S, Luo Y, Saez I, D'Ardenne K, Lohrenz T, Montague PR.","Hum Brain Mapp. 2016 Jul;37(7):2602-15. doi: 10.1002/hbm.23194. Epub 2016 Apr 1.","Hétu S","Hum Brain Mapp","2016","2016/04/03","PMC4905773","NIHMS770799","10.1002/hbm.23194"
"27031602","Non-human primates in neuroscience research: The case against its scientific necessity","Bailey J, Taylor K.","Altern Lab Anim. 2016 Mar;44(1):43-69. doi: 10.1177/026119291604400101.","Bailey J","Altern Lab Anim","2016","2016/04/01","","","10.1177/026119291604400101"
"27016385","Overexpressing Corticotropin-Releasing Factor in the Primate Amygdala Increases Anxious Temperament and Alters Its Neural Circuit","Kalin NH, Fox AS, Kovner R, Riedel MK, Fekete EM, Roseboom PH, Tromp do PM, Grabow BP, Olsen ME, Brodsky EK, McFarlin DR, Alexander AL, Emborg ME, Block WF, Fudge JL, Oler JA.","Biol Psychiatry. 2016 Sep 1;80(5):345-55. doi: 10.1016/j.biopsych.2016.01.010. Epub 2016 Jan 30.","Kalin NH","Biol Psychiatry","2016","2016/03/27","PMC4967405","NIHMS756151","10.1016/j.biopsych.2016.01.010"
"26966119","A proof-of-concept, randomized controlled trial of DAR-0100A, a dopamine-1 receptor agonist, for cognitive enhancement in schizophrenia","Girgis RR, Van Snellenberg JX, Glass A, Kegeles LS, Thompson JL, Wall M, Cho RY, Carter CS, Slifstein M, Abi-Dargham A, Lieberman JA.","J Psychopharmacol. 2016 May;30(5):428-35. doi: 10.1177/0269881116636120. Epub 2016 Mar 10.","Girgis RR","J Psychopharmacol","2016","2016/03/12","","","10.1177/0269881116636120"
"26934715","Our Faces in the Dog's Brain: Functional Imaging Reveals Temporal Cortex Activation during Perception of Human Faces","Cuaya LV, Hernández-Pérez R, Concha L.","PLoS One. 2016 Mar 2;11(3):e0149431. doi: 10.1371/journal.pone.0149431. eCollection 2016.","Cuaya LV","PLoS One","2016","2016/03/03","PMC4774982","","10.1371/journal.pone.0149431"
"26774609","Intrinsic connectivity of neural networks in the awake rabbit","Schroeder MP, Weiss C, Procissi D, Disterhoft JF, Wang L.","Neuroimage. 2016 Apr 1;129:260-267. doi: 10.1016/j.neuroimage.2016.01.010. Epub 2016 Jan 13.","Schroeder MP","Neuroimage","2016","2016/01/18","PMC4803608","NIHMS751513","10.1016/j.neuroimage.2016.01.010"
"26677082","Coding of attention across the human intraparietal sulcus","Connolly JD, Kentridge RW, Cavina-Pratesi C.","Exp Brain Res. 2016 Mar;234(3):917-30. doi: 10.1007/s00221-015-4507-2. Epub 2015 Dec 16.","Connolly JD","Exp Brain Res","2016","2015/12/18","PMC4751187","","10.1007/s00221-015-4507-2"
"26658928","How learning might strengthen existing visual object representations in human object-selective cortex","Brants M, Bulthé J, Daniels N, Wagemans J, Op de Beeck HP.","Neuroimage. 2016 Feb 15;127:74-85. doi: 10.1016/j.neuroimage.2015.11.063. Epub 2015 Dec 4.","Brants M","Neuroimage","2016","2015/12/15","","","10.1016/j.neuroimage.2015.11.063"
"26467643","Essential tremor is associated with disruption of functional connectivity in the ventral intermediate Nucleus--Motor Cortex--Cerebellum circuit","Fang W, Chen H, Wang H, Zhang H, Puneet M, Liu M, Lv F, Luo T, Cheng O, Wang X, Lu X.","Hum Brain Mapp. 2016 Jan;37(1):165-78. doi: 10.1002/hbm.23024. Epub 2015 Oct 15.","Fang W","Hum Brain Mapp","2016","2015/10/16","PMC6867464","","10.1002/hbm.23024"
"26467517","Tactile representation of the head and shoulders assessed by fMRI in the nonhuman primate","Wardak C, Guipponi O, Pinède S, Ben Hamed S.","J Neurophysiol. 2016 Jan 1;115(1):80-91. doi: 10.1152/jn.00633.2015. Epub 2015 Oct 14.","Wardak C","J Neurophysiol","2016","2015/10/16","PMC4760502","","10.1152/jn.00633.2015"
"26388148","Imaging Agonist-Induced D2/D3 Receptor Desensitization and Internalization In Vivo with PET/fMRI","Sander CY, Hooker JM, Catana C, Rosen BR, Mandeville JB.","Neuropsychopharmacology. 2016 Apr;41(5):1427-36. doi: 10.1038/npp.2015.296. Epub 2015 Sep 21.","Sander CY","Neuropsychopharmacology","2016","2015/09/22","PMC4793127","","10.1038/npp.2015.296"
"26290784","Awake fMRI reveals a specialized region in dog temporal cortex for face processing","Dilks DD, Cook P, Weiller SK, Berns HP, Spivak M, Berns GS.","PeerJ. 2015 Aug 4;3:e1115. doi: 10.7717/peerj.1115. eCollection 2015.","Dilks DD","PeerJ","2015","2015/08/21","PMC4540004","","10.7717/peerj.1115"
"26290449","Resting-state functional connectivity in the baboon model of genetic generalized epilepsy","Salinas FS, Szabó CÁ.","Epilepsia. 2015 Oct;56(10):1580-9. doi: 10.1111/epi.13115. Epub 2015 Aug 20.","Salinas FS","Epilepsia","2015","2015/08/21","PMC4593742","NIHMS708606","10.1111/epi.13115"
"26241553","Resolving the organization of the territory of the third visual area: a new proposal","Kaas JH, Roe AW, Baldwin MK, Lyon DC.","Vis Neurosci. 2015 Jan;32:E016. doi: 10.1017/S0952523815000152.","Kaas JH","Vis Neurosci","2015","2015/08/05","","","10.1017/S0952523815000152"
"26156987","The Anatomical and Functional Organization of the Human Visual Pulvinar","Arcaro MJ, Pinsk MA, Kastner S.","J Neurosci. 2015 Jul 8;35(27):9848-71. doi: 10.1523/JNEUROSCI.1575-14.2015.","Arcaro MJ","J Neurosci","2015","2015/07/10","PMC4495241","","10.1523/JNEUROSCI.1575-14.2015"
"26156687","Striatal and Pallidal Activation during Reward Modulated Movement Using a Translational Paradigm","Bischoff-Grethe A, Buxton RB, Paulus MP, Fleisher AS, Yang TT, Brown GG.","J Int Neuropsychol Soc. 2015 Jul;21(6):399-411. doi: 10.1017/S1355617715000491. Epub 2015 Jul 9.","Bischoff-Grethe A","J Int Neuropsychol Soc","2015","2015/07/10","PMC4668805","NIHMS723842","10.1017/S1355617715000491"
"26052749","Functional subregions of the human entorhinal cortex","Maass A, Berron D, Libby LA, Ranganath C, Düzel E.","Elife. 2015 Jun 8;4:e06426. doi: 10.7554/eLife.06426.","Maass A","Elife","2015","2015/06/09","PMC4458841","","10.7554/eLife.06426"
"26029069","Aggressive vocal expressions-an investigation of their underlying neural network","Klaas HS, Frühholz S, Grandjean D.","Front Behav Neurosci. 2015 May 11;9:121. doi: 10.3389/fnbeh.2015.00121. eCollection 2015.","Klaas HS","Front Behav Neurosci","2015","2015/06/02","PMC4426728","","10.3389/fnbeh.2015.00121"
"25833027","The effects of chronic alcohol self-administration in nonhuman primate brain networks","Telesford QK, Laurienti PJ, Davenport AT, Friedman DP, Kraft RA, Daunais JB.","Alcohol Clin Exp Res. 2015 Apr;39(4):659-71. doi: 10.1111/acer.12688.","Telesford QK","Alcohol Clin Exp Res","2015","2015/04/03","PMC6724209","NIHMS659294","10.1111/acer.12688"
"25573209","Corticotropin releasing hormone and imaging, rethinking the stress axis","Contoreggi C.","Nucl Med Biol. 2015 Apr;42(4):323-39. doi: 10.1016/j.nucmedbio.2014.11.008. Epub 2014 Nov 26.","Contoreggi C","Nucl Med Biol","2015","2015/01/10","PMC4361382","NIHMS653546","10.1016/j.nucmedbio.2014.11.008"
"25455744","Functional relevance of the precuneus in verbal politeness","Ashizuka A, Mima T, Sawamoto N, Aso T, Oishi N, Sugihara G, Kawada R, Takahashi H, Murai T, Fukuyama H.","Neurosci Res. 2015 Feb;91:48-56. doi: 10.1016/j.neures.2014.10.009. Epub 2014 Nov 4.","Ashizuka A","Neurosci Res","2015","2014/12/03","","","10.1016/j.neures.2014.10.009"
"25228872","An investigation of the neural circuits underlying reaching and reach-to-grasp movements: from planning to execution","Begliomini C, De Sanctis T, Marangon M, Tarantino V, Sartori L, Miotto D, Motta R, Stramare R, Castiello U.","Front Hum Neurosci. 2014 Sep 2;8:676. doi: 10.3389/fnhum.2014.00676. eCollection 2014.","Begliomini C","Front Hum Neurosci","2014","2014/09/18","PMC4151344","","10.3389/fnhum.2014.00676"
"25224997","Understanding human original actions directed at real-world goals: the role of the lateral prefrontal cortex","Sitnikova T, Rosen BR, Lord LD, West WC.","Neuroimage. 2014 Dec;103:91-105. doi: 10.1016/j.neuroimage.2014.09.012. Epub 2014 Sep 16.","Sitnikova T","Neuroimage","2014","2014/09/17","PMC4312188","NIHMS628219","10.1016/j.neuroimage.2014.09.012"
"25192634","Remapping of memory encoding and retrieval networks: insights from neuroimaging in primates","Miyamoto K, Osada T, Adachi Y.","Behav Brain Res. 2014 Dec 15;275:53-61. doi: 10.1016/j.bbr.2014.08.046. Epub 2014 Sep 1.","Miyamoto K","Behav Brain Res","2014","2014/09/07","","","10.1016/j.bbr.2014.08.046"
"25100930","Merging functional and structural properties of the monkey auditory cortex","Joly O, Baumann S, Balezeau F, Thiele A, Griffiths TD.","Front Neurosci. 2014 Jul 21;8:198. doi: 10.3389/fnins.2014.00198. eCollection 2014.","Joly O","Front Neurosci","2014","2014/08/08","PMC4104553","","10.3389/fnins.2014.00198"
"24933029","Subthalamic nucleus deep brain stimulation induces motor network BOLD activation: use of a high precision MRI guided stereotactic system for nonhuman primates","Min HK, Ross EK, Lee KH, Dennis K, Han SR, Jeong JH, Marsh MP, Striemer B, Felmlee JP, Lujan JL, Goerss S, Duffy PS, Blaha C, Chang SY, Bennet KE.","Brain Stimul. 2014 Jul-Aug;7(4):603-607. doi: 10.1016/j.brs.2014.04.007. Epub 2014 May 2.","Min HK","Brain Stimul","2014","2014/06/17","PMC4108508","NIHMS603271","10.1016/j.brs.2014.04.007"
"24906509","Functional magnetic resonance imaging of intrinsic brain networks for translational drug discovery","Smucny J, Wylie KP, Tregellas JR.","Trends Pharmacol Sci. 2014 Aug;35(8):397-403. doi: 10.1016/j.tips.2014.05.001. Epub 2014 Jun 3.","Smucny J","Trends Pharmacol Sci","2014","2014/06/08","PMC4388149","NIHMS676980","10.1016/j.tips.2014.05.001"
"24863147","Evolutionarily conserved prefrontal-amygdalar dysfunction in early-life anxiety","Birn RM, Shackman AJ, Oler JA, Williams LE, McFarlin DR, Rogers GM, Shelton SE, Alexander AL, Pine DS, Slattery MJ, Davidson RJ, Fox AS, Kalin NH.","Mol Psychiatry. 2014 Aug;19(8):915-22. doi: 10.1038/mp.2014.46. Epub 2014 May 27.","Birn RM","Mol Psychiatry","2014","2014/05/28","PMC4111803","NIHMS580427","10.1038/mp.2014.46"
"24769184","Dissociable neural representations of wrist motor coordinate frames in human motor cortices","Yoshimura N, Jimura K, DaSalla CS, Shin D, Kambara H, Hanakawa T, Koike Y.","Neuroimage. 2014 Aug 15;97:53-61. doi: 10.1016/j.neuroimage.2014.04.046. Epub 2014 Apr 23.","Yoshimura N","Neuroimage","2014","2014/04/29","","","10.1016/j.neuroimage.2014.04.046"
"24629510","Fractional amplitude of low-frequency fluctuation changes in monkeys with spinal cord injury: a resting-state fMRI study","Rao JS, Ma M, Zhao C, Zhang AF, Yang ZY, Liu Z, Li XG.","Magn Reson Imaging. 2014 Jun;32(5):482-6. doi: 10.1016/j.mri.2014.02.001. Epub 2014 Feb 10.","Rao JS","Magn Reson Imaging","2014","2014/03/18","","","10.1016/j.mri.2014.02.001"
"24530271","Parkinson׳s disease-related modulation of functional connectivity associated with the striatum in the resting state in a nonhuman primate model","Li J, Luo C, Chen Y, Chen Q, Huang R, Sun J, Gong Q, Wu X, Qi Z, Liang Z, Li L, Li H, Li P, Wang W, Shang HF.","Brain Res. 2014 Mar 25;1555:10-9. doi: 10.1016/j.brainres.2014.01.054. Epub 2014 Feb 13.","Li J","Brain Res","2014","2014/02/18","","","10.1016/j.brainres.2014.01.054"
"24478378","Dissociable memory traces within the macaque medial temporal lobe predict subsequent recognition performance","Miyamoto K, Adachi Y, Osada T, Watanabe T, Kimura HM, Setsuie R, Miyashita Y.","J Neurosci. 2014 Jan 29;34(5):1988-97. doi: 10.1523/JNEUROSCI.4048-13.2014.","Miyamoto K","J Neurosci","2014","2014/01/31","PMC6827594","","10.1523/JNEUROSCI.4048-13.2014"
"24201011","Format-dependent representations of symbolic and non-symbolic numbers in the human cortex as revealed by multi-voxel pattern analyses","Bulthé J, De Smedt B, Op de Beeck HP.","Neuroimage. 2014 Feb 15;87:311-22. doi: 10.1016/j.neuroimage.2013.10.049. Epub 2013 Nov 5.","Bulthé J","Neuroimage","2014","2013/11/09","","","10.1016/j.neuroimage.2013.10.049"
"24164166","Graphs of brain networks","Zahr NM.","Alcohol Clin Exp Res. 2013 Nov;37(11):1813-5. doi: 10.1111/acer.12293.","Zahr NM","Alcohol Clin Exp Res","2013","2013/10/30","PMC8146133","NIHMS1699229","10.1111/acer.12293"
"24137150","Quantitative meta-analysis of fMRI and PET studies reveals consistent activation in fronto-striatal-parietal regions and cerebellum during antisaccades and prosaccades","Jamadar SD, Fielding J, Egan GF.","Front Psychol. 2013 Oct 16;4:749. doi: 10.3389/fpsyg.2013.00749. eCollection 2013.","Jamadar SD","Front Psychol","2013","2013/10/19","PMC3797465","","10.3389/fpsyg.2013.00749"
"24051357","Auditory tracts identified with combined fMRI and diffusion tractography","Javad F, Warren JD, Micallef C, Thornton JS, Golay X, Yousry T, Mancini L.","Neuroimage. 2014 Jan 1;84(100):562-74. doi: 10.1016/j.neuroimage.2013.09.007. Epub 2013 Sep 16.","Javad F","Neuroimage","2014","2013/09/21","PMC3898984","","10.1016/j.neuroimage.2013.09.007"
"23919836","Anti-correlated cortical networks of intrinsic connectivity in the rat brain","Schwarz AJ, Gass N, Sartorius A, Risterucci C, Spedding M, Schenker E, Meyer-Lindenberg A, Weber-Fahr W.","Brain Connect. 2013;3(5):503-11. doi: 10.1089/brain.2013.0168. Epub 2013 Sep 26.","Schwarz AJ","Brain Connect","2013","2013/08/08","PMC3796325","","10.1089/brain.2013.0168"
"23916753","Tonotopic mapping of human auditory cortex","Saenz M, Langers DR.","Hear Res. 2014 Jan;307:42-52. doi: 10.1016/j.heares.2013.07.016. Epub 2013 Aug 2.","Saenz M","Hear Res","2014","2013/08/07","","","10.1016/j.heares.2013.07.016"
"23905720","The effects of alcohol on the nonhuman primate brain: a network science approach to neuroimaging","Telesford QK, Laurienti PJ, Friedman DP, Kraft RA, Daunais JB.","Alcohol Clin Exp Res. 2013 Nov;37(11):1891-900. doi: 10.1111/acer.12181. Epub 2013 Jul 26.","Telesford QK","Alcohol Clin Exp Res","2013","2013/08/03","PMC3812370","NIHMS471410","10.1111/acer.12181"
"23899724","The amplitude of the resting-state fMRI global signal is related to EEG vigilance measures","Wong CW, Olafsson V, Tal O, Liu TT.","Neuroimage. 2013 Dec;83:983-90. doi: 10.1016/j.neuroimage.2013.07.057. Epub 2013 Jul 27.","Wong CW","Neuroimage","2013","2013/08/01","PMC3815994","NIHMS511312","10.1016/j.neuroimage.2013.07.057"
"23873674","""What?"" and ""where?"" versus ""what is where?"": the impact of task on coding of object form and position in the lateral occipital complex","Macevoy SP.","J Vis. 2013 Jul 19;13(8):21. doi: 10.1167/13.8.21.","Macevoy SP","J Vis","2013","2013/07/23","","","10.1167/13.8.21"
"23788461","Minimizing biases in estimating the reorganization of human visual areas with BOLD retinotopic mapping","Binda P, Thomas JM, Boynton GM, Fine I.","J Vis. 2013 Jun 20;13(7):13. doi: 10.1167/13.7.13.","Binda P","J Vis","2013","2013/06/22","PMC3689563","","10.1167/13.7.13"
"23723346","Neurovascular coupling to D2/D3 dopamine receptor occupancy using simultaneous PET/functional MRI","Sander CY, Hooker JM, Catana C, Normandin MD, Alpert NM, Knudsen GM, Vanduffel W, Rosen BR, Mandeville JB.","Proc Natl Acad Sci U S A. 2013 Jul 2;110(27):11169-74. doi: 10.1073/pnas.1220512110. Epub 2013 May 30.","Sander CY","Proc Natl Acad Sci U S A","2013","2013/06/01","PMC3703969","","10.1073/pnas.1220512110"
"23685719","A functional and perceptual signature of the second visual area in primates","Freeman J, Ziemba CM, Heeger DJ, Simoncelli EP, Movshon JA.","Nat Neurosci. 2013 Jul;16(7):974-81. doi: 10.1038/nn.3402. Epub 2013 May 19.","Freeman J","Nat Neurosci","2013","2013/05/21","PMC3710454","NIHMS470224","10.1038/nn.3402"
"23667619","Different types of laughter modulate connectivity within distinct parts of the laughter perception network","Wildgruber D, Szameitat DP, Ethofer T, Brück C, Alter K, Grodd W, Kreifelts B.","PLoS One. 2013 May 8;8(5):e63441. doi: 10.1371/journal.pone.0063441. Print 2013.","Wildgruber D","PLoS One","2013","2013/05/14","PMC3648477","","10.1371/journal.pone.0063441"
"23652854","Large-scale reorganization of the somatosensory cortex of adult macaque monkeys revealed by fMRI","Dutta A, Kambi N, Raghunathan P, Khushu S, Jain N.","Brain Struct Funct. 2014 Jul;219(4):1305-20. doi: 10.1007/s00429-013-0569-8. Epub 2013 May 8.","Dutta A","Brain Struct Funct","2014","2013/05/09","","","10.1007/s00429-013-0569-8"
"23633425","Assessment of tonotopically organised subdivisions in human auditory cortex using volumetric and surface-based cortical alignments","Langers DR.","Hum Brain Mapp. 2014 Apr;35(4):1544-61. doi: 10.1002/hbm.22272. Epub 2013 Apr 30.","Langers DR","Hum Brain Mapp","2014","2013/05/02","PMC6868999","","10.1002/hbm.22272"
"23585519","The pathways for intelligible speech: multivariate and univariate perspectives","Evans S, Kyong JS, Rosen S, Golestani N, Warren JE, McGettigan C, Mourão-Miranda J, Wise RJ, Scott SK.","Cereb Cortex. 2014 Sep;24(9):2350-61. doi: 10.1093/cercor/bht083. Epub 2013 Apr 12.","Evans S","Cereb Cortex","2014","2013/04/16","PMC4128702","","10.1093/cercor/bht083"
"23515795","Functional organization of human posterior parietal cortex: grasping- and reaching-related activations relative to topographically organized cortex","Konen CS, Mruczek RE, Montoya JL, Kastner S.","J Neurophysiol. 2013 Jun;109(12):2897-908. doi: 10.1152/jn.00657.2012. Epub 2013 Mar 20.","Konen CS","J Neurophysiol","2013","2013/03/22","PMC3680816","","10.1152/jn.00657.2012"
"23447621","Multimodal convergence within the intraparietal sulcus of the macaque monkey","Guipponi O, Wardak C, Ibarrola D, Comte JC, Sappey-Marinier D, Pinède S, Ben Hamed S.","J Neurosci. 2013 Feb 27;33(9):4128-39. doi: 10.1523/JNEUROSCI.1421-12.2013.","Guipponi O","J Neurosci","2013","2013/03/01","PMC6619317","","10.1523/JNEUROSCI.1421-12.2013"
"23313563","Is there an association between peripheral immune markers and structural/functional neuroimaging findings?","Frodl T, Amico F.","Prog Neuropsychopharmacol Biol Psychiatry. 2014 Jan 3;48:295-303. doi: 10.1016/j.pnpbp.2012.12.013. Epub 2013 Jan 11.","Frodl T","Prog Neuropsychopharmacol Biol Psychiatry","2014","2013/01/15","","","10.1016/j.pnpbp.2012.12.013"
"23236202","Effects of neural synchrony on surface EEG","Musall S, von Pföstl V, Rauch A, Logothetis NK, Whittingstall K.","Cereb Cortex. 2014 Apr;24(4):1045-53. doi: 10.1093/cercor/bhs389. Epub 2012 Dec 12.","Musall S","Cereb Cortex","2014","2012/12/14","","","10.1093/cercor/bhs389"
"23222445","Direct evidence for encoding of motion streaks in human visual cortex","Apthorp D, Schwarzkopf DS, Kaul C, Bahrami B, Alais D, Rees G.","Proc Biol Sci. 2012 Dec 5;280(1752):20122339. doi: 10.1098/rspb.2012.2339. Print 2013 Feb 7.","Apthorp D","Proc Biol Sci","2012","2012/12/11","PMC3574303","","10.1098/rspb.2012.2339"
"23206683","Optogenetic neuromodulation","Kalanithi PS, Henderson JM.","Int Rev Neurobiol. 2012;107:185-205. doi: 10.1016/B978-0-12-404706-8.00010-3.","Kalanithi PS","Int Rev Neurobiol","2012","2012/12/05","","","10.1016/B978-0-12-404706-8.00010-3"
"23142493","Dopaminergic dysfunction in abstinent dexamphetamine users: results from a pharmacological fMRI study using a reward anticipation task and a methylphenidate challenge","Schouw ML, De Ruiter MB, Kaag AM, van den Brink W, Lindauer RJ, Reneman L.","Drug Alcohol Depend. 2013 Jun 1;130(1-3):52-60. doi: 10.1016/j.drugalcdep.2012.10.010. Epub 2012 Nov 9.","Schouw ML","Drug Alcohol Depend","2013","2012/11/13","","","10.1016/j.drugalcdep.2012.10.010"
"23142071","Dissimilar processing of emotional facial expressions in human and monkey temporal cortex","Zhu Q, Nelissen K, Van den Stock J, De Winter FL, Pauwels K, de Gelder B, Vanduffel W, Vandenbulcke M.","Neuroimage. 2013 Feb 1;66:402-11. doi: 10.1016/j.neuroimage.2012.10.083. Epub 2012 Nov 8.","Zhu Q","Neuroimage","2013","2012/11/13","PMC3625447","NIHMS424750","10.1016/j.neuroimage.2012.10.083"
"23136420","Within-digit functional parcellation of Brodmann areas of the human primary somatosensory cortex using functional magnetic resonance imaging at 7 tesla","Sanchez-Panchuelo RM, Besle J, Beckett A, Bowtell R, Schluppeck D, Francis S.","J Neurosci. 2012 Nov 7;32(45):15815-22. doi: 10.1523/JNEUROSCI.2501-12.2012.","Sanchez-Panchuelo RM","J Neurosci","2012","2012/11/09","PMC6621625","","10.1523/JNEUROSCI.2501-12.2012"
"23077051","Dynamic reorganization of digit representations in somatosensory cortex of nonhuman primates after spinal cord injury","Chen LM, Qi HX, Kaas JH.","J Neurosci. 2012 Oct 17;32(42):14649-63. doi: 10.1523/JNEUROSCI.1841-12.2012.","Chen LM","J Neurosci","2012","2012/10/19","PMC3498942","NIHMS416090","10.1523/JNEUROSCI.1841-12.2012"
"23000258","Characterization of the blood-oxygen level-dependent (BOLD) response in cat auditory cortex using high-field fMRI","Brown TA, Joanisse MF, Gati JS, Hughes SM, Nixon PL, Menon RS, Lomber SG.","Neuroimage. 2013 Jan 1;64:458-65. doi: 10.1016/j.neuroimage.2012.09.034. Epub 2012 Sep 20.","Brown TA","Neuroimage","2013","2012/09/25","","","10.1016/j.neuroimage.2012.09.034"
"22986224","Defining the habenula in human neuroimaging studies","Lawson RP, Drevets WC, Roiser JP.","Neuroimage. 2013 Jan 1;64:722-7. doi: 10.1016/j.neuroimage.2012.08.076. Epub 2012 Sep 8.","Lawson RP","Neuroimage","2013","2012/09/19","PMC3650642","","10.1016/j.neuroimage.2012.08.076"
"22960152","Layer-specific BOLD activation in awake monkey V1 revealed by ultra-high spatial resolution functional magnetic resonance imaging","Chen G, Wang F, Gore JC, Roe AW.","Neuroimage. 2013 Jan 1;64:147-55. doi: 10.1016/j.neuroimage.2012.08.060. Epub 2012 Aug 28.","Chen G","Neuroimage","2013","2012/09/11","PMC3508288","NIHMS404407","10.1016/j.neuroimage.2012.08.060"
"22885246","Selective responses to specular surfaces in the macaque visual cortex revealed by fMRI","Okazawa G, Goda N, Komatsu H.","Neuroimage. 2012 Nov 15;63(3):1321-33. doi: 10.1016/j.neuroimage.2012.07.052. Epub 2012 Aug 1.","Okazawa G","Neuroimage","2012","2012/08/14","","","10.1016/j.neuroimage.2012.07.052"
"22783176","Monitoring extracellular pH, oxygen, and dopamine during reward delivery in the striatum of primates","Ariansen JL, Heien ML, Hermans A, Phillips PE, Hernadi I, Bermudez MA, Schultz W, Wightman RM.","Front Behav Neurosci. 2012 Jul 5;6:36. doi: 10.3389/fnbeh.2012.00036. eCollection 2012.","Ariansen JL","Front Behav Neurosci","2012","2012/07/12","PMC3389715","","10.3389/fnbeh.2012.00036"
"22723671","On the origin of sustained negative BOLD response","Moraschi M, DiNuzzo M, Giove F.","J Neurophysiol. 2012 Nov;108(9):2339-42. doi: 10.1152/jn.01199.2011. Epub 2012 Jun 20.","Moraschi M","J Neurophysiol","2012","2012/06/23","","","10.1152/jn.01199.2011"
"22570135","Session II: Mechanisms of age-related cognitive change and targets for intervention: neural circuits, networks, and plasticity","DeCarli C, Kawas C, Morrison JH, Reuter-Lorenz PA, Sperling RA, Wright CB.","J Gerontol A Biol Sci Med Sci. 2012 Jun;67(7):747-53. doi: 10.1093/gerona/gls111. Epub 2012 May 8.","DeCarli C","J Gerontol A Biol Sci Med Sci","2012","2012/05/10","PMC3732094","","10.1093/gerona/gls111"
"22465841","Evidence for coordinated functional activity within the extended amygdala of non-human and human primates","Oler JA, Birn RM, Patriat R, Fox AS, Shelton SE, Burghy CA, Stodola DE, Essex MJ, Davidson RJ, Kalin NH.","Neuroimage. 2012 Jul 16;61(4):1059-66. doi: 10.1016/j.neuroimage.2012.03.045. Epub 2012 Mar 23.","Oler JA","Neuroimage","2012","2012/04/03","PMC3376204","NIHMS364904","10.1016/j.neuroimage.2012.03.045"
"22460330","Relevance of in vivo neurophysiological biomarkers for mild cognitive impairment and Alzheimer's disease","Yamasaki T, Horie S, Muranaka H, Kaseda Y, Mimori Y, Tobimatsu S.","J Alzheimers Dis. 2012;31 Suppl 3:S137-54. doi: 10.3233/JAD-2012-112093.","Yamasaki T","J Alzheimers Dis","2012","2012/03/31","","","10.3233/JAD-2012-112093"
"22426350","Effects of lactate on the early visual cortex of non-human primates, investigated by pharmaco-MRI and neurochemical analysis","von Pföstl V, Li J, Zaldivar D, Goense J, Zhang X, Serr N, Logothetis NK, Rauch A.","Neuroimage. 2012 May 15;61(1):98-105. doi: 10.1016/j.neuroimage.2012.02.082. Epub 2012 Mar 8.","von Pföstl V","Neuroimage","2012","2012/03/20","","","10.1016/j.neuroimage.2012.02.082"
"22387258","Functional brain mapping of conscious rats during reward anticipation","Tsurugizawa T, Uematsu A, Uneyama H, Torii K.","J Neurosci Methods. 2012;206(2):132-7. doi: 10.1016/j.jneumeth.2012.02.014. Epub 2012 Feb 22.","Tsurugizawa T","J Neurosci Methods","2012","2012/03/06","","","10.1016/j.jneumeth.2012.02.014"
"22171081","The case for primate V3","Lyon DC, Connolly JD.","Proc Biol Sci. 2012 Feb 22;279(1729):625-33. doi: 10.1098/rspb.2011.2048. Epub 2011 Dec 14.","Lyon DC","Proc Biol Sci","2012","2011/12/16","PMC3248742","","10.1098/rspb.2011.2048"
"22115923","Differential fMRI activation to noxious heat and tactile stimuli in parasylvian areas of new world monkeys","Chen LM, Dillenburger BC, Wang F, Tang CH.","Pain. 2012 Jan;153(1):158-169. doi: 10.1016/j.pain.2011.10.006. Epub 2011 Nov 23.","Chen LM","Pain","2012","2011/11/26","PMC3245780","NIHMS332815","10.1016/j.pain.2011.10.006"
"22040739","Ongoing physiological processes in the cerebral cortex","Leopold DA, Maier A.","Neuroimage. 2012 Oct 1;62(4):2190-200. doi: 10.1016/j.neuroimage.2011.10.059. Epub 2011 Oct 25.","Leopold DA","Neuroimage","2012","2011/11/02","PMC3288739","NIHMS334847","10.1016/j.neuroimage.2011.10.059"
"21917787","Behavioral and neural properties of social reinforcement learning","Jones RM, Somerville LH, Li J, Ruberry EJ, Libby V, Glover G, Voss HU, Ballon DJ, Casey BJ.","J Neurosci. 2011 Sep 14;31(37):13039-45. doi: 10.1523/JNEUROSCI.2972-11.2011.","Jones RM","J Neurosci","2011","2011/09/16","PMC3303166","NIHMS325214","10.1523/JNEUROSCI.2972-11.2011"
"21865466","Relationship between functional magnetic resonance imaging-identified regions and neuronal category selectivity","Bell AH, Malecek NJ, Morin EL, Hadj-Bouziane F, Tootell RB, Ungerleider LG.","J Neurosci. 2011 Aug 24;31(34):12229-40. doi: 10.1523/JNEUROSCI.5865-10.2011.","Bell AH","J Neurosci","2011","2011/08/26","PMC3165163","NIHMS317613","10.1523/JNEUROSCI.5865-10.2011"
"21765915","Illusions of visual motion elicited by electrical stimulation of human MT complex","Rauschecker AM, Dastjerdi M, Weiner KS, Witthoft N, Chen J, Selimbeyoglu A, Parvizi J.","PLoS One. 2011;6(7):e21798. doi: 10.1371/journal.pone.0021798. Epub 2011 Jul 13.","Rauschecker AM","PLoS One","2011","2011/07/19","PMC3135604","","10.1371/journal.pone.0021798"
"21753026","Neural correlates of spatial orienting in the human superior colliculus","Anderson EJ, Rees G.","J Neurophysiol. 2011 Nov;106(5):2273-84. doi: 10.1152/jn.00286.2011. Epub 2011 Jul 13.","Anderson EJ","J Neurophysiol","2011","2011/07/15","PMC3214112","","10.1152/jn.00286.2011"
"21709175","Direction-sensitive codes for observed head turns in human superior temporal sulcus","Carlin JD, Rowe JB, Kriegeskorte N, Thompson R, Calder AJ.","Cereb Cortex. 2012 Apr;22(4):735-44. doi: 10.1093/cercor/bhr061. Epub 2011 Jun 27.","Carlin JD","Cereb Cortex","2012","2011/06/29","PMC3306570","","10.1093/cercor/bhr061"
"21697388","A stable sparse fear memory trace in human amygdala","Bach DR, Weiskopf N, Dolan RJ.","J Neurosci. 2011 Jun 22;31(25):9383-9. doi: 10.1523/JNEUROSCI.1524-11.2011.","Bach DR","J Neurosci","2011","2011/06/24","PMC3146048","UKMS35819","10.1523/JNEUROSCI.1524-11.2011"
"21677181","Parallel processing of nociceptive and non-nociceptive somatosensory information in the human primary and secondary somatosensory cortices: evidence from dynamic causal modeling of functional magnetic resonance imaging data","Liang M, Mouraux A, Iannetti GD.","J Neurosci. 2011 Jun 15;31(24):8976-85. doi: 10.1523/JNEUROSCI.6207-10.2011.","Liang M","J Neurosci","2011","2011/06/17","PMC6622932","","10.1523/JNEUROSCI.6207-10.2011"
"21664781","Realignment strategies for awake-monkey fMRI data","Stoewer S, Goense J, Keliris GA, Bartels A, Logothetis NK, Duncan J, Sigala N.","Magn Reson Imaging. 2011 Dec;29(10):1390-400. doi: 10.1016/j.mri.2011.05.003. Epub 2011 Jun 12.","Stoewer S","Magn Reson Imaging","2011","2011/06/14","","","10.1016/j.mri.2011.05.003"
"21632943","Grasping-related functional magnetic resonance imaging brain responses in the macaque monkey","Nelissen K, Vanduffel W.","J Neurosci. 2011 Jun 1;31(22):8220-9. doi: 10.1523/JNEUROSCI.0623-11.2011.","Nelissen K","J Neurosci","2011","2011/06/03","PMC3117146","NIHMS300916","10.1523/JNEUROSCI.0623-11.2011"
"21596142","Selective updating of working memory content modulates meso-cortico-striatal activity","Murty VP, Sambataro F, Radulescu E, Altamura M, Iudicello J, Zoltick B, Weinberger DR, Goldberg TE, Mattay VS.","Neuroimage. 2011 Aug 1;57(3):1264-72. doi: 10.1016/j.neuroimage.2011.05.006. Epub 2011 May 7.","Murty VP","Neuroimage","2011","2011/05/21","PMC3908780","NIHMS304095","10.1016/j.neuroimage.2011.05.006"
"21530264","Subjective socioeconomic status predicts human ventral striatal responses to social status information","Ly M, Haynes MR, Barter JW, Weinberger DR, Zink CF.","Curr Biol. 2011 May 10;21(9):794-7. doi: 10.1016/j.cub.2011.03.050. Epub 2011 Apr 28.","Ly M","Curr Biol","2011","2011/05/03","","","10.1016/j.cub.2011.03.050"
"21441989","Error-related functional connectivity of the habenula in humans","Ide JS, Li CS.","Front Hum Neurosci. 2011 Mar 16;5:25. doi: 10.3389/fnhum.2011.00025. eCollection 2011.","Ide JS","Front Hum Neurosci","2011","2011/03/29","PMC3060701","","10.3389/fnhum.2011.00025"
"21368033","Fractionating the default mode network: distinct contributions of the ventral and dorsal posterior cingulate cortex to cognitive control","Leech R, Kamourieh S, Beckmann CF, Sharp DJ.","J Neurosci. 2011 Mar 2;31(9):3217-24. doi: 10.1523/JNEUROSCI.5626-10.2011.","Leech R","J Neurosci","2011","2011/03/04","PMC6623935","","10.1523/JNEUROSCI.5626-10.2011"
"21333672","Color in the cortex: single- and double-opponent cells","Shapley R, Hawken MJ.","Vision Res. 2011 Apr 13;51(7):701-17. doi: 10.1016/j.visres.2011.02.012. Epub 2011 Feb 17.","Shapley R","Vision Res","2011","2011/02/22","PMC3121536","NIHMS284652","10.1016/j.visres.2011.02.012"
"21328423","Why do capuchin monkeys urine wash? An experimental test of the sexual communication hypothesis using fMRI","Phillips KA, Buzzell CA, Holder N, Sherwood CC.","Am J Primatol. 2011 Jun;73(6):578-84. doi: 10.1002/ajp.20931. Epub 2011 Feb 15.","Phillips KA","Am J Primatol","2011","2011/02/18","","","10.1002/ajp.20931"
"21317354","Nonhuman primate positron emission tomography neuroimaging in drug abuse research","Howell LL, Murnane KS.","J Pharmacol Exp Ther. 2011 May;337(2):324-34. doi: 10.1124/jpet.108.136689. Epub 2011 Feb 11.","Howell LL","J Pharmacol Exp Ther","2011","2011/02/15","PMC3083112","","10.1124/jpet.108.136689"
"21084605","The selectivity of neurons in the macaque fundus of the superior temporal area for three-dimensional structure from motion","Mysore SG, Vogels R, Raiguel SE, Todd JT, Orban GA.","J Neurosci. 2010 Nov 17;30(46):15491-508. doi: 10.1523/JNEUROSCI.0820-10.2010.","Mysore SG","J Neurosci","2010","2010/11/19","PMC6633687","","10.1523/JNEUROSCI.0820-10.2010"
"20967197","Neural coding of movement direction in the healthy human brain","Cowper-Smith CD, Lau EY, Helmick CA, Eskes GA, Westwood DA.","PLoS One. 2010 Oct 13;5(10):e13330. doi: 10.1371/journal.pone.0013330.","Cowper-Smith CD","PLoS One","2010","2010/10/23","PMC2954155","","10.1371/journal.pone.0013330"
"20827260","Baseline CBF, and BOLD, CBF, and CMRO2 fMRI of visual and vibrotactile stimulations in baboons","Wey HY, Wang DJ, Duong TQ.","J Cereb Blood Flow Metab. 2011 Feb;31(2):715-24. doi: 10.1038/jcbfm.2010.154. Epub 2010 Sep 8.","Wey HY","J Cereb Blood Flow Metab","2011","2010/09/10","PMC3049525","","10.1038/jcbfm.2010.154"
"20695655","A comparative view of face perception","Leopold DA, Rhodes G.","J Comp Psychol. 2010 Aug;124(3):233-51. doi: 10.1037/a0019460.","Leopold DA","J Comp Psychol","2010","2010/08/11","PMC2998394","NIHMS254832","10.1037/a0019460"
"20665723","Dynamic upper and lower visual field preferences within the human dorsal frontoparietal attention network","Kraft A, Sommer WH, Schmidt S, Brandt SA.","Hum Brain Mapp. 2011 Jul;32(7):1036-49. doi: 10.1002/hbm.21087. Epub 2010 Jul 27.","Kraft A","Hum Brain Mapp","2011","2010/07/29","PMC6870500","","10.1002/hbm.21087"
"20662902","Broca's region: linking human brain functional connectivity data and non-human primate tracing anatomy studies","Kelly C, Uddin LQ, Shehzad Z, Margulies DS, Castellanos FX, Milham MP, Petrides M.","Eur J Neurosci. 2010 Aug;32(3):383-98. doi: 10.1111/j.1460-9568.2010.07279.x. Epub 2010 Jul 21.","Kelly C","Eur J Neurosci","2010","2010/07/29","PMC3111969","NIHMS294225","10.1111/j.1460-9568.2010.07279.x"
"20579829","Integration of EEG source imaging and fMRI during continuous viewing of natural movies","Whittingstall K, Bartels A, Singh V, Kwon S, Logothetis NK.","Magn Reson Imaging. 2010 Oct;28(8):1135-42. doi: 10.1016/j.mri.2010.03.042. Epub 2010 Jun 25.","Whittingstall K","Magn Reson Imaging","2010","2010/06/29","","","10.1016/j.mri.2010.03.042"
"20530220","Neural origin of spontaneous hemodynamic fluctuations in rats under burst-suppression anesthesia condition","Liu X, Zhu XH, Zhang Y, Chen W.","Cereb Cortex. 2011 Feb;21(2):374-84. doi: 10.1093/cercor/bhq105. Epub 2010 Jun 7.","Liu X","Cereb Cortex","2011","2010/06/10","PMC3020581","","10.1093/cercor/bhq105"
"20513657","Neural mechanisms of understanding rational actions: middle temporal gyrus activation by contextual violation","Jastorff J, Clavagnier S, Gergely G, Orban GA.","Cereb Cortex. 2011 Feb;21(2):318-29. doi: 10.1093/cercor/bhq098. Epub 2010 May 30.","Jastorff J","Cereb Cortex","2011","2010/06/02","","","10.1093/cercor/bhq098"
"19969009","Effects of heartbeat and respiration on macaque fMRI: implications for functional connectivity","Teichert T, Grinband J, Hirsch J, Ferrera VP.","Neuropsychologia. 2010 Jun;48(7):1886-94. doi: 10.1016/j.neuropsychologia.2009.11.026. Epub 2009 Dec 5.","Teichert T","Neuropsychologia","2010","2009/12/09","PMC2876227","NIHMS164276","10.1016/j.neuropsychologia.2009.11.026"
"19923280","Default mode of brain activity demonstrated by positron emission tomography imaging in awake monkeys: higher rest-related than working memory-related activity in medial cortical areas","Kojima T, Onoe H, Hikosaka K, Tsutsui K, Tsukada H, Watanabe M.","J Neurosci. 2009 Nov 18;29(46):14463-71. doi: 10.1523/JNEUROSCI.1786-09.2009.","Kojima T","J Neurosci","2009","2009/11/20","PMC6665835","","10.1523/JNEUROSCI.1786-09.2009"
"19883773","Increased amygdala activation to averted versus direct gaze in humans is independent of valence of facial expression","Straube T, Langohr B, Schmidt S, Mentzel HJ, Miltner WH.","Neuroimage. 2010 Feb 1;49(3):2680-6. doi: 10.1016/j.neuroimage.2009.10.074. Epub 2009 Oct 31.","Straube T","Neuroimage","2010","2009/11/04","","","10.1016/j.neuroimage.2009.10.074"
"19683056","Functional magnetic resonance imaging of awake behaving macaques","Goense JB, Whittingstall K, Logothetis NK.","Methods. 2010 Mar;50(3):178-88. doi: 10.1016/j.ymeth.2009.08.003. Epub 2009 Aug 13.","Goense JB","Methods","2010","2009/08/18","","","10.1016/j.ymeth.2009.08.003"
"19674088","3D surface perception from motion involves a temporal-parietal network","Beer AL, Watanabe T, Ni R, Sasaki Y, Andersen GJ.","Eur J Neurosci. 2009 Aug;30(4):703-13. doi: 10.1111/j.1460-9568.2009.06857.x. Epub 2009 Aug 7.","Beer AL","Eur J Neurosci","2009","2009/08/14","PMC2902171","NIHMS199043","10.1111/j.1460-9568.2009.06857.x"
"19633556","Functional imaging of human auditory cortex","Woods DL, Alain C.","Curr Opin Otolaryngol Head Neck Surg. 2009 Oct;17(5):407-11. doi: 10.1097/MOO.0b013e3283303330.","Woods DL","Curr Opin Otolaryngol Head Neck Surg","2009","2009/07/28","","","10.1097/MOO.0b013e3283303330"
"19555290","The neuropsychopharmacology of fronto-executive function: monoaminergic modulation","Robbins TW, Arnsten AF.","Annu Rev Neurosci. 2009;32:267-87. doi: 10.1146/annurev.neuro.051508.135535.","Robbins TW","Annu Rev Neurosci","2009","2009/06/27","PMC2863127","NIHMS197469","10.1146/annurev.neuro.051508.135535"
"19386635","Integrating visual and tactile information in the perirhinal cortex","Holdstock JS, Hocking J, Notley P, Devlin JT, Price CJ.","Cereb Cortex. 2009 Dec;19(12):2993-3000. doi: 10.1093/cercor/bhp073. Epub 2009 Apr 22.","Holdstock JS","Cereb Cortex","2009","2009/04/24","PMC2774401","","10.1093/cercor/bhp073"
"19385988","Neuronal substrates of gaze following in monkeys","Kamphuis S, Dicke PW, Thier P.","Eur J Neurosci. 2009 Apr;29(8):1732-8. doi: 10.1111/j.1460-9568.2009.06730.x.","Kamphuis S","Eur J Neurosci","2009","2009/04/24","","","10.1111/j.1460-9568.2009.06730.x"
"19365552","Functional maps of human auditory cortex: effects of acoustic features and attention","Woods DL, Stecker GC, Rinne T, Herron TJ, Cate AD, Yund EW, Liao I, Kang X.","PLoS One. 2009;4(4):e5183. doi: 10.1371/journal.pone.0005183. Epub 2009 Apr 13.","Woods DL","PLoS One","2009","2009/04/15","PMC2664477","","10.1371/journal.pone.0005183"
"19357278","Effort-based cost-benefit valuation and the human brain","Croxson PL, Walton ME, O'Reilly JX, Behrens TE, Rushworth MF.","J Neurosci. 2009 Apr 8;29(14):4531-41. doi: 10.1523/JNEUROSCI.4515-08.2009.","Croxson PL","J Neurosci","2009","2009/04/10","PMC2954048","UKMS32230","10.1523/JNEUROSCI.4515-08.2009"
"19339906","Participation of primary motor cortex area 4a in complex sensory processing: 3.0-T fMRI study","Terumitsu M, Ikeda K, Kwee IL, Nakada T.","Neuroreport. 2009 May 6;20(7):679-83. doi: 10.1097/WNR.0b013e32832a1820.","Terumitsu M","Neuroreport","2009","2009/04/03","","","10.1097/WNR.0b013e32832a1820"
"19239700","Orienting asymmetries and lateralized processing of sounds in humans","Fischer J, Teufel C, Drolet M, Patzelt A, Rübsamen R, von Cramon DY, Schubotz RI.","BMC Neurosci. 2009 Feb 24;10:14. doi: 10.1186/1471-2202-10-14.","Fischer J","BMC Neurosci","2009","2009/02/26","PMC2652465","","10.1186/1471-2202-10-14"
"19225172","Area Spt in the human planum temporale supports sensory-motor integration for speech processing","Hickok G, Okada K, Serences JT.","J Neurophysiol. 2009 May;101(5):2725-32. doi: 10.1152/jn.91099.2008. Epub 2009 Feb 18.","Hickok G","J Neurophysiol","2009","2009/02/20","","","10.1152/jn.91099.2008"
"19138749","BOLD fMRI activation for anti-saccades in nonhuman primates","Ford KA, Gati JS, Menon RS, Everling S.","Neuroimage. 2009 Apr 1;45(2):470-6. doi: 10.1016/j.neuroimage.2008.12.009. Epub 2008 Dec 24.","Ford KA","Neuroimage","2009","2009/01/14","","","10.1016/j.neuroimage.2008.12.009"
"19074351","Modafinil shifts human locus coeruleus to low-tonic, high-phasic activity during functional MRI","Minzenberg MJ, Watrous AJ, Yoon JH, Ursu S, Carter CS.","Science. 2008 Dec 12;322(5908):1700-2. doi: 10.1126/science.1164908.","Minzenberg MJ","Science","2008","2008/12/17","","","10.1126/science.1164908"
"19005042","Fine-scale spatial organization of face and object selectivity in the temporal lobe: do functional magnetic resonance imaging, optical imaging, and electrophysiology agree?","Op de Beeck HP, Dicarlo JJ, Goense JB, Grill-Spector K, Papanastassiou A, Tanifuji M, Tsao DY.","J Neurosci. 2008 Nov 12;28(46):11796-801. doi: 10.1523/JNEUROSCI.3799-08.2008.","Op de Beeck HP","J Neurosci","2008","2008/11/14","PMC6671639","","10.1523/JNEUROSCI.3799-08.2008"
"19003891","Neuroscientific approaches and applications within anthropology","Rilling JK.","Am J Phys Anthropol. 2008;Suppl 47:2-32. doi: 10.1002/ajpa.20947.","Rilling JK","Am J Phys Anthropol","2008","2008/11/13","","","10.1002/ajpa.20947"
"18989104","Brain-computer interface in paralysis","Birbaumer N, Murguialday AR, Cohen L.","Curr Opin Neurol. 2008 Dec;21(6):634-8. doi: 10.1097/WCO.0b013e328315ee2d.","Birbaumer N","Curr Opin Neurol","2008","2008/11/08","","","10.1097/WCO.0b013e328315ee2d"
"18973604","Color responses of the human lateral geniculate nucleus: [corrected] selective amplification of S-cone signals between the lateral geniculate nucleno and primary visual cortex measured with high-field fMRI","Mullen KT, Dumoulin SO, Hess RF.","Eur J Neurosci. 2008 Nov;28(9):1911-23. doi: 10.1111/j.1460-9568.2008.06476.x.","Mullen KT","Eur J Neurosci","2008","2008/11/01","PMC2777261","","10.1111/j.1460-9568.2008.06476.x"
"18973585","Differential dependency on motion coherence in subregions of the human MT+ complex","Becker HG, Erb M, Haarmeier T.","Eur J Neurosci. 2008 Oct;28(8):1674-85. doi: 10.1111/j.1460-9568.2008.06457.x.","Becker HG","Eur J Neurosci","2008","2008/11/01","","","10.1111/j.1460-9568.2008.06457.x"
"18846222","Cortical activations in humans grasp-related areas depend on hand used and handedness","Begliomini C, Nelini C, Caria A, Grodd W, Castiello U.","PLoS One. 2008;3(10):e3388. doi: 10.1371/journal.pone.0003388. Epub 2008 Oct 10.","Begliomini C","PLoS One","2008","2008/10/11","PMC2561002","","10.1371/journal.pone.0003388"
"18823880","Impairment of working memory maintenance and response in schizophrenia: functional magnetic resonance imaging evidence","Driesen NR, Leung HC, Calhoun VD, Constable RT, Gueorguieva R, Hoffman R, Skudlarski P, Goldman-Rakic PS, Krystal JH.","Biol Psychiatry. 2008 Dec 15;64(12):1026-34. doi: 10.1016/j.biopsych.2008.07.029. Epub 2008 Sep 27.","Driesen NR","Biol Psychiatry","2008","2008/10/01","PMC2650279","NIHMS81965","10.1016/j.biopsych.2008.07.029"
"18701759","Intrinsic functional relations between human cerebral cortex and thalamus","Zhang D, Snyder AZ, Fox MD, Sansbury MW, Shimony JS, Raichle ME.","J Neurophysiol. 2008 Oct;100(4):1740-8. doi: 10.1152/jn.90463.2008. Epub 2008 Aug 13.","Zhang D","J Neurophysiol","2008","2008/08/15","PMC2576214","","10.1152/jn.90463.2008"
"18622399","Patches of face-selective cortex in the macaque frontal lobe","Tsao DY, Schweers N, Moeller S, Freiwald WA.","Nat Neurosci. 2008 Aug;11(8):877-9. doi: 10.1038/nn.2158. Epub 2008 Jul 11.","Tsao DY","Nat Neurosci","2008","2008/07/16","PMC8123225","HHMIMS1699506","10.1038/nn.2158"
"18445214","Medial orbitofrontal cortex codes relative rather than absolute value of financial rewards in humans","Elliott R, Agnew Z, Deakin JF.","Eur J Neurosci. 2008 May;27(9):2213-8. doi: 10.1111/j.1460-9568.2008.06202.x.","Elliott R","Eur J Neurosci","2008","2008/05/01","","","10.1111/j.1460-9568.2008.06202.x"
"18372289","Functional lateralization of face, hand, and trunk representation in anatomically defined human somatosensory areas","Eickhoff SB, Grefkes C, Fink GR, Zilles K.","Cereb Cortex. 2008 Dec;18(12):2820-30. doi: 10.1093/cercor/bhn039. Epub 2008 Mar 27.","Eickhoff SB","Cereb Cortex","2008","2008/03/29","PMC2724832","","10.1093/cercor/bhn039"
"18264095","A voice region in the monkey brain","Petkov CI, Kayser C, Steudel T, Whittingstall K, Augath M, Logothetis NK.","Nat Neurosci. 2008 Mar;11(3):367-74. doi: 10.1038/nn2043. Epub 2008 Feb 10.","Petkov CI","Nat Neurosci","2008","2008/02/12","","","10.1038/nn2043"
"18172338","High-resolution fMRI maps of cortical activation in nonhuman primates: correlation with intrinsic signal optical images","Roe AW, Chen LM.","ILAR J. 2008;49(1):116-23. doi: 10.1093/ilar.49.1.116.","Roe AW","ILAR J","2008","2008/01/04","PMC2653868","NIHMS94976","10.1093/ilar.49.1.116"
"21204442","Chronic Recordings in Transgenic Mice","Dzirasa K.","In: Nicolelis MAL, editor. Methods for Neural Ensemble Recordings. 2nd edition. Boca Raton (FL): CRC Press/Taylor & Francis; 2008. Chapter 5.","Dzirasa K","Methods for Neural Ensemble Recordings","2008","2008/01/01","","",""
"18054173","Three-dimensional probabilistic maps of the occipital sulci of the human brain in standardized stereotaxic space","Iaria G, Robbins S, Petrides M.","Neuroscience. 2008 Jan 2;151(1):174-85. doi: 10.1016/j.neuroscience.2007.09.050. Epub 2007 Nov 28.","Iaria G","Neuroscience","2008","2007/12/07","","","10.1016/j.neuroscience.2007.09.050"
"18045914","Spatial attention does not strongly modulate neuronal responses in early human visual cortex","Yoshor D, Ghose GM, Bosking WH, Sun P, Maunsell JH.","J Neurosci. 2007 Nov 28;27(48):13205-9. doi: 10.1523/JNEUROSCI.2944-07.2007.","Yoshor D","J Neurosci","2007","2007/11/30","PMC6673408","","10.1523/JNEUROSCI.2944-07.2007"
"17960143","The effect of labeling parameters on perfusion-based fMRI in nonhuman primates","Zappe AC, Pfeuffer J, Merkle H, Logothetis NK, Goense JB.","J Cereb Blood Flow Metab. 2008 Mar;28(3):640-52. doi: 10.1038/sj.jcbfm.9600564. Epub 2007 Oct 24.","Zappe AC","J Cereb Blood Flow Metab","2008","2007/10/26","","","10.1038/sj.jcbfm.9600564"
"17728454","Differential recruitment of the hippocampus, medial prefrontal cortex, and the human motion complex during path integration in humans","Wolbers T, Wiener JM, Mallot HA, Büchel C.","J Neurosci. 2007 Aug 29;27(35):9408-16. doi: 10.1523/JNEUROSCI.2146-07.2007.","Wolbers T","J Neurosci","2007","2007/08/31","PMC6673121","","10.1523/JNEUROSCI.2146-07.2007"
"17715354","High-resolution maps of real and illusory tactile activation in primary somatosensory cortex in individual monkeys with functional magnetic resonance imaging and optical imaging","Chen LM, Turner GH, Friedman RM, Zhang N, Gore JC, Roe AW, Avison MJ.","J Neurosci. 2007 Aug 22;27(34):9181-91. doi: 10.1523/JNEUROSCI.1588-07.2007.","Chen LM","J Neurosci","2007","2007/08/24","PMC6672200","","10.1523/JNEUROSCI.1588-07.2007"
"17697355","Activation of superior colliculi in humans during visual exploration","Himmelbach M, Erb M, Karnath HO.","BMC Neurosci. 2007 Aug 14;8:66. doi: 10.1186/1471-2202-8-66.","Himmelbach M","BMC Neurosci","2007","2007/08/19","PMC1976416","","10.1186/1471-2202-8-66"
"17652462","The representation of blinking movement in cingulate motor areas: a functional magnetic resonance imaging study","Hanakawa T, Dimyan MA, Hallett M.","Cereb Cortex. 2008 Apr;18(4):930-7. doi: 10.1093/cercor/bhm129. Epub 2007 Jul 25.","Hanakawa T","Cereb Cortex","2008","2007/07/27","","","10.1093/cercor/bhm129"
"17614230","Dependence of BOLD signal change on tactile stimulus intensity in SI of primates","Zhang N, Gore JC, Chen LM, Avison MJ.","Magn Reson Imaging. 2007 Jul;25(6):784-94. doi: 10.1016/j.mri.2007.05.002. Epub 2007 Jul 5.","Zhang N","Magn Reson Imaging","2007","2007/07/07","","","10.1016/j.mri.2007.05.002"
"17509896","Robust controlled functional MRI in alert monkeys at high magnetic field: effects of jaw and body movements","Keliris GA, Shmuel A, Ku SP, Pfeuffer J, Oeltermann A, Steudel T, Logothetis NK.","Neuroimage. 2007 Jul 1;36(3):550-70. doi: 10.1016/j.neuroimage.2007.02.057. Epub 2007 Apr 10.","Keliris GA","Neuroimage","2007","2007/05/19","","","10.1016/j.neuroimage.2007.02.057"
"17497631","Localization of human intraparietal areas AIP, CIP, and LIP using surface orientation and saccadic eye movement tasks","Shikata E, McNamara A, Sprenger A, Hamzei F, Glauche V, Büchel C, Binkofski F.","Hum Brain Mapp. 2008 Apr;29(4):411-21. doi: 10.1002/hbm.20396.","Shikata E","Hum Brain Mapp","2008","2007/05/15","PMC6870972","","10.1002/hbm.20396"
"17398117","fMRI reveals a preference for near viewing in the human parieto-occipital cortex","Quinlan DJ, Culham JC.","Neuroimage. 2007 May 15;36(1):167-87. doi: 10.1016/j.neuroimage.2007.02.029. Epub 2007 Feb 28.","Quinlan DJ","Neuroimage","2007","2007/04/03","","","10.1016/j.neuroimage.2007.02.029"
"17379262","Impaired working-memory after cerebellar infarcts paralleled by changes in BOLD signal of a cortico-cerebellar circuit","Ziemus B, Baumann O, Luerding R, Schlosser R, Schuierer G, Bogdahn U, Greenlee MW.","Neuropsychologia. 2007 May 15;45(9):2016-24. doi: 10.1016/j.neuropsychologia.2007.02.012. Epub 2007 Feb 23.","Ziemus B","Neuropsychologia","2007","2007/03/24","","","10.1016/j.neuropsychologia.2007.02.012"
"17314280","Functional imaging reveals visual modulation of specific fields in auditory cortex","Kayser C, Petkov CI, Augath M, Logothetis NK.","J Neurosci. 2007 Feb 21;27(8):1824-35. doi: 10.1523/JNEUROSCI.4737-06.2007.","Kayser C","J Neurosci","2007","2007/02/23","PMC6673538","","10.1523/JNEUROSCI.4737-06.2007"
"17190967","Function and connectivity in human primary auditory cortex: a combined fMRI and DTI study at 3 Tesla","Upadhyay J, Ducros M, Knaus TA, Lindgren KA, Silver A, Tager-Flusberg H, Kim DS.","Cereb Cortex. 2007 Oct;17(10):2420-32. doi: 10.1093/cercor/bhl150. Epub 2006 Dec 26.","Upadhyay J","Cereb Cortex","2007","2006/12/28","","","10.1093/cercor/bhl150"
"17122318","Sensorimotor integration in S2, PV, and parietal rostroventral areas of the human sylvian fissure","Hinkley LB, Krubitzer LA, Nagarajan SS, Disbrow EA.","J Neurophysiol. 2007 Feb;97(2):1288-97. doi: 10.1152/jn.00733.2006. Epub 2006 Nov 22.","Hinkley LB","J Neurophysiol","2007","2006/11/24","PMC4060608","NIHMS23502","10.1152/jn.00733.2006"
"17118925","Social odours, sexual arousal and pairbonding in primates","Snowdon CT, Ziegler TE, Schultz-Darken NJ, Ferris CF.","Philos Trans R Soc Lond B Biol Sci. 2006 Dec 29;361(1476):2079-89. doi: 10.1098/rstb.2006.1932.","Snowdon CT","Philos Trans R Soc Lond B Biol Sci","2006","2006/11/23","PMC1764847","","10.1098/rstb.2006.1932"
"17069478","Neuroanatomic organization of sound memory in humans","Kraut MA, Pitcock JA, Calhoun V, Li J, Freeman T, Hart J Jr.","J Cogn Neurosci. 2006 Nov;18(11):1877-88. doi: 10.1162/jocn.2006.18.11.1877.","Kraut MA","J Cogn Neurosci","2006","2006/10/31","","","10.1162/jocn.2006.18.11.1877"
"17032710","The somatotopic organization of cytoarchitectonic areas on the human parietal operculum","Eickhoff SB, Grefkes C, Zilles K, Fink GR.","Cereb Cortex. 2007 Aug;17(8):1800-11. doi: 10.1093/cercor/bhl090. Epub 2006 Oct 10.","Eickhoff SB","Cereb Cortex","2007","2006/10/13","","","10.1093/cercor/bhl090"
"17004945","Retinotopic distribution of chromatic responses in human primary visual cortex","Vanni S, Henriksson L, Viikari M, James AC.","Eur J Neurosci. 2006 Sep;24(6):1821-31. doi: 10.1111/j.1460-9568.2006.05070.x.","Vanni S","Eur J Neurosci","2006","2006/09/29","","","10.1111/j.1460-9568.2006.05070.x"
"16870741","Wide-field retinotopy defines human cortical visual area v6","Pitzalis S, Galletti C, Huang RS, Patria F, Committeri G, Galati G, Fattori P, Sereno MI.","J Neurosci. 2006 Jul 26;26(30):7962-73. doi: 10.1523/JNEUROSCI.0178-06.2006.","Pitzalis S","J Neurosci","2006","2006/07/28","PMC6674231","","10.1523/JNEUROSCI.0178-06.2006"
"16820004","Contribution of the corpus callosum to bilateral representation of the trunk midline in the human brain: an fMRI study of callosotomized patients","Fabri M, Polonara G, Mascioli G, Paggi A, Salvolini U, Manzoni T.","Eur J Neurosci. 2006 Jun;23(11):3139-48. doi: 10.1111/j.1460-9568.2006.04823.x.","Fabri M","Eur J Neurosci","2006","2006/07/06","","","10.1111/j.1460-9568.2006.04823.x"
"16759673","Visuo-motor integration and control in the human posterior parietal cortex: evidence from TMS and fMRI","Iacoboni M.","Neuropsychologia. 2006;44(13):2691-9. doi: 10.1016/j.neuropsychologia.2006.04.029. Epub 2006 Jun 8.","Iacoboni M","Neuropsychologia","2006","2006/06/09","","","10.1016/j.neuropsychologia.2006.04.029"
"16675025","fMRI in alert, behaving monkeys: an adaptation of the human infant familiarization novelty preference procedure","Joseph JE, Powell DK, Andersen AH, Bhatt RS, Dunlap MK, Foldes ST, Forman E, Hardy PA, Steinmetz NA, Zhang Z.","J Neurosci Methods. 2006 Oct 15;157(1):10-24. doi: 10.1016/j.jneumeth.2006.03.018. Epub 2006 May 3.","Joseph JE","J Neurosci Methods","2006","2006/05/06","","","10.1016/j.jneumeth.2006.03.018"
"16623851","Variations in the human cannabinoid receptor (CNR1) gene modulate striatal responses to happy faces","Chakrabarti B, Kent L, Suckling J, Bullmore E, Baron-Cohen S.","Eur J Neurosci. 2006 Apr;23(7):1944-8. doi: 10.1111/j.1460-9568.2006.04697.x.","Chakrabarti B","Eur J Neurosci","2006","2006/04/21","","","10.1111/j.1460-9568.2006.04697.x"
"16481198","Developing functional magnetic resonance imaging techniques for alert macaque monkeys","Gamlin PD, Ward MK, Bolding MS, Grossmann JK, Twieg DB.","Methods. 2006 Mar;38(3):210-20. doi: 10.1016/j.ymeth.2005.08.004.","Gamlin PD","Methods","2006","2006/02/17","","","10.1016/j.ymeth.2005.08.004"
"16456083","A cortical region consisting entirely of face-selective cells","Tsao DY, Freiwald WA, Tootell RB, Livingstone MS.","Science. 2006 Feb 3;311(5761):670-4. doi: 10.1126/science.1119983.","Tsao DY","Science","2006","2006/02/04","PMC2678572","NIHMS86939","10.1126/science.1119983"
"16399685","Ipsilateral hand input to area 3b revealed by converging hemodynamic and electrophysiological analyses in macaque monkeys","Lipton ML, Fu KM, Branch CA, Schroeder CE.","J Neurosci. 2006 Jan 4;26(1):180-5. doi: 10.1523/JNEUROSCI.1073-05.2006.","Lipton ML","J Neurosci","2006","2006/01/10","PMC4465455","NIHMS695416","10.1523/JNEUROSCI.1073-05.2006"
"16343560","Mapping the parietal cortex of human and non-human primates","Orban GA, Claeys K, Nelissen K, Smans R, Sunaert S, Todd JT, Wardak C, Durand JB, Vanduffel W.","Neuropsychologia. 2006;44(13):2647-67. doi: 10.1016/j.neuropsychologia.2005.11.001. Epub 2005 Dec 12.","Orban GA","Neuropsychologia","2006","2005/12/14","","","10.1016/j.neuropsychologia.2005.11.001"
"16281284","Identifying human parieto-insular vestibular cortex using fMRI and cytoarchitectonic mapping","Eickhoff SB, Weiss PH, Amunts K, Fink GR, Zilles K.","Hum Brain Mapp. 2006 Jul;27(7):611-21. doi: 10.1002/hbm.20205.","Eickhoff SB","Hum Brain Mapp","2006","2005/11/11","PMC6871353","","10.1002/hbm.20205"
"16182320","fMRI mapping of cortical centers following visual stimulation in postnatal pigs of different ages","Fang M, Li J, Rudd JA, Wai SM, Yew JC, Yew DT.","Life Sci. 2006 Feb 9;78(11):1197-201. doi: 10.1016/j.lfs.2005.06.030. Epub 2005 Sep 21.","Fang M","Life Sci","2006","2005/09/27","","","10.1016/j.lfs.2005.06.030"
"16177908","Three-dimensional cytoarchitectonic analysis of the posterior bank of the human precentral sulcus","Schmitt O, Modersitzki J, Heldmann S, Wirtz S, Hömke L, Heide W, Kömpf D, Wree A.","Anat Embryol (Berl). 2005 Dec;210(5-6):387-400. doi: 10.1007/s00429-005-0030-8.","Schmitt O","Anat Embryol (Berl)","2005","2005/09/24","","","10.1007/s00429-005-0030-8"
"16162829","Role for human posterior parietal cortex in visual processing of aversive objects in peripersonal space","Lloyd D, Morrison I, Roberts N.","J Neurophysiol. 2006 Jan;95(1):205-14. doi: 10.1152/jn.00614.2005. Epub 2005 Sep 14.","Lloyd D","J Neurophysiol","2006","2005/09/16","","","10.1152/jn.00614.2005"
"15944234","Visual responses of the human superior colliculus: a high-resolution functional magnetic resonance imaging study","Schneider KA, Kastner S.","J Neurophysiol. 2005 Oct;94(4):2491-503. doi: 10.1152/jn.00288.2005. Epub 2005 Jun 8.","Schneider KA","J Neurophysiol","2005","2005/06/10","","","10.1152/jn.00288.2005"
"15827999","Bilateral cortical representation of the trunk midline in human first somatic sensory area","Fabri M, Polonara G, Salvolini U, Manzoni T.","Hum Brain Mapp. 2005 Jul;25(3):287-96. doi: 10.1002/hbm.20099.","Fabri M","Hum Brain Mapp","2005","2005/04/14","PMC6871704","","10.1002/hbm.20099"
"15590616","A cognitive neurobiological account of deception: evidence from functional neuroimaging","Spence SA, Hunter MD, Farrow TF, Green RD, Leung DH, Hughes CJ, Ganesan V.","Philos Trans R Soc Lond B Biol Sci. 2004 Nov 29;359(1451):1755-62. doi: 10.1098/rstb.2004.1555.","Spence SA","Philos Trans R Soc Lond B Biol Sci","2004","2004/12/14","PMC1693447","","10.1098/rstb.2004.1555"
"15488396","Distributed digit somatotopy in primary somatosensory cortex","Overduin SA, Servos P.","Neuroimage. 2004 Oct;23(2):462-72. doi: 10.1016/j.neuroimage.2004.06.024.","Overduin SA","Neuroimage","2004","2004/10/19","","","10.1016/j.neuroimage.2004.06.024"
"15385595","Dominance of the right hemisphere and role of area 2 in human kinesthesia","Naito E, Roland PE, Grefkes C, Choi HJ, Eickhoff S, Geyer S, Zilles K, Ehrsson HH.","J Neurophysiol. 2005 Feb;93(2):1020-34. doi: 10.1152/jn.00637.2004. Epub 2004 Sep 22.","Naito E","J Neurophysiol","2005","2004/09/24","","","10.1152/jn.00637.2004"
"15242691","Comparative mapping of higher visual areas in monkeys and humans","Orban GA, Van Essen D, Vanduffel W.","Trends Cogn Sci. 2004 Jul;8(7):315-24. doi: 10.1016/j.tics.2004.05.009.","Orban GA","Trends Cogn Sci","2004","2004/07/10","","","10.1016/j.tics.2004.05.009"
"15130736","Direct comparison of visual cortex activation in human and nonhuman primates using functional magnetic resonance imaging","Dubowitz DJ.","Methods Enzymol. 2004;385:102-34. doi: 10.1016/S0076-6879(04)85007-9.","Dubowitz DJ","Methods Enzymol","2004","2004/05/08","","","10.1016/S0076-6879(04)85007-9"
"15122719","The role of human left superior parietal lobule in body part localization","Felician O, Romaiguère P, Anton JL, Nazarian B, Roth M, Poncet M, Roll JP.","Ann Neurol. 2004 May;55(5):749-51. doi: 10.1002/ana.20109.","Felician O","Ann Neurol","2004","2004/05/04","","","10.1002/ana.20109"
"15110033","Assessing the auditory dual-pathway model in humans","Arnott SR, Binns MA, Grady CL, Alain C.","Neuroimage. 2004 May;22(1):401-8. doi: 10.1016/j.neuroimage.2004.01.014.","Arnott SR","Neuroimage","2004","2004/04/28","","","10.1016/j.neuroimage.2004.01.014"
"15014131","The processing of visual shape in the cerebral cortex of human and nonhuman primates: a functional magnetic resonance imaging study","Denys K, Vanduffel W, Fize D, Nelissen K, Peuskens H, Van Essen D, Orban GA.","J Neurosci. 2004 Mar 10;24(10):2551-65. doi: 10.1523/JNEUROSCI.3569-03.2004.","Denys K","J Neurosci","2004","2004/03/12","PMC6729498","","10.1523/JNEUROSCI.3569-03.2004"
"15006672","A functional neuroimaging study of motivation and executive function","Taylor SF, Welsh RC, Wager TD, Phan KL, Fitzgerald KD, Gehring WJ.","Neuroimage. 2004 Mar;21(3):1045-54. doi: 10.1016/j.neuroimage.2003.10.032.","Taylor SF","Neuroimage","2004","2004/03/10","","","10.1016/j.neuroimage.2003.10.032"
"14960288","Event-related functional magnetic resonance imaging of reward-related brain circuitry in children and adolescents","May JC, Delgado MR, Dahl RE, Stenger VA, Ryan ND, Fiez JA, Carter CS.","Biol Psychiatry. 2004 Feb 15;55(4):359-66. doi: 10.1016/j.biopsych.2003.11.008.","May JC","Biol Psychiatry","2004","2004/02/13","","","10.1016/j.biopsych.2003.11.008"
"14684855","Functional asymmetry for auditory processing in human primary auditory cortex","Devlin JT, Raley J, Tunbridge E, Lanary K, Floyer-Lea A, Narain C, Cohen I, Behrens T, Jezzard P, Matthews PM, Moore DR.","J Neurosci. 2003 Dec 17;23(37):11516-22. doi: 10.1523/JNEUROSCI.23-37-11516.2003.","Devlin JT","J Neurosci","2003","2003/12/20","PMC6740959","","10.1523/JNEUROSCI.23-37-11516.2003"
"12902398","Evidence for a rostral-to-caudal somatotopic organization in human primary somatosensory cortex with mirror-reversal in areas 3b and 1","Blankenburg F, Ruben J, Meyer R, Schwiemann J, Villringer A.","Cereb Cortex. 2003 Sep;13(9):987-93. doi: 10.1093/cercor/13.9.987.","Blankenburg F","Cereb Cortex","2003","2003/08/07","","","10.1093/cercor/13.9.987"
"12716950","Hierarchical processing in spoken language comprehension","Davis MH, Johnsrude IS.","J Neurosci. 2003 Apr 15;23(8):3423-31. doi: 10.1523/JNEUROSCI.23-08-03423.2003.","Davis MH","J Neurosci","2003","2003/04/30","PMC6742313","","10.1523/JNEUROSCI.23-08-03423.2003"
"12697619","Language systems in normal and aphasic human subjects: functional imaging studies and inferences from animal studies","Wise RJ.","Br Med Bull. 2003;65:95-119. doi: 10.1093/bmb/65.1.95.","Wise RJ","Br Med Bull","2003","2003/04/17","","","10.1093/bmb/65.1.95"
"12625459","Encoding of novel picture pairs activates the perirhinal cortex: an fMRI study","Pihlajamäki M, Tanila H, Hänninen T, Könönen M, Mikkonen M, Jalkanen V, Partanen K, Aronen HJ, Soininen H.","Hippocampus. 2003;13(1):67-80. doi: 10.1002/hipo.10049.","Pihlajamäki M","Hippocampus","2003","2003/03/11","","","10.1002/hipo.10049"
"12566881","Human cerebellar activation in relation to saccadic eye movements: a functional magnetic resonance imaging study","Hayakawa Y, Nakajima T, Takagi M, Fukuhara N, Abe H.","Ophthalmologica. 2002 Nov-Dec;216(6):399-405. doi: 10.1159/000067551.","Hayakawa Y","Ophthalmologica","2002","2003/02/05","","","10.1159/000067551"
"12483217","Multisensory representation of limb position in human premotor cortex","Lloyd DM, Shore DI, Spence C, Calvert GA.","Nat Neurosci. 2003 Jan;6(1):17-8. doi: 10.1038/nn991.","Lloyd DM","Nat Neurosci","2003","2002/12/17","","","10.1038/nn991"
"12373436","Functional imaging and neurochemical correlates of stimulant self-administration in primates","Howell LL, Wilcox KM.","Psychopharmacology (Berl). 2002 Oct;163(3-4):352-61. doi: 10.1007/s00213-002-1207-y. Epub 2002 Aug 29.","Howell LL","Psychopharmacology (Berl)","2002","2002/10/10","","","10.1007/s00213-002-1207-y"
"12148938","Human hippocampal activation in the delayed matching- and nonmatching-to-sample memory tasks: an event-related functional MRI approach","Monk CS, Zhuang J, Curtis WJ, Ofenloch IT, Tottenham N, Nelson CA, Hu X.","Behav Neurosci. 2002 Aug;116(4):716-21. doi: 10.1037//0735-7044.116.4.716.","Monk CS","Behav Neurosci","2002","2002/08/01","","","10.1037//0735-7044.116.4.716"
"12126506","Sustained mnemonic response in the human middle frontal gyrus during on-line storage of spatial memoranda","Leung HC, Gore JC, Goldman-Rakic PS.","J Cogn Neurosci. 2002 May 15;14(4):659-71. doi: 10.1162/08989290260045882.","Leung HC","J Cogn Neurosci","2002","2002/07/20","","","10.1162/08989290260045882"
"12040063","Defining the neural mechanisms of probabilistic reversal learning using event-related functional magnetic resonance imaging","Cools R, Clark L, Owen AM, Robbins TW.","J Neurosci. 2002 Jun 1;22(11):4563-7. doi: 10.1523/JNEUROSCI.22-11-04563.2002.","Cools R","J Neurosci","2002","2002/06/01","PMC6758810","","10.1523/JNEUROSCI.22-11-04563.2002"
"11992658","Haptic study of three-dimensional objects activates extrastriate visual areas","James TW, Humphrey GK, Gati JS, Servos P, Menon RS, Goodale MA.","Neuropsychologia. 2002;40(10):1706-14. doi: 10.1016/s0028-3932(02)00017-9.","James TW","Neuropsychologia","2002","2002/05/07","","","10.1016/s0028-3932(02)00017-9"
"11859197","Functional MRI of macaque monkeys performing a cognitive set-shifting task","Nakahara K, Hayashi T, Konishi S, Miyashita Y.","Science. 2002 Feb 22;295(5559):1532-6. doi: 10.1126/science.1067653.","Nakahara K","Science","2002","2002/02/23","","","10.1126/science.1067653"
"11750184","A compensatory mirror cortical mechanism for facial affect processing in schizophrenia","Quintana J, Davidson T, Kovalik E, Marder SR, Mazziotta JC.","Neuropsychopharmacology. 2001 Dec;25(6):915-24. doi: 10.1016/S0893-133X(01)00304-9.","Quintana J","Neuropsychopharmacology","2001","2001/12/26","","","10.1016/S0893-133X(01)00304-9"
"11689304","Cortical and subcortical vestibular response to caloric stimulation detected by functional magnetic resonance imaging","Suzuki M, Kitano H, Ito R, Kitanishi T, Yazawa Y, Ogawa T, Shiino A, Kitajima K.","Brain Res Cogn Brain Res. 2001 Dec;12(3):441-9. doi: 10.1016/s0926-6410(01)00080-5.","Suzuki M","Brain Res Cogn Brain Res","2001","2001/11/02","","","10.1016/s0926-6410(01)00080-5"
"11530838","Medial temporal and prefrontal contributions to working memory tasks with novel and familiar stimuli","Stern CE, Sherman SJ, Kirchhoff BA, Hasselmo ME.","Hippocampus. 2001;11(4):337-46. doi: 10.1002/hipo.1048.","Stern CE","Hippocampus","2001","2001/09/04","","","10.1002/hipo.1048"
"11480525","Functional MRI activity in the thalamus and occipital cortex of anesthetized dogs induced by monocular and binocular stimulation","Willis CK, Quinn RP, McDonell WM, Gati J, Partlow G, Vilis T.","Can J Vet Res. 2001 Jul;65(3):188-95.","Willis CK","Can J Vet Res","2001","2001/08/02","PMC1189674","",""
"11467916","Detection of audio-visual integration sites in humans by application of electrophysiological criteria to the BOLD effect","Calvert GA, Hansen PC, Iversen SD, Brammer MJ.","Neuroimage. 2001 Aug;14(2):427-38. doi: 10.1006/nimg.2001.0812.","Calvert GA","Neuroimage","2001","2001/07/27","","","10.1006/nimg.2001.0812"
"11389943","Direct comparison of visual cortex activation in human and non-human primates using functional magnetic resonance imaging","Dubowitz DJ, Chen DY, Atkinson DJ, Scadeng M, Martinez A, Andersen MB, Andersen RA, Bradley WG Jr.","J Neurosci Methods. 2001 May 30;107(1-2):71-80. doi: 10.1016/s0165-0270(01)00353-3.","Dubowitz DJ","J Neurosci Methods","2001","2001/06/08","","","10.1016/s0165-0270(01)00353-3"
"11224904","Hierarchical organization of the human auditory cortex revealed by functional magnetic resonance imaging","Wessinger CM, VanMeter J, Tian B, Van Lare J, Pekar J, Rauschecker JP.","J Cogn Neurosci. 2001 Jan 1;13(1):1-7. doi: 10.1162/089892901564108.","Wessinger CM","J Cogn Neurosci","2001","2001/02/27","","","10.1162/089892901564108"
"11156205","Synthetic brain imaging: grasping, mirror neurons and imitation","Arbib MA, Billard A, Iacoboni M, Oztop E.","Neural Netw. 2000 Oct-Nov;13(8-9):975-97. doi: 10.1016/s0893-6080(00)00070-8.","Arbib MA","Neural Netw","2000","2001/01/13","","","10.1016/s0893-6080(00)00070-8"
"11144756","Broca's region subserves imagery of motion: a combined cytoarchitectonic and fMRI study","Binkofski F, Amunts K, Stephan KM, Posse S, Schormann T, Freund HJ, Zilles K, Seitz RJ.","Hum Brain Mapp. 2000 Dec;11(4):273-85. doi: 10.1002/1097-0193(200012)11:4<273::aid-hbm40>3.0.co;2-0.","Binkofski F","Hum Brain Mapp","2000","2001/01/06","PMC6872088","","10.1002/1097-0193(200012)11:4<273::aid-hbm40>3.0.co;2-0"
"11114477","Domain-specific distribution of working memory processes along human prefrontal and parietal cortices: a functional magnetic resonance imaging study","Gruber O, von Cramon DY.","Neurosci Lett. 2001 Jan 5;297(1):29-32. doi: 10.1016/s0304-3940(00)01665-7.","Gruber O","Neurosci Lett","2001","2000/12/15","","","10.1016/s0304-3940(00)01665-7"
"11011024","Laterality, somatotopy and reproducibility of the basal ganglia and motor cortex during motor tasks","Scholz VH, Flaherty AW, Kraft E, Keltner JR, Kwong KK, Chen YI, Rosen BR, Jenkins BG.","Brain Res. 2000 Oct 6;879(1-2):204-15. doi: 10.1016/s0006-8993(00)02749-9.","Scholz VH","Brain Res","2000","2000/09/30","","","10.1016/s0006-8993(00)02749-9"
"10996807","Object recognition: seeing us seeing shapes","Mazer JA, Gallant JL.","Curr Biol. 2000 Sep 21;10(18):R668-70. doi: 10.1016/s0960-9822(00)00684-9.","Mazer JA","Curr Biol","2000","2000/09/21","","","10.1016/s0960-9822(00)00684-9"
"10940458","Independent component-cross correlation-sequential epoch (ICS) analysis of high field fMRI time series: direct visualization of dual representation of the primary motor cortex in human","Nakada T, Suzuki K, Fujii Y, Matsuzawa H, Kwee IL.","Neurosci Res. 2000 Jul;37(3):237-44. doi: 10.1016/s0168-0102(00)00122-x.","Nakada T","Neurosci Res","2000","2000/08/15","","","10.1016/s0168-0102(00)00122-x"
"10873810","Form and motion coherence activate independent, but not dorsal/ventral segregated, networks in the human brain","Braddick OJ, O'Brien JM, Wattam-Bell J, Atkinson J, Turner R.","Curr Biol. 2000 Jun 15;10(12):731-4. doi: 10.1016/s0960-9822(00)00540-6.","Braddick OJ","Curr Biol","2000","2000/06/30","","","10.1016/s0960-9822(00)00540-6"
"10806026","Activity in ventrolateral and mid-dorsolateral prefrontal cortex during nonspatial visual working memory processing: evidence from functional magnetic resonance imaging","Stern CE, Owen AM, Tracey I, Look RB, Rosen BR, Petrides M.","Neuroimage. 2000 May;11(5 Pt 1):392-9. doi: 10.1006/nimg.2000.0569.","Stern CE","Neuroimage","2000","2000/05/12","","","10.1006/nimg.2000.0569"
"10677638","Brain activation during human finger extension and flexion movements","Yue GH, Liu JZ, Siemionow V, Ranganathan VK, Ng TC, Sahgal V.","Brain Res. 2000 Feb 21;856(1-2):291-300. doi: 10.1016/s0006-8993(99)02385-9.","Yue GH","Brain Res","2000","2000/03/10","","","10.1016/s0006-8993(99)02385-9"
"10701752","Somatotopic organization of cortical fields in the lateral sulcus of Homo sapiens: evidence for SII and PV","Disbrow E, Roberts T, Krubitzer L.","J Comp Neurol. 2000 Feb 28;418(1):1-21. doi: 10.1002/(sici)1096-9861(20000228)418:1<1::aid-cne1>3.0.co;2-p.","Disbrow E","J Comp Neurol","2000","2000/03/04","","","10.1002/(sici)1096-9861(20000228)418:1<1::aid-cne1>3.0.co;2-p"
"10645730","Neural substrates of orthographic lexical access as demonstrated by functional brain imaging","Hart J Jr, Kraut MA, Kremen S, Soher B, Gordon B.","Neuropsychiatry Neuropsychol Behav Neurol. 2000 Jan;13(1):1-7.","Hart J Jr","Neuropsychiatry Neuropsychol Behav Neurol","2000","2000/01/25","","",""
"10619415","Cortical networks subserving pursuit and saccadic eye movements in humans: an FMRI study","Berman RA, Colby CL, Genovese CR, Voyvodic JT, Luna B, Thulborn KR, Sweeney JA.","Hum Brain Mapp. 1999;8(4):209-25. doi: 10.1002/(sici)1097-0193(1999)8:4<209::aid-hbm5>3.0.co;2-0.","Berman RA","Hum Brain Mapp","1999","2000/01/05","PMC6873313","","10.1002/(sici)1097-0193(1999)8:4<209::aid-hbm5>3.0.co;2-0"
"10554993","An anatomical landmark for the supplementary eye fields in human revealed with functional magnetic resonance imaging","Grosbras MH, Lobel E, Van de Moortele PF, LeBihan D, Berthoz A.","Cereb Cortex. 1999 Oct-Nov;9(7):705-11. doi: 10.1093/cercor/9.7.705.","Grosbras MH","Cereb Cortex","1999","1999/11/11","","","10.1093/cercor/9.7.705"
"10448221","Functional imaging of the monkey brain","Logothetis NK, Guggenberger H, Peled S, Pauls J.","Nat Neurosci. 1999 Jun;2(6):555-62. doi: 10.1038/9210.","Logothetis NK","Nat Neurosci","1999","1999/08/17","","","10.1038/9210"
"10389669","Cognitive functional magnetic resonance imaging at very-high-field: eye movement control","Luna B, Sweeney JA.","Top Magn Reson Imaging. 1999 Feb;10(1):3-15. doi: 10.1097/00002142-199902000-00002.","Luna B","Top Magn Reson Imaging","1999","1999/07/02","","","10.1097/00002142-199902000-00002"
"10335843","The role of the anterior prefrontal cortex in human cognition","Koechlin E, Basso G, Pietrini P, Panzer S, Grafman J.","Nature. 1999 May 13;399(6732):148-51. doi: 10.1038/20178.","Koechlin E","Nature","1999","1999/05/21","","","10.1038/20178"
"9950063","High-field (3.0 T) functional MRI sequential epoch analysis: an example for motion control analysis","Nakada T, Fujii Y, Suzuki K, Kwee IL.","Neurosci Res. 1998 Dec;32(4):355-62. doi: 10.1016/s0168-0102(98)00102-3.","Nakada T","Neurosci Res","1998","1999/02/09","","","10.1016/s0168-0102(98)00102-3"
"9749748","Functional magnetic resonance imaging of a human auditory cortex area involved in foreground-background decomposition","Scheich H, Baumgart F, Gaschler-Markefski B, Tegeler C, Tempelmann C, Heinze HJ, Schindler F, Stiller D.","Eur J Neurosci. 1998 Feb;10(2):803-9. doi: 10.1046/j.1460-9568.1998.00086.x.","Scheich H","Eur J Neurosci","1998","1998/09/28","","","10.1046/j.1460-9568.1998.00086.x"
"9749610","Somatotopical organization of striatal activation during finger and toe movement: a 3-T functional magnetic resonance imaging study","Lehéricy S, van de Moortele PF, Lobel E, Paradis AL, Vidailhet M, Frouin V, Neveu P, Agid Y, Marsault C, Le Bihan D.","Ann Neurol. 1998 Sep;44(3):398-404. doi: 10.1002/ana.410440319.","Lehéricy S","Ann Neurol","1998","1998/09/28","","","10.1002/ana.410440319"
"9655492","fMRI of monkey visual cortex","Stefanacci L, Reber P, Costanza J, Wong E, Buxton R, Zola S, Squire L, Albright T.","Neuron. 1998 Jun;20(6):1051-7. doi: 10.1016/s0896-6273(00)80485-7.","Stefanacci L","Neuron","1998","1998/07/09","","","10.1016/s0896-6273(00)80485-7"
"9635201","Brain mapping in animals and humans","Sereno MI.","Curr Opin Neurobiol. 1998 Apr;8(2):188-94. doi: 10.1016/s0959-4388(98)80139-6.","Sereno MI","Curr Opin Neurobiol","1998","1998/06/23","","","10.1016/s0959-4388(98)80139-6"
"9626668","Fingertip representation in the human somatosensory cortex: an fMRI study","Gelnar PA, Krauss BR, Szeverenyi NM, Apkarian AV.","Neuroimage. 1998 May;7(4 Pt 1):261-83. doi: 10.1006/nimg.1998.0341.","Gelnar PA","Neuroimage","1998","1998/06/17","","","10.1006/nimg.1998.0341"
"9601659","Acute plasticity in the human somatosensory cortex following amputation","Borsook D, Becerra L, Fishman S, Edwards A, Jennings CL, Stojanovic M, Papinicolas L, Ramachandran VS, Gonzalez RG, Breiter H.","Neuroreport. 1998 Apr 20;9(6):1013-7. doi: 10.1097/00001756-199804200-00011.","Borsook D","Neuroreport","1998","1998/05/28","","","10.1097/00001756-199804200-00011"
"9510384","Dorsal cortical regions subserving visually guided saccades in humans: an fMRI study","Luna B, Thulborn KR, Strojwas MH, McCurtain BJ, Berman RA, Genovese CR, Sweeney JA.","Cereb Cortex. 1998 Jan-Feb;8(1):40-7. doi: 10.1093/cercor/8.1.40.","Luna B","Cereb Cortex","1998","1998/03/24","","","10.1093/cercor/8.1.40"
"9121583","Temporal dynamics of brain activation during a working memory task","Cohen JD, Perlstein WM, Braver TS, Nystrom LE, Noll DC, Jonides J, Smith EE.","Nature. 1997 Apr 10;386(6625):604-8. doi: 10.1038/386604a0.","Cohen JD","Nature","1997","1997/04/10","","","10.1038/386604a0"
"9175125","Sequential activity in human motor areas during a delayed cued finger movement task studied by time-resolved fMRI","Richter W, Andersen PM, Georgopoulos AP, Kim SG.","Neuroreport. 1997 Mar 24;8(5):1257-61. doi: 10.1097/00001756-199703240-00040.","Richter W","Neuroreport","1997","1997/03/24","","","10.1097/00001756-199703240-00040"
"20408207","Tonotopy in human auditory cortex examined with functional magnetic resonance imaging","Wessinger CM, Buonocore MH, Kussmaul CL, Mangun GR.","Hum Brain Mapp. 1997;5(1):18-25. doi: 10.1002/(SICI)1097-0193(1997)5:1<18::AID-HBM3>3.0.CO;2-Q.","Wessinger CM","Hum Brain Mapp","1997","2010/04/22","","","10.1002/(SICI)1097-0193(1997)5:1<18::AID-HBM3>3.0.CO;2-Q"
"8670685","Activation of human prefrontal cortex during spatial and nonspatial working memory tasks measured by functional MRI","McCarthy G, Puce A, Constable RT, Krystal JH, Gore JC, Goldman-Rakic P.","Cereb Cortex. 1996 Jul-Aug;6(4):600-11. doi: 10.1093/cercor/6.4.600.","McCarthy G","Cereb Cortex","1996","1996/07/01","","","10.1093/cercor/6.4.600"
"7792606","Shared neural substrates controlling hand movements in human motor cortex","Sanes JN, Donoghue JP, Thangaraj V, Edelman RR, Warach S.","Science. 1995 Jun 23;268(5218):1775-7. doi: 10.1126/science.7792606.","Sanes JN","Science","1995","1995/06/23","","","10.1126/science.7792606"
"7722658","Functional analysis of human MT and related visual cortical areas using magnetic resonance imaging","Tootell RB, Reppas JB, Kwong KK, Malach R, Born RT, Brady TJ, Rosen BR, Belliveau JW.","J Neurosci. 1995 Apr;15(4):3215-30. doi: 10.1523/JNEUROSCI.15-04-03215.1995.","Tootell RB","J Neurosci","1995","1995/04/01","PMC6577785","","10.1523/JNEUROSCI.15-04-03215.1995"
"8078943","Functional magnetic resonance imaging of human prefrontal cortex activation during a spatial working memory task","McCarthy G, Blamire AM, Puce A, Nobre AC, Bloch G, Hyder F, Goldman-Rakic P, Shulman RG.","Proc Natl Acad Sci U S A. 1994 Aug 30;91(18):8690-4. doi: 10.1073/pnas.91.18.8690.","McCarthy G","Proc Natl Acad Sci U S A","1994","1994/08/30","PMC44672","","10.1073/pnas.91.18.8690"
