﻿PMID,Title,Authors,Citation,First Author,Journal/Book,Publication Year,Create Date,PMCID,NIHMS ID,DOI
"34099508","Viewing ambiguous social interactions increases functional connectivity between frontal and temporal nodes of the social brain","Ainsworth M, Sallet J, Joly O, Kyriazis D, Kriegeskorte N, Duncan J, Schüffelgen U, Rushworth MF, Bell AH.","J Neurosci. 2021 Jun 4;41(28):6070-86. doi: 10.1523/JNEUROSCI.0870-20.2021. Online ahead of print.","Ainsworth M","J Neurosci","2021","2021/06/08","PMC8276745","","10.1523/JNEUROSCI.0870-20.2021"
"33654627","A Novel Case of Cerebral Diplopia Secondary to a Posterior Parietal Cortex Ischemic Infarct: Proposal of a Mechanism of Generation of Polyopia Due to Convergence Insufficiency","Kesserwani H.","Cureus. 2021 Jan 28;13(1):e12962. doi: 10.7759/cureus.12962.","Kesserwani H","Cureus","2021","2021/03/03","PMC7912157","","10.7759/cureus.12962"
"33484849","The nonhuman primate neuroimaging and neuroanatomy project","Hayashi T, Hou Y, Glasser MF, Autio JA, Knoblauch K, Inoue-Murayama M, Coalson T, Yacoub E, Smith S, Kennedy H, Van Essen DC.","Neuroimage. 2021 Apr 1;229:117726. doi: 10.1016/j.neuroimage.2021.117726. Epub 2021 Jan 20.","Hayashi T","Neuroimage","2021","2021/01/23","PMC8079967","NIHMS1688396","10.1016/j.neuroimage.2021.117726"
"33338613","Altered hippocampal-prefrontal functional network integrity in adult macaque monkeys with neonatal hippocampal lesions","Li CX, Li Z, Hu X, Zhang X, Bachevalier J.","Neuroimage. 2021 Feb 15;227:117645. doi: 10.1016/j.neuroimage.2020.117645. Epub 2020 Dec 15.","Li CX","Neuroimage","2021","2020/12/18","","","10.1016/j.neuroimage.2020.117645"
"33156829","Task-related activity in human visual cortex","Roth ZN, Ryoo M, Merriam EP.","PLoS Biol. 2020 Nov 6;18(11):e3000921. doi: 10.1371/journal.pbio.3000921. eCollection 2020 Nov.","Roth ZN","PLoS Biol","2020","2020/11/06","PMC7673548","","10.1371/journal.pbio.3000921"
"33112698","Whole brain mapping of somatosensory responses in awake marmosets investigated with ultra-high-field fMRI","Cléry JC, Hori Y, Schaeffer DJ, Gati JS, Pruszynski JA, Everling S.","J Neurophysiol. 2020 Dec 1;124(6):1900-1913. doi: 10.1152/jn.00480.2020. Epub 2020 Oct 28.","Cléry JC","J Neurophysiol","2020","2020/10/28","","","10.1152/jn.00480.2020"
"33067998","Connectivity of the Cingulate Sulcus Visual Area (CSv) in Macaque Monkeys","De Castro V, Smith AT, Beer AL, Leguen C, Vayssière N, Héjja-Brichard Y, Audurier P, Cottereau BR, Durand JB.","Cereb Cortex. 2021 Jan 5;31(2):1347-1364. doi: 10.1093/cercor/bhaa301.","De Castro V","Cereb Cortex","2021","2020/10/17","PMC7786354","","10.1093/cercor/bhaa301"
"32971263","Motor resonance in monkey parietal and premotor cortex during action observation: Influence of viewing perspective and effector identity","Fiave PA, Nelissen K.","Neuroimage. 2021 Jan 1;224:117398. doi: 10.1016/j.neuroimage.2020.117398. Epub 2020 Sep 22.","Fiave PA","Neuroimage","2021","2020/09/24","","","10.1016/j.neuroimage.2020.117398"
"32864267","The Zeitraffer Phenomenon: A Strategic Ischemic Infarct of the Banks of the Parieto-Occipital Sulcus - A Unique Case Report and a Side Note on the Neuroanatomy of Visual Perception","Kesserwani H.","Cureus. 2020 Jul 28;12(7):e9443. doi: 10.7759/cureus.9443.","Kesserwani H","Cureus","2020","2020/09/01","PMC7451087","","10.7759/cureus.9443"
"32848562","Statistical Learning Signals for Complex Visual Images in Macaque Early Visual Cortex","Vergnieux V, Vogels R.","Front Neurosci. 2020 Jul 31;14:789. doi: 10.3389/fnins.2020.00789. eCollection 2020.","Vergnieux V","Front Neurosci","2020","2020/08/28","PMC7411161","","10.3389/fnins.2020.00789"
"32822603","Having Infants in the Family Group Promotes Altruistic Behavior of Marmoset Monkeys","Huang J, Cheng X, Zhang S, Chang L, Li X, Liang Z, Gong N.","Curr Biol. 2020 Oct 19;30(20):4047-4055.e3. doi: 10.1016/j.cub.2020.07.045. Epub 2020 Aug 20.","Huang J","Curr Biol","2020","2020/08/22","","","10.1016/j.cub.2020.07.045"
"32541016","Auditory representation of learned sound sequences in motor regions of the macaque brain","Archakov D, DeWitt I, Kuśmierek P, Ortiz-Rios M, Cameron D, Cui D, Morin EL, VanMeter JW, Sams M, Jääskeläinen IP, Rauschecker JP.","Proc Natl Acad Sci U S A. 2020 Jun 30;117(26):15242-15252. doi: 10.1073/pnas.1915610117. Epub 2020 Jun 15.","Archakov D","Proc Natl Acad Sci U S A","2020","2020/06/17","PMC7334521","","10.1073/pnas.1915610117"
"32278898","Looming and receding visual networks in awake marmosets investigated with fMRI","Cléry JC, Schaeffer DJ, Hori Y, Gilbert KM, Hayrynen LK, Gati JS, Menon RS, Everling S.","Neuroimage. 2020 Jul 15;215:116815. doi: 10.1016/j.neuroimage.2020.116815. Epub 2020 Apr 9.","Cléry JC","Neuroimage","2020","2020/04/13","","","10.1016/j.neuroimage.2020.116815"
"32276072","Towards HCP-Style macaque connectomes: 24-Channel 3T multi-array coil, MRI sequences and preprocessing","Autio JA, Glasser MF, Ose T, Donahue CJ, Bastiani M, Ohno M, Kawabata Y, Urushibata Y, Murata K, Nishigori K, Yamaguchi M, Hori Y, Yoshida A, Go Y, Coalson TS, Jbabdi S, Sotiropoulos SN, Kennedy H, Smith S, Van Essen DC, Hayashi T.","Neuroimage. 2020 Jul 15;215:116800. doi: 10.1016/j.neuroimage.2020.116800. Epub 2020 Apr 8.","Autio JA","Neuroimage","2020","2020/04/11","PMC7116593","EMS109745","10.1016/j.neuroimage.2020.116800"
"31871175","Cerebral cortical folding, parcellation, and connectivity in humans, nonhuman primates, and mice","Van Essen DC, Donahue CJ, Coalson TS, Kennedy H, Hayashi T, Glasser MF.","Proc Natl Acad Sci U S A. 2019 Dec 23;116(52):26173-80. doi: 10.1073/pnas.1902299116. Online ahead of print.","Van Essen DC","Proc Natl Acad Sci U S A","2019","2019/12/25","PMC6936571","","10.1073/pnas.1902299116"
"31732670","Body map proto-organization in newborn macaques","Arcaro MJ, Schade PF, Livingstone MS.","Proc Natl Acad Sci U S A. 2019 Dec 3;116(49):24861-24871. doi: 10.1073/pnas.1912636116. Epub 2019 Nov 15.","Arcaro MJ","Proc Natl Acad Sci U S A","2019","2019/11/17","PMC6900594","","10.1073/pnas.1912636116"
"30926817","Intrinsic functional architecture of the non-human primate spinal cord derived from fMRI and electrophysiology","Wu TL, Yang PF, Wang F, Shi Z, Mishra A, Wu R, Chen LM, Gore JC.","Nat Commun. 2019 Mar 29;10(1):1416. doi: 10.1038/s41467-019-09485-3.","Wu TL","Nat Commun","2019","2019/03/31","PMC6440970","","10.1038/s41467-019-09485-3"
"30877735","Cerebellar pathology in Alzheimer's disease","Mavroudis I.","Hell J Nucl Med. 2019 Jan-Apr;22 Suppl:174-179.","Mavroudis I","Hell J Nucl Med","2019","2019/03/17","","",""
"30355629","Functional MRI in Macaque Monkeys during Task Switching","Premereur E, Janssen P, Vanduffel W.","J Neurosci. 2018 Dec 12;38(50):10619-10630. doi: 10.1523/JNEUROSCI.1539-18.2018. Epub 2018 Oct 24.","Premereur E","J Neurosci","2018","2018/10/26","PMC6580658","","10.1523/JNEUROSCI.1539-18.2018"
"30272135","Early Developmental Trajectories of Functional Connectivity Along the Visual Pathways in Rhesus Monkeys","Kovacs-Balint Z, Feczko E, Pincus M, Earl E, Miranda-Dominguez O, Howell B, Morin E, Maltbie E, Li L, Steele J, Styner M, Bachevalier J, Fair D, Sanchez M.","Cereb Cortex. 2019 Jul 22;29(8):3514-3526. doi: 10.1093/cercor/bhy222.","Kovacs-Balint Z","Cereb Cortex","2019","2018/10/02","PMC6644858","","10.1093/cercor/bhy222"
"30251760","Functional connectivity with cortical depth assessed by resting state fMRI of subregions of S1 in squirrel monkeys","Mishra A, Majumdar S, Wang F, Wilson GH 3rd, Gore JC, Chen LM.","Hum Brain Mapp. 2019 Jan;40(1):329-339. doi: 10.1002/hbm.24375. Epub 2018 Sep 25.","Mishra A","Hum Brain Mapp","2019","2018/09/26","PMC6289644","NIHMS992431","10.1002/hbm.24375"
"30240547","Human posterior parietal cortex responds to visual stimuli as early as peristriate occipital cortex","Regev TI, Winawer J, Gerber EM, Knight RT, Deouell LY.","Eur J Neurosci. 2018 Dec;48(12):3567-3582. doi: 10.1111/ejn.14164. Epub 2018 Oct 27.","Regev TI","Eur J Neurosci","2018","2018/09/22","PMC6482330","NIHMS1024224","10.1111/ejn.14164"
"29852280","Concentric radiofrequency arrays to increase the statistical power of resting-state maps in monkeys","Gilbert KM, Schaeffer DJ, Zeman P, Diedrichsen J, Everling S, Martinez-Trujillo JC, Pruszynski JA, Menon RS.","Neuroimage. 2018 Sep;178:287-294. doi: 10.1016/j.neuroimage.2018.05.057. Epub 2018 May 28.","Gilbert KM","Neuroimage","2018","2018/06/01","","","10.1016/j.neuroimage.2018.05.057"
"29844162","NT3-chitosan enables de novo regeneration and functional recovery in monkeys after spinal cord injury","Rao JS, Zhao C, Zhang A, Duan H, Hao P, Wei RH, Shang J, Zhao W, Liu Z, Yu J, Fan KS, Tian Z, He Q, Song W, Yang Z, Sun YE, Li X.","Proc Natl Acad Sci U S A. 2018 Jun 12;115(24):E5595-E5604. doi: 10.1073/pnas.1804735115. Epub 2018 May 29.","Rao JS","Proc Natl Acad Sci U S A","2018","2018/05/31","PMC6004491","","10.1073/pnas.1804735115"
"29679734","Cortical networks for encoding near and far space in the non-human primate","Cléry J, Guipponi O, Odouard S, Wardak C, Ben Hamed S.","Neuroimage. 2018 Aug 1;176:164-178. doi: 10.1016/j.neuroimage.2018.04.036. Epub 2018 Apr 19.","Cléry J","Neuroimage","2018","2018/04/22","","","10.1016/j.neuroimage.2018.04.036"
"29540550","Functional MRI Responses to Passive, Active, and Observed Touch in Somatosensory and Insular Cortices of the Macaque Monkey","Sharma S, Fiave PA, Nelissen K.","J Neurosci. 2018 Apr 11;38(15):3689-3707. doi: 10.1523/JNEUROSCI.1587-17.2018. Epub 2018 Mar 14.","Sharma S","J Neurosci","2018","2018/03/16","PMC6705905","","10.1523/JNEUROSCI.1587-17.2018"
"29395916","Reversible Silencing of the Frontopolar Cortex Selectively Impairs Metacognitive Judgment on Non-experience in Primates","Miyamoto K, Setsuie R, Osada T, Miyashita Y.","Neuron. 2018 Feb 21;97(4):980-989.e6. doi: 10.1016/j.neuron.2017.12.040. Epub 2018 Feb 3.","Miyamoto K","Neuron","2018","2018/02/04","","","10.1016/j.neuron.2017.12.040"
"29055725","Evaluation of prolonged administration of isoflurane on cerebral blood flow and default mode network in macaque monkeys anesthetized with different maintenance doses","Li CX, Zhang X.","Neurosci Lett. 2018 Jan 1;662:402-408. doi: 10.1016/j.neulet.2017.10.034. Epub 2017 Oct 18.","Li CX","Neurosci Lett","2018","2017/10/23","PMC5722273","NIHMS919129","10.1016/j.neulet.2017.10.034"
"28739639","Advances in neuroscience imply that harmful experiments in dogs are unethical","Bailey J, Pereira S.","J Med Ethics. 2018 Jan;44(1):47-52. doi: 10.1136/medethics-2016-103630. Epub 2017 Jul 24.","Bailey J","J Med Ethics","2018","2017/07/26","PMC5749309","","10.1136/medethics-2016-103630"
"28334082","Decoding Grasping Movements from the Parieto-Frontal Reaching Circuit in the Nonhuman Primate","Nelissen K, Fiave PA, Vanduffel W.","Cereb Cortex. 2018 Apr 1;28(4):1245-1259. doi: 10.1093/cercor/bhx037.","Nelissen K","Cereb Cortex","2018","2017/03/24","","","10.1093/cercor/bhx037"
"28032008","Effects of isoflurane anesthesia on resting-state fMRI signals and functional connectivity within primary somatosensory cortex of monkeys","Wu TL, Mishra A, Wang F, Yang PF, Gore JC, Chen LM.","Brain Behav. 2016 Oct 11;6(12):e00591. doi: 10.1002/brb3.591. eCollection 2016 Dec.","Wu TL","Brain Behav","2016","2016/12/30","PMC5167001","","10.1002/brb3.591"
"28003408","Intrinsic functional architecture of the macaque dorsal and ventral lateral frontal cortex","Goulas A, Stiers P, Hutchison RM, Everling S, Petrides M, Margulies DS.","J Neurophysiol. 2017 Mar 1;117(3):1084-1099. doi: 10.1152/jn.00486.2016. Epub 2016 Dec 21.","Goulas A","J Neurophysiol","2017","2016/12/23","PMC5340881","","10.1152/jn.00486.2016"
"27530989","Ketamine-induced changes in connectivity of functional brain networks in awake female nonhuman primates: a translational functional imaging model","Gopinath K, Maltbie E, Urushino N, Kempf D, Howell L.","Psychopharmacology (Berl). 2016 Oct;233(21-22):3673-3684. doi: 10.1007/s00213-016-4401-z. Epub 2016 Aug 16.","Gopinath K","Psychopharmacology (Berl)","2016","2016/08/18","","","10.1007/s00213-016-4401-z"
"27344239","Stereopsis after anterior temporal lobectomy","Verhoef BE, Decramer T, van Loon J, Goffin J, Van Paesschen W, Janssen P, Theys T.","Cortex. 2016 Sep;82:63-71. doi: 10.1016/j.cortex.2016.05.020. Epub 2016 Jun 8.","Verhoef BE","Cortex","2016","2016/06/27","","","10.1016/j.cortex.2016.05.020"
"27063864","Decreased functional connectivity in dorsolateral prefrontal cortical networks in adult macaques with neonatal hippocampal lesions: Relations to visual working memory deficits","Meng Y, Hu X, Bachevalier J, Zhang X.","Neurobiol Learn Mem. 2016 Oct;134 Pt A(Pt A):31-37. doi: 10.1016/j.nlm.2016.04.003. Epub 2016 Apr 7.","Meng Y","Neurobiol Learn Mem","2016","2016/04/12","PMC6329462","NIHMS1001069","10.1016/j.nlm.2016.04.003"
"26973496","fMRI Adaptation between Action Observation and Action Execution Reveals Cortical Areas with Mirror Neuron Properties in Human BA 44/45","de la Rosa S, Schillinger FL, Bülthoff HH, Schultz J, Uludag K.","Front Hum Neurosci. 2016 Feb 29;10:78. doi: 10.3389/fnhum.2016.00078. eCollection 2016.","de la Rosa S","Front Hum Neurosci","2016","2016/03/15","PMC4770014","","10.3389/fnhum.2016.00078"
"26660447","Ketamine-induced brain activation in awake female nonhuman primates: a translational functional imaging model","Maltbie E, Gopinath K, Urushino N, Kempf D, Howell L.","Psychopharmacology (Berl). 2016 Mar;233(6):961-72. doi: 10.1007/s00213-015-4175-8. Epub 2015 Dec 10.","Maltbie E","Psychopharmacology (Berl)","2016","2015/12/15","PMC4761287","NIHMS744228","10.1007/s00213-015-4175-8"
"26633103","Dose-dependent effects of isoflurane on regional activity and neural network function: A resting-state fMRI study of 14 rhesus monkeys: An observational study","Lv P, Xiao Y, Liu B, Wang Y, Zhang X, Sun H, Li F, Yao L, Zhang W, Liu L, Gao X, Wu M, Tang Y, Chen Q, Gong Q, Lui S.","Neurosci Lett. 2016 Jan 12;611:116-22. doi: 10.1016/j.neulet.2015.11.037. Epub 2015 Nov 26.","Lv P","Neurosci Lett","2016","2015/12/04","","","10.1016/j.neulet.2015.11.037"
"26631813","Can sliding-window correlations reveal dynamic functional connectivity in resting-state fMRI?","Hindriks R, Adhikari MH, Murayama Y, Ganzetti M, Mantini D, Logothetis NK, Deco G.","Neuroimage. 2016 Feb 15;127:242-256. doi: 10.1016/j.neuroimage.2015.11.055. Epub 2015 Nov 26.","Hindriks R","Neuroimage","2016","2015/12/04","PMC4758830","","10.1016/j.neuroimage.2015.11.055"
"26156988","Neural Correlate of the Thatcher Face Illusion in a Monkey Face-Selective Patch","Taubert J, Van Belle G, Vanduffel W, Rossion B, Vogels R.","J Neurosci. 2015 Jul 8;35(27):9872-8. doi: 10.1523/JNEUROSCI.0446-15.2015.","Taubert J","J Neurosci","2015","2015/07/10","PMC6605408","","10.1523/JNEUROSCI.0446-15.2015"
"26066653","The Travelling-Wave Primate System: A New Solution for Magnetic Resonance Imaging of Macaque Monkeys at 7 Tesla Ultra-High Field","Herrmann T, Mallow J, Plaumann M, Luchtmann M, Stadler J, Mylius J, Brosch M, Bernarding J.","PLoS One. 2015 Jun 11;10(6):e0129371. doi: 10.1371/journal.pone.0129371. eCollection 2015.","Herrmann T","PLoS One","2015","2015/06/13","PMC4466239","","10.1371/journal.pone.0129371"
"25970649","Functional subdivisions of medial parieto-occipital cortex in humans and nonhuman primates using resting-state fMRI","Hutchison RM, Culham JC, Flanagan JR, Everling S, Gallivan JP.","Neuroimage. 2015 Aug 1;116:10-29. doi: 10.1016/j.neuroimage.2015.04.068. Epub 2015 May 10.","Hutchison RM","Neuroimage","2015","2015/05/14","","","10.1016/j.neuroimage.2015.04.068"
"25947150","Connectivity reveals relationship of brain areas for reward-guided learning and decision making in human and monkey frontal cortex","Neubert FX, Mars RB, Sallet J, Rushworth MF.","Proc Natl Acad Sci U S A. 2015 May 19;112(20):E2695-704. doi: 10.1073/pnas.1410767112. Epub 2015 May 6.","Neubert FX","Proc Natl Acad Sci U S A","2015","2015/05/08","PMC4443352","","10.1073/pnas.1410767112"
"25883546","Functional MRI of the vocalization-processing network in the macaque brain","Ortiz-Rios M, Kuśmierek P, DeWitt I, Archakov D, Azevedo FA, Sams M, Jääskeläinen IP, Keliris GA, Rauschecker JP.","Front Neurosci. 2015 Apr 1;9:113. doi: 10.3389/fnins.2015.00113. eCollection 2015.","Ortiz-Rios M","Front Neurosci","2015","2015/04/18","PMC4381638","","10.3389/fnins.2015.00113"
"25561541","Signature of consciousness in the dynamics of resting-state brain activity","Barttfeld P, Uhrig L, Sitt JD, Sigman M, Jarraya B, Dehaene S.","Proc Natl Acad Sci U S A. 2015 Jan 20;112(3):887-92. doi: 10.1073/pnas.1418031112. Epub 2015 Jan 5.","Barttfeld P","Proc Natl Acad Sci U S A","2015","2015/01/07","PMC4311826","","10.1073/pnas.1418031112"
"24799679","Face-selective neurons maintain consistent visual responses across months","McMahon DB, Jones AP, Bondar IV, Leopold DA.","Proc Natl Acad Sci U S A. 2014 Jun 3;111(22):8251-6. doi: 10.1073/pnas.1318331111. Epub 2014 May 5.","McMahon DB","Proc Natl Acad Sci U S A","2014","2014/05/07","PMC4050553","","10.1073/pnas.1318331111"
"24790219","(18)F-MCL-524, an (18)F-Labeled Dopamine D2 and D3 Receptor Agonist Sensitive to Dopamine: A Preliminary PET Study","Finnema SJ, Stepanov V, Nakao R, Sromek AW, Zhang T, Neumeyer JL, George SR, Seeman P, Stabin MG, Jonsson C, Farde L, Halldin C.","J Nucl Med. 2014 Jul;55(7):1164-70. doi: 10.2967/jnumed.113.133876. Epub 2014 May 1.","Finnema SJ","J Nucl Med","2014","2014/05/03","PMC4587887","NIHMS723839","10.2967/jnumed.113.133876"
"24554080","Stimulus repetition modulates gamma-band synchronization in primate visual cortex","Brunet NM, Bosman CA, Vinck M, Roberts M, Oostenveld R, Desimone R, De Weerd P, Fries P.","Proc Natl Acad Sci U S A. 2014 Mar 4;111(9):3626-31. doi: 10.1073/pnas.1309714111. Epub 2014 Feb 19.","Brunet NM","Proc Natl Acad Sci U S A","2014","2014/02/21","PMC3948273","","10.1073/pnas.1309714111"
"24399180","Anterior-posterior dissociation of the default mode network in dogs","Kyathanahally SP, Jia H, Pustovyy OM, Waggoner P, Beyers R, Schumacher J, Barrett J, Morrison EE, Salibi N, Denney TS, Vodyanoy VJ, Deshpande G.","Brain Struct Funct. 2015 Mar;220(2):1063-76. doi: 10.1007/s00429-013-0700-x. Epub 2014 Jan 8.","Kyathanahally SP","Brain Struct Funct","2015","2014/01/09","","","10.1007/s00429-013-0700-x"
"24285866","Effects of unilateral deactivations of dorsolateral prefrontal cortex and anterior cingulate cortex on saccadic eye movements","Koval MJ, Hutchison RM, Lomber SG, Everling S.","J Neurophysiol. 2014 Feb;111(4):787-803. doi: 10.1152/jn.00626.2013. Epub 2013 Nov 27.","Koval MJ","J Neurophysiol","2014","2013/11/29","","","10.1152/jn.00626.2013"
"24157920","Detection of functional connectivity in the resting mouse brain","Nasrallah FA, Tay HC, Chuang KH.","Neuroimage. 2014 Feb 1;86:417-24. doi: 10.1016/j.neuroimage.2013.10.025. Epub 2013 Oct 22.","Nasrallah FA","Neuroimage","2014","2013/10/26","","","10.1016/j.neuroimage.2013.10.025"
"23773004","A method for conducting functional MRI studies in alert nonhuman primates: initial results with opioid agonists in male cynomolgus monkeys","Kaufman MJ, Janes AC, Frederick Bd, Brimson-Théberge M, Tong Y, McWilliams SB, Bear A, Gillis TE, Schrode KM, Renshaw PF, Negus SS.","Exp Clin Psychopharmacol. 2013 Aug;21(4):323-31. doi: 10.1037/a0033062. Epub 2013 Jun 17.","Kaufman MJ","Exp Clin Psychopharmacol","2013","2013/06/19","PMC3916219","NIHMS546580","10.1037/a0033062"
"23515795","Functional organization of human posterior parietal cortex: grasping- and reaching-related activations relative to topographically organized cortex","Konen CS, Mruczek RE, Montoya JL, Kastner S.","J Neurophysiol. 2013 Jun;109(12):2897-908. doi: 10.1152/jn.00657.2012. Epub 2013 Mar 20.","Konen CS","J Neurophysiol","2013","2013/03/22","PMC3680816","","10.1152/jn.00657.2012"
"23296187","Auditory modulation of visual stimulus encoding in human retinotopic cortex","de Haas B, Schwarzkopf DS, Urner M, Rees G.","Neuroimage. 2013 Apr 15;70:258-67. doi: 10.1016/j.neuroimage.2012.12.061. Epub 2013 Jan 5.","de Haas B","Neuroimage","2013","2013/01/09","PMC3625122","","10.1016/j.neuroimage.2012.12.061"
"23184972","Amygdala lesions disrupt modulation of functional MRI activity evoked by facial expression in the monkey inferior temporal cortex","Hadj-Bouziane F, Liu N, Bell AH, Gothard KM, Luh WM, Tootell RB, Murray EA, Ungerleider LG.","Proc Natl Acad Sci U S A. 2012 Dec 26;109(52):E3640-8. doi: 10.1073/pnas.1218406109. Epub 2012 Nov 26.","Hadj-Bouziane F","Proc Natl Acad Sci U S A","2012","2012/11/28","PMC3535608","","10.1073/pnas.1218406109"
"23052545","The ""vegetarian brain"": chatting with monkeys and pigs?","Filippi M, Riccitelli G, Meani A, Falini A, Comi G, Rocca MA.","Brain Struct Funct. 2013 Sep;218(5):1211-27. doi: 10.1007/s00429-012-0455-9. Epub 2012 Sep 29.","Filippi M","Brain Struct Funct","2013","2012/10/12","","","10.1007/s00429-012-0455-9"
"22987676","Age-related impairment in a complex object discrimination task that engages perirhinal cortex","Ryan L, Cardoza JA, Barense MD, Kawa KH, Wallentin-Flores J, Arnold WT, Alexander GE.","Hippocampus. 2012 Oct;22(10):1978-89. doi: 10.1002/hipo.22069.","Ryan L","Hippocampus","2012","2012/09/19","PMC4512648","NIHMS502394","10.1002/hipo.22069"
"22659478","Processing of vocalizations in humans and monkeys: a comparative fMRI study","Joly O, Pallier C, Ramus F, Pressnitzer D, Vanduffel W, Orban GA.","Neuroimage. 2012 Sep;62(3):1376-89. doi: 10.1016/j.neuroimage.2012.05.070. Epub 2012 May 31.","Joly O","Neuroimage","2012","2012/06/05","","","10.1016/j.neuroimage.2012.05.070"
"22562793","Functional imaging reveals rapid reorganization of cortical activity after parietal inactivation in monkeys","Wilke M, Kagan I, Andersen RA.","Proc Natl Acad Sci U S A. 2012 May 22;109(21):8274-9. doi: 10.1073/pnas.1204789109. Epub 2012 May 4.","Wilke M","Proc Natl Acad Sci U S A","2012","2012/05/08","PMC3361455","","10.1073/pnas.1204789109"
"22325210","Behavioral and anatomical consequences of early versus late symbol training in macaques","Srihasam K, Mandeville JB, Morocz IA, Sullivan KJ, Livingstone MS.","Neuron. 2012 Feb 9;73(3):608-19. doi: 10.1016/j.neuron.2011.12.022.","Srihasam K","Neuron","2012","2012/02/14","PMC3278713","NIHMS350210","10.1016/j.neuron.2011.12.022"
"22298826","Functional connectivity of the frontal eye fields in humans and macaque monkeys investigated with resting-state fMRI","Hutchison RM, Gallivan JP, Culham JC, Gati JS, Menon RS, Everling S.","J Neurophysiol. 2012 May;107(9):2463-74. doi: 10.1152/jn.00891.2011. Epub 2012 Feb 1.","Hutchison RM","J Neurophysiol","2012","2012/02/03","","","10.1152/jn.00891.2011"
"22253662","A frameless stereotaxic MRI technique for macaque neuroscience studies","Dubowitz DJ, Scadeng M.","Open Neuroimag J. 2011;5:198-205. doi: 10.2174/1874440001105010198. Epub 2011 Nov 18.","Dubowitz DJ","Open Neuroimag J","2011","2012/01/19","PMC3257065","","10.2174/1874440001105010198"
"22235303","A functional and structural investigation of the human fronto-basal volitional saccade network","Neggers SF, Diepen RM, Zandbelt BB, Vink M, Mandl RC, Gutteling TP.","PLoS One. 2012;7(1):e29517. doi: 10.1371/journal.pone.0029517. Epub 2012 Jan 3.","Neggers SF","PLoS One","2012","2012/01/12","PMC3250458","","10.1371/journal.pone.0029517"
"21697384","Functional correlates of the anterolateral processing hierarchy in human auditory cortex","Chevillet M, Riesenhuber M, Rauschecker JP.","J Neurosci. 2011 Jun 22;31(25):9345-52. doi: 10.1523/JNEUROSCI.1448-11.2011.","Chevillet M","J Neurosci","2011","2011/06/24","PMC3142575","NIHMS305056","10.1523/JNEUROSCI.1448-11.2011"
"21483719","The ""parahippocampal place area"" responds preferentially to high spatial frequencies in humans and monkeys","Rajimehr R, Devaney KJ, Bilenko NY, Young JC, Tootell RB.","PLoS Biol. 2011 Apr;9(4):e1000608. doi: 10.1371/journal.pbio.1000608. Epub 2011 Apr 5.","Rajimehr R","PLoS Biol","2011","2011/04/13","PMC3071373","","10.1371/journal.pbio.1000608"
"21421062","Functional MRI indicates consistent intra-digit topographic maps in the little but not the index finger within the human primary somatosensory cortex","Schweisfurth MA, Schweizer R, Frahm J.","Neuroimage. 2011 Jun 15;56(4):2138-43. doi: 10.1016/j.neuroimage.2011.03.038. Epub 2011 Mar 21.","Schweisfurth MA","Neuroimage","2011","2011/03/23","","","10.1016/j.neuroimage.2011.03.038"
"21356314","Frequency-specific electrocorticographic correlates of working memory delay period fMRI activity","Khursheed F, Tandon N, Tertel K, Pieters TA, Disano MA, Ellmore TM.","Neuroimage. 2011 Jun 1;56(3):1773-82. doi: 10.1016/j.neuroimage.2011.02.062. Epub 2011 Feb 26.","Khursheed F","Neuroimage","2011","2011/03/02","PMC3085578","NIHMS277843","10.1016/j.neuroimage.2011.02.062"
"20628197","Cholinergic mesencephalic neurons are involved in gait and postural disorders in Parkinson disease","Karachi C, Grabli D, Bernard FA, Tandé D, Wattiez N, Belaid H, Bardinet E, Prigent A, Nothacker HP, Hunot S, Hartmann A, Lehéricy S, Hirsch EC, François C.","J Clin Invest. 2010 Aug;120(8):2745-54. doi: 10.1172/JCI42642. Epub 2010 Jul 12.","Karachi C","J Clin Invest","2010","2010/07/15","PMC2912198","","10.1172/JCI42642"
"20456890","Flexible, phase-matched, linear receive arrays for high-field MRI in monkeys","Goense J, Logothetis NK, Merkle H.","Magn Reson Imaging. 2010 Oct;28(8):1183-91. doi: 10.1016/j.mri.2010.03.026. Epub 2010 Apr 24.","Goense J","Magn Reson Imaging","2010","2010/05/12","","","10.1016/j.mri.2010.03.026"
"20439733","Neural basis of global resting-state fMRI activity","Schölvinck ML, Maier A, Ye FQ, Duyn JH, Leopold DA.","Proc Natl Acad Sci U S A. 2010 Jun 1;107(22):10238-43. doi: 10.1073/pnas.0913110107. Epub 2010 May 3.","Schölvinck ML","Proc Natl Acad Sci U S A","2010","2010/05/05","PMC2890438","","10.1073/pnas.0913110107"
"20385808","Space representation for eye movements is more contralateral in monkeys than in humans","Kagan I, Iyer A, Lindner A, Andersen RA.","Proc Natl Acad Sci U S A. 2010 Apr 27;107(17):7933-8. doi: 10.1073/pnas.1002825107. Epub 2010 Apr 12.","Kagan I","Proc Natl Acad Sci U S A","2010","2010/04/14","PMC2867911","","10.1073/pnas.1002825107"
"20173093","Topographic organization of macaque area LIP","Patel GH, Shulman GL, Baker JT, Akbudak E, Snyder AZ, Snyder LH, Corbetta M.","Proc Natl Acad Sci U S A. 2010 Mar 9;107(10):4728-33. doi: 10.1073/pnas.0908092107. Epub 2010 Feb 19.","Patel GH","Proc Natl Acad Sci U S A","2010","2010/02/23","PMC2842044","","10.1073/pnas.0908092107"
"20116433","Noninvasive functional MRI in alert monkeys","Srihasam K, Sullivan K, Savage T, Livingstone MS.","Neuroimage. 2010 May 15;51(1):267-73. doi: 10.1016/j.neuroimage.2010.01.082. Epub 2010 Jan 29.","Srihasam K","Neuroimage","2010","2010/02/02","PMC2847050","NIHMS175327","10.1016/j.neuroimage.2010.01.082"
"20045076","Experience-dependent alterations in conscious resting state activity following perceptuomotor learning","Daselaar SM, Huijbers W, de Jonge M, Goltstein PM, Pennartz CM.","Neurobiol Learn Mem. 2010 Mar;93(3):422-7. doi: 10.1016/j.nlm.2009.12.009. Epub 2010 Jan 4.","Daselaar SM","Neurobiol Learn Mem","2010","2010/01/05","","","10.1016/j.nlm.2009.12.009"
"19903877","Precuneus shares intrinsic functional architecture in humans and monkeys","Margulies DS, Vincent JL, Kelly C, Lohmann G, Uddin LQ, Biswal BB, Villringer A, Castellanos FX, Milham MP, Petrides M.","Proc Natl Acad Sci U S A. 2009 Nov 24;106(47):20069-74. doi: 10.1073/pnas.0905314106. Epub 2009 Nov 10.","Margulies DS","Proc Natl Acad Sci U S A","2009","2009/11/12","PMC2775700","","10.1073/pnas.0905314106"
"19734812","Shared neural correlates for language and tool use in Broca's area","Higuchi S, Chaminade T, Imamizu H, Kawato M.","Neuroreport. 2009 Oct 7;20(15):1376-81. doi: 10.1097/WNR.0b013e3283315570.","Higuchi S","Neuroreport","2009","2009/09/08","","","10.1097/WNR.0b013e3283315570"
"19573221","I know where you'll look: an fMRI study of oculomotor intention and a change of motor plan","Kleiser R, Konen CS, Seitz RJ, Bremmer F.","Behav Brain Funct. 2009 Jul 2;5:27. doi: 10.1186/1744-9081-5-27.","Kleiser R","Behav Brain Funct","2009","2009/07/04","PMC2715420","","10.1186/1744-9081-5-27"
"19491631","Combined functional MRI and diffusion tensor imaging analysis of visual motion pathways","Lanyon LJ, Giaschi D, Young SA, Fitzpatrick K, Diao L, Bjornson BH, Barton JJ.","J Neuroophthalmol. 2009 Jun;29(2):96-103. doi: 10.1097/WNO.0b013e3181a58ef8.","Lanyon LJ","J Neuroophthalmol","2009","2009/06/04","","","10.1097/WNO.0b013e3181a58ef8"
"19107993","The brain in the age of old: the hippocampal formation is targeted differentially by diseases of late life","Wu W, Brickman AM, Luchsinger J, Ferrazzano P, Pichiule P, Yoshita M, Brown T, DeCarli C, Barnes CA, Mayeux R, Vannucci SJ, Small SA.","Ann Neurol. 2008 Dec;64(6):698-706. doi: 10.1002/ana.21557.","Wu W","Ann Neurol","2008","2008/12/25","PMC2867102","NIHMS191636","10.1002/ana.21557"
"19005002","Gaze and hand position effects on finger-movement-related human brain activation","Bédard P, Sanes JN.","J Neurophysiol. 2009 Feb;101(2):834-42. doi: 10.1152/jn.90683.2008. Epub 2008 Nov 12.","Bédard P","J Neurophysiol","2009","2008/11/14","PMC2657059","","10.1152/jn.90683.2008"
"18815345","High-resolution three-dimensional microelectrode brain mapping using stereo microfocal X-ray imaging","Cox DD, Papanastassiou AM, Oreper D, Andken BB, Dicarlo JJ.","J Neurophysiol. 2008 Nov;100(5):2966-76. doi: 10.1152/jn.90672.2008. Epub 2008 Sep 24.","Cox DD","J Neurophysiol","2008","2008/09/26","","","10.1152/jn.90672.2008"
"18632884","Graded size sensitivity of object-exemplar-evoked activity patterns within human LOC subregions","Eger E, Kell CA, Kleinschmidt A.","J Neurophysiol. 2008 Oct;100(4):2038-47. doi: 10.1152/jn.90305.2008. Epub 2008 Jul 16.","Eger E","J Neurophysiol","2008","2008/07/18","","","10.1152/jn.90305.2008"
"18456837","The effect of a serotonin-induced dissociation between spiking and perisynaptic activity on BOLD functional MRI","Rauch A, Rainer G, Logothetis NK.","Proc Natl Acad Sci U S A. 2008 May 6;105(18):6759-64. doi: 10.1073/pnas.0800312105. Epub 2008 May 2.","Rauch A","Proc Natl Acad Sci U S A","2008","2008/05/06","PMC2373337","","10.1073/pnas.0800312105"
"18375769","Perception of emotional expressions is independent of face selectivity in monkey inferior temporal cortex","Hadj-Bouziane F, Bell AH, Knusten TA, Ungerleider LG, Tootell RB.","Proc Natl Acad Sci U S A. 2008 Apr 8;105(14):5591-6. doi: 10.1073/pnas.0800489105. Epub 2008 Mar 28.","Hadj-Bouziane F","Proc Natl Acad Sci U S A","2008","2008/04/01","PMC2291084","","10.1073/pnas.0800489105"
"17702606","Robust detection of ocular dominance columns in humans using Hahn Spin Echo BOLD functional MRI at 7 Tesla","Yacoub E, Shmuel A, Logothetis N, Uğurbil K.","Neuroimage. 2007 Oct 1;37(4):1161-77. doi: 10.1016/j.neuroimage.2007.05.020. Epub 2007 Jul 4.","Yacoub E","Neuroimage","2007","2007/08/19","PMC2040323","NIHMS31083","10.1016/j.neuroimage.2007.05.020"
"17509896","Robust controlled functional MRI in alert monkeys at high magnetic field: effects of jaw and body movements","Keliris GA, Shmuel A, Ku SP, Pfeuffer J, Oeltermann A, Steudel T, Logothetis NK.","Neuroimage. 2007 Jul 1;36(3):550-70. doi: 10.1016/j.neuroimage.2007.02.057. Epub 2007 Apr 10.","Keliris GA","Neuroimage","2007","2007/05/19","","","10.1016/j.neuroimage.2007.02.057"
"16785427","Involvement of human left dorsolateral prefrontal cortex in perceptual decision making is independent of response modality","Heekeren HR, Marrett S, Ruff DA, Bandettini PA, Ungerleider LG.","Proc Natl Acad Sci U S A. 2006 Jun 27;103(26):10023-8. doi: 10.1073/pnas.0603949103. Epub 2006 Jun 19.","Heekeren HR","Proc Natl Acad Sci U S A","2006","2006/06/21","PMC1479865","","10.1073/pnas.0603949103"
"21702777","Human symbol manipulation within an integrated cognitive architecture","Anderson JR.","Cogn Sci. 2005 May 6;29(3):313-41. doi: 10.1207/s15516709cog0000_22.","Anderson JR","Cogn Sci","2005","2011/06/28","","","10.1207/s15516709cog0000_22"
"15860578","Representations of faces and body parts in macaque temporal cortex: a functional MRI study","Pinsk MA, DeSimone K, Moore T, Gross CG, Kastner S.","Proc Natl Acad Sci U S A. 2005 May 10;102(19):6996-7001. doi: 10.1073/pnas.0502605102. Epub 2005 Apr 28.","Pinsk MA","Proc Natl Acad Sci U S A","2005","2005/04/30","PMC1100800","","10.1073/pnas.0502605102"
"15722209","The sensorimotor transformation of cross-modal spatial information in the anterior intraparietal sulcus as revealed by functional MRI","Tanabe HC, Kato M, Miyauchi S, Hayashi S, Yanagida T.","Brain Res Cogn Brain Res. 2005 Mar;22(3):385-96. doi: 10.1016/j.cogbrainres.2004.09.010. Epub 2004 Nov 10.","Tanabe HC","Brain Res Cogn Brain Res","2005","2005/02/22","","","10.1016/j.cogbrainres.2004.09.010"
"15601515","Visual activation in prefrontal cortex is stronger in monkeys than in humans","Denys K, Vanduffel W, Fize D, Nelissen K, Sawamura H, Georgieva S, Vogels R, Van Essen D, Orban GA.","J Cogn Neurosci. 2004 Nov;16(9):1505-16. doi: 10.1162/0898929042568505.","Denys K","J Cogn Neurosci","2004","2004/12/17","","","10.1162/0898929042568505"
"15295008","Neuronal activity in macaque SEF and ACC during performance of tasks involving conflict","Nakamura K, Roesch MR, Olson CR.","J Neurophysiol. 2005 Feb;93(2):884-908. doi: 10.1152/jn.00305.2004. Epub 2004 Aug 4.","Nakamura K","J Neurophysiol","2005","2004/08/06","","","10.1152/jn.00305.2004"
"12805106","Dopaminergic drug effects on physiological connectivity in a human cortico-striato-thalamic system","Honey GD, Suckling J, Zelaya F, Long C, Routledge C, Jackson S, Ng V, Fletcher PC, Williams SC, Brown J, Bullmore ET.","Brain. 2003 Aug;126(Pt 8):1767-81. doi: 10.1093/brain/awg184. Epub 2003 Jun 4.","Honey GD","Brain","2003","2003/06/14","PMC3838939","EMS30384","10.1093/brain/awg184"
"12667852","Functional MRI of brain activation evoked by intentional eye blinking","Kato M, Miyauchi S.","Neuroimage. 2003 Mar;18(3):749-59. doi: 10.1016/s1053-8119(03)00005-3.","Kato M","Neuroimage","2003","2003/04/02","","","10.1016/s1053-8119(03)00005-3"
"12507454","Head position modulates activity in the human parietal eye fields","Brotchie PR, Lee MB, Chen DY, Lourensz M, Jackson G, Bradley WG Jr.","Neuroimage. 2003 Jan;18(1):178-84. doi: 10.1006/nimg.2002.1294.","Brotchie PR","Neuroimage","2003","2003/01/01","","","10.1006/nimg.2002.1294"
"12204305","Functional MRI studies in awake rhesus monkeys: methodological and analytical strategies","Andersen AH, Zhang Z, Barber T, Rayens WS, Zhang J, Grondin R, Hardy P, Gerhardt GA, Gash DM.","J Neurosci Methods. 2002 Aug 30;118(2):141-52. doi: 10.1016/s0165-0270(02)00123-1.","Andersen AH","J Neurosci Methods","2002","2002/09/03","","","10.1016/s0165-0270(02)00123-1"
"12203772","In vivo animal functional MRI: improved image quality with a body-adapted mold","Landuyt W, Sunaert S, Farina D, Meijerink M, Béatse E, Van Hecke P, Hermans R, Marchal G, Lambin P, Bosmans H.","J Magn Reson Imaging. 2002 Aug;16(2):224-7. doi: 10.1002/jmri.10144.","Landuyt W","J Magn Reson Imaging","2002","2002/08/31","","","10.1002/jmri.10144"
"12160742","Ultra high-resolution fMRI in monkeys with implanted RF coils","Logothetis N, Merkle H, Augath M, Trinath T, Ugurbil K.","Neuron. 2002 Jul 18;35(2):227-42. doi: 10.1016/s0896-6273(02)00775-4.","Logothetis N","Neuron","2002","2002/08/06","","","10.1016/s0896-6273(02)00775-4"
"12123617","Crossmodal processing of object features in human anterior intraparietal cortex: an fMRI study implies equivalencies between humans and monkeys","Grefkes C, Weiss PH, Zilles K, Fink GR.","Neuron. 2002 Jul 3;35(1):173-84. doi: 10.1016/s0896-6273(02)00741-9.","Grefkes C","Neuron","2002","2002/07/19","","","10.1016/s0896-6273(02)00741-9"
"12077004","Cerebellar hemispheric activation ipsilateral to the paretic hand correlates with functional recovery after stroke","Small SL, Hlustik P, Noll DC, Genovese C, Solodkin A.","Brain. 2002 Jul;125(Pt 7):1544-57. doi: 10.1093/brain/awf148.","Small SL","Brain","2002","2002/06/22","","","10.1093/brain/awf148"
"11859197","Functional MRI of macaque monkeys performing a cognitive set-shifting task","Nakahara K, Hayashi T, Konishi S, Miyashita Y.","Science. 2002 Feb 22;295(5559):1532-6. doi: 10.1126/science.1067653.","Nakahara K","Science","2002","2002/02/23","","","10.1126/science.1067653"
"11798272","The preparation and execution of self-initiated and externally-triggered movement: a study of event-related fMRI","Cunnington R, Windischberger C, Deecke L, Moser E.","Neuroimage. 2002 Feb;15(2):373-85. doi: 10.1006/nimg.2001.0976.","Cunnington R","Neuroimage","2002","2002/01/19","","","10.1006/nimg.2001.0976"
"11322980","Mapping visual cortex in monkeys and humans using surface-based atlases","Van Essen DC, Lewis JW, Drury HA, Hadjikhani N, Tootell RB, Bakircioglu M, Miller MI.","Vision Res. 2001;41(10-11):1359-78. doi: 10.1016/s0042-6989(01)00045-1.","Van Essen DC","Vision Res","2001","2001/04/27","","","10.1016/s0042-6989(01)00045-1"
"11182099","Polymodal motion processing in posterior parietal and premotor cortex: a human fMRI study strongly implies equivalencies between humans and monkeys","Bremmer F, Schlack A, Shah NJ, Zafiris O, Kubischik M, Hoffmann K, Zilles K, Fink GR.","Neuron. 2001 Jan;29(1):287-96. doi: 10.1016/s0896-6273(01)00198-2.","Bremmer F","Neuron","2001","2001/02/22","","","10.1016/s0896-6273(01)00198-2"
"10931954","Functional MRI at 1.5 tesla: a comparison of the blood oxygenation level-dependent signal and electrophysiology","Disbrow EA, Slutsky DA, Roberts TP, Krubitzer LA.","Proc Natl Acad Sci U S A. 2000 Aug 15;97(17):9718-23. doi: 10.1073/pnas.170205497.","Disbrow EA","Proc Natl Acad Sci U S A","2000","2000/08/10","PMC16931","","10.1073/pnas.170205497"
"10758146","Texture segregation in the human visual cortex: A functional MRI study","Kastner S, De Weerd P, Ungerleider LG.","J Neurophysiol. 2000 Apr;83(4):2453-7. doi: 10.1152/jn.2000.83.4.2453.","Kastner S","J Neurophysiol","2000","2000/04/12","","","10.1152/jn.2000.83.4.2453"
"10678755","Functional MRI of apomorphine activation of the basal ganglia in awake rhesus monkeys","Zhang Z, Andersen AH, Avison MJ, Gerhardt GA, Gash DM.","Brain Res. 2000 Jan 10;852(2):290-6. doi: 10.1016/s0006-8993(99)02243-x.","Zhang Z","Brain Res","2000","2000/03/11","","","10.1016/s0006-8993(99)02243-x"
"10448418","Functional MRI of basal ganglia responsiveness to levodopa in parkinsonian rhesus monkeys","Chen Q, Andersen AH, Zhang Z, Ovadia A, Cass WA, Gash DM, Avison MJ.","Exp Neurol. 1999 Jul;158(1):63-75. doi: 10.1006/exnr.1999.7089.","Chen Q","Exp Neurol","1999","1999/08/17","","","10.1006/exnr.1999.7089"
"10393879","A visceral pain pathway in the dorsal column of the spinal cord","Willis WD, Al-Chaer ED, Quast MJ, Westlund KN.","Proc Natl Acad Sci U S A. 1999 Jul 6;96(14):7675-9. doi: 10.1073/pnas.96.14.7675.","Willis WD","Proc Natl Acad Sci U S A","1999","1999/07/08","PMC33600","","10.1073/pnas.96.14.7675"
"10387335","Higher cortical visual function","Barton JJ.","Curr Opin Ophthalmol. 1998 Dec;9(6):40-5. doi: 10.1097/00055735-199812000-00007.","Barton JJ","Curr Opin Ophthalmol","1998","1999/07/01","","","10.1097/00055735-199812000-00007"
"10377446","The neural substrate and temporal dynamics of interference effects in working memory as revealed by event-related functional MRI","D'Esposito M, Postle BR, Jonides J, Smith EE.","Proc Natl Acad Sci U S A. 1999 Jun 22;96(13):7514-9. doi: 10.1073/pnas.96.13.7514.","D'Esposito M","Proc Natl Acad Sci U S A","1999","1999/06/23","PMC22117","","10.1073/pnas.96.13.7514"
"10355680","Common inhibitory mechanism in human inferior prefrontal cortex revealed by event-related functional MRI","Konishi S, Nakajima K, Uchida I, Kikyo H, Kameyama M, Miyashita Y.","Brain. 1999 May;122 ( Pt 5):981-91. doi: 10.1093/brain/122.5.981.","Konishi S","Brain","1999","1999/06/04","","","10.1093/brain/122.5.981"
"9758741","Human prefrontal cortex is not specific for working memory: a functional MRI study","D'Esposito M, Ballard D, Aguirre GK, Zarahn E.","Neuroimage. 1998 Oct;8(3):274-82. doi: 10.1006/nimg.1998.0364.","D'Esposito M","Neuroimage","1998","1998/10/06","","","10.1006/nimg.1998.0364"
"9714705","Functional MRI studies of spatial and nonspatial working memory","D'Esposito M, Aguirre GK, Zarahn E, Ballard D, Shin RK, Lease J.","Brain Res Cogn Brain Res. 1998 Jul;7(1):1-13. doi: 10.1016/s0926-6410(98)00004-4.","D'Esposito M","Brain Res Cogn Brain Res","1998","1998/08/26","","","10.1016/s0926-6410(98)00004-4"
"9084626","Infrequent events transiently activate human prefrontal and parietal cortex as measured by functional MRI","McCarthy G, Luby M, Gore J, Goldman-Rakic P.","J Neurophysiol. 1997 Mar;77(3):1630-4. doi: 10.1152/jn.1997.77.3.1630.","McCarthy G","J Neurophysiol","1997","1997/03/01","","","10.1152/jn.1997.77.3.1630"
"8797528","Functional MRI of lateral occipitotemporal cortex during pursuit and motion perception","Barton JJ, Simpson T, Kiriakopoulos E, Stewart C, Crawley A, Guthrie B, Wood M, Mikulis D.","Ann Neurol. 1996 Sep;40(3):387-98. doi: 10.1002/ana.410400308.","Barton JJ","Ann Neurol","1996","1996/09/01","","","10.1002/ana.410400308"
