﻿PMID,Title,Authors,Citation,First Author,Journal/Book,Publication Year,Create Date,PMCID,NIHMS ID,DOI
"34375416","Using Tertiary Sulci to Map the ""Cognitive Globe"" of Prefrontal Cortex","Miller JA, D'Esposito M, Weiner KS.","J Cogn Neurosci. 2021 Aug 1;33(9):1698-1715. doi: 10.1162/jocn_a_01696.","Miller JA","J Cogn Neurosci","2021","2021/08/10","","","10.1162/jocn_a_01696"
"34312496","Neuromodulation of prefrontal cortex cognitive function in primates: the powerful roles of monoamines and acetylcholine","Cools R, Arnsten AFT.","Neuropsychopharmacology. 2021 Jul 26. doi: 10.1038/s41386-021-01100-8. Online ahead of print.","Cools R","Neuropsychopharmacology","2021","2021/07/27","","","10.1038/s41386-021-01100-8"
"34273134","Structure, function and connectivity fingerprints of the frontal eye field versus the inferior frontal junction: A comprehensive comparison","Bedini M, Baldauf D.","Eur J Neurosci. 2021 Jul 17. doi: 10.1111/ejn.15393. Online ahead of print.","Bedini M","Eur J Neurosci","2021","2021/07/17","","","10.1111/ejn.15393"
"34271158","Functional networks in non-human primate spinal cord and the effects of injury","Sengupta A, Mishra A, Wang F, Li M, Yang PF, Chen LM, Gore JC.","Neuroimage. 2021 Jul 14;240:118391. doi: 10.1016/j.neuroimage.2021.118391. Online ahead of print.","Sengupta A","Neuroimage","2021","2021/07/16","","","10.1016/j.neuroimage.2021.118391"
"34225933","Central and peripheral release of oxytocin: Relevance of neuroendocrine and neurotransmitter actions for physiology and behavior","Althammer F, Eliava M, Grinevich V.","Handb Clin Neurol. 2021;180:25-44. doi: 10.1016/B978-0-12-820107-7.00003-3.","Althammer F","Handb Clin Neurol","2021","2021/07/06","","","10.1016/B978-0-12-820107-7.00003-3"
"34222873","The role of the medial prefrontal cortex in cognition, ageing and dementia","Jobson DD, Hase Y, Clarkson AN, Kalaria RN.","Brain Commun. 2021 Jun 11;3(3):fcab125. doi: 10.1093/braincomms/fcab125. eCollection 2021 Jul.","Jobson DD","Brain Commun","2021","2021/07/05","PMC8249104","","10.1093/braincomms/fcab125"
"33839768","The Brain Circuits and Dynamics of Curiosity-Driven Behavior in Naturally Curious Marmosets","Tian X, Silva AC, Liu C.","Cereb Cortex. 2021 Jul 29;31(9):4220-4232. doi: 10.1093/cercor/bhab080.","Tian X","Cereb Cortex","2021","2021/04/11","","","10.1093/cercor/bhab080"
"33830272","The Orbitofrontal Cortex, Food Reward, Body Weight, and Obesity","Rolls ET.","Soc Cogn Affect Neurosci. 2021 Apr 8:nsab044. doi: 10.1093/scan/nsab044. Online ahead of print.","Rolls ET","Soc Cogn Affect Neurosci","2021","2021/04/08","","","10.1093/scan/nsab044"
"33827936","Distinct Functional and Structural Connectivity of the Human Hand-Knob Supported by Intraoperative Findings","Simone L, Viganò L, Fornia L, Howells H, Leonetti A, Puglisi G, Bellacicca A, Bello L, Cerri G.","J Neurosci. 2021 May 12;41(19):4223-4233. doi: 10.1523/JNEUROSCI.1574-20.2021. Epub 2021 Apr 7.","Simone L","J Neurosci","2021","2021/04/08","PMC8143196","","10.1523/JNEUROSCI.1574-20.2021"
"33656398","Using Tertiary Sulci to Map the ""Cognitive Globe"" of Prefrontal Cortex","Miller JA, D'Esposito M, Weiner KS.","J Cogn Neurosci. 2021 Mar 3:1-18. doi: 10.1162/jocn_a_01696. Online ahead of print.","Miller JA","J Cogn Neurosci","2021","2021/03/03","","","10.1162/jocn_a_01696"
"33647571","Chronic psychosocial stress and experimental pubertal delay affect socioemotional behavior and amygdala functional connectivity in adolescent female rhesus macaques","Pincus M, Godfrey JR, Feczko E, Earl E, Miranda-Dominguez O, Fair D, Wilson ME, Sanchez MM, Kelly C.","Psychoneuroendocrinology. 2021 May;127:105154. doi: 10.1016/j.psyneuen.2021.105154. Epub 2021 Feb 11.","Pincus M","Psychoneuroendocrinology","2021","2021/03/01","","","10.1016/j.psyneuen.2021.105154"
"33549746","Muting, not fragmentation, of functional brain networks under general anesthesia","Areshenkoff CN, Nashed JY, Hutchison RM, Hutchison M, Levy R, Cook DJ, Menon RS, Everling S, Gallivan JP.","Neuroimage. 2021 May 1;231:117830. doi: 10.1016/j.neuroimage.2021.117830. Epub 2021 Feb 4.","Areshenkoff CN","Neuroimage","2021","2021/02/07","","","10.1016/j.neuroimage.2021.117830"
"33484849","The nonhuman primate neuroimaging and neuroanatomy project","Hayashi T, Hou Y, Glasser MF, Autio JA, Knoblauch K, Inoue-Murayama M, Coalson T, Yacoub E, Smith S, Kennedy H, Van Essen DC.","Neuroimage. 2021 Apr 1;229:117726. doi: 10.1016/j.neuroimage.2021.117726. Epub 2021 Jan 20.","Hayashi T","Neuroimage","2021","2021/01/23","PMC8079967","NIHMS1688396","10.1016/j.neuroimage.2021.117726"
"33427167","Developmental outcomes of early adverse care on amygdala functional connectivity in nonhuman primates","Morin EL, Howell BR, Feczko E, Earl E, Pincus M, Reding K, Kovacs-Balint ZA, Meyer JS, Styner M, Fair D, Sanchez MM.","Dev Psychopathol. 2020 Dec;32(5):1579-1596. doi: 10.1017/S0954579420001133.","Morin EL","Dev Psychopathol","2020","2021/01/11","","","10.1017/S0954579420001133"
"33408615","Dynamic Interhemispheric Desynchronization in Marmosets and Humans With Disorders of the Corpus Callosum","Szczupak D, Yen CC, Liu C, Tian X, Lent R, Tovar-Moll F, Silva AC; IRC5 Consortium.","Front Neural Circuits. 2020 Dec 21;14:612595. doi: 10.3389/fncir.2020.612595. eCollection 2020.","Szczupak D","Front Neural Circuits","2020","2021/01/07","PMC7779638","","10.3389/fncir.2020.612595"
"33364600","The orbitofrontal cortex: reward, emotion and depression","Rolls ET, Cheng W, Feng J.","Brain Commun. 2020 Nov 16;2(2):fcaa196. doi: 10.1093/braincomms/fcaa196. eCollection 2020.","Rolls ET","Brain Commun","2020","2020/12/28","PMC7749795","","10.1093/braincomms/fcaa196"
"33350445","Individual Variability in Functional Organization of the Human and Monkey Auditory Cortex","Ren J, Xu T, Wang D, Li M, Lin Y, Schoeppe F, Ramirez JSB, Han Y, Luan G, Li L, Liu H, Ahveninen J.","Cereb Cortex. 2021 Mar 31;31(5):2450-2465. doi: 10.1093/cercor/bhaa366.","Ren J","Cereb Cortex","2021","2020/12/22","PMC8023837","","10.1093/cercor/bhaa366"
"33268770","Effects of long-term cocaine self-administration on brain resting-state functional connectivity in nonhuman primates","Kohut SJ, Mintzopoulos D, Kangas BD, Shields H, Brown K, Gillis TE, Rohan ML, Bergman J, Kaufman MJ.","Transl Psychiatry. 2020 Dec 2;10(1):420. doi: 10.1038/s41398-020-01101-z.","Kohut SJ","Transl Psychiatry","2020","2020/12/03","PMC7710734","","10.1038/s41398-020-01101-z"
"33263778","Mapping the neural circuitry of predator fear in the nonhuman primate","Montardy Q, Kwan WC, Mundinano IC, Fox DM, Wang L, Gross CT, Bourne JA.","Brain Struct Funct. 2021 Jan;226(1):195-205. doi: 10.1007/s00429-020-02176-6. Epub 2020 Dec 2.","Montardy Q","Brain Struct Funct","2021","2020/12/02","PMC7817595","","10.1007/s00429-020-02176-6"
"33248260","Resting state functional atlas and cerebral networks in mouse lemur primates at 11.7 Tesla","Garin CM, Nadkarni NA, Landeau B, Chételat G, Picq JL, Bougacha S, Dhenain M.","Neuroimage. 2021 Feb 1;226:117589. doi: 10.1016/j.neuroimage.2020.117589. Epub 2020 Nov 26.","Garin CM","Neuroimage","2021","2020/11/28","","","10.1016/j.neuroimage.2020.117589"
"33221453","Multimodal 3D atlas of the macaque monkey motor and premotor cortex","Rapan L, Froudist-Walsh S, Niu M, Xu T, Funck T, Zilles K, Palomero-Gallagher N.","Neuroimage. 2021 Feb 1;226:117574. doi: 10.1016/j.neuroimage.2020.117574. Epub 2020 Nov 20.","Rapan L","Neuroimage","2021","2020/11/22","PMC8168280","NIHMS1702877","10.1016/j.neuroimage.2020.117574"
"33122437","Differential functional connectivity underlying asymmetric reward-related activity in human and nonhuman primates","Lopez-Persem A, Roumazeilles L, Folloni D, Marche K, Fouragnan EF, Khalighinejad N, Rushworth MFS, Sallet J.","Proc Natl Acad Sci U S A. 2020 Nov 10;117(45):28452-28462. doi: 10.1073/pnas.2000759117. Epub 2020 Oct 29.","Lopez-Persem A","Proc Natl Acad Sci U S A","2020","2020/10/30","PMC7668182","","10.1073/pnas.2000759117"
"33112698","Whole brain mapping of somatosensory responses in awake marmosets investigated with ultra-high-field fMRI","Cléry JC, Hori Y, Schaeffer DJ, Gati JS, Pruszynski JA, Everling S.","J Neurophysiol. 2020 Dec 1;124(6):1900-1913. doi: 10.1152/jn.00480.2020. Epub 2020 Oct 28.","Cléry JC","J Neurophysiol","2020","2020/10/28","","","10.1152/jn.00480.2020"
"33067998","Connectivity of the Cingulate Sulcus Visual Area (CSv) in Macaque Monkeys","De Castro V, Smith AT, Beer AL, Leguen C, Vayssière N, Héjja-Brichard Y, Audurier P, Cottereau BR, Durand JB.","Cereb Cortex. 2021 Jan 5;31(2):1347-1364. doi: 10.1093/cercor/bhaa301.","De Castro V","Cereb Cortex","2021","2020/10/17","PMC7786354","","10.1093/cercor/bhaa301"
"33024242","Robustness of sex-differences in functional connectivity over time in middle-aged marmosets","Nephew BC, Febo M, Cali R, Workman KP, Payne L, Moore CM, King JA, Lacreuse A.","Sci Rep. 2020 Oct 6;10(1):16647. doi: 10.1038/s41598-020-73811-9.","Nephew BC","Sci Rep","2020","2020/10/07","PMC7538565","","10.1038/s41598-020-73811-9"
"32981657","Converging Structural and Functional Evidence for a Rat Salience Network","Tsai PJ, Keeley RJ, Carmack SA, Vendruscolo JCM, Lu H, Gu H, Vendruscolo LF, Koob GF, Lin CP, Stein EA, Yang Y.","Biol Psychiatry. 2020 Dec 1;88(11):867-878. doi: 10.1016/j.biopsych.2020.06.023. Epub 2020 Jul 2.","Tsai PJ","Biol Psychiatry","2020","2020/09/28","","","10.1016/j.biopsych.2020.06.023"
"32919059","The human corticocortical vestibular network","Raiser TM, Flanagin VL, Duering M, van Ombergen A, Ruehl RM, Zu Eulenburg P.","Neuroimage. 2020 Dec;223:117362. doi: 10.1016/j.neuroimage.2020.117362. Epub 2020 Sep 9.","Raiser TM","Neuroimage","2020","2020/09/12","","","10.1016/j.neuroimage.2020.117362"
"32817555","Divergence of rodent and primate medial frontal cortex functional connectivity","Schaeffer DJ, Hori Y, Gilbert KM, Gati JS, Menon RS, Everling S.","Proc Natl Acad Sci U S A. 2020 Sep 1;117(35):21681-21689. doi: 10.1073/pnas.2003181117. Epub 2020 Aug 17.","Schaeffer DJ","Proc Natl Acad Sci U S A","2020","2020/08/21","PMC7474619","","10.1073/pnas.2003181117"
"32758424","Selective Mesoaccumbal Pathway Inactivation Affects Motivation but Not Reinforcement-Based Learning in Macaques","Vancraeyenest P, Arsenault JT, Li X, Zhu Q, Kobayashi K, Isa K, Isa T, Vanduffel W.","Neuron. 2020 Nov 11;108(3):568-581.e6. doi: 10.1016/j.neuron.2020.07.013. Epub 2020 Aug 5.","Vancraeyenest P","Neuron","2020","2020/08/08","","","10.1016/j.neuron.2020.07.013"
"32659353","Functional connectivity fingerprints of the human pulvinar: Decoding its role in cognition","Guedj C, Vuilleumier P.","Neuroimage. 2020 Nov 1;221:117162. doi: 10.1016/j.neuroimage.2020.117162. Epub 2020 Jul 11.","Guedj C","Neuroimage","2020","2020/07/14","","","10.1016/j.neuroimage.2020.117162"
"32621974","Functional reorganization of brain networks across the human menstrual cycle","Pritschet L, Santander T, Taylor CM, Layher E, Yu S, Miller MB, Grafton ST, Jacobs EG.","Neuroimage. 2020 Oct 15;220:117091. doi: 10.1016/j.neuroimage.2020.117091. Epub 2020 Jul 2.","Pritschet L","Neuroimage","2020","2020/07/05","","","10.1016/j.neuroimage.2020.117091"
"32539526","Diagnostic Classification for Human Autism and Obsessive-Compulsive Disorder Based on Machine Learning From a Primate Genetic Model","Zhan Y, Wei J, Liang J, Xu X, He R, Robbins TW, Wang Z.","Am J Psychiatry. 2021 Jan 1;178(1):65-76. doi: 10.1176/appi.ajp.2020.19101091. Epub 2020 Jun 16.","Zhan Y","Am J Psychiatry","2021","2020/06/17","","","10.1176/appi.ajp.2020.19101091"
"32276072","Towards HCP-Style macaque connectomes: 24-Channel 3T multi-array coil, MRI sequences and preprocessing","Autio JA, Glasser MF, Ose T, Donahue CJ, Bastiani M, Ohno M, Kawabata Y, Urushibata Y, Murata K, Nishigori K, Yamaguchi M, Hori Y, Yoshida A, Go Y, Coalson TS, Jbabdi S, Sotiropoulos SN, Kennedy H, Smith S, Van Essen DC, Hayashi T.","Neuroimage. 2020 Jul 15;215:116800. doi: 10.1016/j.neuroimage.2020.116800. Epub 2020 Apr 8.","Autio JA","Neuroimage","2020","2020/04/11","PMC7116593","EMS109745","10.1016/j.neuroimage.2020.116800"
"31825706","Transcranial alternating current stimulation attenuates BOLD adaptation and increases functional connectivity","Kar K, Ito T, Cole MW, Krekelberg B.","J Neurophysiol. 2020 Jan 1;123(1):428-438. doi: 10.1152/jn.00376.2019. Epub 2019 Dec 11.","Kar K","J Neurophysiol","2020","2019/12/12","PMC6985864","","10.1152/jn.00376.2019"
"31557544","Large scale networks for human hand-object interaction: Functionally distinct roles for two premotor regions identified intraoperatively","Simone L, Fornia L, Viganò L, Sambataro F, Rossi M, Leonetti A, Puglisi G, Howells H, Bellacicca A, Bello L, Cerri G.","Neuroimage. 2020 Jan 1;204:116215. doi: 10.1016/j.neuroimage.2019.116215. Epub 2019 Sep 24.","Simone L","Neuroimage","2020","2019/09/27","","","10.1016/j.neuroimage.2019.116215"
"31262949","Sex Differences in Cognitive Flexibility and Resting Brain Networks in Middle-Aged Marmosets","LaClair M, Febo M, Nephew B, Gervais NJ, Poirier G, Workman K, Chumachenko S, Payne L, Moore MC, King JA, Lacreuse A.","eNeuro. 2019 Jul 25;6(4):ENEURO.0154-19.2019. doi: 10.1523/ENEURO.0154-19.2019. Print 2019 Jul/Aug.","LaClair M","eNeuro","2019","2019/07/03","PMC6658914","","10.1523/ENEURO.0154-19.2019"
"31219563","From Synchrony to Asynchrony: Cerebellar-Basal Ganglia Functional Circuits in Young and Older Adults","Hausman HK, Jackson TB, Goen JRM, Bernard JA.","Cereb Cortex. 2020 Mar 21;30(2):718-729. doi: 10.1093/cercor/bhz121.","Hausman HK","Cereb Cortex","2020","2019/06/21","","","10.1093/cercor/bhz121"
"31039559","Brain Connectivity in Ateles geoffroyi: Resting-State Functional Magnetic Resonance Imaging of Working Memory and Executive Control","Platas-Neri D, Hidalgo-Tobón S, Chico-Ponce de León F, Muñoz-Delgado J, Phillips KA, Téllez-Alanís B, Villanueva-Valle J, de Celis Alonso B.","Brain Behav Evol. 2019;93(1):19-33. doi: 10.1159/000499177. Epub 2019 Apr 30.","Platas-Neri D","Brain Behav Evol","2019","2019/05/01","","","10.1159/000499177"
"31036814","Anatomical and functional investigation of the marmoset default mode network","Liu C, Yen CC, Szczupak D, Ye FQ, Leopold DA, Silva AC.","Nat Commun. 2019 Apr 29;10(1):1975. doi: 10.1038/s41467-019-09813-7.","Liu C","Nat Commun","2019","2019/05/01","PMC6488610","","10.1038/s41467-019-09813-7"
"31031580","Isoflurane-Induced Burst Suppression Increases Intrinsic Functional Connectivity of the Monkey Brain","Zhang Z, Cai DC, Wang Z, Zeljic K, Wang Z, Wang Y.","Front Neurosci. 2019 Apr 11;13:296. doi: 10.3389/fnins.2019.00296. eCollection 2019.","Zhang Z","Front Neurosci","2019","2019/04/30","PMC6470287","","10.3389/fnins.2019.00296"
"30923310","Functional ultrasound imaging of the brain reveals propagation of task-related brain activity in behaving primates","Dizeux A, Gesnik M, Ahnine H, Blaize K, Arcizet F, Picaud S, Sahel JA, Deffieux T, Pouget P, Tanter M.","Nat Commun. 2019 Mar 28;10(1):1400. doi: 10.1038/s41467-019-09349-w.","Dizeux A","Nat Commun","2019","2019/03/30","PMC6438968","","10.1038/s41467-019-09349-w"
"30879118","Effects of ketamine treatment on cocaine-induced reinstatement and disruption of functional connectivity in unanesthetized rhesus monkeys","Maltbie EA, Gopinath KS, Howell LL.","Psychopharmacology (Berl). 2019 Jul;236(7):2105-2118. doi: 10.1007/s00213-019-05204-4. Epub 2019 Mar 16.","Maltbie EA","Psychopharmacology (Berl)","2019","2019/03/18","","","10.1007/s00213-019-05204-4"
"30873000","Brain Map of Intrinsic Functional Flexibility in Anesthetized Monkeys and Awake Humans","Yin D, Zhang Z, Wang Z, Zeljic K, Lv Q, Cai D, Wang Y, Wang Z.","Front Neurosci. 2019 Feb 28;13:174. doi: 10.3389/fnins.2019.00174. eCollection 2019.","Yin D","Front Neurosci","2019","2019/03/16","PMC6403192","","10.3389/fnins.2019.00174"
"30807382","Propofol Anesthesia Increases Long-range Frontoparietal Corticocortical Interaction in the Oculomotor Circuit in Macaque Monkeys","Ma L, Liu W, Hudson AE.","Anesthesiology. 2019 Apr;130(4):560-571. doi: 10.1097/ALN.0000000000002637.","Ma L","Anesthesiology","2019","2019/02/27","PMC6417961","NIHMS1518660","10.1097/ALN.0000000000002637"
"30601693","Functionally distinct language and Theory of Mind networks are synchronized at rest and during language comprehension","Paunov AM, Blank IA, Fedorenko E.","J Neurophysiol. 2019 Apr 1;121(4):1244-1265. doi: 10.1152/jn.00619.2018. Epub 2019 Jan 2.","Paunov AM","J Neurophysiol","2019","2019/01/03","PMC6485726","","10.1152/jn.00619.2018"
"30530859","Changes in Endogenous Dopamine Induced by Methylphenidate Predict Functional Connectivity in Nonhuman Primates","Birn RM, Converse AK, Rajala AZ, Alexander AL, Block WF, McMillan AB, Christian BT, Filla CN, Murali D, Hurley SA, Jenison RL, Populin LC.","J Neurosci. 2019 Feb 20;39(8):1436-1444. doi: 10.1523/JNEUROSCI.2513-18.2018. Epub 2018 Dec 10.","Birn RM","J Neurosci","2019","2018/12/12","PMC6381257","","10.1523/JNEUROSCI.2513-18.2018"
"30462609","Macro-connectomics and microstructure predict dynamic plasticity patterns in the non-human primate brain","Froudist-Walsh S, Browning PG, Young JJ, Murphy KL, Mars RB, Fleysher L, Croxson PL.","Elife. 2018 Nov 21;7:e34354. doi: 10.7554/eLife.34354.","Froudist-Walsh S","Elife","2018","2018/11/22","PMC6249000","","10.7554/eLife.34354"
"30419289","Intrinsic functional clustering of anterior cingulate cortex in the common marmoset","Schaeffer DJ, Gilbert KM, Ghahremani M, Gati JS, Menon RS, Everling S.","Neuroimage. 2019 Feb 1;186:301-307. doi: 10.1016/j.neuroimage.2018.11.005. Epub 2018 Nov 10.","Schaeffer DJ","Neuroimage","2019","2018/11/13","","","10.1016/j.neuroimage.2018.11.005"
"30344047","A Neural Population Mechanism for Rapid Learning","Perich MG, Gallego JA, Miller LE.","Neuron. 2018 Nov 21;100(4):964-976.e7. doi: 10.1016/j.neuron.2018.09.030. Epub 2018 Oct 18.","Perich MG","Neuron","2018","2018/10/23","PMC6250582","NIHMS1507895","10.1016/j.neuron.2018.09.030"
"30315909","Model testing for distinctive functional connectivity gradients with resting-state fMRI data","O'Rawe JF, Ide JS, Leung HC.","Neuroimage. 2019 Jan 15;185:102-110. doi: 10.1016/j.neuroimage.2018.10.022. Epub 2018 Oct 10.","O'Rawe JF","Neuroimage","2019","2018/10/14","","","10.1016/j.neuroimage.2018.10.022"
"30295946","Intranasal oxytocin in rhesus monkeys alters brain networks that detect social salience and reward","Parr LA, Mitchell T, Hecht E.","Am J Primatol. 2018 Oct;80(10):e22915. doi: 10.1002/ajp.22915. Epub 2018 Sep 17.","Parr LA","Am J Primatol","2018","2018/10/09","PMC6381825","NIHMS1000439","10.1002/ajp.22915"
"30257948","Functionally specific optogenetic modulation in primate visual cortex","Chernov MM, Friedman RM, Chen G, Stoner GR, Roe AW.","Proc Natl Acad Sci U S A. 2018 Oct 9;115(41):10505-10510. doi: 10.1073/pnas.1802018115. Epub 2018 Sep 26.","Chernov MM","Proc Natl Acad Sci U S A","2018","2018/09/28","PMC6187135","","10.1073/pnas.1802018115"
"30205207","Resting-state white matter-cortical connectivity in non-human primate brain","Wu TL, Wang F, Li M, Schilling KG, Gao Y, Anderson AW, Chen LM, Ding Z, Gore JC.","Neuroimage. 2019 Jan 1;184:45-55. doi: 10.1016/j.neuroimage.2018.09.021. Epub 2018 Sep 8.","Wu TL","Neuroimage","2019","2018/09/12","PMC6250128","NIHMS1506840","10.1016/j.neuroimage.2018.09.021"
"30099461","Comparative Primate Connectomics","Rilling JK, van den Heuvel MP.","Brain Behav Evol. 2018;91(3):170-179. doi: 10.1159/000488886. Epub 2018 Aug 10.","Rilling JK","Brain Behav Evol","2018","2018/08/13","","","10.1159/000488886"
"30022250","White matter tract anatomy in the rhesus monkey: a fiber dissection study","Decramer T, Swinnen S, van Loon J, Janssen P, Theys T.","Brain Struct Funct. 2018 Nov;223(8):3681-3688. doi: 10.1007/s00429-018-1718-x. Epub 2018 Jul 18.","Decramer T","Brain Struct Funct","2018","2018/07/20","","","10.1007/s00429-018-1718-x"
"29809133","Targeted cortical reorganization using optogenetics in non-human primates","Yazdan-Shahmorad A, Silversmith DB, Kharazia V, Sabes PN.","Elife. 2018 May 29;7:e31034. doi: 10.7554/eLife.31034.","Yazdan-Shahmorad A","Elife","2018","2018/05/30","PMC5986269","","10.7554/eLife.31034"
"29697775","Cortical Afferents of Area 10 in Cebus Monkeys: Implications for the Evolution of the Frontal Pole","Rosa MGP, Soares JGM, Chaplin TA, Majka P, Bakola S, Phillips KA, Reser DH, Gattass R.","Cereb Cortex. 2019 Apr 1;29(4):1473-1495. doi: 10.1093/cercor/bhy044.","Rosa MGP","Cereb Cortex","2019","2018/04/27","PMC6676977","","10.1093/cercor/bhy044"
"29496614","Segregation of the human basal forebrain using resting state functional MRI","Markello RD, Spreng RN, Luh WM, Anderson AK, De Rosa E.","Neuroimage. 2018 Jun;173:287-297. doi: 10.1016/j.neuroimage.2018.02.042. Epub 2018 Feb 26.","Markello RD","Neuroimage","2018","2018/03/03","","","10.1016/j.neuroimage.2018.02.042"
"29488110","Individual identity and affective valence in marmoset calls: in vivo brain imaging with vocal sound playback","Kato M, Yokoyama C, Kawasaki A, Takeda C, Koike T, Onoe H, Iriki A.","Anim Cogn. 2018 May;21(3):331-343. doi: 10.1007/s10071-018-1169-z. Epub 2018 Feb 27.","Kato M","Anim Cogn","2018","2018/03/01","PMC5908821","","10.1007/s10071-018-1169-z"
"29487127","Maternal Immune Activation During the Third Trimester Is Associated with Neonatal Functional Connectivity of the Salience Network and Fetal to Toddler Behavior","Spann MN, Monk C, Scheinost D, Peterson BS.","J Neurosci. 2018 Mar 14;38(11):2877-2886. doi: 10.1523/JNEUROSCI.2272-17.2018. Epub 2018 Feb 27.","Spann MN","J Neurosci","2018","2018/03/01","PMC5852665","","10.1523/JNEUROSCI.2272-17.2018"
"29427292","Intranasal oxytocin modulates neural functional connectivity during human social interaction","Rilling JK, Chen X, Chen X, Haroon E.","Am J Primatol. 2018 Oct;80(10):e22740. doi: 10.1002/ajp.22740. Epub 2018 Feb 10.","Rilling JK","Am J Primatol","2018","2018/02/11","PMC6086772","NIHMS947801","10.1002/ajp.22740"
"29332256","Dopamine-dependent social information processing in non-human primates","Lee YA, Lionnet S, Kato A, Goto Y.","Psychopharmacology (Berl). 2018 Apr;235(4):1141-1149. doi: 10.1007/s00213-018-4831-x. Epub 2018 Jan 14.","Lee YA","Psychopharmacology (Berl)","2018","2018/01/15","PMC5869898","","10.1007/s00213-018-4831-x"
"29107523","A Large-Scale Semi-Chronic Microdrive Recording System for Non-Human Primates","Dotson NM, Hoffman SJ, Goodell B, Gray CM.","Neuron. 2017 Nov 15;96(4):769-782.e2. doi: 10.1016/j.neuron.2017.09.050. Epub 2017 Oct 26.","Dotson NM","Neuron","2017","2017/11/07","","","10.1016/j.neuron.2017.09.050"
"29049083","Ketamine and pharmacological imaging: use of functional magnetic resonance imaging to evaluate mechanisms of action","Maltbie EA, Kaundinya GS, Howell LL.","Behav Pharmacol. 2017 Dec;28(8):610-622. doi: 10.1097/FBP.0000000000000354.","Maltbie EA","Behav Pharmacol","2017","2017/10/20","PMC5687297","NIHMS909831","10.1097/FBP.0000000000000354"
"28931571","Sublaminar Subdivision of Mouse Auditory Cortex Layer 2/3 Based on Functional Translaminar Connections","Meng X, Winkowski DE, Kao JPY, Kanold PO.","J Neurosci. 2017 Oct 18;37(42):10200-10214. doi: 10.1523/JNEUROSCI.1361-17.2017. Epub 2017 Sep 20.","Meng X","J Neurosci","2017","2017/09/22","PMC5647773","","10.1523/JNEUROSCI.1361-17.2017"
"28905408","Resting-state functional connectivity in the rat cervical spinal cord at 9.4 T","Wu TL, Wang F, Mishra A, Wilson GH 3rd, Byun N, Chen LM, Gore JC.","Magn Reson Med. 2018 May;79(5):2773-2783. doi: 10.1002/mrm.26905. Epub 2017 Sep 14.","Wu TL","Magn Reson Med","2018","2017/09/15","PMC5821555","NIHMS928552","10.1002/mrm.26905"
"28716961","Structural Basis of Large-Scale Functional Connectivity in the Mouse","Grandjean J, Zerbi V, Balsters JH, Wenderoth N, Rudin M.","J Neurosci. 2017 Aug 23;37(34):8092-8101. doi: 10.1523/JNEUROSCI.0438-17.2017. Epub 2017 Jul 17.","Grandjean J","J Neurosci","2017","2017/07/19","PMC6596781","","10.1523/JNEUROSCI.0438-17.2017"
"28466257","Cortical Representation of Pain and Touch: Evidence from Combined Functional Neuroimaging and Electrophysiology in Non-human Primates","Chen LM.","Neurosci Bull. 2018 Feb;34(1):165-177. doi: 10.1007/s12264-017-0133-2. Epub 2017 May 2.","Chen LM","Neurosci Bull","2018","2017/05/04","PMC5799120","","10.1007/s12264-017-0133-2"
"28457575","Objective analysis of the topological organization of the human cortical visual connectome suggests three visual pathways","Haak KV, Beckmann CF.","Cortex. 2018 Jan;98:73-83. doi: 10.1016/j.cortex.2017.03.020. Epub 2017 Apr 7.","Haak KV","Cortex","2018","2017/05/02","PMC5780302","","10.1016/j.cortex.2017.03.020"
"28314817","FEF-Controlled Alpha Delay Activity Precedes Stimulus-Induced Gamma-Band Activity in Visual Cortex","Popov T, Kastner S, Jensen O.","J Neurosci. 2017 Apr 12;37(15):4117-4127. doi: 10.1523/JNEUROSCI.3015-16.2017. Epub 2017 Mar 17.","Popov T","J Neurosci","2017","2017/03/19","PMC5391684","","10.1523/JNEUROSCI.3015-16.2017"
"28285946","Development of rostral inferior parietal lobule area functional connectivity from late childhood to early adulthood","Wang M, Zhang J, Dong G, Zhang H, Lu H, Du X.","Int J Dev Neurosci. 2017 Jun;59:31-36. doi: 10.1016/j.ijdevneu.2017.03.001. Epub 2017 Mar 7.","Wang M","Int J Dev Neurosci","2017","2017/03/14","","","10.1016/j.ijdevneu.2017.03.001"
"28161319","Biophysical and neural basis of resting state functional connectivity: Evidence from non-human primates","Chen LM, Yang PF, Wang F, Mishra A, Shi Z, Wu R, Wu TL, Wilson GH 3rd, Ding Z, Gore JC.","Magn Reson Imaging. 2017 Jun;39:71-81. doi: 10.1016/j.mri.2017.01.020. Epub 2017 Feb 2.","Chen LM","Magn Reson Imaging","2017","2017/02/06","PMC5410395","NIHMS852391","10.1016/j.mri.2017.01.020"
"28057458","The inferior parietal lobule and temporoparietal junction: A network perspective","Igelström KM, Graziano MSA.","Neuropsychologia. 2017 Oct;105:70-83. doi: 10.1016/j.neuropsychologia.2017.01.001. Epub 2017 Jan 3.","Igelström KM","Neuropsychologia","2017","2017/01/07","","","10.1016/j.neuropsychologia.2017.01.001"
"28040671","Decisional impulsivity and the associative-limbic subthalamic nucleus in obsessive-compulsive disorder: stimulation and connectivity","Voon V, Droux F, Morris L, Chabardes S, Bougerol T, David O, Krack P, Polosan M.","Brain. 2017 Feb;140(2):442-456. doi: 10.1093/brain/aww309. Epub 2016 Dec 31.","Voon V","Brain","2017","2017/01/02","PMC5278307","","10.1093/brain/aww309"
"28032008","Effects of isoflurane anesthesia on resting-state fMRI signals and functional connectivity within primary somatosensory cortex of monkeys","Wu TL, Mishra A, Wang F, Yang PF, Gore JC, Chen LM.","Brain Behav. 2016 Oct 11;6(12):e00591. doi: 10.1002/brb3.591. eCollection 2016 Dec.","Wu TL","Brain Behav","2016","2016/12/30","PMC5167001","","10.1002/brb3.591"
"28027960","Investigating resting-state functional connectivity in the cervical spinal cord at 3T","Eippert F, Kong Y, Winkler AM, Andersson JL, Finsterbusch J, Büchel C, Brooks JCW, Tracey I.","Neuroimage. 2017 Feb 15;147:589-601. doi: 10.1016/j.neuroimage.2016.12.072. Epub 2016 Dec 24.","Eippert F","Neuroimage","2017","2016/12/29","PMC5315056","","10.1016/j.neuroimage.2016.12.072"
"27859903","Corticostriatal connectivity fingerprints: Probability maps based on resting-state functional connectivity","Jaspers E, Balsters JH, Kassraian Fard P, Mantini D, Wenderoth N.","Hum Brain Mapp. 2017 Mar;38(3):1478-1491. doi: 10.1002/hbm.23466. Epub 2016 Nov 12.","Jaspers E","Hum Brain Mapp","2017","2016/11/19","PMC6866797","","10.1002/hbm.23466"
"27704218","Direct and indirect parieto-medial temporal pathways for spatial navigation in humans: evidence from resting-state functional connectivity","Boccia M, Sulpizio V, Nemmi F, Guariglia C, Galati G.","Brain Struct Funct. 2017 May;222(4):1945-1957. doi: 10.1007/s00429-016-1318-6. Epub 2016 Oct 4.","Boccia M","Brain Struct Funct","2017","2016/10/06","","","10.1007/s00429-016-1318-6"
"27699794","Steady-state visual evoked potentials as a research tool in social affective neuroscience","Wieser MJ, Miskovic V, Keil A.","Psychophysiology. 2016 Dec;53(12):1763-1775. doi: 10.1111/psyp.12768. Epub 2016 Oct 4.","Wieser MJ","Psychophysiology","2016","2016/10/05","PMC5582350","NIHMS879464","10.1111/psyp.12768"
"27596024","Resting state network topology of the ferret brain","Zhou ZC, Salzwedel AP, Radtke-Schuller S, Li Y, Sellers KK, Gilmore JH, Shih YY, Fröhlich F, Gao W.","Neuroimage. 2016 Dec;143:70-81. doi: 10.1016/j.neuroimage.2016.09.003. Epub 2016 Sep 2.","Zhou ZC","Neuroimage","2016","2016/09/07","PMC5124532","NIHMS817278","10.1016/j.neuroimage.2016.09.003"
"27530989","Ketamine-induced changes in connectivity of functional brain networks in awake female nonhuman primates: a translational functional imaging model","Gopinath K, Maltbie E, Urushino N, Kempf D, Howell L.","Psychopharmacology (Berl). 2016 Oct;233(21-22):3673-3684. doi: 10.1007/s00213-016-4401-z. Epub 2016 Aug 16.","Gopinath K","Psychopharmacology (Berl)","2016","2016/08/18","","","10.1007/s00213-016-4401-z"
"27525488","Uniting functional network topology and oscillations in the fronto-parietal single unit network of behaving primates","Dann B, Michaels JA, Schaffelhofer S, Scherberger H.","Elife. 2016 Aug 15;5:e15719. doi: 10.7554/eLife.15719.","Dann B","Elife","2016","2016/08/16","PMC5019840","","10.7554/eLife.15719"
"27451405","Effects of anesthesia on resting state BOLD signals in white matter of non-human primates","Wu TL, Wang F, Anderson AW, Chen LM, Ding Z, Gore JC.","Magn Reson Imaging. 2016 Nov;34(9):1235-1241. doi: 10.1016/j.mri.2016.07.001. Epub 2016 Jul 20.","Wu TL","Magn Reson Imaging","2016","2016/07/25","PMC5055423","NIHMS804667","10.1016/j.mri.2016.07.001"
"27405331","Frontoparietal Functional Connectivity in the Common Marmoset","Ghahremani M, Hutchison RM, Menon RS, Everling S.","Cereb Cortex. 2017 Aug 1;27(8):3890-3905. doi: 10.1093/cercor/bhw198.","Ghahremani M","Cereb Cortex","2017","2016/07/14","","","10.1093/cercor/bhw198"
"27296233","Realistic models of apparent dynamic changes in resting-state connectivity in somatosensory cortex","Shi Z, Rogers BP, Chen LM, Morgan VL, Mishra A, Wilkes DM, Gore JC.","Hum Brain Mapp. 2016 Nov;37(11):3897-3910. doi: 10.1002/hbm.23284.","Shi Z","Hum Brain Mapp","2016","2016/06/15","PMC5053861","NIHMS791612","10.1002/hbm.23284"
"27038008","Asymmetry in functional connectivity of the human habenula revealed by high-resolution cardiac-gated resting state imaging","Hétu S, Luo Y, Saez I, D'Ardenne K, Lohrenz T, Montague PR.","Hum Brain Mapp. 2016 Jul;37(7):2602-15. doi: 10.1002/hbm.23194. Epub 2016 Apr 1.","Hétu S","Hum Brain Mapp","2016","2016/04/03","PMC4905773","NIHMS770799","10.1002/hbm.23194"
"26973476","Functional Connectivity Hubs and Networks in the Awake Marmoset Brain","Belcher AM, Yen CC, Notardonato L, Ross TJ, Volkow ND, Yang Y, Stein EA, Silva AC, Tomasi D.","Front Integr Neurosci. 2016 Mar 4;10:9. doi: 10.3389/fnint.2016.00009. eCollection 2016.","Belcher AM","Front Integr Neurosci","2016","2016/03/15","PMC4777715","","10.3389/fnint.2016.00009"
"28590676","Parcellations and Connectivity Patterns in Human and Macaque Cerebral Cortex","Van Essen DC, Donahue C, Dierker DL, Glasser MF.","2016 Mar 11. In: Kennedy H, Van Essen DC, Christen Y, editors. Micro-, Meso- and Macro-Connectomics of the Brain [Internet]. Cham (CH): Springer; 2016.","Van Essen DC","Micro-, Meso- and Macro-Connectomics of the Brain","2016","2016/03/11","","","10.1007/978-3-319-27777-6_7"
"26908365","Connectivity between the central nucleus of the amygdala and the bed nucleus of the stria terminalis in the non-human primate: neuronal tract tracing and developmental neuroimaging studies","Oler JA, Tromp DP, Fox AS, Kovner R, Davidson RJ, Alexander AL, McFarlin DR, Birn RM, E Berg B, deCampo DM, Kalin NH, Fudge JL.","Brain Struct Funct. 2017 Jan;222(1):21-39. doi: 10.1007/s00429-016-1198-9. Epub 2016 Feb 23.","Oler JA","Brain Struct Funct","2017","2016/02/25","PMC4995160","NIHMS762902","10.1007/s00429-016-1198-9"
"26774609","Intrinsic connectivity of neural networks in the awake rabbit","Schroeder MP, Weiss C, Procissi D, Disterhoft JF, Wang L.","Neuroimage. 2016 Apr 1;129:260-267. doi: 10.1016/j.neuroimage.2016.01.010. Epub 2016 Jan 13.","Schroeder MP","Neuroimage","2016","2016/01/18","PMC4803608","NIHMS751513","10.1016/j.neuroimage.2016.01.010"
"26739559","Transcriptional profiles of supragranular-enriched genes associate with corticocortical network architecture in the human brain","Krienen FM, Yeo BT, Ge T, Buckner RL, Sherwood CC.","Proc Natl Acad Sci U S A. 2016 Jan 26;113(4):E469-78. doi: 10.1073/pnas.1510903113. Epub 2016 Jan 6.","Krienen FM","Proc Natl Acad Sci U S A","2016","2016/01/08","PMC4739529","","10.1073/pnas.1510903113"
"26712581","Relating functional connectivity in V1 neural circuits and 3D natural scenes using Boltzmann machines","Zhang Y, Li X, Samonds JM, Lee TS.","Vision Res. 2016 Mar;120:121-31. doi: 10.1016/j.visres.2015.12.002. Epub 2015 Dec 28.","Zhang Y","Vision Res","2016","2015/12/30","PMC4783228","NIHMS746713","10.1016/j.visres.2015.12.002"
"26679214","Modulation of Frontoparietal Neurovascular Dynamics in Working Memory","Ardestani A, Shen W, Darvas F, Toga AW, Fuster JM.","J Cogn Neurosci. 2016 Mar;28(3):379-401. doi: 10.1162/jocn_a_00903. Epub 2015 Dec 17.","Ardestani A","J Cogn Neurosci","2016","2015/12/19","PMC5207037","NIHMS834395","10.1162/jocn_a_00903"
"26663738","Climate and land use changes will degrade the configuration of the landscape for titi monkeys in eastern Brazil","Gouveia SF, Souza-Alves JP, Rattis L, Dobrovolski R, Jerusalinsky L, Beltrão-Mendes R, Ferrari SF.","Glob Chang Biol. 2016 Jun;22(6):2003-12. doi: 10.1111/gcb.13162. Epub 2016 Mar 14.","Gouveia SF","Glob Chang Biol","2016","2015/12/15","","","10.1111/gcb.13162"
"26490876","Reversible Deactivation of Motor Cortex Reveals Functional Connectivity with Posterior Parietal Cortex in the Prosimian Galago (Otolemur garnettii)","Cooke DF, Stepniewska I, Miller DJ, Kaas JH, Krubitzer L.","J Neurosci. 2015 Oct 21;35(42):14406-22. doi: 10.1523/JNEUROSCI.1468-15.2015.","Cooke DF","J Neurosci","2015","2015/10/23","PMC4683694","","10.1523/JNEUROSCI.1468-15.2015"
"26467643","Essential tremor is associated with disruption of functional connectivity in the ventral intermediate Nucleus--Motor Cortex--Cerebellum circuit","Fang W, Chen H, Wang H, Zhang H, Puneet M, Liu M, Lv F, Luo T, Cheng O, Wang X, Lu X.","Hum Brain Mapp. 2016 Jan;37(1):165-78. doi: 10.1002/hbm.23024. Epub 2015 Oct 15.","Fang W","Hum Brain Mapp","2016","2015/10/16","PMC6867464","","10.1002/hbm.23024"
"26290449","Resting-state functional connectivity in the baboon model of genetic generalized epilepsy","Salinas FS, Szabó CÁ.","Epilepsia. 2015 Oct;56(10):1580-9. doi: 10.1111/epi.13115. Epub 2015 Aug 20.","Salinas FS","Epilepsia","2015","2015/08/21","PMC4593742","NIHMS708606","10.1111/epi.13115"
"26192326","An assumption-free quantification of neural responses to electrical stimulations","Ruach R, Mitelman R, Sherman E, Cohen O, Prut Y.","J Neurosci Methods. 2015 Oct 30;254:10-7. doi: 10.1016/j.jneumeth.2015.07.005. Epub 2015 Jul 17.","Ruach R","J Neurosci Methods","2015","2015/07/21","","","10.1016/j.jneumeth.2015.07.005"
"26052749","Functional subregions of the human entorhinal cortex","Maass A, Berron D, Libby LA, Ranganath C, Düzel E.","Elife. 2015 Jun 8;4:e06426. doi: 10.7554/eLife.06426.","Maass A","Elife","2015","2015/06/09","PMC4458841","","10.7554/eLife.06426"
"26029069","Aggressive vocal expressions-an investigation of their underlying neural network","Klaas HS, Frühholz S, Grandjean D.","Front Behav Neurosci. 2015 May 11;9:121. doi: 10.3389/fnbeh.2015.00121. eCollection 2015.","Klaas HS","Front Behav Neurosci","2015","2015/06/02","PMC4426728","","10.3389/fnbeh.2015.00121"
"25994963","Thalamic Responses to Nociceptive-Specific Input in Humans: Functional Dichotomies and Thalamo-Cortical Connectivity","Bastuji H, Frot M, Mazza S, Perchet C, Magnin M, Garcia-Larrea L.","Cereb Cortex. 2016 Jun;26(6):2663-76. doi: 10.1093/cercor/bhv106. Epub 2015 May 20.","Bastuji H","Cereb Cortex","2016","2015/05/22","","","10.1093/cercor/bhv106"
"25970649","Functional subdivisions of medial parieto-occipital cortex in humans and nonhuman primates using resting-state fMRI","Hutchison RM, Culham JC, Flanagan JR, Everling S, Gallivan JP.","Neuroimage. 2015 Aug 1;116:10-29. doi: 10.1016/j.neuroimage.2015.04.068. Epub 2015 May 10.","Hutchison RM","Neuroimage","2015","2015/05/14","","","10.1016/j.neuroimage.2015.04.068"
"25819921","Long intervening non-coding RNA 00320 is human brain-specific and highly expressed in the cortical white matter","Mills JD, Chen J, Kim WS, Waters PD, Prabowo AS, Aronica E, Halliday GM, Janitz M.","Neurogenetics. 2015 Jul;16(3):201-13. doi: 10.1007/s10048-015-0445-1. Epub 2015 Mar 29.","Mills JD","Neurogenetics","2015","2015/03/31","","","10.1007/s10048-015-0445-1"
"25815252","Role of perinatal long-chain omega-3 fatty acids in cortical circuit maturation: Mechanisms and implications for psychopathology","McNamara RK, Vannest JJ, Valentine CJ.","World J Psychiatry. 2015 Mar 22;5(1):15-34. doi: 10.5498/wjp.v5.i1.15.","McNamara RK","World J Psychiatry","2015","2015/03/28","PMC4369545","","10.5498/wjp.v5.i1.15"
"25569763","Ventromedial prefrontal cortex damage alters resting blood flow to the bed nucleus of stria terminalis","Motzkin JC, Philippi CL, Oler JA, Kalin NH, Baskaya MK, Koenigs M.","Cortex. 2015 Mar;64:281-8. doi: 10.1016/j.cortex.2014.11.013. Epub 2014 Dec 13.","Motzkin JC","Cortex","2015","2015/01/09","PMC4346536","NIHMS649346","10.1016/j.cortex.2014.11.013"
"25512496","Large-scale topology and the default mode network in the mouse connectome","Stafford JM, Jarrett BR, Miranda-Dominguez O, Mills BD, Cain N, Mihalas S, Lahvis GP, Lattal KM, Mitchell SH, David SV, Fryer JD, Nigg JT, Fair DA.","Proc Natl Acad Sci U S A. 2014 Dec 30;111(52):18745-50. doi: 10.1073/pnas.1404346111. Epub 2014 Dec 15.","Stafford JM","Proc Natl Acad Sci U S A","2014","2014/12/17","PMC4284535","","10.1073/pnas.1404346111"
"25386919","Connectotyping: model based fingerprinting of the functional connectome","Miranda-Dominguez O, Mills BD, Carpenter SD, Grant KA, Kroenke CD, Nigg JT, Fair DA.","PLoS One. 2014 Nov 11;9(11):e111048. doi: 10.1371/journal.pone.0111048. eCollection 2014.","Miranda-Dominguez O","PLoS One","2014","2014/11/12","PMC4227655","","10.1371/journal.pone.0111048"
"25224997","Understanding human original actions directed at real-world goals: the role of the lateral prefrontal cortex","Sitnikova T, Rosen BR, Lord LD, West WC.","Neuroimage. 2014 Dec;103:91-105. doi: 10.1016/j.neuroimage.2014.09.012. Epub 2014 Sep 16.","Sitnikova T","Neuroimage","2014","2014/09/17","PMC4312188","NIHMS628219","10.1016/j.neuroimage.2014.09.012"
"24969129","Allen mouse brain atlases reveal different neural connection and gene expression patterns in cerebellum gyri and sulci","Zeng T, Chen H, Fakhry A, Hu X, Liu T, Ji S.","Brain Struct Funct. 2015 Sep;220(5):2691-703. doi: 10.1007/s00429-014-0821-x. Epub 2014 Jun 27.","Zeng T","Brain Struct Funct","2015","2014/06/28","","","10.1007/s00429-014-0821-x"
"24933029","Subthalamic nucleus deep brain stimulation induces motor network BOLD activation: use of a high precision MRI guided stereotactic system for nonhuman primates","Min HK, Ross EK, Lee KH, Dennis K, Han SR, Jeong JH, Marsh MP, Striemer B, Felmlee JP, Lujan JL, Goerss S, Duffy PS, Blaha C, Chang SY, Bennet KE.","Brain Stimul. 2014 Jul-Aug;7(4):603-607. doi: 10.1016/j.brs.2014.04.007. Epub 2014 May 2.","Min HK","Brain Stimul","2014","2014/06/17","PMC4108508","NIHMS603271","10.1016/j.brs.2014.04.007"
"24899709","Effects of resveratrol on memory performance, hippocampal functional connectivity, and glucose metabolism in healthy older adults","Witte AV, Kerti L, Margulies DS, Flöel A.","J Neurosci. 2014 Jun 4;34(23):7862-70. doi: 10.1523/JNEUROSCI.0385-14.2014.","Witte AV","J Neurosci","2014","2014/06/06","PMC6608268","","10.1523/JNEUROSCI.0385-14.2014"
"24872561","Associative Hebbian synaptic plasticity in primate visual cortex","Huang S, Rozas C, Treviño M, Contreras J, Yang S, Song L, Yoshioka T, Lee HK, Kirkwood A.","J Neurosci. 2014 May 28;34(22):7575-9. doi: 10.1523/JNEUROSCI.0983-14.2014.","Huang S","J Neurosci","2014","2014/05/30","PMC4035519","","10.1523/JNEUROSCI.0983-14.2014"
"24863147","Evolutionarily conserved prefrontal-amygdalar dysfunction in early-life anxiety","Birn RM, Shackman AJ, Oler JA, Williams LE, McFarlin DR, Rogers GM, Shelton SE, Alexander AL, Pine DS, Slattery MJ, Davidson RJ, Fox AS, Kalin NH.","Mol Psychiatry. 2014 Aug;19(8):915-22. doi: 10.1038/mp.2014.46. Epub 2014 May 27.","Birn RM","Mol Psychiatry","2014","2014/05/28","PMC4111803","NIHMS580427","10.1038/mp.2014.46"
"24839121","Functional connectivity of insular efferences","Almashaikhi T, Rheims S, Jung J, Ostrowsky-Coste K, Montavont A, De Bellescize J, Arzimanoglou A, Keo Kosal P, Guénot M, Bertrand O, Ryvlin P.","Hum Brain Mapp. 2014 Oct;35(10):5279-94. doi: 10.1002/hbm.22549. Epub 2014 May 19.","Almashaikhi T","Hum Brain Mapp","2014","2014/05/20","PMC6869741","","10.1002/hbm.22549"
"24647934","Neural correlates of personal space intrusion","Holt DJ, Cassidy BS, Yue X, Rauch SL, Boeke EA, Nasr S, Tootell RB, Coombs G 3rd.","J Neurosci. 2014 Mar 19;34(12):4123-34. doi: 10.1523/JNEUROSCI.0686-13.2014.","Holt DJ","J Neurosci","2014","2014/03/21","PMC3960459","","10.1523/JNEUROSCI.0686-13.2014"
"24531049","Resting-state fMRI reveals functional connectivity between face-selective perirhinal cortex and the fusiform face area related to face inversion","O'Neil EB, Hutchison RM, McLean DA, Köhler S.","Neuroimage. 2014 May 15;92:349-55. doi: 10.1016/j.neuroimage.2014.02.005. Epub 2014 Feb 12.","O'Neil EB","Neuroimage","2014","2014/02/18","","","10.1016/j.neuroimage.2014.02.005"
"24530271","Parkinson׳s disease-related modulation of functional connectivity associated with the striatum in the resting state in a nonhuman primate model","Li J, Luo C, Chen Y, Chen Q, Huang R, Sun J, Gong Q, Wu X, Qi Z, Liang Z, Li L, Li H, Li P, Wang W, Shang HF.","Brain Res. 2014 Mar 25;1555:10-9. doi: 10.1016/j.brainres.2014.01.054. Epub 2014 Feb 13.","Li J","Brain Res","2014","2014/02/18","","","10.1016/j.brainres.2014.01.054"
"24444996","BNST neurocircuitry in humans","Avery SN, Clauss JA, Winder DG, Woodward N, Heckers S, Blackford JU.","Neuroimage. 2014 May 1;91:311-23. doi: 10.1016/j.neuroimage.2014.01.017. Epub 2014 Jan 18.","Avery SN","Neuroimage","2014","2014/01/22","PMC4214684","NIHMS559696","10.1016/j.neuroimage.2014.01.017"
"24285866","Effects of unilateral deactivations of dorsolateral prefrontal cortex and anterior cingulate cortex on saccadic eye movements","Koval MJ, Hutchison RM, Lomber SG, Everling S.","J Neurophysiol. 2014 Feb;111(4):787-803. doi: 10.1152/jn.00626.2013. Epub 2013 Nov 27.","Koval MJ","J Neurophysiol","2014","2013/11/29","","","10.1152/jn.00626.2013"
"24068551","Large-scale brain networks of the human left temporal pole: a functional connectivity MRI study","Pascual B, Masdeu JC, Hollenbeck M, Makris N, Insausti R, Ding SL, Dickerson BC.","Cereb Cortex. 2015 Mar;25(3):680-702. doi: 10.1093/cercor/bht260. Epub 2013 Sep 24.","Pascual B","Cereb Cortex","2015","2013/09/27","PMC4318532","","10.1093/cercor/bht260"
"24027207","Intrainsular functional connectivity in human","Almashaikhi T, Rheims S, Ostrowsky-Coste K, Montavont A, Jung J, De Bellescize J, Arzimanoglou A, Keo Kosal P, Guénot M, Bertrand O, Ryvlin P.","Hum Brain Mapp. 2014 Jun;35(6):2779-88. doi: 10.1002/hbm.22366. Epub 2013 Sep 12.","Almashaikhi T","Hum Brain Mapp","2014","2013/09/13","PMC6869822","","10.1002/hbm.22366"
"23929124","On parsing the neural code in the prefrontal cortex of primates using principal dynamic modes","Marmarelis VZ, Shin DC, Song D, Hampson RE, Deadwyler SA, Berger TW.","J Comput Neurosci. 2014 Jun;36(3):321-37. doi: 10.1007/s10827-013-0475-3. Epub 2013 Aug 9.","Marmarelis VZ","J Comput Neurosci","2014","2013/08/10","PMC3918491","NIHMS514266","10.1007/s10827-013-0475-3"
"23919836","Anti-correlated cortical networks of intrinsic connectivity in the rat brain","Schwarz AJ, Gass N, Sartorius A, Risterucci C, Spedding M, Schenker E, Meyer-Lindenberg A, Weber-Fahr W.","Brain Connect. 2013;3(5):503-11. doi: 10.1089/brain.2013.0168. Epub 2013 Sep 26.","Schwarz AJ","Brain Connect","2013","2013/08/08","PMC3796325","","10.1089/brain.2013.0168"
"23899724","The amplitude of the resting-state fMRI global signal is related to EEG vigilance measures","Wong CW, Olafsson V, Tal O, Liu TT.","Neuroimage. 2013 Dec;83:983-90. doi: 10.1016/j.neuroimage.2013.07.057. Epub 2013 Jul 27.","Wong CW","Neuroimage","2013","2013/08/01","PMC3815994","NIHMS511312","10.1016/j.neuroimage.2013.07.057"
"23754406","Connectivity profiles reveal the relationship between brain areas for social cognition in human and monkey temporoparietal cortex","Mars RB, Sallet J, Neubert FX, Rushworth MF.","Proc Natl Acad Sci U S A. 2013 Jun 25;110(26):10806-11. doi: 10.1073/pnas.1302956110. Epub 2013 Jun 10.","Mars RB","Proc Natl Acad Sci U S A","2013","2013/06/12","PMC3696774","","10.1073/pnas.1302956110"
"23536600","Brain reorganization, not relative brain size, primarily characterizes anthropoid brain evolution","Smaers JB, Soligo C.","Proc Biol Sci. 2013 Mar 27;280(1759):20130269. doi: 10.1098/rspb.2013.0269. Print 2013 May 22.","Smaers JB","Proc Biol Sci","2013","2013/03/29","PMC3619515","","10.1098/rspb.2013.0269"
"23513045","Dissociable functional networks of the human dentate nucleus","Bernard JA, Peltier SJ, Benson BL, Wiggins JL, Jaeggi SM, Buschkuehl M, Jonides J, Monk CS, Seidler RD.","Cereb Cortex. 2014 Aug;24(8):2151-9. doi: 10.1093/cercor/bht065. Epub 2013 Mar 19.","Bernard JA","Cereb Cortex","2014","2013/03/21","PMC4089384","","10.1093/cercor/bht065"
"23366446","Functional connectivity between Layer 2/3 and Layer 5 neurons in prefrontal cortex of nonhuman primates during a delayed match-to-sample task","Song D, Opris I, Chan RH, Marmarelis VZ, Hampson RE, Deadwyler SA, Berger TW.","Annu Int Conf IEEE Eng Med Biol Soc. 2012;2012:2555-8. doi: 10.1109/EMBC.2012.6346485.","Song D","Annu Int Conf IEEE Eng Med Biol Soc","2012","2013/02/01","","","10.1109/EMBC.2012.6346485"
"23143344","Differentiated parietal connectivity of frontal regions for ""what"" and ""where"" memory","Rottschy C, Caspers S, Roski C, Reetz K, Dogan I, Schulz JB, Zilles K, Laird AR, Fox PT, Eickhoff SB.","Brain Struct Funct. 2013 Nov;218(6):1551-67. doi: 10.1007/s00429-012-0476-4. Epub 2012 Nov 10.","Rottschy C","Brain Struct Funct","2013","2012/11/13","PMC3825581","","10.1007/s00429-012-0476-4"
"23042731","Meta-analytic connectivity modeling reveals differential functional connectivity of the medial and lateral orbitofrontal cortex","Zald DH, McHugo M, Ray KL, Glahn DC, Eickhoff SB, Laird AR.","Cereb Cortex. 2014 Jan;24(1):232-48. doi: 10.1093/cercor/bhs308. Epub 2012 Oct 4.","Zald DH","Cereb Cortex","2014","2012/10/09","PMC3862271","","10.1093/cercor/bhs308"
"22879355","Functional connection between posterior superior temporal gyrus and ventrolateral prefrontal cortex in human","Garell PC, Bakken H, Greenlee JD, Volkov I, Reale RA, Oya H, Kawasaki H, Howard MA, Brugge JF.","Cereb Cortex. 2013 Oct;23(10):2309-21. doi: 10.1093/cercor/bhs220. Epub 2012 Aug 9.","Garell PC","Cereb Cortex","2013","2012/08/11","PMC3767955","","10.1093/cercor/bhs220"
"22855672","Monkey in the middle: why non-human primates are needed to bridge the gap in resting-state investigations","Hutchison RM, Everling S.","Front Neuroanat. 2012 Jul 26;6:29. doi: 10.3389/fnana.2012.00029. eCollection 2012.","Hutchison RM","Front Neuroanat","2012","2012/08/03","PMC3405297","","10.3389/fnana.2012.00029"
"22846658","Tractography-based parcellation of the human left inferior parietal lobule","Wang J, Fan L, Zhang Y, Liu Y, Jiang D, Zhang Y, Yu C, Jiang T.","Neuroimage. 2012 Nov 1;63(2):641-52. doi: 10.1016/j.neuroimage.2012.07.045. Epub 2012 Jul 27.","Wang J","Neuroimage","2012","2012/08/01","","","10.1016/j.neuroimage.2012.07.045"
"22836258","Unravelling the intrinsic functional organization of the human lateral frontal cortex: a parcellation scheme based on resting state fMRI","Goulas A, Uylings HB, Stiers P.","J Neurosci. 2012 Jul 25;32(30):10238-52. doi: 10.1523/JNEUROSCI.5852-11.2012.","Goulas A","J Neurosci","2012","2012/07/28","PMC6703746","","10.1523/JNEUROSCI.5852-11.2012"
"22737119","On the relationship between the ""default mode network"" and the ""social brain""","Mars RB, Neubert FX, Noonan MP, Sallet J, Toni I, Rushworth MF.","Front Hum Neurosci. 2012 Jun 21;6:189. doi: 10.3389/fnhum.2012.00189. eCollection 2012.","Mars RB","Front Hum Neurosci","2012","2012/06/28","PMC3380415","","10.3389/fnhum.2012.00189"
"22465841","Evidence for coordinated functional activity within the extended amygdala of non-human and human primates","Oler JA, Birn RM, Patriat R, Fox AS, Shelton SE, Burghy CA, Stodola DE, Essex MJ, Davidson RJ, Kalin NH.","Neuroimage. 2012 Jul 16;61(4):1059-66. doi: 10.1016/j.neuroimage.2012.03.045. Epub 2012 Mar 23.","Oler JA","Neuroimage","2012","2012/04/03","PMC3376204","NIHMS364904","10.1016/j.neuroimage.2012.03.045"
"22209784","Meta-analytical definition and functional connectivity of the human vestibular cortex","zu Eulenburg P, Caspers S, Roski C, Eickhoff SB.","Neuroimage. 2012 Mar;60(1):162-9. doi: 10.1016/j.neuroimage.2011.12.032. Epub 2011 Dec 23.","zu Eulenburg P","Neuroimage","2012","2012/01/03","","","10.1016/j.neuroimage.2011.12.032"
"22040739","Ongoing physiological processes in the cerebral cortex","Leopold DA, Maier A.","Neuroimage. 2012 Oct 1;62(4):2190-200. doi: 10.1016/j.neuroimage.2011.10.059. Epub 2011 Oct 25.","Leopold DA","Neuroimage","2012","2011/11/02","PMC3288739","NIHMS334847","10.1016/j.neuroimage.2011.10.059"
"21441989","Error-related functional connectivity of the habenula in humans","Ide JS, Li CS.","Front Hum Neurosci. 2011 Mar 16;5:25. doi: 10.3389/fnhum.2011.00025. eCollection 2011.","Ide JS","Front Hum Neurosci","2011","2011/03/29","PMC3060701","","10.3389/fnhum.2011.00025"
"21411650","Diffusion-weighted imaging tractography-based parcellation of the human parietal cortex and comparison with human and macaque resting-state functional connectivity","Mars RB, Jbabdi S, Sallet J, O'Reilly JX, Croxson PL, Olivier E, Noonan MP, Bergmann C, Mitchell AS, Baxter MG, Behrens TE, Johansen-Berg H, Tomassini V, Miller KL, Rushworth MF.","J Neurosci. 2011 Mar 16;31(11):4087-100. doi: 10.1523/JNEUROSCI.5102-10.2011.","Mars RB","J Neurosci","2011","2011/03/18","PMC3091022","UKMS34710","10.1523/JNEUROSCI.5102-10.2011"
"21368033","Fractionating the default mode network: distinct contributions of the ventral and dorsal posterior cingulate cortex to cognitive control","Leech R, Kamourieh S, Beckmann CF, Sharp DJ.","J Neurosci. 2011 Mar 2;31(9):3217-24. doi: 10.1523/JNEUROSCI.5626-10.2011.","Leech R","J Neurosci","2011","2011/03/04","PMC6623935","","10.1523/JNEUROSCI.5626-10.2011"
"21265603","Functional connectivity and coactivation of the nucleus accumbens: a combined functional connectivity and structure-based meta-analysis","Cauda F, Cavanna AE, D'agata F, Sacco K, Duca S, Geminiani GC.","J Cogn Neurosci. 2011 Oct;23(10):2864-77. doi: 10.1162/jocn.2011.21624. Epub 2011 Jan 25.","Cauda F","J Cogn Neurosci","2011","2011/01/27","","","10.1162/jocn.2011.21624"
"21111053","Functional connectivity of the insula in the resting brain","Cauda F, D'Agata F, Sacco K, Duca S, Geminiani G, Vercelli A.","Neuroimage. 2011 Mar 1;55(1):8-23. doi: 10.1016/j.neuroimage.2010.11.049. Epub 2010 Nov 24.","Cauda F","Neuroimage","2011","2010/11/30","","","10.1016/j.neuroimage.2010.11.049"
"20709145","Functional connectivity from area 5 to primary motor cortex via paired-pulse transcranial magnetic stimulation","Ziluk A, Premji A, Nelson AJ.","Neurosci Lett. 2010 Oct 22;484(1):81-5. doi: 10.1016/j.neulet.2010.08.025. Epub 2010 Aug 13.","Ziluk A","Neurosci Lett","2010","2010/08/17","","","10.1016/j.neulet.2010.08.025"
"20662902","Broca's region: linking human brain functional connectivity data and non-human primate tracing anatomy studies","Kelly C, Uddin LQ, Shehzad Z, Margulies DS, Castellanos FX, Milham MP, Petrides M.","Eur J Neurosci. 2010 Aug;32(3):383-98. doi: 10.1111/j.1460-9568.2010.07279.x. Epub 2010 Jul 21.","Kelly C","Eur J Neurosci","2010","2010/07/29","PMC3111969","NIHMS294225","10.1111/j.1460-9568.2010.07279.x"
"20654722","Distinct functional connectivity associated with lateral versus medial rostral prefrontal cortex: a meta-analysis","Gilbert SJ, Gonen-Yaacovi G, Benoit RG, Volle E, Burgess PW.","Neuroimage. 2010 Dec;53(4):1359-67. doi: 10.1016/j.neuroimage.2010.07.032. Epub 2010 Jul 21.","Gilbert SJ","Neuroimage","2010","2010/07/27","","","10.1016/j.neuroimage.2010.07.032"
"20589235","Identifying Basal Ganglia divisions in individuals using resting-state functional connectivity MRI","Barnes KA, Cohen AL, Power JD, Nelson SM, Dosenbach YB, Miezin FM, Petersen SE, Schlaggar BL.","Front Syst Neurosci. 2010 Jun 10;4:18. doi: 10.3389/fnsys.2010.00018. eCollection 2010.","Barnes KA","Front Syst Neurosci","2010","2010/07/01","PMC2892946","","10.3389/fnsys.2010.00018"
"20445067","Anatomical and functional connectivity of cytoarchitectonic areas within the human parietal operculum","Eickhoff SB, Jbabdi S, Caspers S, Laird AR, Fox PT, Zilles K, Behrens TE.","J Neurosci. 2010 May 5;30(18):6409-21. doi: 10.1523/JNEUROSCI.5664-09.2010.","Eickhoff SB","J Neurosci","2010","2010/05/07","PMC4791040","NIHMS765795","10.1523/JNEUROSCI.5664-09.2010"
"19969009","Effects of heartbeat and respiration on macaque fMRI: implications for functional connectivity","Teichert T, Grinband J, Hirsch J, Ferrera VP.","Neuropsychologia. 2010 Jun;48(7):1886-94. doi: 10.1016/j.neuropsychologia.2009.11.026. Epub 2009 Dec 5.","Teichert T","Neuropsychologia","2010","2009/12/09","PMC2876227","NIHMS164276","10.1016/j.neuropsychologia.2009.11.026"
"19603407","Metaanalytic connectivity modeling: delineating the functional connectivity of the human amygdala","Robinson JL, Laird AR, Glahn DC, Lovallo WR, Fox PT.","Hum Brain Mapp. 2010 Feb;31(2):173-84. doi: 10.1002/hbm.20854.","Robinson JL","Hum Brain Mapp","2010","2009/07/16","PMC2872058","NIHMS142188","10.1002/hbm.20854"
"19592571","Segregated fronto-cerebellar circuits revealed by intrinsic functional connectivity","Krienen FM, Buckner RL.","Cereb Cortex. 2009 Oct;19(10):2485-97. doi: 10.1093/cercor/bhp135. Epub 2009 Jul 10.","Krienen FM","Cereb Cortex","2009","2009/07/14","PMC2742600","","10.1093/cercor/bhp135"
"19074351","Modafinil shifts human locus coeruleus to low-tonic, high-phasic activity during functional MRI","Minzenberg MJ, Watrous AJ, Yoon JH, Ursu S, Carter CS.","Science. 2008 Dec 12;322(5908):1700-2. doi: 10.1126/science.1164908.","Minzenberg MJ","Science","2008","2008/12/17","","","10.1126/science.1164908"
"19072897","Two systems of resting state connectivity between the insula and cingulate cortex","Taylor KS, Seminowicz DA, Davis KD.","Hum Brain Mapp. 2009 Sep;30(9):2731-45. doi: 10.1002/hbm.20705.","Taylor KS","Hum Brain Mapp","2009","2008/12/17","PMC6871122","","10.1002/hbm.20705"
"18936272","Reciprocal thalamocortical connectivity of the medial pulvinar: a depth stimulation and evoked potential study in human brain","Rosenberg DS, Mauguière F, Catenoix H, Faillenot I, Magnin M.","Cereb Cortex. 2009 Jun;19(6):1462-73. doi: 10.1093/cercor/bhn185. Epub 2008 Oct 20.","Rosenberg DS","Cereb Cortex","2009","2008/10/22","","","10.1093/cercor/bhn185"
"18835656","Neurophysiology and neuroanatomy of reflexive and volitional saccades: evidence from studies of humans","McDowell JE, Dyckman KA, Austin BP, Clementz BA.","Brain Cogn. 2008 Dec;68(3):255-70. doi: 10.1016/j.bandc.2008.08.016. Epub 2008 Oct 5.","McDowell JE","Brain Cogn","2008","2008/10/07","PMC2614688","NIHMS83686","10.1016/j.bandc.2008.08.016"
"18687365","Computation in spinal circuitry: lessons from behaving primates","Harel R, Asher I, Cohen O, Israel Z, Shalit U, Yanai Y, Zinger N, Prut Y.","Behav Brain Res. 2008 Dec 12;194(2):119-28. doi: 10.1016/j.bbr.2008.07.013. Epub 2008 Jul 18.","Harel R","Behav Brain Res","2008","2008/08/09","","","10.1016/j.bbr.2008.07.013"
"18412133","A cross-modal system linking primary auditory and visual cortices: evidence from intrinsic fMRI connectivity analysis","Eckert MA, Kamdar NV, Chang CE, Beckmann CF, Greicius MD, Menon V.","Hum Brain Mapp. 2008 Jul;29(7):848-57. doi: 10.1002/hbm.20560.","Eckert MA","Hum Brain Mapp","2008","2008/04/17","PMC2605422","NIHMS74936","10.1002/hbm.20560"
"17604651","Mapping the functional connectivity of anterior cingulate cortex","Margulies DS, Kelly AM, Uddin LQ, Biswal BB, Castellanos FX, Milham MP.","Neuroimage. 2007 Aug 15;37(2):579-88. doi: 10.1016/j.neuroimage.2007.05.019. Epub 2007 May 24.","Margulies DS","Neuroimage","2007","2007/07/03","","","10.1016/j.neuroimage.2007.05.019"
"15068921","Brain network interactions in auditory, visual and linguistic processing","Horwitz B, Braun AR.","Brain Lang. 2004 May;89(2):377-84. doi: 10.1016/S0093-934X(03)00349-3.","Horwitz B","Brain Lang","2004","2004/04/08","","","10.1016/S0093-934X(03)00349-3"
"11984822","Nigral and pallidal inputs to functionally segregated thalamostriatal neurons in the centromedian/parafascicular intralaminar nuclear complex in monkey","Sidibé M, Paré JF, Smith Y.","J Comp Neurol. 2002 Jun 3;447(3):286-99. doi: 10.1002/cne.10247.","Sidibé M","J Comp Neurol","2002","2002/05/02","","","10.1002/cne.10247"
"10933210","Functional connectivity of the anterior cingulate cortex within the human frontal lobe: a brain-mapping meta-analysis","Koski L, Paus T.","Exp Brain Res. 2000 Jul;133(1):55-65. doi: 10.1007/s002210000400.","Koski L","Exp Brain Res","2000","2000/08/10","","","10.1007/s002210000400"
"10630214","Preservation of prefrontal cortical volume in behaviorally characterized aged macaque monkeys","O'Donnell KA, Rapp PR, Hof PR.","Exp Neurol. 1999 Nov;160(1):300-10. doi: 10.1006/exnr.1999.7192.","O'Donnell KA","Exp Neurol","1999","2000/01/12","","","10.1006/exnr.1999.7192"
