﻿PMID,Title,Authors,Citation,First Author,Journal/Book,Publication Year,Create Date,PMCID,NIHMS ID,DOI
"34271158","Functional networks in non-human primate spinal cord and the effects of injury","Sengupta A, Mishra A, Wang F, Li M, Yang PF, Chen LM, Gore JC.","Neuroimage. 2021 Jul 14;240:118391. doi: 10.1016/j.neuroimage.2021.118391. Online ahead of print.","Sengupta A","Neuroimage","2021","2021/07/16","","","10.1016/j.neuroimage.2021.118391"
"33827936","Distinct Functional and Structural Connectivity of the Human Hand-Knob Supported by Intraoperative Findings","Simone L, Viganò L, Fornia L, Howells H, Leonetti A, Puglisi G, Bellacicca A, Bello L, Cerri G.","J Neurosci. 2021 May 12;41(19):4223-4233. doi: 10.1523/JNEUROSCI.1574-20.2021. Epub 2021 Apr 7.","Simone L","J Neurosci","2021","2021/04/08","PMC8143196","","10.1523/JNEUROSCI.1574-20.2021"
"33549746","Muting, not fragmentation, of functional brain networks under general anesthesia","Areshenkoff CN, Nashed JY, Hutchison RM, Hutchison M, Levy R, Cook DJ, Menon RS, Everling S, Gallivan JP.","Neuroimage. 2021 May 1;231:117830. doi: 10.1016/j.neuroimage.2021.117830. Epub 2021 Feb 4.","Areshenkoff CN","Neuroimage","2021","2021/02/07","","","10.1016/j.neuroimage.2021.117830"
"33408615","Dynamic Interhemispheric Desynchronization in Marmosets and Humans With Disorders of the Corpus Callosum","Szczupak D, Yen CC, Liu C, Tian X, Lent R, Tovar-Moll F, Silva AC; IRC5 Consortium.","Front Neural Circuits. 2020 Dec 21;14:612595. doi: 10.3389/fncir.2020.612595. eCollection 2020.","Szczupak D","Front Neural Circuits","2020","2021/01/07","PMC7779638","","10.3389/fncir.2020.612595"
"33268770","Effects of long-term cocaine self-administration on brain resting-state functional connectivity in nonhuman primates","Kohut SJ, Mintzopoulos D, Kangas BD, Shields H, Brown K, Gillis TE, Rohan ML, Bergman J, Kaufman MJ.","Transl Psychiatry. 2020 Dec 2;10(1):420. doi: 10.1038/s41398-020-01101-z.","Kohut SJ","Transl Psychiatry","2020","2020/12/03","PMC7710734","","10.1038/s41398-020-01101-z"
"33248260","Resting state functional atlas and cerebral networks in mouse lemur primates at 11.7 Tesla","Garin CM, Nadkarni NA, Landeau B, Chételat G, Picq JL, Bougacha S, Dhenain M.","Neuroimage. 2021 Feb 1;226:117589. doi: 10.1016/j.neuroimage.2020.117589. Epub 2020 Nov 26.","Garin CM","Neuroimage","2021","2020/11/28","","","10.1016/j.neuroimage.2020.117589"
"33024242","Robustness of sex-differences in functional connectivity over time in middle-aged marmosets","Nephew BC, Febo M, Cali R, Workman KP, Payne L, Moore CM, King JA, Lacreuse A.","Sci Rep. 2020 Oct 6;10(1):16647. doi: 10.1038/s41598-020-73811-9.","Nephew BC","Sci Rep","2020","2020/10/07","PMC7538565","","10.1038/s41598-020-73811-9"
"32659353","Functional connectivity fingerprints of the human pulvinar: Decoding its role in cognition","Guedj C, Vuilleumier P.","Neuroimage. 2020 Nov 1;221:117162. doi: 10.1016/j.neuroimage.2020.117162. Epub 2020 Jul 11.","Guedj C","Neuroimage","2020","2020/07/14","","","10.1016/j.neuroimage.2020.117162"
"32539526","Diagnostic Classification for Human Autism and Obsessive-Compulsive Disorder Based on Machine Learning From a Primate Genetic Model","Zhan Y, Wei J, Liang J, Xu X, He R, Robbins TW, Wang Z.","Am J Psychiatry. 2021 Jan 1;178(1):65-76. doi: 10.1176/appi.ajp.2020.19101091. Epub 2020 Jun 16.","Zhan Y","Am J Psychiatry","2021","2020/06/17","","","10.1176/appi.ajp.2020.19101091"
"31262949","Sex Differences in Cognitive Flexibility and Resting Brain Networks in Middle-Aged Marmosets","LaClair M, Febo M, Nephew B, Gervais NJ, Poirier G, Workman K, Chumachenko S, Payne L, Moore MC, King JA, Lacreuse A.","eNeuro. 2019 Jul 25;6(4):ENEURO.0154-19.2019. doi: 10.1523/ENEURO.0154-19.2019. Print 2019 Jul/Aug.","LaClair M","eNeuro","2019","2019/07/03","PMC6658914","","10.1523/ENEURO.0154-19.2019"
"30530859","Changes in Endogenous Dopamine Induced by Methylphenidate Predict Functional Connectivity in Nonhuman Primates","Birn RM, Converse AK, Rajala AZ, Alexander AL, Block WF, McMillan AB, Christian BT, Filla CN, Murali D, Hurley SA, Jenison RL, Populin LC.","J Neurosci. 2019 Feb 20;39(8):1436-1444. doi: 10.1523/JNEUROSCI.2513-18.2018. Epub 2018 Dec 10.","Birn RM","J Neurosci","2019","2018/12/12","PMC6381257","","10.1523/JNEUROSCI.2513-18.2018"
"30099461","Comparative Primate Connectomics","Rilling JK, van den Heuvel MP.","Brain Behav Evol. 2018;91(3):170-179. doi: 10.1159/000488886. Epub 2018 Aug 10.","Rilling JK","Brain Behav Evol","2018","2018/08/13","","","10.1159/000488886"
"28905408","Resting-state functional connectivity in the rat cervical spinal cord at 9.4 T","Wu TL, Wang F, Mishra A, Wilson GH 3rd, Byun N, Chen LM, Gore JC.","Magn Reson Med. 2018 May;79(5):2773-2783. doi: 10.1002/mrm.26905. Epub 2017 Sep 14.","Wu TL","Magn Reson Med","2018","2017/09/15","PMC5821555","NIHMS928552","10.1002/mrm.26905"
"28161319","Biophysical and neural basis of resting state functional connectivity: Evidence from non-human primates","Chen LM, Yang PF, Wang F, Mishra A, Shi Z, Wu R, Wu TL, Wilson GH 3rd, Ding Z, Gore JC.","Magn Reson Imaging. 2017 Jun;39:71-81. doi: 10.1016/j.mri.2017.01.020. Epub 2017 Feb 2.","Chen LM","Magn Reson Imaging","2017","2017/02/06","PMC5410395","NIHMS852391","10.1016/j.mri.2017.01.020"
"28057458","The inferior parietal lobule and temporoparietal junction: A network perspective","Igelström KM, Graziano MSA.","Neuropsychologia. 2017 Oct;105:70-83. doi: 10.1016/j.neuropsychologia.2017.01.001. Epub 2017 Jan 3.","Igelström KM","Neuropsychologia","2017","2017/01/07","","","10.1016/j.neuropsychologia.2017.01.001"
"28040671","Decisional impulsivity and the associative-limbic subthalamic nucleus in obsessive-compulsive disorder: stimulation and connectivity","Voon V, Droux F, Morris L, Chabardes S, Bougerol T, David O, Krack P, Polosan M.","Brain. 2017 Feb;140(2):442-456. doi: 10.1093/brain/aww309. Epub 2016 Dec 31.","Voon V","Brain","2017","2017/01/02","PMC5278307","","10.1093/brain/aww309"
"28027960","Investigating resting-state functional connectivity in the cervical spinal cord at 3T","Eippert F, Kong Y, Winkler AM, Andersson JL, Finsterbusch J, Büchel C, Brooks JCW, Tracey I.","Neuroimage. 2017 Feb 15;147:589-601. doi: 10.1016/j.neuroimage.2016.12.072. Epub 2016 Dec 24.","Eippert F","Neuroimage","2017","2016/12/29","PMC5315056","","10.1016/j.neuroimage.2016.12.072"
"27859903","Corticostriatal connectivity fingerprints: Probability maps based on resting-state functional connectivity","Jaspers E, Balsters JH, Kassraian Fard P, Mantini D, Wenderoth N.","Hum Brain Mapp. 2017 Mar;38(3):1478-1491. doi: 10.1002/hbm.23466. Epub 2016 Nov 12.","Jaspers E","Hum Brain Mapp","2017","2016/11/19","PMC6866797","","10.1002/hbm.23466"
"27704218","Direct and indirect parieto-medial temporal pathways for spatial navigation in humans: evidence from resting-state functional connectivity","Boccia M, Sulpizio V, Nemmi F, Guariglia C, Galati G.","Brain Struct Funct. 2017 May;222(4):1945-1957. doi: 10.1007/s00429-016-1318-6. Epub 2016 Oct 4.","Boccia M","Brain Struct Funct","2017","2016/10/06","","","10.1007/s00429-016-1318-6"
"27596024","Resting state network topology of the ferret brain","Zhou ZC, Salzwedel AP, Radtke-Schuller S, Li Y, Sellers KK, Gilmore JH, Shih YY, Fröhlich F, Gao W.","Neuroimage. 2016 Dec;143:70-81. doi: 10.1016/j.neuroimage.2016.09.003. Epub 2016 Sep 2.","Zhou ZC","Neuroimage","2016","2016/09/07","PMC5124532","NIHMS817278","10.1016/j.neuroimage.2016.09.003"
"28590676","Parcellations and Connectivity Patterns in Human and Macaque Cerebral Cortex","Van Essen DC, Donahue C, Dierker DL, Glasser MF.","2016 Mar 11. In: Kennedy H, Van Essen DC, Christen Y, editors. Micro-, Meso- and Macro-Connectomics of the Brain [Internet]. Cham (CH): Springer; 2016.","Van Essen DC","Micro-, Meso- and Macro-Connectomics of the Brain","2016","2016/03/11","","","10.1007/978-3-319-27777-6_7"
"26290449","Resting-state functional connectivity in the baboon model of genetic generalized epilepsy","Salinas FS, Szabó CÁ.","Epilepsia. 2015 Oct;56(10):1580-9. doi: 10.1111/epi.13115. Epub 2015 Aug 20.","Salinas FS","Epilepsia","2015","2015/08/21","PMC4593742","NIHMS708606","10.1111/epi.13115"
"25512496","Large-scale topology and the default mode network in the mouse connectome","Stafford JM, Jarrett BR, Miranda-Dominguez O, Mills BD, Cain N, Mihalas S, Lahvis GP, Lattal KM, Mitchell SH, David SV, Fryer JD, Nigg JT, Fair DA.","Proc Natl Acad Sci U S A. 2014 Dec 30;111(52):18745-50. doi: 10.1073/pnas.1404346111. Epub 2014 Dec 15.","Stafford JM","Proc Natl Acad Sci U S A","2014","2014/12/17","PMC4284535","","10.1073/pnas.1404346111"
"25386919","Connectotyping: model based fingerprinting of the functional connectome","Miranda-Dominguez O, Mills BD, Carpenter SD, Grant KA, Kroenke CD, Nigg JT, Fair DA.","PLoS One. 2014 Nov 11;9(11):e111048. doi: 10.1371/journal.pone.0111048. eCollection 2014.","Miranda-Dominguez O","PLoS One","2014","2014/11/12","PMC4227655","","10.1371/journal.pone.0111048"
"24068551","Large-scale brain networks of the human left temporal pole: a functional connectivity MRI study","Pascual B, Masdeu JC, Hollenbeck M, Makris N, Insausti R, Ding SL, Dickerson BC.","Cereb Cortex. 2015 Mar;25(3):680-702. doi: 10.1093/cercor/bht260. Epub 2013 Sep 24.","Pascual B","Cereb Cortex","2015","2013/09/27","PMC4318532","","10.1093/cercor/bht260"
"23513045","Dissociable functional networks of the human dentate nucleus","Bernard JA, Peltier SJ, Benson BL, Wiggins JL, Jaeggi SM, Buschkuehl M, Jonides J, Monk CS, Seidler RD.","Cereb Cortex. 2014 Aug;24(8):2151-9. doi: 10.1093/cercor/bht065. Epub 2013 Mar 19.","Bernard JA","Cereb Cortex","2014","2013/03/21","PMC4089384","","10.1093/cercor/bht065"
"22040739","Ongoing physiological processes in the cerebral cortex","Leopold DA, Maier A.","Neuroimage. 2012 Oct 1;62(4):2190-200. doi: 10.1016/j.neuroimage.2011.10.059. Epub 2011 Oct 25.","Leopold DA","Neuroimage","2012","2011/11/02","PMC3288739","NIHMS334847","10.1016/j.neuroimage.2011.10.059"
"21411650","Diffusion-weighted imaging tractography-based parcellation of the human parietal cortex and comparison with human and macaque resting-state functional connectivity","Mars RB, Jbabdi S, Sallet J, O'Reilly JX, Croxson PL, Olivier E, Noonan MP, Bergmann C, Mitchell AS, Baxter MG, Behrens TE, Johansen-Berg H, Tomassini V, Miller KL, Rushworth MF.","J Neurosci. 2011 Mar 16;31(11):4087-100. doi: 10.1523/JNEUROSCI.5102-10.2011.","Mars RB","J Neurosci","2011","2011/03/18","PMC3091022","UKMS34710","10.1523/JNEUROSCI.5102-10.2011"
"21265603","Functional connectivity and coactivation of the nucleus accumbens: a combined functional connectivity and structure-based meta-analysis","Cauda F, Cavanna AE, D'agata F, Sacco K, Duca S, Geminiani GC.","J Cogn Neurosci. 2011 Oct;23(10):2864-77. doi: 10.1162/jocn.2011.21624. Epub 2011 Jan 25.","Cauda F","J Cogn Neurosci","2011","2011/01/27","","","10.1162/jocn.2011.21624"
"21111053","Functional connectivity of the insula in the resting brain","Cauda F, D'Agata F, Sacco K, Duca S, Geminiani G, Vercelli A.","Neuroimage. 2011 Mar 1;55(1):8-23. doi: 10.1016/j.neuroimage.2010.11.049. Epub 2010 Nov 24.","Cauda F","Neuroimage","2011","2010/11/30","","","10.1016/j.neuroimage.2010.11.049"
"20662902","Broca's region: linking human brain functional connectivity data and non-human primate tracing anatomy studies","Kelly C, Uddin LQ, Shehzad Z, Margulies DS, Castellanos FX, Milham MP, Petrides M.","Eur J Neurosci. 2010 Aug;32(3):383-98. doi: 10.1111/j.1460-9568.2010.07279.x. Epub 2010 Jul 21.","Kelly C","Eur J Neurosci","2010","2010/07/29","PMC3111969","NIHMS294225","10.1111/j.1460-9568.2010.07279.x"
"20589235","Identifying Basal Ganglia divisions in individuals using resting-state functional connectivity MRI","Barnes KA, Cohen AL, Power JD, Nelson SM, Dosenbach YB, Miezin FM, Petersen SE, Schlaggar BL.","Front Syst Neurosci. 2010 Jun 10;4:18. doi: 10.3389/fnsys.2010.00018. eCollection 2010.","Barnes KA","Front Syst Neurosci","2010","2010/07/01","PMC2892946","","10.3389/fnsys.2010.00018"
"19072897","Two systems of resting state connectivity between the insula and cingulate cortex","Taylor KS, Seminowicz DA, Davis KD.","Hum Brain Mapp. 2009 Sep;30(9):2731-45. doi: 10.1002/hbm.20705.","Taylor KS","Hum Brain Mapp","2009","2008/12/17","PMC6871122","","10.1002/hbm.20705"
"17604651","Mapping the functional connectivity of anterior cingulate cortex","Margulies DS, Kelly AM, Uddin LQ, Biswal BB, Castellanos FX, Milham MP.","Neuroimage. 2007 Aug 15;37(2):579-88. doi: 10.1016/j.neuroimage.2007.05.019. Epub 2007 May 24.","Margulies DS","Neuroimage","2007","2007/07/03","","","10.1016/j.neuroimage.2007.05.019"
