﻿PMID,Title,Authors,Citation,First Author,Journal/Book,Publication Year,Create Date,PMCID,NIHMS ID,DOI
"34290088","Global waves synchronize the brain's functional systems with fluctuating arousal","Raut RV, Snyder AZ, Mitra A, Yellin D, Fujii N, Malach R, Raichle ME.","Sci Adv. 2021 Jul 21;7(30):eabf2709. doi: 10.1126/sciadv.abf2709. Print 2021 Jul.","Raut RV","Sci Adv","2021","2021/07/22","PMC8294763","","10.1126/sciadv.abf2709"
"33647571","Chronic psychosocial stress and experimental pubertal delay affect socioemotional behavior and amygdala functional connectivity in adolescent female rhesus macaques","Pincus M, Godfrey JR, Feczko E, Earl E, Miranda-Dominguez O, Fair D, Wilson ME, Sanchez MM, Kelly C.","Psychoneuroendocrinology. 2021 May;127:105154. doi: 10.1016/j.psyneuen.2021.105154. Epub 2021 Feb 11.","Pincus M","Psychoneuroendocrinology","2021","2021/03/01","","","10.1016/j.psyneuen.2021.105154"
"33526909","Modelling and prediction of the dynamic responses of large-scale brain networks during direct electrical stimulation","Yang Y, Qiao S, Sani OG, Sedillo JI, Ferrentino B, Pesaran B, Shanechi MM.","Nat Biomed Eng. 2021 Apr;5(4):324-345. doi: 10.1038/s41551-020-00666-w. Epub 2021 Feb 1.","Yang Y","Nat Biomed Eng","2021","2021/02/02","","","10.1038/s41551-020-00666-w"
"33484849","The nonhuman primate neuroimaging and neuroanatomy project","Hayashi T, Hou Y, Glasser MF, Autio JA, Knoblauch K, Inoue-Murayama M, Coalson T, Yacoub E, Smith S, Kennedy H, Van Essen DC.","Neuroimage. 2021 Apr 1;229:117726. doi: 10.1016/j.neuroimage.2021.117726. Epub 2021 Jan 20.","Hayashi T","Neuroimage","2021","2021/01/23","PMC8079967","NIHMS1688396","10.1016/j.neuroimage.2021.117726"
"33350445","Individual Variability in Functional Organization of the Human and Monkey Auditory Cortex","Ren J, Xu T, Wang D, Li M, Lin Y, Schoeppe F, Ramirez JSB, Han Y, Luan G, Li L, Liu H, Ahveninen J.","Cereb Cortex. 2021 Mar 31;31(5):2450-2465. doi: 10.1093/cercor/bhaa366.","Ren J","Cereb Cortex","2021","2020/12/22","PMC8023837","","10.1093/cercor/bhaa366"
"33122655","Shared functional connectivity between the dorso-medial and dorso-ventral streams in macaques","Greulich RS, Adam R, Everling S, Scherberger H.","Sci Rep. 2020 Oct 29;10(1):18610. doi: 10.1038/s41598-020-75219-x.","Greulich RS","Sci Rep","2020","2020/10/30","PMC7596572","","10.1038/s41598-020-75219-x"
"33122437","Differential functional connectivity underlying asymmetric reward-related activity in human and nonhuman primates","Lopez-Persem A, Roumazeilles L, Folloni D, Marche K, Fouragnan EF, Khalighinejad N, Rushworth MFS, Sallet J.","Proc Natl Acad Sci U S A. 2020 Nov 10;117(45):28452-28462. doi: 10.1073/pnas.2000759117. Epub 2020 Oct 29.","Lopez-Persem A","Proc Natl Acad Sci U S A","2020","2020/10/30","PMC7668182","","10.1073/pnas.2000759117"
"33112698","Whole brain mapping of somatosensory responses in awake marmosets investigated with ultra-high-field fMRI","Cléry JC, Hori Y, Schaeffer DJ, Gati JS, Pruszynski JA, Everling S.","J Neurophysiol. 2020 Dec 1;124(6):1900-1913. doi: 10.1152/jn.00480.2020. Epub 2020 Oct 28.","Cléry JC","J Neurophysiol","2020","2020/10/28","","","10.1152/jn.00480.2020"
"33075046","Adults vs. neonates: Differentiation of functional connectivity between the basolateral amygdala and occipitotemporal cortex","Hansen HA, Li J, Saygin ZM.","PLoS One. 2020 Oct 19;15(10):e0237204. doi: 10.1371/journal.pone.0237204. eCollection 2020.","Hansen HA","PLoS One","2020","2020/10/19","PMC7571669","","10.1371/journal.pone.0237204"
"32936342","Reproducing macaque lateral grasping and oculomotor networks using resting state functional connectivity and diffusion tractography","Howells H, Simone L, Borra E, Fornia L, Cerri G, Luppino G.","Brain Struct Funct. 2020 Nov;225(8):2533-2551. doi: 10.1007/s00429-020-02142-2. Epub 2020 Sep 16.","Howells H","Brain Struct Funct","2020","2020/09/16","PMC7544728","","10.1007/s00429-020-02142-2"
"32898683","Ultra-high field (10.5 T) resting state fMRI in the macaque","Yacoub E, Grier MD, Auerbach EJ, Lagore RL, Harel N, Adriany G, Zilverstand A, Hayden BY, Heilbronner SR, Uğurbil K, Zimmermann J.","Neuroimage. 2020 Dec;223:117349. doi: 10.1016/j.neuroimage.2020.117349. Epub 2020 Sep 6.","Yacoub E","Neuroimage","2020","2020/09/08","PMC7745777","NIHMS1651795","10.1016/j.neuroimage.2020.117349"
"32818615","Evolutional and developmental anatomical architecture of the left inferior frontal gyrus","Wang J, Yang Y, Zhao X, Zuo Z, Tan LH.","Neuroimage. 2020 Nov 15;222:117268. doi: 10.1016/j.neuroimage.2020.117268. Epub 2020 Aug 18.","Wang J","Neuroimage","2020","2020/08/21","","","10.1016/j.neuroimage.2020.117268"
"32758424","Selective Mesoaccumbal Pathway Inactivation Affects Motivation but Not Reinforcement-Based Learning in Macaques","Vancraeyenest P, Arsenault JT, Li X, Zhu Q, Kobayashi K, Isa K, Isa T, Vanduffel W.","Neuron. 2020 Nov 11;108(3):568-581.e6. doi: 10.1016/j.neuron.2020.07.013. Epub 2020 Aug 5.","Vancraeyenest P","Neuron","2020","2020/08/08","","","10.1016/j.neuron.2020.07.013"
"32439858","Long-term alterations in brain and behavior after postnatal Zika virus infection in infant macaques","Raper J, Kovacs-Balint Z, Mavigner M, Gumber S, Burke MW, Habib J, Mattingly C, Fair D, Earl E, Feczko E, Styner M, Jean SM, Cohen JK, Suthar MS, Sanchez MM, Alvarado MC, Chahroudi A.","Nat Commun. 2020 May 21;11(1):2534. doi: 10.1038/s41467-020-16320-7.","Raper J","Nat Commun","2020","2020/05/23","PMC7242369","","10.1038/s41467-020-16320-7"
"32379044","Recurrent circuit dynamics underlie persistent activity in the macaque frontoparietal network","Hart E, Huk AC.","Elife. 2020 May 7;9:e52460. doi: 10.7554/eLife.52460.","Hart E","Elife","2020","2020/05/08","PMC7205463","","10.7554/eLife.52460"
"32269107","MECP2 Duplication Causes Aberrant GABA Pathways, Circuits and Behaviors in Transgenic Monkeys: Neural Mappings to Patients with Autism","Cai DC, Wang Z, Bo T, Yan S, Liu Y, Liu Z, Zeljic K, Chen X, Zhan Y, Xu X, Du Y, Wang Y, Cang J, Wang GZ, Zhang J, Sun Q, Qiu Z, Ge S, Ye Z, Wang Z.","J Neurosci. 2020 May 6;40(19):3799-3814. doi: 10.1523/JNEUROSCI.2727-19.2020. Epub 2020 Apr 8.","Cai DC","J Neurosci","2020","2020/04/10","PMC7204082","","10.1523/JNEUROSCI.2727-19.2020"
"31553685","Altered functional interactions between neurons in primary visual cortex of macaque monkeys with experimental amblyopia","Acar K, Kiorpes L, Movshon JA, Smith MA.","J Neurophysiol. 2019 Dec 1;122(6):2243-2258. doi: 10.1152/jn.00232.2019. Epub 2019 Sep 25.","Acar K","J Neurophysiol","2019","2019/09/26","PMC6966320","","10.1152/jn.00232.2019"
"31354418","Fine-Grained Parcellation of the Macaque Nucleus Accumbens by High-Resolution Diffusion Tensor Tractography","Xia X, Fan L, Hou B, Zhang B, Zhang D, Cheng C, Deng H, Dong Y, Zhao X, Li H, Jiang T.","Front Neurosci. 2019 Jul 10;13:709. doi: 10.3389/fnins.2019.00709. eCollection 2019.","Xia X","Front Neurosci","2019","2019/07/30","PMC6635473","","10.3389/fnins.2019.00709"
"30923310","Functional ultrasound imaging of the brain reveals propagation of task-related brain activity in behaving primates","Dizeux A, Gesnik M, Ahnine H, Blaize K, Arcizet F, Picaud S, Sahel JA, Deffieux T, Pouget P, Tanter M.","Nat Commun. 2019 Mar 28;10(1):1400. doi: 10.1038/s41467-019-09349-w.","Dizeux A","Nat Commun","2019","2019/03/30","PMC6438968","","10.1038/s41467-019-09349-w"
"30765166","Manipulation of Subcortical and Deep Cortical Activity in the Primate Brain Using Transcranial Focused Ultrasound Stimulation","Folloni D, Verhagen L, Mars RB, Fouragnan E, Constans C, Aubry JF, Rushworth MFS, Sallet J.","Neuron. 2019 Mar 20;101(6):1109-1116.e5. doi: 10.1016/j.neuron.2019.01.019. Epub 2019 Feb 11.","Folloni D","Neuron","2019","2019/02/16","PMC6520498","","10.1016/j.neuron.2019.01.019"
"30668705","Biological Characteristics of Connection-Wise Resting-State Functional Connectivity Strength","Pijnenburg R, Scholtens LH, Mantini D, Vanduffel W, Barrett LF, van den Heuvel MP.","Cereb Cortex. 2019 Dec 17;29(11):4646-4653. doi: 10.1093/cercor/bhy342.","Pijnenburg R","Cereb Cortex","2019","2019/01/23","PMC7049309","","10.1093/cercor/bhy342"
"30530862","Intrinsic Functional Boundaries of Lateral Frontal Cortex in the Common Marmoset Monkey","Schaeffer DJ, Gilbert KM, Gati JS, Menon RS, Everling S.","J Neurosci. 2019 Feb 6;39(6):1020-1029. doi: 10.1523/JNEUROSCI.2595-18.2018. Epub 2018 Dec 10.","Schaeffer DJ","J Neurosci","2019","2018/12/12","PMC6363921","","10.1523/JNEUROSCI.2595-18.2018"
"30419289","Intrinsic functional clustering of anterior cingulate cortex in the common marmoset","Schaeffer DJ, Gilbert KM, Ghahremani M, Gati JS, Menon RS, Everling S.","Neuroimage. 2019 Feb 1;186:301-307. doi: 10.1016/j.neuroimage.2018.11.005. Epub 2018 Nov 10.","Schaeffer DJ","Neuroimage","2019","2018/11/13","","","10.1016/j.neuroimage.2018.11.005"
"30295946","Intranasal oxytocin in rhesus monkeys alters brain networks that detect social salience and reward","Parr LA, Mitchell T, Hecht E.","Am J Primatol. 2018 Oct;80(10):e22915. doi: 10.1002/ajp.22915. Epub 2018 Sep 17.","Parr LA","Am J Primatol","2018","2018/10/09","PMC6381825","NIHMS1000439","10.1002/ajp.22915"
"30272135","Early Developmental Trajectories of Functional Connectivity Along the Visual Pathways in Rhesus Monkeys","Kovacs-Balint Z, Feczko E, Pincus M, Earl E, Miranda-Dominguez O, Howell B, Morin E, Maltbie E, Li L, Steele J, Styner M, Bachevalier J, Fair D, Sanchez M.","Cereb Cortex. 2019 Jul 22;29(8):3514-3526. doi: 10.1093/cercor/bhy222.","Kovacs-Balint Z","Cereb Cortex","2019","2018/10/02","PMC6644858","","10.1093/cercor/bhy222"
"30099461","Comparative Primate Connectomics","Rilling JK, van den Heuvel MP.","Brain Behav Evol. 2018;91(3):170-179. doi: 10.1159/000488886. Epub 2018 Aug 10.","Rilling JK","Brain Behav Evol","2018","2018/08/13","","","10.1159/000488886"
"29971252","Chronometry on Spike-LFP Responses Reveals the Functional Neural Circuitry of Early Auditory Cortex Underlying Sound Processing and Discrimination","Banerjee A, Kikuchi Y, Mishkin M, Rauschecker JP, Horwitz B.","eNeuro. 2018 Jul 3;5(3):ENEURO.0420-17.2018. doi: 10.1523/ENEURO.0420-17.2018. eCollection 2018 May-Jun.","Banerjee A","eNeuro","2018","2018/07/05","PMC6028825","","10.1523/ENEURO.0420-17.2018"
"29809133","Targeted cortical reorganization using optogenetics in non-human primates","Yazdan-Shahmorad A, Silversmith DB, Kharazia V, Sabes PN.","Elife. 2018 May 29;7:e31034. doi: 10.7554/eLife.31034.","Yazdan-Shahmorad A","Elife","2018","2018/05/30","PMC5986269","","10.7554/eLife.31034"
"29618564","Postnatal Zika virus infection is associated with persistent abnormalities in brain structure, function, and behavior in infant macaques","Mavigner M, Raper J, Kovacs-Balint Z, Gumber S, O'Neal JT, Bhaumik SK, Zhang X, Habib J, Mattingly C, McDonald CE, Avanzato V, Burke MW, Magnani DM, Bailey VK, Watkins DI, Vanderford TH, Fair D, Earl E, Feczko E, Styner M, Jean SM, Cohen JK, Silvestri G, Johnson RP, O'Connor DH, Wrammert J, Suthar MS, Sanchez MM, Alvarado MC, Chahroudi A.","Sci Transl Med. 2018 Apr 4;10(435):eaao6975. doi: 10.1126/scitranslmed.aao6975.","Mavigner M","Sci Transl Med","2018","2018/04/06","PMC6186170","NIHMS990959","10.1126/scitranslmed.aao6975"
"29437980","Temporal-prefrontal cortical network for discrimination of valuable objects in long-term memory","Ghazizadeh A, Griggs W, Leopold DA, Hikosaka O.","Proc Natl Acad Sci U S A. 2018 Feb 27;115(9):E2135-E2144. doi: 10.1073/pnas.1707695115. Epub 2018 Feb 1.","Ghazizadeh A","Proc Natl Acad Sci U S A","2018","2018/02/14","PMC5834664","","10.1073/pnas.1707695115"
"29398365","The Basal Forebrain Regulates Global Resting-State fMRI Fluctuations","Turchi J, Chang C, Ye FQ, Russ BE, Yu DK, Cortes CR, Monosov IE, Duyn JH, Leopold DA.","Neuron. 2018 Feb 21;97(4):940-952.e4. doi: 10.1016/j.neuron.2018.01.032. Epub 2018 Feb 1.","Turchi J","Neuron","2018","2018/02/06","PMC5823771","NIHMS935143","10.1016/j.neuron.2018.01.032"
"29332256","Dopamine-dependent social information processing in non-human primates","Lee YA, Lionnet S, Kato A, Goto Y.","Psychopharmacology (Berl). 2018 Apr;235(4):1141-1149. doi: 10.1007/s00213-018-4831-x. Epub 2018 Jan 14.","Lee YA","Psychopharmacology (Berl)","2018","2018/01/15","PMC5869898","","10.1007/s00213-018-4831-x"
"29299382","An interspecies comparative study of invasive electrophysiological functional connectivity","Casimo K, Levinson LH, Zanos S, Gkogkidis CA, Ball T, Fetz E, Weaver KE, Ojemann JG.","Brain Behav. 2017 Nov 22;7(12):e00863. doi: 10.1002/brb3.863. eCollection 2017 Dec.","Casimo K","Brain Behav","2017","2018/01/05","PMC5745242","","10.1002/brb3.863"
"27917958","Functional complexity emerging from anatomical constraints in the brain: the significance of network modularity and rich-clubs","Zamora-López G, Chen Y, Deco G, Kringelbach ML, Zhou C.","Sci Rep. 2016 Dec 5;6:38424. doi: 10.1038/srep38424.","Zamora-López G","Sci Rep","2016","2016/12/06","PMC5137167","","10.1038/srep38424"
"27405331","Frontoparietal Functional Connectivity in the Common Marmoset","Ghahremani M, Hutchison RM, Menon RS, Everling S.","Cereb Cortex. 2017 Aug 1;27(8):3890-3905. doi: 10.1093/cercor/bhw198.","Ghahremani M","Cereb Cortex","2017","2016/07/14","","","10.1093/cercor/bhw198"
"27063864","Decreased functional connectivity in dorsolateral prefrontal cortical networks in adult macaques with neonatal hippocampal lesions: Relations to visual working memory deficits","Meng Y, Hu X, Bachevalier J, Zhang X.","Neurobiol Learn Mem. 2016 Oct;134 Pt A(Pt A):31-37. doi: 10.1016/j.nlm.2016.04.003. Epub 2016 Apr 7.","Meng Y","Neurobiol Learn Mem","2016","2016/04/12","PMC6329462","NIHMS1001069","10.1016/j.nlm.2016.04.003"
"26899785","A ventral salience network in the macaque brain","Touroutoglou A, Bliss-Moreau E, Zhang J, Mantini D, Vanduffel W, Dickerson BC, Barrett LF.","Neuroimage. 2016 May 15;132:190-197. doi: 10.1016/j.neuroimage.2016.02.029. Epub 2016 Feb 17.","Touroutoglou A","Neuroimage","2016","2016/02/23","PMC4851897","NIHMS767594","10.1016/j.neuroimage.2016.02.029"
"25941372","Stable long-range interhemispheric coordination is supported by direct anatomical projections","Shen K, Mišić B, Cipollini BN, Bezgin G, Buschkuehl M, Hutchison RM, Jaeggi SM, Kross E, Peltier SJ, Everling S, Jonides J, McIntosh AR, Berman MG.","Proc Natl Acad Sci U S A. 2015 May 19;112(20):6473-8. doi: 10.1073/pnas.1503436112. Epub 2015 May 4.","Shen K","Proc Natl Acad Sci U S A","2015","2015/05/06","PMC4443345","","10.1073/pnas.1503436112"
"25855174","Network structure shapes spontaneous functional connectivity dynamics","Shen K, Hutchison RM, Bezgin G, Everling S, McIntosh AR.","J Neurosci. 2015 Apr 8;35(14):5579-88. doi: 10.1523/JNEUROSCI.4903-14.2015.","Shen K","J Neurosci","2015","2015/04/10","PMC6605321","","10.1523/JNEUROSCI.4903-14.2015"
"25799040","Global network influences on local functional connectivity","Snyder AC, Morais MJ, Willis CM, Smith MA.","Nat Neurosci. 2015 May;18(5):736-43. doi: 10.1038/nn.3979. Epub 2015 Mar 23.","Snyder AC","Nat Neurosci","2015","2015/03/24","PMC4641678","NIHMS666245","10.1038/nn.3979"
"25044934","Isoflurane induces dose-dependent alterations in the cortical connectivity profiles and dynamic properties of the brain's functional architecture","Hutchison RM, Hutchison M, Manning KY, Menon RS, Everling S.","Hum Brain Mapp. 2014 Dec;35(12):5754-75. doi: 10.1002/hbm.22583. Epub 2014 Jul 12.","Hutchison RM","Hum Brain Mapp","2014","2014/07/22","PMC6869297","","10.1002/hbm.22583"
"24899713","Identification of optimal structural connectivity using functional connectivity and neural modeling","Deco G, McIntosh AR, Shen K, Hutchison RM, Menon RS, Everling S, Hagmann P, Jirsa VK.","J Neurosci. 2014 Jun 4;34(23):7910-6. doi: 10.1523/JNEUROSCI.4423-13.2014.","Deco G","J Neurosci","2014","2014/06/06","PMC6608269","","10.1523/JNEUROSCI.4423-13.2014"
"24741045","Bridging the gap between the human and macaque connectome: a quantitative comparison of global interspecies structure-function relationships and network topology","Miranda-Dominguez O, Mills BD, Grayson D, Woodall A, Grant KA, Kroenke CD, Fair DA.","J Neurosci. 2014 Apr 16;34(16):5552-63. doi: 10.1523/JNEUROSCI.4229-13.2014.","Miranda-Dominguez O","J Neurosci","2014","2014/04/18","PMC3988411","","10.1523/JNEUROSCI.4229-13.2014"
"24530271","Parkinson׳s disease-related modulation of functional connectivity associated with the striatum in the resting state in a nonhuman primate model","Li J, Luo C, Chen Y, Chen Q, Huang R, Sun J, Gong Q, Wu X, Qi Z, Liang Z, Li L, Li H, Li P, Wang W, Shang HF.","Brain Res. 2014 Mar 25;1555:10-9. doi: 10.1016/j.brainres.2014.01.054. Epub 2014 Feb 13.","Li J","Brain Res","2014","2014/02/18","","","10.1016/j.brainres.2014.01.054"
"22735155","Contrasting patterns of cortical input to architectural subdivisions of the area 8 complex: a retrograde tracing study in marmoset monkeys","Reser DH, Burman KJ, Yu HH, Chaplin TA, Richardson KE, Worthy KH, Rosa MG.","Cereb Cortex. 2013 Aug;23(8):1901-22. doi: 10.1093/cercor/bhs177. Epub 2012 Jun 26.","Reser DH","Cereb Cortex","2013","2012/06/28","PMC3698368","","10.1093/cercor/bhs177"
"22438275","Resting-state networks show dynamic functional connectivity in awake humans and anesthetized macaques","Hutchison RM, Womelsdorf T, Gati JS, Everling S, Menon RS.","Hum Brain Mapp. 2013 Sep;34(9):2154-77. doi: 10.1002/hbm.22058. Epub 2012 Mar 22.","Hutchison RM","Hum Brain Mapp","2013","2012/03/23","PMC6870538","","10.1002/hbm.22058"
"21411650","Diffusion-weighted imaging tractography-based parcellation of the human parietal cortex and comparison with human and macaque resting-state functional connectivity","Mars RB, Jbabdi S, Sallet J, O'Reilly JX, Croxson PL, Olivier E, Noonan MP, Bergmann C, Mitchell AS, Baxter MG, Behrens TE, Johansen-Berg H, Tomassini V, Miller KL, Rushworth MF.","J Neurosci. 2011 Mar 16;31(11):4087-100. doi: 10.1523/JNEUROSCI.5102-10.2011.","Mars RB","J Neurosci","2011","2011/03/18","PMC3091022","UKMS34710","10.1523/JNEUROSCI.5102-10.2011"
"20110506","Decorrelated neuronal firing in cortical microcircuits","Ecker AS, Berens P, Keliris GA, Bethge M, Logothetis NK, Tolias AS.","Science. 2010 Jan 29;327(5965):584-7. doi: 10.1126/science.1179867.","Ecker AS","Science","2010","2010/01/30","","","10.1126/science.1179867"
"19955295","Functional connectivity of the macaque posterior parahippocampal cortex","Vincent JL, Kahn I, Van Essen DC, Buckner RL.","J Neurophysiol. 2010 Feb;103(2):793-800. doi: 10.1152/jn.00546.2009. Epub 2009 Dec 2.","Vincent JL","J Neurophysiol","2010","2009/12/04","PMC2822694","","10.1152/jn.00546.2009"
"12811734","Regional cerebral blood flow correlations of somatosensory areas 3a, 3b, 1, and 2 in humans during rest: a PET and cytoarchitectural study","Young JP, Geyer S, Grefkes C, Amunts K, Morosan P, Zilles K, Roland PE.","Hum Brain Mapp. 2003 Jul;19(3):183-96. doi: 10.1002/hbm.10114.","Young JP","Hum Brain Mapp","2003","2003/06/18","PMC6872010","","10.1002/hbm.10114"
