﻿PMID,Title,Authors,Citation,First Author,Journal/Book,Publication Year,Create Date,PMCID,NIHMS ID,DOI
"33967709","Comparison of Scalp ERP to Faces in Macaques and Humans","Orczyk J, Schroeder CE, Abeles IY, Gomez-Ramirez M, Butler PD, Kajikawa Y.","Front Syst Neurosci. 2021 Apr 16;15:667611. doi: 10.3389/fnsys.2021.667611. eCollection 2021.","Orczyk J","Front Syst Neurosci","2021","2021/05/10","PMC8101630","","10.3389/fnsys.2021.667611"
"33741436","Optimization of a quadrature birdcage coil for functional imaging of squirrel monkey brain at 9.4T","Lu M, Yang Z, Wang F, Drake G, Chen LM, Gore JC, Yan X.","Magn Reson Imaging. 2021 Jun;79:45-51. doi: 10.1016/j.mri.2021.03.012. Epub 2021 Mar 17.","Lu M","Magn Reson Imaging","2021","2021/03/20","PMC8107140","NIHMS1684368","10.1016/j.mri.2021.03.012"
"33577936","Organization of the macaque monkey inferior parietal lobule based on multimodal receptor architectonics","Niu M, Rapan L, Funck T, Froudist-Walsh S, Zhao L, Zilles K, Palomero-Gallagher N.","Neuroimage. 2021 May 1;231:117843. doi: 10.1016/j.neuroimage.2021.117843. Epub 2021 Feb 10.","Niu M","Neuroimage","2021","2021/02/12","PMC8188735","NIHMS1702873","10.1016/j.neuroimage.2021.117843"
"32875354","Wide-field retinotopy reveals a new visuotopic cluster in macaque posterior parietal cortex","Rima S, Cottereau BR, Héjja-Brichard Y, Trotter Y, Durand JB.","Brain Struct Funct. 2020 Nov;225(8):2447-2461. doi: 10.1007/s00429-020-02134-2. Epub 2020 Sep 2.","Rima S","Brain Struct Funct","2020","2020/09/03","PMC7544618","","10.1007/s00429-020-02134-2"
"32745675","Mapping subcomponents of numerical cognition in relation to functional and anatomical landmarks of human parietal cortex","Castaldi E, Vignaud A, Eger E.","Neuroimage. 2020 Nov 1;221:117210. doi: 10.1016/j.neuroimage.2020.117210. Epub 2020 Aug 1.","Castaldi E","Neuroimage","2020","2020/08/04","","","10.1016/j.neuroimage.2020.117210"
"32226552","NIR-II fluorescence microscopic imaging of cortical vasculature in non-human primates","Cai Z, Zhu L, Wang M, Roe AW, Xi W, Qian J.","Theranostics. 2020 Mar 4;10(9):4265-4276. doi: 10.7150/thno.43533. eCollection 2020.","Cai Z","Theranostics","2020","2020/04/01","PMC7086344","","10.7150/thno.43533"
"32081631","A 16-channel loop array for in vivo macaque whole-brain imaging at 3 T","Quan Z, Gao Y, Qu S, Wang X, Friedman RM, Chernov MM, Kroenke CD, Roe AW, Zhang X.","Magn Reson Imaging. 2020 May;68:167-172. doi: 10.1016/j.mri.2020.02.008. Epub 2020 Feb 17.","Quan Z","Magn Reson Imaging","2020","2020/02/22","PMC7784245","NIHMS1655088","10.1016/j.mri.2020.02.008"
"30807382","Propofol Anesthesia Increases Long-range Frontoparietal Corticocortical Interaction in the Oculomotor Circuit in Macaque Monkeys","Ma L, Liu W, Hudson AE.","Anesthesiology. 2019 Apr;130(4):560-571. doi: 10.1097/ALN.0000000000002637.","Ma L","Anesthesiology","2019","2019/02/27","PMC6417961","NIHMS1518660","10.1097/ALN.0000000000002637"
"28845885","Analysis of vascular homogeneity and anisotropy on high-resolution primate brain imaging","Kennel P, Fonta C, Guibert R, Plouraboué F.","Hum Brain Mapp. 2017 Nov;38(11):5756-5777. doi: 10.1002/hbm.23766. Epub 2017 Aug 28.","Kennel P","Hum Brain Mapp","2017","2017/08/29","PMC6866716","","10.1002/hbm.23766"
"28461059","High-resolution functional MRI identified distinct global intrinsic functional networks of nociceptive posterior insula and S2 regions in squirrel monkey brain","Wu R, Wang F, Yang PF, Chen LM.","Neuroimage. 2017 Jul 15;155:147-158. doi: 10.1016/j.neuroimage.2017.04.067. Epub 2017 Apr 28.","Wu R","Neuroimage","2017","2017/05/03","PMC6104393","NIHMS983774","10.1016/j.neuroimage.2017.04.067"
"28419201","Functional Imaging of Audio-Visual Selective Attention in Monkeys and Humans: How do Lapses in Monkey Performance Affect Cross-Species Correspondences?","Rinne T, Muers RS, Salo E, Slater H, Petkov CI.","Cereb Cortex. 2017 Jun 1;27(6):3471-3484. doi: 10.1093/cercor/bhx092.","Rinne T","Cereb Cortex","2017","2017/04/19","PMC5654311","","10.1093/cercor/bhx092"
"28258716","Functional interactions between the macaque dorsal and ventral visual pathways during three-dimensional object vision","Janssen P, Verhoef BE, Premereur E.","Cortex. 2018 Jan;98:218-227. doi: 10.1016/j.cortex.2017.01.021. Epub 2017 Feb 3.","Janssen P","Cortex","2018","2017/03/05","","","10.1016/j.cortex.2017.01.021"
"27818177","Mirror Neurons in Monkey Premotor Area F5 Show Tuning for Critical Features of Visual Causality Perception","Caggiano V, Fleischer F, Pomper JK, Giese MA, Thier P.","Curr Biol. 2016 Nov 21;26(22):3077-3082. doi: 10.1016/j.cub.2016.10.007. Epub 2016 Nov 3.","Caggiano V","Curr Biol","2016","2016/11/08","","","10.1016/j.cub.2016.10.007"
"27339006","Neuronal foundations of human numerical representations","Eger E.","Prog Brain Res. 2016;227:1-27. doi: 10.1016/bs.pbr.2016.04.015. Epub 2016 May 27.","Eger E","Prog Brain Res","2016","2016/06/25","","","10.1016/bs.pbr.2016.04.015"
"27053755","Functional definitions of parietal areas in human and non-human primates","Orban GA.","Proc Biol Sci. 2016 Apr 13;283(1828):20160118. doi: 10.1098/rspb.2016.0118.","Orban GA","Proc Biol Sci","2016","2016/04/08","PMC4843655","","10.1098/rspb.2016.0118"
"27053213","Monkey Prefrontal Neurons Reflect Logical Operations for Cognitive Control in a Variant of the AX Continuous Performance Task (AX-CPT)","Blackman RK, Crowe DA, DeNicola AL, Sakellaridi S, MacDonald AW 3rd, Chafee MV.","J Neurosci. 2016 Apr 6;36(14):4067-79. doi: 10.1523/JNEUROSCI.3578-15.2016.","Blackman RK","J Neurosci","2016","2016/04/08","PMC4821916","","10.1523/JNEUROSCI.3578-15.2016"
"26742790","Effects of isoflurane and ethanol administration on c-Fos immunoreactivity in mice","Smith ML, Li J, Cote DM, Ryabinin AE.","Neuroscience. 2016 Mar 1;316:337-43. doi: 10.1016/j.neuroscience.2015.12.047. Epub 2015 Dec 29.","Smith ML","Neuroscience","2016","2016/01/09","PMC4742382","NIHMS748260","10.1016/j.neuroscience.2015.12.047"
"26311774","A Retinotopic Basis for the Division of High-Level Scene Processing between Lateral and Ventral Human Occipitotemporal Cortex","Silson EH, Chan AW, Reynolds RC, Kravitz DJ, Baker CI.","J Neurosci. 2015 Aug 26;35(34):11921-35. doi: 10.1523/JNEUROSCI.0137-15.2015.","Silson EH","J Neurosci","2015","2015/08/28","PMC4549403","","10.1523/JNEUROSCI.0137-15.2015"
"26238057","Imaging the Dynamics of Neocortical Population Activity in Behaving and Freely Moving Mammals","Grinvald A, Petersen CC.","Adv Exp Med Biol. 2015;859:273-96. doi: 10.1007/978-3-319-17641-3_11.","Grinvald A","Adv Exp Med Biol","2015","2015/08/05","","","10.1007/978-3-319-17641-3_11"
"26105175","Localization of CGRP receptor components and receptor binding sites in rhesus monkey brainstem: A detailed study using in situ hybridization, immunofluorescence, and autoradiography","Eftekhari S, Gaspar RC, Roberts R, Chen TB, Zeng Z, Villarreal S, Edvinsson L, Salvatore CA.","J Comp Neurol. 2016 Jan 1;524(1):90-118. doi: 10.1002/cne.23828. Epub 2015 Aug 6.","Eftekhari S","J Comp Neurol","2016","2015/06/25","","","10.1002/cne.23828"
"25711137","A human homologue of monkey F5c","Ferri S, Peeters R, Nelissen K, Vanduffel W, Rizzolatti G, Orban GA.","Neuroimage. 2015 May 1;111:251-66. doi: 10.1016/j.neuroimage.2015.02.033. Epub 2015 Feb 21.","Ferri S","Neuroimage","2015","2015/02/26","PMC4401441","","10.1016/j.neuroimage.2015.02.033"
"25677545","Neuronal representation of duration discrimination in the monkey striatum","Chiba A, Oshio K, Inase M.","Physiol Rep. 2015 Feb 12;3(2):e12283. doi: 10.14814/phy2.12283. Print 2015 Feb 1.","Chiba A","Physiol Rep","2015","2015/02/14","PMC4393192","","10.14814/phy2.12283"
"25498426","Functional imaging of olfaction by CBV fMRI in monkeys: insight into the role of olfactory bulb in habituation","Zhao F, Holahan MA, Houghton AK, Hargreaves R, Evelhoch JL, Winkelmann CT, Williams DS.","Neuroimage. 2015 Feb 1;106:364-72. doi: 10.1016/j.neuroimage.2014.12.001. Epub 2014 Dec 10.","Zhao F","Neuroimage","2015","2014/12/16","","","10.1016/j.neuroimage.2014.12.001"
"25453739","Responses of monkey prefrontal neurons during the execution of transverse patterning","Nejime M, Inoue M, Saruwatari M, Mikami A, Nakamura K, Miyachi S.","Behav Brain Res. 2015 Feb 1;278:293-302. doi: 10.1016/j.bbr.2014.10.015. Epub 2014 Oct 22.","Nejime M","Behav Brain Res","2015","2014/12/03","","","10.1016/j.bbr.2014.10.015"
"25411484","Differentially methylated plasticity genes in the amygdala of young primates are linked to anxious temperament, an at risk phenotype for anxiety and depressive disorders","Alisch RS, Chopra P, Fox AS, Chen K, White AT, Roseboom PH, Keles S, Kalin NH.","J Neurosci. 2014 Nov 19;34(47):15548-56. doi: 10.1523/JNEUROSCI.3338-14.2014.","Alisch RS","J Neurosci","2014","2014/11/21","PMC4236392","","10.1523/JNEUROSCI.3338-14.2014"
"25109529","Fine-grained stimulus representations in body selective areas of human occipito-temporal cortex","Caspari N, Popivanov ID, De Mazière PA, Vanduffel W, Vogels R, Orban GA, Jastorff J.","Neuroimage. 2014 Nov 15;102 Pt 2:484-97. doi: 10.1016/j.neuroimage.2014.07.066. Epub 2014 Aug 7.","Caspari N","Neuroimage","2014","2014/08/12","","","10.1016/j.neuroimage.2014.07.066"
"25102559","Monkey cortex through fMRI glasses","Vanduffel W, Zhu Q, Orban GA.","Neuron. 2014 Aug 6;83(3):533-50. doi: 10.1016/j.neuron.2014.07.015.","Vanduffel W","Neuron","2014","2014/08/08","PMC4698430","NIHMS614180","10.1016/j.neuron.2014.07.015"
"24966298","One month in the life of a neuron: longitudinal single-unit electrophysiology in the monkey visual system","McMahon DB, Bondar IV, Afuwape OA, Ide DC, Leopold DA.","J Neurophysiol. 2014 Oct 1;112(7):1748-62. doi: 10.1152/jn.00052.2014. Epub 2014 Jun 25.","McMahon DB","J Neurophysiol","2014","2014/06/27","PMC4157170","","10.1152/jn.00052.2014"
"24752643","Cortical innervation of the hypoglossal nucleus in the non-human primate (Macaca mulatta)","Morecraft RJ, Stilwell-Morecraft KS, Solon-Cline KM, Ge J, Darling WG.","J Comp Neurol. 2014 Oct 15;522(15):3456-84. doi: 10.1002/cne.23614. Epub 2014 May 14.","Morecraft RJ","J Comp Neurol","2014","2014/04/23","PMC4139435","NIHMS586669","10.1002/cne.23614"
"24315566","A nonhuman primate model of human radiation-induced venocclusive liver disease and hepatocyte injury","Yannam GR, Han B, Setoyama K, Yamamoto T, Ito R, Brooks JM, Guzman-Lepe J, Galambos C, Fong JV, Deutsch M, Quader MA, Yamanouchi K, Kabarriti R, Mehta K, Soto-Gutierrez A, Roy-Chowdhury J, Locker J, Abe M, Enke CA, Baranowska-Kortylewicz J, Solberg TD, Guha C, Fox IJ.","Int J Radiat Oncol Biol Phys. 2014 Feb 1;88(2):404-411. doi: 10.1016/j.ijrobp.2013.10.037. Epub 2013 Dec 5.","Yannam GR","Int J Radiat Oncol Biol Phys","2014","2013/12/10","PMC3905315","NIHMS547945","10.1016/j.ijrobp.2013.10.037"
"24214159","Subdivisions and connectional networks of the lateral prefrontal cortex in the macaque monkey","Saleem KS, Miller B, Price JL.","J Comp Neurol. 2014 May 1;522(7):1641-90. doi: 10.1002/cne.23498.","Saleem KS","J Comp Neurol","2014","2013/11/12","","","10.1002/cne.23498"
"24133267","Object representation in inferior temporal cortex is organized hierarchically in a mosaic-like structure","Sato T, Uchida G, Lescroart MD, Kitazono J, Okada M, Tanifuji M.","J Neurosci. 2013 Oct 16;33(42):16642-56. doi: 10.1523/JNEUROSCI.5557-12.2013.","Sato T","J Neurosci","2013","2013/10/18","PMC6618530","","10.1523/JNEUROSCI.5557-12.2013"
"23780752","Hippocampal network connections account for differences in memory performance in the middle-aged rhesus monkey","Koo BB, Oblak AL, Zhao Y, Farris CW, Bowley B, Rosene DL, Killiany RJ.","Hippocampus. 2013 Dec;23(12):1179-88. doi: 10.1002/hipo.22156. Epub 2013 Jul 13.","Koo BB","Hippocampus","2013","2013/06/20","PMC4113965","NIHMS614121","10.1002/hipo.22156"
"23739963","Prefrontal-temporal disconnection impairs recognition memory but not familiarity discrimination","Browning PG, Baxter MG, Gaffan D.","J Neurosci. 2013 Jun 5;33(23):9667-74. doi: 10.1523/JNEUROSCI.5759-12.2013.","Browning PG","J Neurosci","2013","2013/06/07","PMC3797511","EMS53548","10.1523/JNEUROSCI.5759-12.2013"
"23568330","GABAergic signaling in the pulmonary neuroepithelial body microenvironment: functional imaging in GAD67-GFP mice","Schnorbusch K, Lembrechts R, Pintelon I, Timmermans JP, Brouns I, Adriaensen D.","Histochem Cell Biol. 2013 Nov;140(5):549-66. doi: 10.1007/s00418-013-1093-x. Epub 2013 Apr 9.","Schnorbusch K","Histochem Cell Biol","2013","2013/04/10","","","10.1007/s00418-013-1093-x"
"23010765","The associative and limbic thalamus in the pathophysiology of obsessive-compulsive disorder: an experimental study in the monkey","Rotge JY, Aouizerate B, Amestoy V, Lambrecq V, Langbour N, Nguyen TH, Dovero S, Cardoit L, Tignol J, Bioulac B, Burbaud P, Guehl D.","Transl Psychiatry. 2012 Sep 25;2(9):e161. doi: 10.1038/tp.2012.88.","Rotge JY","Transl Psychiatry","2012","2012/09/27","PMC3565210","","10.1038/tp.2012.88"
"22850123","The food reaching test: a sensitive test of behavioral improvements by deep brain stimulation in MPTP-treated monkey","Asakawa T, Sugiyama K, Akamine S, Yokoyama C, Shukuri M, Mizuma H, Tsukada H, Onoe H, Namba H.","Neurosci Res. 2012 Oct;74(2):122-8. doi: 10.1016/j.neures.2012.07.006. Epub 2012 Jul 28.","Asakawa T","Neurosci Res","2012","2012/08/02","","","10.1016/j.neures.2012.07.006"
"22796995","Stimulus representations in body-selective regions of the macaque cortex assessed with event-related fMRI","Popivanov ID, Jastorff J, Vanduffel W, Vogels R.","Neuroimage. 2012 Nov 1;63(2):723-41. doi: 10.1016/j.neuroimage.2012.07.013. Epub 2012 Jul 14.","Popivanov ID","Neuroimage","2012","2012/07/17","","","10.1016/j.neuroimage.2012.07.013"
"22711978","A Neural Theory of Speech Acquisition and Production","Guenther FH, Vladusich T.","J Neurolinguistics. 2012 Sep 1;25(5):408-422. doi: 10.1016/j.jneuroling.2009.08.006.","Guenther FH","J Neurolinguistics","2012","2012/06/20","PMC3375605","NIHMS142351","10.1016/j.jneuroling.2009.08.006"
"22609793","An implanted 8-channel array coil for high-resolution macaque MRI at 3T","Janssens T, Keil B, Farivar R, McNab JA, Polimeni JR, Gerits A, Arsenault JT, Wald LL, Vanduffel W.","Neuroimage. 2012 Sep;62(3):1529-36. doi: 10.1016/j.neuroimage.2012.05.028. Epub 2012 May 18.","Janssens T","Neuroimage","2012","2012/05/22","PMC3408578","NIHMS378892","10.1016/j.neuroimage.2012.05.028"
"22521814","Revisiting the hippocampal-amygdala pathway in primates: association with immature-appearing neurons","Fudge JL, deCampo DM, Becoats KT.","Neuroscience. 2012 Jun 14;212:104-19. doi: 10.1016/j.neuroscience.2012.03.040. Epub 2012 Apr 19.","Fudge JL","Neuroscience","2012","2012/04/24","PMC3367117","NIHMS371590","10.1016/j.neuroscience.2012.03.040"
"22253658","Methods for fine scale functional imaging of tactile motion in human and nonhuman primates","Friedman RM, Dillenburger BC, Wang F, Avison MJ, Gore JC, Roe AW, Chen LM.","Open Neuroimag J. 2011;5:160-71. doi: 10.2174/1874440001105010160. Epub 2011 Nov 18.","Friedman RM","Open Neuroimag J","2011","2012/01/19","PMC3257843","","10.2174/1874440001105010160"
"22245356","Integration of shape and motion cues in biological motion processing in the monkey STS","Jastorff J, Popivanov ID, Vogels R, Vanduffel W, Orban GA.","Neuroimage. 2012 Apr 2;60(2):911-21. doi: 10.1016/j.neuroimage.2011.12.087. Epub 2012 Jan 10.","Jastorff J","Neuroimage","2012","2012/01/17","","","10.1016/j.neuroimage.2011.12.087"
"21982165","Fine-scale functional connectivity in somatosensory cortex revealed by high-resolution fMRI","Chen L, Mishra A, Newton AT, Morgan VL, Stringer EA, Rogers BP, Gore JC.","Magn Reson Imaging. 2011 Dec;29(10):1330-7. doi: 10.1016/j.mri.2011.08.001. Epub 2011 Oct 6.","Chen L","Magn Reson Imaging","2011","2011/10/11","PMC3285506","NIHMS330403","10.1016/j.mri.2011.08.001"
"21925275","A processing work-flow for measuring erythrocytes velocity in extended vascular networks from wide field high-resolution optical imaging data","Deneux T, Takerkart S, Grinvald A, Masson GS, Vanzetta I.","Neuroimage. 2012 Feb 1;59(3):2569-88. doi: 10.1016/j.neuroimage.2011.08.081. Epub 2011 Sep 8.","Deneux T","Neuroimage","2012","2011/09/20","","","10.1016/j.neuroimage.2011.08.081"
"21653858","Neuronal responses to texture-defined form in macaque visual area V2","El-Shamayleh Y, Movshon JA.","J Neurosci. 2011 Jun 8;31(23):8543-55. doi: 10.1523/JNEUROSCI.5974-10.2011.","El-Shamayleh Y","J Neurosci","2011","2011/06/10","PMC3142611","NIHMS302798","10.1523/JNEUROSCI.5974-10.2011"
"21228150","Distinct mechanisms for coding of visual actions in macaque temporal cortex","Vangeneugden J, De Mazière PA, Van Hulle MM, Jaeggli T, Van Gool L, Vogels R.","J Neurosci. 2011 Jan 12;31(2):385-401. doi: 10.1523/JNEUROSCI.2703-10.2011.","Vangeneugden J","J Neurosci","2011","2011/01/14","PMC6623445","","10.1523/JNEUROSCI.2703-10.2011"
"19931563","Characterization of trial-to-trial fluctuations in local field potentials recorded in cerebral cortex of awake behaving macaque","Menzer DL, Bokil H, Ryou JW, Schiff ND, Purpura KP, Mitra PP.","J Neurosci Methods. 2010 Feb 15;186(2):250-61. doi: 10.1016/j.jneumeth.2009.11.012. Epub 2009 Dec 1.","Menzer DL","J Neurosci Methods","2010","2009/11/26","PMC2815007","NIHMS164785","10.1016/j.jneumeth.2009.11.012"
"19805199","Monkey drumming reveals common networks for perceiving vocal and nonvocal communication sounds","Remedios R, Logothetis NK, Kayser C.","Proc Natl Acad Sci U S A. 2009 Oct 20;106(42):18010-5. doi: 10.1073/pnas.0909756106. Epub 2009 Oct 1.","Remedios R","Proc Natl Acad Sci U S A","2009","2009/10/07","PMC2755465","","10.1073/pnas.0909756106"
"18850258","Cerebellum predicts the future motor state","Ebner TJ, Pasalar S.","Cerebellum. 2008;7(4):583-8. doi: 10.1007/s12311-008-0059-3.","Ebner TJ","Cerebellum","2008","2008/10/14","PMC2754147","NIHMS143454","10.1007/s12311-008-0059-3"
"18769707","Combining structural connectivity and response latencies to model the structure of the visual system","Capalbo M, Postma E, Goebel R.","PLoS Comput Biol. 2008 Aug 29;4(8):e1000159. doi: 10.1371/journal.pcbi.1000159.","Capalbo M","PLoS Comput Biol","2008","2008/09/05","PMC2507758","","10.1371/journal.pcbi.1000159"
"18596180","Early and late changes in the distal forelimb representation of the supplementary motor area after injury to frontal motor areas in the squirrel monkey","Eisner-Janowicz I, Barbay S, Hoover E, Stowe AM, Frost SB, Plautz EJ, Nudo RJ.","J Neurophysiol. 2008 Sep;100(3):1498-512. doi: 10.1152/jn.90447.2008. Epub 2008 Jul 2.","Eisner-Janowicz I","J Neurophysiol","2008","2008/07/04","PMC2544457","","10.1152/jn.90447.2008"
"18453154","[Neuromodulation for Parkinson's disease]","Takahashi J.","Rinsho Shinkeigaku. 2008 Apr;48(4):233-41. doi: 10.5692/clinicalneurol.48.233.","Takahashi J","Rinsho Shinkeigaku","2008","2008/05/06","","","10.5692/clinicalneurol.48.233"
"18231592","Symmetric sensorimotor somatotopy","Overduin SA, Servos P.","PLoS One. 2008 Jan 30;3(1):e1505. doi: 10.1371/journal.pone.0001505.","Overduin SA","PLoS One","2008","2008/01/31","PMC2200828","","10.1371/journal.pone.0001505"
"17537970","A labeled-line code for small and large numerosities in the monkey prefrontal cortex","Nieder A, Merten K.","J Neurosci. 2007 May 30;27(22):5986-93. doi: 10.1523/JNEUROSCI.1056-07.2007.","Nieder A","J Neurosci","2007","2007/06/01","PMC6672244","","10.1523/JNEUROSCI.1056-07.2007"
"17314280","Functional imaging reveals visual modulation of specific fields in auditory cortex","Kayser C, Petkov CI, Augath M, Logothetis NK.","J Neurosci. 2007 Feb 21;27(8):1824-35. doi: 10.1523/JNEUROSCI.4737-06.2007.","Kayser C","J Neurosci","2007","2007/02/23","PMC6673538","","10.1523/JNEUROSCI.4737-06.2007"
"17143147","Decoding movement intent from human premotor cortex neurons for neural prosthetic applications","Ojakangas CL, Shaikhouni A, Friehs GM, Caplan AH, Serruya MD, Saleh M, Morris DS, Donoghue JP.","J Clin Neurophysiol. 2006 Dec;23(6):577-84. doi: 10.1097/01.wnp.0000233323.87127.14.","Ojakangas CL","J Clin Neurophysiol","2006","2006/12/05","PMC1785325","NIHMS11485","10.1097/01.wnp.0000233323.87127.14"
"17102698","Cognition and medial frontal cortex in health and disease","Nachev P.","Curr Opin Neurol. 2006 Dec;19(6):586-92. doi: 10.1097/01.wco.0000247609.36482.ae.","Nachev P","Curr Opin Neurol","2006","2006/11/15","PMC2658463","UKMS3993","10.1097/01.wco.0000247609.36482.ae"
"17088545","Local field potential reflects perceptual suppression in monkey visual cortex","Wilke M, Logothetis NK, Leopold DA.","Proc Natl Acad Sci U S A. 2006 Nov 14;103(46):17507-12. doi: 10.1073/pnas.0604673103. Epub 2006 Nov 6.","Wilke M","Proc Natl Acad Sci U S A","2006","2006/11/08","PMC1859959","","10.1073/pnas.0604673103"
"16962619","Visuomotor functions of the posterior parietal cortex","Jackson SR, Husain M.","Neuropsychologia. 2006;44(13):2589-93. doi: 10.1016/j.neuropsychologia.2006.08.002. Epub 2006 Sep 7.","Jackson SR","Neuropsychologia","2006","2006/09/12","","","10.1016/j.neuropsychologia.2006.08.002"
"16909637","Disorders of visual attention and the posterior parietal cortex","Nachev P, Husain M.","Cortex. 2006 Jul;42(5):766-73. doi: 10.1016/s0010-9452(08)70415-5.","Nachev P","Cortex","2006","2006/08/17","","","10.1016/s0010-9452(08)70415-5"
"16774452","Functional imaging reveals numerous fields in the monkey auditory cortex","Petkov CI, Kayser C, Augath M, Logothetis NK.","PLoS Biol. 2006 Jul;4(7):e215. doi: 10.1371/journal.pbio.0040215.","Petkov CI","PLoS Biol","2006","2006/06/16","PMC1479693","","10.1371/journal.pbio.0040215"
"16547508","Negative functional MRI response correlates with decreases in neuronal activity in monkey visual area V1","Shmuel A, Augath M, Oeltermann A, Logothetis NK.","Nat Neurosci. 2006 Apr;9(4):569-77. doi: 10.1038/nn1675. Epub 2006 Mar 19.","Shmuel A","Nat Neurosci","2006","2006/03/21","","","10.1038/nn1675"
"16432221","Neural connections of the posteromedial cortex in the macaque","Parvizi J, Van Hoesen GW, Buckwalter J, Damasio A.","Proc Natl Acad Sci U S A. 2006 Jan 31;103(5):1563-8. doi: 10.1073/pnas.0507729103. Epub 2006 Jan 23.","Parvizi J","Proc Natl Acad Sci U S A","2006","2006/01/25","PMC1345704","","10.1073/pnas.0507729103"
"16371409","Spatial neglect--a vestibular disorder?","Karnath HO, Dieterich M.","Brain. 2006 Feb;129(Pt 2):293-305. doi: 10.1093/brain/awh698. Epub 2005 Dec 21.","Karnath HO","Brain","2006","2005/12/24","","","10.1093/brain/awh698"
"16023374","High gamma frequency oscillatory activity dissociates attention from intention in the human premotor cortex","Brovelli A, Lachaux JP, Kahane P, Boussaoud D.","Neuroimage. 2005 Oct 15;28(1):154-64. doi: 10.1016/j.neuroimage.2005.05.045. Epub 2005 Jul 14.","Brovelli A","Neuroimage","2005","2005/07/19","","","10.1016/j.neuroimage.2005.05.045"
"15936269","Patchy organization and asymmetric distribution of the neural correlates of face processing in monkey inferotemporal cortex","Zangenehpour S, Chaudhuri A.","Curr Biol. 2005 Jun 7;15(11):993-1005. doi: 10.1016/j.cub.2005.04.031.","Zangenehpour S","Curr Biol","2005","2005/06/07","","","10.1016/j.cub.2005.04.031"
"15795051","Estrogen modulates cognitive and cholinergic processes in surgically menopausal monkeys","Tinkler GP, Voytko ML.","Prog Neuropsychopharmacol Biol Psychiatry. 2005 Mar;29(3):423-31. doi: 10.1016/j.pnpbp.2004.12.016.","Tinkler GP","Prog Neuropsychopharmacol Biol Psychiatry","2005","2005/03/30","","","10.1016/j.pnpbp.2004.12.016"
"15791645","Architecture and neurocytology of monkey cingulate gyrus","Vogt BA, Vogt L, Farber NB, Bush G.","J Comp Neurol. 2005 May 9;485(3):218-39. doi: 10.1002/cne.20512.","Vogt BA","J Comp Neurol","2005","2005/03/26","PMC2649765","NIHMS51811","10.1002/cne.20512"
"15770147","Selectivity for speed gradients in human area MT/V5","Martinez-Trujillo JC, Tsotsos JK, Simine E, Pomplun M, Wildes R, Treue S, Heinze HJ, Hopf JM.","Neuroreport. 2005 Apr 4;16(5):435-8. doi: 10.1097/00001756-200504040-00004.","Martinez-Trujillo JC","Neuroreport","2005","2005/03/17","","","10.1097/00001756-200504040-00004"
"15673838","The potential for utilizing the ""mirror neurone system"" to enhance recovery of the severely affected upper limb early after stroke: a review and hypothesis","Pomeroy VM, Clark CA, Miller JS, Baron JC, Markus HS, Tallis RC.","Neurorehabil Neural Repair. 2005 Mar;19(1):4-13. doi: 10.1177/1545968304274351.","Pomeroy VM","Neurorehabil Neural Repair","2005","2005/01/28","","","10.1177/1545968304274351"
"15630449","Dopaminergic neurons generated from monkey embryonic stem cells function in a Parkinson primate model","Takagi Y, Takahashi J, Saiki H, Morizane A, Hayashi T, Kishi Y, Fukuda H, Okamoto Y, Koyanagi M, Ideguchi M, Hayashi H, Imazato T, Kawasaki H, Suemori H, Omachi S, Iida H, Itoh N, Nakatsuji N, Sasai Y, Hashimoto N.","J Clin Invest. 2005 Jan;115(1):102-9. doi: 10.1172/JCI21137.","Takagi Y","J Clin Invest","2005","2005/01/05","PMC539189","","10.1172/JCI21137"
"15167550","Time predictability modulates pre-supplementary motor area neuronal activity","Akkal D, Escola L, Bioulac B, Burbaud P.","Neuroreport. 2004 Jun 7;15(8):1283-6. doi: 10.1097/01.wnr.0000127347.87552.87.","Akkal D","Neuroreport","2004","2004/05/29","","","10.1097/01.wnr.0000127347.87552.87"
"14770370","[Gaze control: role of the parietal cortex]","Wardak C, Duhamel JR.","Med Sci (Paris). 2004 Jan;20(1):89-97. doi: 10.1051/medsci/200420189.","Wardak C","Med Sci (Paris)","2004","2004/02/11","","","10.1051/medsci/200420189"
"14755627","Effects of acute acetylcholinesterase inhibition on the cerebral cholinergic neuronal system and cognitive function: Functional imaging of the conscious monkey brain using animal PET in combination with microdialysis","Tsukada H, Nishiyama S, Fukumoto D, Ohba H, Sato K, Kakiuchi T.","Synapse. 2004 Apr;52(1):1-10. doi: 10.1002/syn.10310.","Tsukada H","Synapse","2004","2004/02/03","","","10.1002/syn.10310"
"14681146","Chemically defined parallel pathways in the monkey auditory system","Jones EG.","Ann N Y Acad Sci. 2003 Nov;999:218-33. doi: 10.1196/annals.1284.033.","Jones EG","Ann N Y Acad Sci","2003","2003/12/19","","","10.1196/annals.1284.033"
"14561612","Model of reversible cerebral ischemia in a monkey model","Jungreis CA, Nemoto E, Boada F, Horowitz MB.","AJNR Am J Neuroradiol. 2003 Oct;24(9):1834-6.","Jungreis CA","AJNR Am J Neuroradiol","2003","2003/10/17","PMC7976288","",""
"12954439","Basal ganglia systems in ritualistic social displays: reptiles and humans; function and illness","Baxter LR Jr.","Physiol Behav. 2003 Aug;79(3):451-60. doi: 10.1016/s0031-9384(03)00164-1.","Baxter LR Jr","Physiol Behav","2003","2003/09/05","","","10.1016/s0031-9384(03)00164-1"
"12916488","Achromatopsia, color vision, and cortex","Heywood CA, Kentridge RW.","Neurol Clin. 2003 May;21(2):483-500. doi: 10.1016/s0733-8619(02)00102-0.","Heywood CA","Neurol Clin","2003","2003/08/15","","","10.1016/s0733-8619(02)00102-0"
"12880824","When vision guides movement: a functional imaging study of the monkey brain","Gregoriou GG, Savaki HE.","Neuroimage. 2003 Jul;19(3):959-67. doi: 10.1016/s1053-8119(03)00176-9.","Gregoriou GG","Neuroimage","2003","2003/07/26","","","10.1016/s1053-8119(03)00176-9"
"12631571","Very slow activity fluctuations in monkey visual cortex: implications for functional brain imaging","Leopold DA, Murayama Y, Logothetis NK.","Cereb Cortex. 2003 Apr;13(4):422-33. doi: 10.1093/cercor/13.4.422.","Leopold DA","Cereb Cortex","2003","2003/03/13","","","10.1093/cercor/13.4.422"
"12477699","Disruption of information processing in the supplementary motor area of the MPTP-treated monkey: a clue to the pathophysiology of akinesia?","Escola L, Michelet T, Macia F, Guehl D, Bioulac B, Burbaud P.","Brain. 2003 Jan;126(Pt 1):95-114. doi: 10.1093/brain/awg004.","Escola L","Brain","2003","2002/12/13","","","10.1093/brain/awg004"
"12372035","Functional anatomy of chemical senses in the alert monkey revealed by positron emission tomography","Kobayashi M, Sasabe T, Takeda M, Kondo Y, Yoshikubo S, Imamura K, Onoe H, Sawada T, Watanabe Y.","Eur J Neurosci. 2002 Sep;16(5):975-80. doi: 10.1046/j.1460-9568.2002.02151.x.","Kobayashi M","Eur J Neurosci","2002","2002/10/10","","","10.1046/j.1460-9568.2002.02151.x"
"11600656","Distinguishing subregions of the human MT+ complex using visual fields and pursuit eye movements","Dukelow SP, DeSouza JF, Culham JC, van den Berg AV, Menon RS, Vilis T.","J Neurophysiol. 2001 Oct;86(4):1991-2000. doi: 10.1152/jn.2001.86.4.1991.","Dukelow SP","J Neurophysiol","2001","2001/10/16","","","10.1152/jn.2001.86.4.1991"
"11373132","Space coding in primate posterior parietal cortex","Bremmer F, Schlack A, Duhamel JR, Graf W, Fink GR.","Neuroimage. 2001 Jul;14(1 Pt 2):S46-51. doi: 10.1006/nimg.2001.0817.","Bremmer F","Neuroimage","2001","2001/05/25","","","10.1006/nimg.2001.0817"
"11099042","Imagery neurons in the human brain","Kreiman G, Koch C, Fried I.","Nature. 2000 Nov 16;408(6810):357-61. doi: 10.1038/35042575.","Kreiman G","Nature","2000","2000/12/01","","","10.1038/35042575"
"10561425","Spatiotemporal activity of a cortical network for processing visual motion revealed by MEG and fMRI","Ahlfors SP, Simpson GV, Dale AM, Belliveau JW, Liu AK, Korvenoja A, Virtanen J, Huotilainen M, Tootell RB, Aronen HJ, Ilmoniemi RJ.","J Neurophysiol. 1999 Nov;82(5):2545-55. doi: 10.1152/jn.1999.82.5.2545.","Ahlfors SP","J Neurophysiol","1999","1999/11/24","","","10.1152/jn.1999.82.5.2545"
"10448221","Functional imaging of the monkey brain","Logothetis NK, Guggenberger H, Peled S, Pauls J.","Nat Neurosci. 1999 Jun;2(6):555-62. doi: 10.1038/9210.","Logothetis NK","Nat Neurosci","1999","1999/08/17","","","10.1038/9210"
"10387335","Higher cortical visual function","Barton JJ.","Curr Opin Ophthalmol. 1998 Dec;9(6):40-5. doi: 10.1097/00055735-199812000-00007.","Barton JJ","Curr Opin Ophthalmol","1998","1999/07/01","","","10.1097/00055735-199812000-00007"
"9949826","The cerebellum, predictive control and motor coordination","Miall RC.","Novartis Found Symp. 1998;218:272-84; discussion 284-90. doi: 10.1002/9780470515563.ch15.","Miall RC","Novartis Found Symp","1998","1999/02/09","","","10.1002/9780470515563.ch15"
"9819274","Functional MRI of galvanic vestibular stimulation","Lobel E, Kleine JF, Bihan DL, Leroy-Willig A, Berthoz A.","J Neurophysiol. 1998 Nov;80(5):2699-709. doi: 10.1152/jn.1998.80.5.2699.","Lobel E","J Neurophysiol","1998","1998/11/18","","","10.1152/jn.1998.80.5.2699"
"9212283","Dissociation of saccade-related and pursuit-related activation in human frontal eye fields as revealed by fMRI","Petit L, Clark VP, Ingeholm J, Haxby JV.","J Neurophysiol. 1997 Jun;77(6):3386-90. doi: 10.1152/jn.1997.77.6.3386.","Petit L","J Neurophysiol","1997","1997/06/01","","","10.1152/jn.1997.77.6.3386"
"8797528","Functional MRI of lateral occipitotemporal cortex during pursuit and motion perception","Barton JJ, Simpson T, Kiriakopoulos E, Stewart C, Crawley A, Guthrie B, Wood M, Mikulis D.","Ann Neurol. 1996 Sep;40(3):387-98. doi: 10.1002/ana.410400308.","Barton JJ","Ann Neurol","1996","1996/09/01","","","10.1002/ana.410400308"
"1763070","High-resolution optical imaging of functional brain architecture in the awake monkey","Grinvald A, Frostig RD, Siegel RM, Bartfeld E.","Proc Natl Acad Sci U S A. 1991 Dec 15;88(24):11559-63. doi: 10.1073/pnas.88.24.11559.","Grinvald A","Proc Natl Acad Sci U S A","1991","1991/12/15","PMC53175","","10.1073/pnas.88.24.11559"
