﻿PMID,Title,Authors,Citation,First Author,Journal/Book,Publication Year,Create Date,PMCID,NIHMS ID,DOI
"34192812","Encoding of vestibular and optic flow cues to self-motion in the posterior superior temporal polysensory area","Zhao B, Zhang Y, Chen A.","J Physiol. 2021 Jun 30. doi: 10.1113/JP281913. Online ahead of print.","Zhao B","J Physiol","2021","2021/06/30","","","10.1113/JP281913"
"34174274","Translating biased agonists from molecules to medications: Serotonin 5-HT(1A) receptor functional selectivity for CNS disorders","Newman-Tancredi A, Depoortère RY, Kleven MS, Kołaczkowski M, Zimmer L.","Pharmacol Ther. 2021 Jun 24:107937. doi: 10.1016/j.pharmthera.2021.107937. Online ahead of print.","Newman-Tancredi A","Pharmacol Ther","2021","2021/06/26","","","10.1016/j.pharmthera.2021.107937"
"34118293","The squirrel monkey model in clinical neuroscience","Royo J, Forkel SJ, Pouget P, Thiebaut de Schotten M.","Neurosci Biobehav Rev. 2021 Sep;128:152-164. doi: 10.1016/j.neubiorev.2021.06.006. Epub 2021 Jun 10.","Royo J","Neurosci Biobehav Rev","2021","2021/06/12","","","10.1016/j.neubiorev.2021.06.006"
"34043075","Optic flow selectivity in the macaque parieto-occipital sulcus","Pitzalis S, Hadj-Bouziane F, Dal Bò G, Guedj C, Strappini F, Meunier M, Farnè A, Fattori P, Galletti C.","Brain Struct Funct. 2021 May 27. doi: 10.1007/s00429-021-02293-w. Online ahead of print.","Pitzalis S","Brain Struct Funct","2021","2021/05/27","","","10.1007/s00429-021-02293-w"
"33984391","The anterior cingulate cortex as a key locus of ketamine's antidepressant action","Alexander L, Jelen LA, Mehta MA, Young AH.","Neurosci Biobehav Rev. 2021 Aug;127:531-554. doi: 10.1016/j.neubiorev.2021.05.003. Epub 2021 May 11.","Alexander L","Neurosci Biobehav Rev","2021","2021/05/13","","","10.1016/j.neubiorev.2021.05.003"
"33853400","Pharmacological modulation of brain activation to non-noxious stimulation in a cynomolgus macaque model of peripheral nerve injury","Hama A, Yano M, Sotogawa W, Fujii R, Awaga Y, Natsume T, Hayashi I, Takamatsu H.","Mol Pain. 2021 Jan-Dec;17:17448069211008697. doi: 10.1177/17448069211008697.","Hama A","Mol Pain","2021","2021/04/15","PMC8053757","","10.1177/17448069211008697"
"33794360","The Subcortical Atlas of the Rhesus Macaque (SARM) for neuroimaging","Hartig R, Glen D, Jung B, Logothetis NK, Paxinos G, Garza-Villarreal EA, Messinger A, Evrard HC.","Neuroimage. 2021 Jul 15;235:117996. doi: 10.1016/j.neuroimage.2021.117996. Epub 2021 Mar 29.","Hartig R","Neuroimage","2021","2021/04/01","","","10.1016/j.neuroimage.2021.117996"
"33789138","A comprehensive macaque fMRI pipeline and hierarchical atlas","Jung B, Taylor PA, Seidlitz J, Sponheim C, Perkins P, Ungerleider LG, Glen D, Messinger A.","Neuroimage. 2021 Jul 15;235:117997. doi: 10.1016/j.neuroimage.2021.117997. Epub 2021 Mar 28.","Jung B","Neuroimage","2021","2021/03/31","","","10.1016/j.neuroimage.2021.117997"
"33789137","U-net model for brain extraction: Trained on humans for transfer to non-human primates","Wang X, Li XH, Cho JW, Russ BE, Rajamani N, Omelchenko A, Ai L, Korchmaros A, Sawiak S, Benn RA, Garcia-Saldivar P, Wang Z, Kalin NH, Schroeder CE, Craddock RC, Fox AS, Evans AC, Messinger A, Milham MP, Xu T.","Neuroimage. 2021 Jul 15;235:118001. doi: 10.1016/j.neuroimage.2021.118001. Epub 2021 Mar 28.","Wang X","Neuroimage","2021","2021/03/31","","","10.1016/j.neuroimage.2021.118001"
"33484849","The nonhuman primate neuroimaging and neuroanatomy project","Hayashi T, Hou Y, Glasser MF, Autio JA, Knoblauch K, Inoue-Murayama M, Coalson T, Yacoub E, Smith S, Kennedy H, Van Essen DC.","Neuroimage. 2021 Apr 1;229:117726. doi: 10.1016/j.neuroimage.2021.117726. Epub 2021 Jan 20.","Hayashi T","Neuroimage","2021","2021/01/23","PMC8079967","NIHMS1688396","10.1016/j.neuroimage.2021.117726"
"33482086","Common fronto-temporal effective connectivity in humans and monkeys","Rocchi F, Oya H, Balezeau F, Billig AJ, Kocsis Z, Jenison RL, Nourski KV, Kovach CK, Steinschneider M, Kikuchi Y, Rhone AE, Dlouhy BJ, Kawasaki H, Adolphs R, Greenlee JDW, Griffiths TD, Howard MA 3rd, Petkov CI.","Neuron. 2021 Mar 3;109(5):852-868.e8. doi: 10.1016/j.neuron.2020.12.026. Epub 2021 Jan 21.","Rocchi F","Neuron","2021","2021/01/22","PMC7927917","NIHMS1670759","10.1016/j.neuron.2020.12.026"
"33453211","Translational value of non-human primates in opioid research","Ding H, Ko MC.","Exp Neurol. 2021 Apr;338:113602. doi: 10.1016/j.expneurol.2021.113602. Epub 2021 Jan 14.","Ding H","Exp Neurol","2021","2021/01/16","PMC7904625","NIHMS1662835","10.1016/j.expneurol.2021.113602"
"33443160","Association of aerobic glycolysis with the structural connectome reveals a benefit-risk balancing mechanism in the human brain","Chen Y, Lin Q, Liao X, Zhou C, He Y.","Proc Natl Acad Sci U S A. 2021 Jan 5;118(1):e2013232118. doi: 10.1073/pnas.2013232118.","Chen Y","Proc Natl Acad Sci U S A","2021","2021/01/14","PMC7817189","","10.1073/pnas.2013232118"
"33359631","In-vivo diffusion MRI protocol optimization for the chimpanzee brain and examination of aging effects on the primate optic nerve at 3T","Zhang X, Li CX, Yan Y, Nair G, Rilling JK, Herndon JG, Preuss TM, Hu X, Li L.","Magn Reson Imaging. 2021 Apr;77:194-203. doi: 10.1016/j.mri.2020.12.015. Epub 2020 Dec 23.","Zhang X","Magn Reson Imaging","2021","2020/12/28","PMC7878399","NIHMS1657502","10.1016/j.mri.2020.12.015"
"33359348","PREEMACS: Pipeline for preprocessing and extraction of the macaque brain surface","Garcia-Saldivar P, Garimella A, Garza-Villarreal EA, Mendez FA, Concha L, Merchant H.","Neuroimage. 2021 Feb 15;227:117671. doi: 10.1016/j.neuroimage.2020.117671. Epub 2020 Dec 24.","Garcia-Saldivar P","Neuroimage","2021","2020/12/28","","","10.1016/j.neuroimage.2020.117671"
"33338616","DIKA-Nets: Domain-invariant knowledge-guided attention networks for brain skull stripping of early developing macaques","Zhong T, Zhao F, Pei Y, Ning Z, Liao L, Wu Z, Niu Y, Wang L, Shen D, Zhang Y, Li G.","Neuroimage. 2021 Feb 15;227:117649. doi: 10.1016/j.neuroimage.2020.117649. Epub 2020 Dec 15.","Zhong T","Neuroimage","2021","2020/12/18","","","10.1016/j.neuroimage.2020.117649"
"33347455","Differential effects of propofol and ketamine on critical brain dynamics","Varley TF, Sporns O, Puce A, Beggs J.","PLoS Comput Biol. 2020 Dec 21;16(12):e1008418. doi: 10.1371/journal.pcbi.1008418. eCollection 2020 Dec.","Varley TF","PLoS Comput Biol","2020","2020/12/21","PMC7785236","","10.1371/journal.pcbi.1008418"
"33307380","Socially relative reward valuation in the primate brain","Isoda M.","Curr Opin Neurobiol. 2021 Jun;68:15-22. doi: 10.1016/j.conb.2020.11.008. Epub 2020 Dec 8.","Isoda M","Curr Opin Neurobiol","2021","2020/12/11","","","10.1016/j.conb.2020.11.008"
"33137475","The macaque brain ONPRC18 template with combined gray and white matter labelmap for multimodal neuroimaging studies of Nonhuman Primates","Weiss AR, Liu Z, Wang X, Liguore WA, Kroenke CD, McBride JL.","Neuroimage. 2021 Jan 15;225:117517. doi: 10.1016/j.neuroimage.2020.117517. Epub 2020 Nov 1.","Weiss AR","Neuroimage","2021","2020/11/02","PMC7833476","NIHMS1659147","10.1016/j.neuroimage.2020.117517"
"33130051","Protective cranial implant caps for macaques","Perry BAL, Mason S, Nacef J, Waddle A, Hynes B, Bergmann C, Schmid MC, Petkov CI, Thiele A, Mitchell AS.","J Neurosci Methods. 2021 Jan 15;348:108992. doi: 10.1016/j.jneumeth.2020.108992. Epub 2020 Oct 29.","Perry BAL","J Neurosci Methods","2021","2020/11/01","PMC7840592","","10.1016/j.jneumeth.2020.108992"
"33108588","Fine-Grained Topography and Modularity of the Macaque Frontal Pole Cortex Revealed by Anatomical Connectivity Profiles","He B, Cao L, Xia X, Zhang B, Zhang D, You B, Fan L, Jiang T.","Neurosci Bull. 2020 Dec;36(12):1454-1473. doi: 10.1007/s12264-020-00589-1. Epub 2020 Oct 27.","He B","Neurosci Bull","2020","2020/10/27","PMC7719154","","10.1007/s12264-020-00589-1"
"32936342","Reproducing macaque lateral grasping and oculomotor networks using resting state functional connectivity and diffusion tractography","Howells H, Simone L, Borra E, Fornia L, Cerri G, Luppino G.","Brain Struct Funct. 2020 Nov;225(8):2533-2551. doi: 10.1007/s00429-020-02142-2. Epub 2020 Sep 16.","Howells H","Brain Struct Funct","2020","2020/09/16","PMC7544728","","10.1007/s00429-020-02142-2"
"32848562","Statistical Learning Signals for Complex Visual Images in Macaque Early Visual Cortex","Vergnieux V, Vogels R.","Front Neurosci. 2020 Jul 31;14:789. doi: 10.3389/fnins.2020.00789. eCollection 2020.","Vergnieux V","Front Neurosci","2020","2020/08/28","PMC7411161","","10.3389/fnins.2020.00789"
"32817199","Area 8A within the Posterior Middle Frontal Gyrus Underlies Cognitive Selection between Competing Visual Targets","Germann J, Petrides M.","eNeuro. 2020 Sep 8;7(5):ENEURO.0102-20.2020. doi: 10.1523/ENEURO.0102-20.2020. Print 2020 Sep/Oct.","Germann J","eNeuro","2020","2020/08/21","PMC7540933","","10.1523/ENEURO.0102-20.2020"
"32439858","Long-term alterations in brain and behavior after postnatal Zika virus infection in infant macaques","Raper J, Kovacs-Balint Z, Mavigner M, Gumber S, Burke MW, Habib J, Mattingly C, Fair D, Earl E, Feczko E, Styner M, Jean SM, Cohen JK, Suthar MS, Sanchez MM, Alvarado MC, Chahroudi A.","Nat Commun. 2020 May 21;11(1):2534. doi: 10.1038/s41467-020-16320-7.","Raper J","Nat Commun","2020","2020/05/23","PMC7242369","","10.1038/s41467-020-16320-7"
"32227117","Stereomotion Processing in the Nonhuman Primate Brain","Héjja-Brichard Y, Rima S, Rapha E, Durand JB, Cottereau BR.","Cereb Cortex. 2020 Jun 30;30(8):4528-4543. doi: 10.1093/cercor/bhaa055.","Héjja-Brichard Y","Cereb Cortex","2020","2020/04/01","","","10.1093/cercor/bhaa055"
"32202497","Cross-species cortical alignment identifies different types of anatomical reorganization in the primate temporal lobe","Eichert N, Robinson EC, Bryant KL, Jbabdi S, Jenkinson M, Li L, Krug K, Watkins KE, Mars RB.","Elife. 2020 Mar 23;9:e53232. doi: 10.7554/eLife.53232.","Eichert N","Elife","2020","2020/03/24","PMC7180052","","10.7554/eLife.53232"
"32081631","A 16-channel loop array for in vivo macaque whole-brain imaging at 3 T","Quan Z, Gao Y, Qu S, Wang X, Friedman RM, Chernov MM, Kroenke CD, Roe AW, Zhang X.","Magn Reson Imaging. 2020 May;68:167-172. doi: 10.1016/j.mri.2020.02.008. Epub 2020 Feb 17.","Quan Z","Magn Reson Imaging","2020","2020/02/22","PMC7784245","NIHMS1655088","10.1016/j.mri.2020.02.008"
"31871175","Cerebral cortical folding, parcellation, and connectivity in humans, nonhuman primates, and mice","Van Essen DC, Donahue CJ, Coalson TS, Kennedy H, Hayashi T, Glasser MF.","Proc Natl Acad Sci U S A. 2019 Dec 23;116(52):26173-80. doi: 10.1073/pnas.1902299116. Online ahead of print.","Van Essen DC","Proc Natl Acad Sci U S A","2019","2019/12/25","PMC6936571","","10.1073/pnas.1902299116"
"31830589","Dynamic causal modelling of phase-amplitude interactions","Fagerholm ED, Moran RJ, Violante IR, Leech R, Friston KJ.","Neuroimage. 2020 Mar;208:116452. doi: 10.1016/j.neuroimage.2019.116452. Epub 2019 Dec 9.","Fagerholm ED","Neuroimage","2020","2019/12/13","","","10.1016/j.neuroimage.2019.116452"
"31743789","Pypreclin: An automatic pipeline for macaque functional MRI preprocessing","Tasserie J, Grigis A, Uhrig L, Dupont M, Amadon A, Jarraya B.","Neuroimage. 2020 Feb 15;207:116353. doi: 10.1016/j.neuroimage.2019.116353. Epub 2019 Nov 16.","Tasserie J","Neuroimage","2020","2019/11/20","","","10.1016/j.neuroimage.2019.116353"
"31590733","From ideas to action: The prefrontal-premotor connections that shape motor behavior","Grafton ST, Volz LJ.","Handb Clin Neurol. 2019;163:237-255. doi: 10.1016/B978-0-12-804281-6.00013-6.","Grafton ST","Handb Clin Neurol","2019","2019/10/09","","","10.1016/B978-0-12-804281-6.00013-6"
"31537787","Inferring neural signalling directionality from undirected structural connectomes","Seguin C, Razi A, Zalesky A.","Nat Commun. 2019 Sep 19;10(1):4289. doi: 10.1038/s41467-019-12201-w.","Seguin C","Nat Commun","2019","2019/09/21","PMC6753104","","10.1038/s41467-019-12201-w"
"31494249","A population stereotaxic positron emission tomography brain template for the macaque and its application to ischemic model","Nie B, Wang L, Hu Y, Liang S, Tan Z, Chai P, Tang Y, Shang J, Pan Z, Zhao X, Zhang X, Gong J, Zheng C, Xu H, Wey HY, Liang SH, Shan B.","Neuroimage. 2019 Dec;203:116163. doi: 10.1016/j.neuroimage.2019.116163. Epub 2019 Sep 5.","Nie B","Neuroimage","2019","2019/09/09","","","10.1016/j.neuroimage.2019.116163"
"31434923","atlasBREX: Automated template-derived brain extraction in animal MRI","Lohmeier J, Kaneko T, Hamm B, Makowski MR, Okano H.","Sci Rep. 2019 Aug 21;9(1):12219. doi: 10.1038/s41598-019-48489-3.","Lohmeier J","Sci Rep","2019","2019/08/23","PMC6704255","","10.1038/s41598-019-48489-3"
"31407811","Between persistently active and activity-silent frameworks: novel vistas on the cellular basis of working memory","Kamiński J, Rutishauser U.","Ann N Y Acad Sci. 2020 Mar;1464(1):64-75. doi: 10.1111/nyas.14213. Epub 2019 Aug 13.","Kamiński J","Ann N Y Acad Sci","2020","2019/08/14","PMC7015771","NIHMS1043223","10.1111/nyas.14213"
"31379528","PET Measures of D1, D2, and DAT Binding Are Associated With Heightened Tactile Responsivity in Rhesus Macaques: Implications for Sensory Processing Disorder","Schneider ML, Moore CF, Ahlers EO, Barnhart TE, Christian BT, DeJesus OT, Engle JW, Holden JE, Larson JA, Moirano JM, Murali D, Nickles RJ, Resch LM, Converse AK.","Front Integr Neurosci. 2019 Jul 17;13:29. doi: 10.3389/fnint.2019.00029. eCollection 2019.","Schneider ML","Front Integr Neurosci","2019","2019/08/06","PMC6652150","","10.3389/fnint.2019.00029"
"31354917","CHARTING DEVELOPMENT-BASED JOINT PARCELLATION MAPS OF HUMAN AND MACAQUE BRAINS DURING INFANCY","Xia J, Wang F, Wu Z, Wang L, Wang Y, Zhang C, Lin W, Shen D, Li G.","Proc IEEE Int Symp Biomed Imaging. 2019 Apr;2019:422-425. doi: 10.1109/ISBI.2019.8759379. Epub 2019 Jul 11.","Xia J","Proc IEEE Int Symp Biomed Imaging","2019","2019/07/30","PMC6659717","NIHMS1011054","10.1109/ISBI.2019.8759379"
"31354418","Fine-Grained Parcellation of the Macaque Nucleus Accumbens by High-Resolution Diffusion Tensor Tractography","Xia X, Fan L, Hou B, Zhang B, Zhang D, Cheng C, Deng H, Dong Y, Zhao X, Li H, Jiang T.","Front Neurosci. 2019 Jul 10;13:709. doi: 10.3389/fnins.2019.00709. eCollection 2019.","Xia X","Front Neurosci","2019","2019/07/30","PMC6635473","","10.3389/fnins.2019.00709"
"31258468","Interspecies Differences in the Connectivity of Ventral Striatal Components Between Humans and Macaques","Xia X, Fan L, Cheng C, Yao R, Deng H, Zhao D, Li H, Jiang T.","Front Neurosci. 2019 Jun 14;13:623. doi: 10.3389/fnins.2019.00623. eCollection 2019.","Xia X","Front Neurosci","2019","2019/07/02","PMC6587664","","10.3389/fnins.2019.00623"
"31123101","Mnemonic Introspection in Macaques Is Dependent on Superior Dorsolateral Prefrontal Cortex But Not Orbitofrontal Cortex","Kwok SC, Cai Y, Buckley MJ.","J Neurosci. 2019 Jul 24;39(30):5922-5934. doi: 10.1523/JNEUROSCI.0330-19.2019. Epub 2019 May 23.","Kwok SC","J Neurosci","2019","2019/05/25","PMC6650985","","10.1523/JNEUROSCI.0330-19.2019"
"30816142","Reward cues readily direct monkeys' auditory performance resulting in broad auditory cortex modulation and interaction with sites along cholinergic and dopaminergic pathways","Wikman P, Rinne T, Petkov CI.","Sci Rep. 2019 Feb 28;9(1):3055. doi: 10.1038/s41598-019-38833-y.","Wikman P","Sci Rep","2019","2019/03/01","PMC6395775","","10.1038/s41598-019-38833-y"
"30747105","Offline impact of transcranial focused ultrasound on cortical activation in primates","Verhagen L, Gallea C, Folloni D, Constans C, Jensen DE, Ahnine H, Roumazeilles L, Santin M, Ahmed B, Lehericy S, Klein-Flügge MC, Krug K, Mars RB, Rushworth MF, Pouget P, Aubry JF, Sallet J.","Elife. 2019 Feb 12;8:e40541. doi: 10.7554/eLife.40541.","Verhagen L","Elife","2019","2019/02/13","PMC6372282","","10.7554/eLife.40541"
"30661736","Large-scale comparative neuroimaging: Where are we and what do we need?","Thiebaut de Schotten M, Croxson PL, Mars RB.","Cortex. 2019 Sep;118:188-202. doi: 10.1016/j.cortex.2018.11.028. Epub 2018 Dec 8.","Thiebaut de Schotten M","Cortex","2019","2019/01/22","PMC6699599","","10.1016/j.cortex.2018.11.028"
"30405362","Colocalization of Tectal Inputs With Amygdala-Projecting Neurons in the Macaque Pulvinar","Elorette C, Forcelli PA, Saunders RC, Malkova L.","Front Neural Circuits. 2018 Oct 24;12:91. doi: 10.3389/fncir.2018.00091. eCollection 2018.","Elorette C","Front Neural Circuits","2018","2018/11/09","PMC6207581","","10.3389/fncir.2018.00091"
"30295946","Intranasal oxytocin in rhesus monkeys alters brain networks that detect social salience and reward","Parr LA, Mitchell T, Hecht E.","Am J Primatol. 2018 Oct;80(10):e22915. doi: 10.1002/ajp.22915. Epub 2018 Sep 17.","Parr LA","Am J Primatol","2018","2018/10/09","PMC6381825","NIHMS1000439","10.1002/ajp.22915"
"30281424","Deep Learning Models Unveiled Functional Difference Between Cortical Gyri and Sulci","Zhang S, Liu H, Huang H, Zhao Y, Jiang X, Bowers B, Guo L, Hu X, Sanchez M, Liu T.","IEEE Trans Biomed Eng. 2019 May;66(5):1297-1308. doi: 10.1109/TBME.2018.2872726. Epub 2018 Sep 28.","Zhang S","IEEE Trans Biomed Eng","2019","2018/10/04","PMC6500590","NIHMS1527850","10.1109/TBME.2018.2872726"
"29720690","Preparatory activity for purposeful arm movements in the dorsomedial parietal area V6A: Beyond the online guidance of movement","Santandrea E, Breveglieri R, Bosco A, Galletti C, Fattori P.","Sci Rep. 2018 May 2;8(1):6926. doi: 10.1038/s41598-018-25117-0.","Santandrea E","Sci Rep","2018","2018/05/04","PMC5931970","","10.1038/s41598-018-25117-0"
"29370245","Metamaterial-based transmit and receive system for whole-body magnetic resonance imaging at ultra-high magnetic fields","Herrmann T, Liebig T, Mallow J, Bruns C, Stadler J, Mylius J, Brosch M, Svedja JT, Chen Z, Rennings A, Scheich H, Plaumann M, Hauser MJB, Bernarding J, Erni D.","PLoS One. 2018 Jan 25;13(1):e0191719. doi: 10.1371/journal.pone.0191719. eCollection 2018.","Herrmann T","PLoS One","2018","2018/01/26","PMC5784978","","10.1371/journal.pone.0191719"
"29276055","Morphometric Similarity Networks Detect Microscale Cortical Organization and Predict Inter-Individual Cognitive Variation","Seidlitz J, Váša F, Shinn M, Romero-Garcia R, Whitaker KJ, Vértes PE, Wagstyl K, Kirkpatrick Reardon P, Clasen L, Liu S, Messinger A, Leopold DA, Fonagy P, Dolan RJ, Jones PB, Goodyer IM; NSPN Consortium, Raznahan A, Bullmore ET.","Neuron. 2018 Jan 3;97(1):231-247.e7. doi: 10.1016/j.neuron.2017.11.039. Epub 2017 Dec 21.","Seidlitz J","Neuron","2018","2017/12/26","PMC5763517","NIHMS930803","10.1016/j.neuron.2017.11.039"
"29260370","Sensory properties of the caudal aspect of the macaque's superior parietal lobule","Gamberini M, Dal Bò G, Breveglieri R, Briganti S, Passarelli L, Fattori P, Galletti C.","Brain Struct Funct. 2018 May;223(4):1863-1879. doi: 10.1007/s00429-017-1593-x. Epub 2017 Dec 19.","Gamberini M","Brain Struct Funct","2018","2017/12/21","","","10.1007/s00429-017-1593-x"
"29055725","Evaluation of prolonged administration of isoflurane on cerebral blood flow and default mode network in macaque monkeys anesthetized with different maintenance doses","Li CX, Zhang X.","Neurosci Lett. 2018 Jan 1;662:402-408. doi: 10.1016/j.neulet.2017.10.034. Epub 2017 Oct 18.","Li CX","Neurosci Lett","2018","2017/10/23","PMC5722273","NIHMS919129","10.1016/j.neulet.2017.10.034"
"29045561","Structural Variability Across the Primate Brain: A Cross-Species Comparison","Croxson PL, Forkel SJ, Cerliani L, Thiebaut de Schotten M.","Cereb Cortex. 2018 Nov 1;28(11):3829-3841. doi: 10.1093/cercor/bhx244.","Croxson PL","Cereb Cortex","2018","2017/10/19","PMC6887925","","10.1093/cercor/bhx244"
"28968837","Denser Growing Fiber Connections Induce 3-hinge Gyral Folding","Ge F, Li X, Razavi MJ, Chen H, Zhang T, Zhang S, Guo L, Hu X, Wang X, Liu T.","Cereb Cortex. 2018 Mar 1;28(3):1064-1075. doi: 10.1093/cercor/bhx227.","Ge F","Cereb Cortex","2018","2017/10/03","PMC6490299","","10.1093/cercor/bhx227"
"28674177","Retinotopic Organization of Scene Areas in Macaque Inferior Temporal Cortex","Arcaro MJ, Livingstone MS.","J Neurosci. 2017 Aug 2;37(31):7373-7389. doi: 10.1523/JNEUROSCI.0569-17.2017. Epub 2017 Jul 3.","Arcaro MJ","J Neurosci","2017","2017/07/05","PMC5546109","","10.1523/JNEUROSCI.0569-17.2017"
"28461058","A population MRI brain template and analysis tools for the macaque","Seidlitz J, Sponheim C, Glen D, Ye FQ, Saleem KS, Leopold DA, Ungerleider L, Messinger A.","Neuroimage. 2018 Apr 15;170:121-131. doi: 10.1016/j.neuroimage.2017.04.063. Epub 2017 Apr 28.","Seidlitz J","Neuroimage","2018","2017/05/03","PMC5660669","NIHMS880011","10.1016/j.neuroimage.2017.04.063"
"28424398","[Brodmann Areas 27, 28, 36 and 37: The Parahippocampal and the Fusiform Gyri]","Eifuku S.","Brain Nerve. 2017 Apr;69(4):439-451. doi: 10.11477/mf.1416200762.","Eifuku S","Brain Nerve","2017","2017/04/21","","","10.11477/mf.1416200762"
"28369850","An MRI study of the corpus callosum in monkeys: Developmental trajectories and effects of neonatal hippocampal and amygdala lesions","Payne C, Cirilli L, Bachevalier J.","Dev Psychobiol. 2017 May;59(4):495-506. doi: 10.1002/dev.21514. Epub 2017 Apr 3.","Payne C","Dev Psychobiol","2017","2017/04/04","PMC5421320","NIHMS857559","10.1002/dev.21514"
"28210206","The UNC-Wisconsin Rhesus Macaque Neurodevelopment Database: A Structural MRI and DTI Database of Early Postnatal Development","Young JT, Shi Y, Niethammer M, Grauer M, Coe CL, Lubach GR, Davis B, Budin F, Knickmeyer RC, Alexander AL, Styner MA.","Front Neurosci. 2017 Feb 2;11:29. doi: 10.3389/fnins.2017.00029. eCollection 2017.","Young JT","Front Neurosci","2017","2017/02/18","PMC5288388","","10.3389/fnins.2017.00029"
"28141820","The missing link: Predicting connectomes from noisy and partially observed tract tracing data","Hinne M, Meijers A, Bakker R, Tiesinga PH, Mørup M, van Gerven MA.","PLoS Comput Biol. 2017 Jan 31;13(1):e1005374. doi: 10.1371/journal.pcbi.1005374. eCollection 2017 Jan.","Hinne M","PLoS Comput Biol","2017","2017/02/01","PMC5308841","","10.1371/journal.pcbi.1005374"
"28126752","Cerebral Temperature Dysregulation: MR Thermographic Monitoring in a Nonhuman Primate Study of Acute Ischemic Stroke","Dehkharghani S, Fleischer CC, Qiu D, Yepes M, Tong F.","AJNR Am J Neuroradiol. 2017 Apr;38(4):712-720. doi: 10.3174/ajnr.A5059. Epub 2017 Jan 26.","Dehkharghani S","AJNR Am J Neuroradiol","2017","2017/01/28","PMC5389900","NIHMS831525","10.3174/ajnr.A5059"
"28119564","UNC-Emory Infant Atlases for Macaque Brain Image Analysis: Postnatal Brain Development through 12 Months","Shi Y, Budin F, Yapuncich E, Rumple A, Young JT, Payne C, Zhang X, Hu X, Godfrey J, Howell B, Sanchez MM, Styner MA.","Front Neurosci. 2017 Jan 10;10:617. doi: 10.3389/fnins.2016.00617. eCollection 2016.","Shi Y","Front Neurosci","2017","2017/01/26","PMC5222830","","10.3389/fnins.2016.00617"
"28056343","Perceptual Decision Making in Rodents, Monkeys, and Humans","Hanks TD, Summerfield C.","Neuron. 2017 Jan 4;93(1):15-31. doi: 10.1016/j.neuron.2016.12.003.","Hanks TD","Neuron","2017","2017/01/06","","","10.1016/j.neuron.2016.12.003"
"28030956","Effects of Long-Duration Administration of 1% Isoflurane on Resting Cerebral Blood Flow and Default Mode Network in Macaque Monkeys","Li CX, Zhang X.","Brain Connect. 2017 Mar;7(2):98-105. doi: 10.1089/brain.2016.0445. Epub 2017 Jan 24.","Li CX","Brain Connect","2017","2016/12/30","PMC5359674","","10.1089/brain.2016.0445"
"28003408","Intrinsic functional architecture of the macaque dorsal and ventral lateral frontal cortex","Goulas A, Stiers P, Hutchison RM, Everling S, Petrides M, Margulies DS.","J Neurophysiol. 2017 Mar 1;117(3):1084-1099. doi: 10.1152/jn.00486.2016. Epub 2016 Dec 21.","Goulas A","J Neurophysiol","2017","2016/12/23","PMC5340881","","10.1152/jn.00486.2016"
"27923731","Social modulation of cognition: Lessons from rhesus macaques relevant to education","Monfardini E, Reynaud AJ, Prado J, Meunier M.","Neurosci Biobehav Rev. 2017 Nov;82:45-57. doi: 10.1016/j.neubiorev.2016.12.002. Epub 2016 Dec 5.","Monfardini E","Neurosci Biobehav Rev","2017","2016/12/08","","","10.1016/j.neubiorev.2016.12.002"
"27909007","Statistical Learning Signals in Macaque Inferior Temporal Cortex","Kaposvari P, Kumar S, Vogels R.","Cereb Cortex. 2018 Jan 1;28(1):250-266. doi: 10.1093/cercor/bhw374.","Kaposvari P","Cereb Cortex","2018","2016/12/03","","","10.1093/cercor/bhw374"
"27655008","Small-World Brain Networks Revisited","Bassett DS, Bullmore ET.","Neuroscientist. 2017 Oct;23(5):499-516. doi: 10.1177/1073858416667720. Epub 2016 Sep 21.","Bassett DS","Neuroscientist","2017","2016/09/23","PMC5603984","","10.1177/1073858416667720"
"27488638","Feature-Selective Attentional Modulations in Human Frontoparietal Cortex","Ester EF, Sutterer DW, Serences JT, Awh E.","J Neurosci. 2016 Aug 3;36(31):8188-99. doi: 10.1523/JNEUROSCI.3935-15.2016.","Ester EF","J Neurosci","2016","2016/08/05","PMC4971365","","10.1523/JNEUROSCI.3935-15.2016"
"27145914","Maps of the Auditory Cortex","Brewer AA, Barton B.","Annu Rev Neurosci. 2016 Jul 8;39:385-407. doi: 10.1146/annurev-neuro-070815-014045. Epub 2016 Apr 25.","Brewer AA","Annu Rev Neurosci","2016","2016/05/06","PMC6436392","NIHMS1014154","10.1146/annurev-neuro-070815-014045"
"26674858","Heading Tuning in Macaque Area V6","Fan RH, Liu S, DeAngelis GC, Angelaki DE.","J Neurosci. 2015 Dec 16;35(50):16303-14. doi: 10.1523/JNEUROSCI.2903-15.2015.","Fan RH","J Neurosci","2015","2015/12/18","PMC4679817","","10.1523/JNEUROSCI.2903-15.2015"
"26653139","Capturing the temporal evolution of choice across prefrontal cortex","Hunt LT, Behrens TE, Hosokawa T, Wallis JD, Kennerley SW.","Elife. 2015 Dec 11;4:e11945. doi: 10.7554/eLife.11945.","Hunt LT","Elife","2015","2015/12/15","PMC4718814","","10.7554/eLife.11945"
"26613367","Subdivision of Broca's region based on individual-level functional connectivity","Jakobsen E, Böttger J, Bellec P, Geyer S, Rübsamen R, Petrides M, Margulies DS.","Eur J Neurosci. 2016 Feb;43(4):561-71. doi: 10.1111/ejn.13140.","Jakobsen E","Eur J Neurosci","2016","2015/11/28","","","10.1111/ejn.13140"
"26241699","Human V4 and ventral occipital retinotopic maps","Winawer J, Witthoft N.","Vis Neurosci. 2015 Jan;32:E020. doi: 10.1017/S0952523815000176.","Winawer J","Vis Neurosci","2015","2015/08/05","PMC4730874","NIHMS752759","10.1017/S0952523815000176"
"26241369","The human cortical areas V6 and V6A","Pitzalis S, Fattori P, Galletti C.","Vis Neurosci. 2015 Jan;32:E007. doi: 10.1017/S0952523815000048.","Pitzalis S","Vis Neurosci","2015","2015/08/05","","","10.1017/S0952523815000048"
"26113807","Robust estimation of group-wise cortical correspondence with an application to macaque and human neuroimaging studies","Lyu I, Kim SH, Seong JK, Yoo SW, Evans A, Shi Y, Sanchez M, Niethammer M, Styner MA.","Front Neurosci. 2015 Jun 11;9:210. doi: 10.3389/fnins.2015.00210. eCollection 2015.","Lyu I","Front Neurosci","2015","2015/06/27","PMC4462677","","10.3389/fnins.2015.00210"
"26066653","The Travelling-Wave Primate System: A New Solution for Magnetic Resonance Imaging of Macaque Monkeys at 7 Tesla Ultra-High Field","Herrmann T, Mallow J, Plaumann M, Luchtmann M, Stadler J, Mylius J, Brosch M, Bernarding J.","PLoS One. 2015 Jun 11;10(6):e0129371. doi: 10.1371/journal.pone.0129371. eCollection 2015.","Herrmann T","PLoS One","2015","2015/06/13","PMC4466239","","10.1371/journal.pone.0129371"
"26015576","Oxytocin modulates fMRI responses to facial expression in macaques","Liu N, Hadj-Bouziane F, Jones KB, Turchi JN, Averbeck BB, Ungerleider LG.","Proc Natl Acad Sci U S A. 2015 Jun 16;112(24):E3123-30. doi: 10.1073/pnas.1508097112. Epub 2015 May 26.","Liu N","Proc Natl Acad Sci U S A","2015","2015/05/28","PMC4475931","","10.1073/pnas.1508097112"
"25759677","Exploring manual asymmetries during grasping: a dynamic causal modeling approach","Begliomini C, Sartori L, Miotto D, Stramare R, Motta R, Castiello U.","Front Psychol. 2015 Feb 24;6:167. doi: 10.3389/fpsyg.2015.00167. eCollection 2015.","Begliomini C","Front Psychol","2015","2015/03/12","PMC4338815","","10.3389/fpsyg.2015.00167"
"25647337","Object affordance modulates visual responses in the macaque medial posterior parietal cortex","Breveglieri R, Galletti C, Bosco A, Gamberini M, Fattori P.","J Cogn Neurosci. 2015 Jul;27(7):1447-55. doi: 10.1162/jocn_a_00793. Epub 2015 Feb 3.","Breveglieri R","J Cogn Neurosci","2015","2015/02/04","","","10.1162/jocn_a_00793"
"25589589","Comparative diffusion tractography of corticostriatal motor pathways reveals differences between humans and macaques","Neggers SF, Zandbelt BB, Schall MS, Schall JD.","J Neurophysiol. 2015 Apr 1;113(7):2164-72. doi: 10.1152/jn.00569.2014. Epub 2015 Jan 14.","Neggers SF","J Neurophysiol","2015","2015/01/16","PMC4416585","","10.1152/jn.00569.2014"
"25581649","Moderate-level prenatal alcohol exposure induces sex differences in dopamine d1 receptor binding in adult rhesus monkeys","Converse AK, Moore CF, Holden JE, Ahlers EO, Moirano JM, Larson JA, Resch LM, DeJesus OT, Barnhart TE, Nickles RJ, Murali D, Christian BT, Schneider ML.","Alcohol Clin Exp Res. 2014 Dec;38(12):2934-43. doi: 10.1111/acer.12575.","Converse AK","Alcohol Clin Exp Res","2014","2015/01/13","PMC4293080","NIHMS629526","10.1111/acer.12575"
"25520054","Brain intracellular metabolites are freely diffusing along cell fibers in grey and white matter, as measured by diffusion-weighted MR spectroscopy in the human brain at 7 T","Najac C, Branzoli F, Ronen I, Valette J.","Brain Struct Funct. 2016 Apr;221(3):1245-54. doi: 10.1007/s00429-014-0968-5. Epub 2014 Dec 18.","Najac C","Brain Struct Funct","2016","2014/12/19","PMC4878649","EMS68015","10.1007/s00429-014-0968-5"
"25471586","Layer specific sharpening of frequency tuning by selective attention in primary auditory cortex","O'Connell MN, Barczak A, Schroeder CE, Lakatos P.","J Neurosci. 2014 Dec 3;34(49):16496-508. doi: 10.1523/JNEUROSCI.2055-14.2014.","O'Connell MN","J Neurosci","2014","2014/12/05","PMC4252556","","10.1523/JNEUROSCI.2055-14.2014"
"25377443","Longitudinal cerebral metabolic changes in pig-tailed macaques infected with the neurovirulent virus SIVsmmFGb","Li CX, Zhang X, Komery A, Li Y, Mao H, Herndon JG, Novembre FJ.","J Neurovirol. 2014 Dec;20(6):612-9. doi: 10.1007/s13365-014-0286-y. Epub 2014 Nov 7.","Li CX","J Neurovirol","2014","2014/11/08","PMC4268089","NIHMS641007","10.1007/s13365-014-0286-y"
"25331460","Preclinical evaluation of [18F]2FNQ1P as the first fluorinated serotonin 5-HT6 radioligand for PET imaging","Becker G, Colomb J, Sgambato-Faure V, Tremblay L, Billard T, Zimmer L.","Eur J Nucl Med Mol Imaging. 2015 Mar;42(3):495-502. doi: 10.1007/s00259-014-2936-y. Epub 2014 Oct 21.","Becker G","Eur J Nucl Med Mol Imaging","2015","2014/10/22","","","10.1007/s00259-014-2936-y"
"25319685","Stimulus-related neuroimaging in task-engaged subjects is best predicted by concurrent spiking","Lima B, Cardoso MM, Sirotin YB, Das A.","J Neurosci. 2014 Oct 15;34(42):13878-91. doi: 10.1523/JNEUROSCI.1595-14.2014.","Lima B","J Neurosci","2014","2014/10/17","PMC4198534","","10.1523/JNEUROSCI.1595-14.2014"
"25192634","Remapping of memory encoding and retrieval networks: insights from neuroimaging in primates","Miyamoto K, Osada T, Adachi Y.","Behav Brain Res. 2014 Dec 15;275:53-61. doi: 10.1016/j.bbr.2014.08.046. Epub 2014 Sep 1.","Miyamoto K","Behav Brain Res","2014","2014/09/07","","","10.1016/j.bbr.2014.08.046"
"25035063","The strength of weak connections in the macaque cortico-cortical network","Goulas A, Schaefer A, Margulies DS.","Brain Struct Funct. 2015 Sep;220(5):2939-51. doi: 10.1007/s00429-014-0836-3. Epub 2014 Jul 18.","Goulas A","Brain Struct Funct","2015","2014/07/19","","","10.1007/s00429-014-0836-3"
"24890304","Effect of high dose isoflurane on cerebral blood flow in macaque monkeys","Li CX, Patel S, Wang DJ, Zhang X.","Magn Reson Imaging. 2014 Sep;32(7):956-60. doi: 10.1016/j.mri.2014.04.019. Epub 2014 Apr 26.","Li CX","Magn Reson Imaging","2014","2014/06/04","PMC4099278","NIHMS590213","10.1016/j.mri.2014.04.019"
"24835185","Characterization of U-shape streamline fibers: Methods and applications","Zhang T, Chen H, Guo L, Li K, Li L, Zhang S, Shen D, Hu X, Liu T.","Med Image Anal. 2014 Jul;18(5):795-807. doi: 10.1016/j.media.2014.04.005. Epub 2014 Apr 19.","Zhang T","Med Image Anal","2014","2014/05/20","PMC4122429","NIHMS598942","10.1016/j.media.2014.04.005"
"24586791","A semi-automated pipeline for the segmentation of rhesus macaque hippocampus: validation across a wide age range","Hunsaker MR, Amaral DG.","PLoS One. 2014 Feb 24;9(2):e89456. doi: 10.1371/journal.pone.0089456. eCollection 2014.","Hunsaker MR","PLoS One","2014","2014/03/04","PMC3933562","","10.1371/journal.pone.0089456"
"24489639","Knowledge-guided robust MRI brain extraction for diverse large-scale neuroimaging studies on humans and non-human primates","Wang Y, Nie J, Yap PT, Li G, Shi F, Geng X, Guo L, Shen D; Alzheimer's Disease Neuroimaging Initiative.","PLoS One. 2014 Jan 29;9(1):e77810. doi: 10.1371/journal.pone.0077810. eCollection 2014.","Wang Y","PLoS One","2014","2014/02/04","PMC3906014","","10.1371/journal.pone.0077810"
"24367327","Brain extraction using the watershed transform from markers","Beare R, Chen J, Adamson CL, Silk T, Thompson DK, Yang JY, Anderson VA, Seal ML, Wood AG.","Front Neuroinform. 2013 Dec 9;7:32. doi: 10.3389/fninf.2013.00032. eCollection 2013.","Beare R","Front Neuroinform","2013","2013/12/25","PMC3856384","","10.3389/fninf.2013.00032"
"24367287","What makes the dorsomedial frontal cortex active during reading the mental states of others?","Isoda M, Noritake A.","Front Neurosci. 2013 Dec 5;7:232. doi: 10.3389/fnins.2013.00232.","Isoda M","Front Neurosci","2013","2013/12/25","PMC3852025","","10.3389/fnins.2013.00232"
"24183027","Cartography and connectomes","Van Essen DC.","Neuron. 2013 Oct 30;80(3):775-90. doi: 10.1016/j.neuron.2013.10.027.","Van Essen DC","Neuron","2013","2013/11/05","PMC3855872","NIHMS531224","10.1016/j.neuron.2013.10.027"
"23991095","A macaque model of mesial temporal lobe epilepsy induced by unilateral intrahippocampal injection of kainic Acid","Chen N, Liu C, Yan N, Hu W, Zhang JG, Ge Y, Meng FG.","PLoS One. 2013 Aug 26;8(8):e72336. doi: 10.1371/journal.pone.0072336. eCollection 2013.","Chen N","PLoS One","2013","2013/08/31","PMC3753347","","10.1371/journal.pone.0072336"
"23986247","Differences in neural activation for object-directed grasping in chimpanzees and humans","Hecht EE, Murphy LE, Gutman DA, Votaw JR, Schuster DM, Preuss TM, Orban GA, Stout D, Parr LA.","J Neurosci. 2013 Aug 28;33(35):14117-34. doi: 10.1523/JNEUROSCI.2172-13.2013.","Hecht EE","J Neurosci","2013","2013/08/30","PMC3756757","","10.1523/JNEUROSCI.2172-13.2013"
"23905720","The effects of alcohol on the nonhuman primate brain: a network science approach to neuroimaging","Telesford QK, Laurienti PJ, Friedman DP, Kraft RA, Daunais JB.","Alcohol Clin Exp Res. 2013 Nov;37(11):1891-900. doi: 10.1111/acer.12181. Epub 2013 Jul 26.","Telesford QK","Alcohol Clin Exp Res","2013","2013/08/03","PMC3812370","NIHMS471410","10.1111/acer.12181"
"23879573","Cortico-cortical, cortico-striatal, and cortico-thalamic white matter fiber tracts generated in the macaque brain via dynamic programming","Ratnanather JT, Lal RM, An M, Poynton CB, Li M, Jiang H, Oishi K, Selemon LD, Mori S, Miller MI.","Brain Connect. 2013;3(5):475-90. doi: 10.1089/brain.2013.0143. Epub 2013 Sep 18.","Ratnanather JT","Brain Connect","2013","2013/07/25","PMC3798182","","10.1089/brain.2013.0143"
"23735530","[Recent advances in social neuroscience research using macaques]","Isoda M.","Brain Nerve. 2013 Jun;65(6):679-86.","Isoda M","Brain Nerve","2013","2013/06/06","","",""
"23703859","A 22-channel receive array with Helmholtz transmit coil for anesthetized macaque MRI at 3 T","Janssens T, Keil B, Serano P, Mareyam A, McNab JA, Wald LL, Vanduffel W.","NMR Biomed. 2013 Nov;26(11):1431-40. doi: 10.1002/nbm.2970. Epub 2013 May 23.","Janssens T","NMR Biomed","2013","2013/05/25","","","10.1002/nbm.2970"
"23515795","Functional organization of human posterior parietal cortex: grasping- and reaching-related activations relative to topographically organized cortex","Konen CS, Mruczek RE, Montoya JL, Kastner S.","J Neurophysiol. 2013 Jun;109(12):2897-908. doi: 10.1152/jn.00657.2012. Epub 2013 Mar 20.","Konen CS","J Neurophysiol","2013","2013/03/22","PMC3680816","","10.1152/jn.00657.2012"
"23335889","The functional role of the medial motion area V6","Pitzalis S, Fattori P, Galletti C.","Front Behav Neurosci. 2013 Jan 16;6:91. doi: 10.3389/fnbeh.2012.00091. eCollection 2012.","Pitzalis S","Front Behav Neurosci","2013","2013/01/22","PMC3546310","","10.3389/fnbeh.2012.00091"
"23251586","Neural activity in the macaque putamen associated with saccades and behavioral outcome","Phillips JM, Everling S.","PLoS One. 2012;7(12):e51596. doi: 10.1371/journal.pone.0051596. Epub 2012 Dec 10.","Phillips JM","PLoS One","2012","2012/12/20","PMC3519730","","10.1371/journal.pone.0051596"
"23233135","Ultra-high field MRI for primate imaging using the travelling-wave concept","Mallow J, Herrmann T, Kim KN, Stadler J, Mylius J, Brosch M, Bernarding J.","MAGMA. 2013 Aug;26(4):389-400. doi: 10.1007/s10334-012-0358-z. Epub 2012 Dec 12.","Mallow J","MAGMA","2013","2012/12/13","","","10.1007/s10334-012-0358-z"
"23197737","Information processing architecture of functionally defined clusters in the macaque cortex","Shen K, Bezgin G, Hutchison RM, Gati JS, Menon RS, Everling S, McIntosh AR.","J Neurosci. 2012 Nov 28;32(48):17465-76. doi: 10.1523/JNEUROSCI.2709-12.2012.","Shen K","J Neurosci","2012","2012/12/01","PMC6621872","","10.1523/JNEUROSCI.2709-12.2012"
"23186916","Parallel motion signals to the medial and lateral motion areas V6 and MT+","Pitzalis S, Bozzacchi C, Bultrini A, Fattori P, Galletti C, Di Russo F.","Neuroimage. 2013 Feb 15;67:89-100. doi: 10.1016/j.neuroimage.2012.11.022. Epub 2012 Nov 24.","Pitzalis S","Neuroimage","2013","2012/11/29","","","10.1016/j.neuroimage.2012.11.022"
"23135357","Diffusion tensor imaging reveals evolution of primate brain architectures","Zhang D, Guo L, Zhu D, Li K, Li L, Chen H, Zhao Q, Hu X, Liu T.","Brain Struct Funct. 2013 Nov;218(6):1429-50. doi: 10.1007/s00429-012-0468-4. Epub 2012 Nov 8.","Zhang D","Brain Struct Funct","2013","2012/11/09","PMC3663907","NIHMS420217","10.1007/s00429-012-0468-4"
"23063951","Mirror neurons: functions, mechanisms and models","Oztop E, Kawato M, Arbib MA.","Neurosci Lett. 2013 Apr 12;540:43-55. doi: 10.1016/j.neulet.2012.10.005. Epub 2012 Oct 11.","Oztop E","Neurosci Lett","2013","2012/10/16","","","10.1016/j.neulet.2012.10.005"
"22842146","The neuroimaging signal is a linear sum of neurally distinct stimulus- and task-related components","Cardoso MM, Sirotin YB, Lima B, Glushenkova E, Das A.","Nat Neurosci. 2012 Sep;15(9):1298-306. doi: 10.1038/nn.3170. Epub 2012 Jul 29.","Cardoso MM","Nat Neurosci","2012","2012/07/31","PMC3690535","NIHMS471796","10.1038/nn.3170"
"22640812","Macaque monkeys exhibit behavioral signs of metamemory in an oculomotor working memory task","Tanaka A, Funahashi S.","Behav Brain Res. 2012 Aug 1;233(2):256-70. doi: 10.1016/j.bbr.2012.05.013. Epub 2012 May 26.","Tanaka A","Behav Brain Res","2012","2012/05/30","","","10.1016/j.bbr.2012.05.013"
"22264198","Viewpoint (in)dependence of action representations: an MVPA study","Oosterhof NN, Tipper SP, Downing PE.","J Cogn Neurosci. 2012 Apr;24(4):975-89. doi: 10.1162/jocn_a_00195. Epub 2012 Jan 20.","Oosterhof NN","J Cogn Neurosci","2012","2012/01/24","","","10.1162/jocn_a_00195"
"22253662","A frameless stereotaxic MRI technique for macaque neuroscience studies","Dubowitz DJ, Scadeng M.","Open Neuroimag J. 2011;5:198-205. doi: 10.2174/1874440001105010198. Epub 2011 Nov 18.","Dubowitz DJ","Open Neuroimag J","2011","2012/01/19","PMC3257065","","10.2174/1874440001105010198"
"24294718","[Neurobiology of neuronal circuits invoved in depression]","Suárez FR.","An R Acad Nac Med (Madr). 2012;129(1):75-97; discussion 97-101.","Suárez FR","An R Acad Nac Med (Madr)","2012","2013/12/04","","",""
"22179107","The basal ganglia and thalamus of the long-tailed macaque in stereotaxic coordinates. A template atlas based on coronal, sagittal and horizontal brain sections","Lanciego JL, Vázquez A.","Brain Struct Funct. 2012 Apr;217(2):613-66. doi: 10.1007/s00429-011-0370-5. Epub 2011 Dec 18.","Lanciego JL","Brain Struct Funct","2012","2011/12/20","PMC3322328","","10.1007/s00429-011-0370-5"
"22017280","Intentional signals during saccadic and reaching delays in the human posterior parietal cortex","Galati G, Committeri G, Pitzalis S, Pelle G, Patria F, Fattori P, Galletti C.","Eur J Neurosci. 2011 Dec;34(11):1871-85. doi: 10.1111/j.1460-9568.2011.07885.x. Epub 2011 Oct 23.","Galati G","Eur J Neurosci","2011","2011/10/25","","","10.1111/j.1460-9568.2011.07885.x"
"21888952","Adolf Hopf's 1954 myeloarchitectonic parcellation of the human temporal lobe: a review and assessment","Sewards TV.","Brain Res Bull. 2011 Nov 25;86(5-6):298-313. doi: 10.1016/j.brainresbull.2011.08.010. Epub 2011 Aug 22.","Sewards TV","Brain Res Bull","2011","2011/09/06","","","10.1016/j.brainresbull.2011.08.010"
"21872854","The prefrontal cortex: comparative architectonic organization in the human and the macaque monkey brains","Petrides M, Tomaiuolo F, Yeterian EH, Pandya DN.","Cortex. 2012 Jan;48(1):46-57. doi: 10.1016/j.cortex.2011.07.002. Epub 2011 Jul 29.","Petrides M","Cortex","2012","2011/08/30","","","10.1016/j.cortex.2011.07.002"
"21615285","Communication and the primate brain: insights from neuroimaging studies in humans, chimpanzees and macaques","Wilson B, Petkov CI.","Hum Biol. 2011 Apr;83(2):175-89. doi: 10.3378/027.083.0203.","Wilson B","Hum Biol","2011","2011/05/28","PMC3398142","UKMS49153","10.3378/027.083.0203"
"21411650","Diffusion-weighted imaging tractography-based parcellation of the human parietal cortex and comparison with human and macaque resting-state functional connectivity","Mars RB, Jbabdi S, Sallet J, O'Reilly JX, Croxson PL, Olivier E, Noonan MP, Bergmann C, Mitchell AS, Baxter MG, Behrens TE, Johansen-Berg H, Tomassini V, Miller KL, Rushworth MF.","J Neurosci. 2011 Mar 16;31(11):4087-100. doi: 10.1523/JNEUROSCI.5102-10.2011.","Mars RB","J Neurosci","2011","2011/03/18","PMC3091022","UKMS34710","10.1523/JNEUROSCI.5102-10.2011"
"21381104","Brain creatine elevation and N-Acetylaspartate reduction indicates neuronal dysfunction in the setting of enhanced glial energy metabolism in a macaque model of neuroAIDS","Ratai EM, Annamalai L, Burdo T, Joo CG, Bombardier JP, Fell R, Hakimelahi R, He J, Lentz MR, Campbell J, Curran E, Halpern EF, Masliah E, Westmoreland SV, Williams KC, González RG.","Magn Reson Med. 2011 Sep;66(3):625-34. doi: 10.1002/mrm.22821. Epub 2011 Mar 4.","Ratai EM","Magn Reson Med","2011","2011/03/08","PMC3139817","NIHMS262661","10.1002/mrm.22821"
"21254803","Neuronal signal dynamics during preparation and execution for behavioral shifting in macaque posterior parietal cortex","Kamigaki T, Fukushima T, Miyashita Y.","J Cogn Neurosci. 2011 Sep;23(9):2503-20. doi: 10.1162/jocn.2011.21613. Epub 2011 Jan 21.","Kamigaki T","J Cogn Neurosci","2011","2011/01/25","","","10.1162/jocn.2011.21613"
"20881123","Specificity of human parietal saccade and reach regions during transcranial magnetic stimulation","Vesia M, Prime SL, Yan X, Sergio LE, Crawford JD.","J Neurosci. 2010 Sep 29;30(39):13053-65. doi: 10.1523/JNEUROSCI.1644-10.2010.","Vesia M","J Neurosci","2010","2010/10/01","PMC6633525","","10.1523/JNEUROSCI.1644-10.2010"
"20861432","Orientation selectivity of motion-boundary responses in human visual cortex","Larsson J, Heeger DJ, Landy MS.","J Neurophysiol. 2010 Dec;104(6):2940-50. doi: 10.1152/jn.00400.2010. Epub 2010 Sep 22.","Larsson J","J Neurophysiol","2010","2010/09/24","PMC3007646","","10.1152/jn.00400.2010"
"20817917","Human cortical control of hand movements: parietofrontal networks for reaching, grasping, and pointing","Filimon F.","Neuroscientist. 2010 Aug;16(4):388-407. doi: 10.1177/1073858410375468.","Filimon F","Neuroscientist","2010","2010/09/07","","","10.1177/1073858410375468"
"20676236","Measurement of neuronal activity in a macaque monkey in response to animate images using near-infrared spectroscopy","Wakita M, Shibasaki M, Ishizuka T, Schnackenberg J, Fujiawara M, Masataka N.","Front Behav Neurosci. 2010 Jun 7;4:31. doi: 10.3389/fnbeh.2010.00031. eCollection 2010.","Wakita M","Front Behav Neurosci","2010","2010/08/03","PMC2912168","","10.3389/fnbeh.2010.00031"
"20628439","Influence of pediatric vaccines on amygdala growth and opioid ligand binding in rhesus macaque infants: A pilot study","Hewitson L, Lopresti BJ, Stott C, Mason NS, Tomko J.","Acta Neurobiol Exp (Wars). 2010;70(2):147-64.","Hewitson L","Acta Neurobiol Exp (Wars)","2010","2010/07/15","","",""
"20351021","High-level visual object representations are constrained by position","Kravitz DJ, Kriegeskorte N, Baker CI.","Cereb Cortex. 2010 Dec;20(12):2916-25. doi: 10.1093/cercor/bhq042. Epub 2010 Mar 29.","Kravitz DJ","Cereb Cortex","2010","2010/03/31","PMC2978243","","10.1093/cercor/bhq042"
"20173093","Topographic organization of macaque area LIP","Patel GH, Shulman GL, Baker JT, Akbudak E, Snyder AZ, Snyder LH, Corbetta M.","Proc Natl Acad Sci U S A. 2010 Mar 9;107(10):4728-33. doi: 10.1073/pnas.0908092107. Epub 2010 Feb 19.","Patel GH","Proc Natl Acad Sci U S A","2010","2010/02/23","PMC2842044","","10.1073/pnas.0908092107"
"20056149","ALE meta-analysis of action observation and imitation in the human brain","Caspers S, Zilles K, Laird AR, Eickhoff SB.","Neuroimage. 2010 Apr 15;50(3):1148-67. doi: 10.1016/j.neuroimage.2009.12.112. Epub 2010 Jan 4.","Caspers S","Neuroimage","2010","2010/01/09","PMC4981639","NIHMS774049","10.1016/j.neuroimage.2009.12.112"
"19955295","Functional connectivity of the macaque posterior parahippocampal cortex","Vincent JL, Kahn I, Van Essen DC, Buckner RL.","J Neurophysiol. 2010 Feb;103(2):793-800. doi: 10.1152/jn.00546.2009. Epub 2009 Dec 2.","Vincent JL","J Neurophysiol","2010","2009/12/04","PMC2822694","","10.1152/jn.00546.2009"
"19923280","Default mode of brain activity demonstrated by positron emission tomography imaging in awake monkeys: higher rest-related than working memory-related activity in medial cortical areas","Kojima T, Onoe H, Hikosaka K, Tsutsui K, Tsukada H, Watanabe M.","J Neurosci. 2009 Nov 18;29(46):14463-71. doi: 10.1523/JNEUROSCI.1786-09.2009.","Kojima T","J Neurosci","2009","2009/11/20","PMC6665835","","10.1523/JNEUROSCI.1786-09.2009"
"19912328","Distribution of colour-selective activity in the monkey inferior temporal cortex revealed by functional magnetic resonance imaging","Harada T, Goda N, Ogawa T, Ito M, Toyoda H, Sadato N, Komatsu H.","Eur J Neurosci. 2009 Nov;30(10):1960-70. doi: 10.1111/j.1460-9568.2009.06995.x. Epub 2009 Nov 11.","Harada T","Eur J Neurosci","2009","2009/11/17","","","10.1111/j.1460-9568.2009.06995.x"
"19903877","Precuneus shares intrinsic functional architecture in humans and monkeys","Margulies DS, Vincent JL, Kelly C, Lohmann G, Uddin LQ, Biswal BB, Villringer A, Castellanos FX, Milham MP, Petrides M.","Proc Natl Acad Sci U S A. 2009 Nov 24;106(47):20069-74. doi: 10.1073/pnas.0905314106. Epub 2009 Nov 10.","Margulies DS","Proc Natl Acad Sci U S A","2009","2009/11/12","PMC2775700","","10.1073/pnas.0905314106"
"19883763","Rhesus macaque brain morphometry: a methodological comparison of voxel-wise approaches","McLaren DG, Kosmatka KJ, Kastman EK, Bendlin BB, Johnson SC.","Methods. 2010 Mar;50(3):157-65. doi: 10.1016/j.ymeth.2009.10.003. Epub 2009 Oct 31.","McLaren DG","Methods","2010","2009/11/04","PMC2828534","NIHMS166080","10.1016/j.ymeth.2009.10.003"
"19781939","Deciphering cortical number coding from human brain activity patterns","Eger E, Michel V, Thirion B, Amadon A, Dehaene S, Kleinschmidt A.","Curr Biol. 2009 Oct 13;19(19):1608-15. doi: 10.1016/j.cub.2009.08.047. Epub 2009 Sep 24.","Eger E","Curr Biol","2009","2009/09/29","","","10.1016/j.cub.2009.08.047"
"19721434","Cognitive impact of genetic variation of the serotonin transporter in primates is associated with differences in brain morphology rather than serotonin neurotransmission","Jedema HP, Gianaros PJ, Greer PJ, Kerr DD, Liu S, Higley JD, Suomi SJ, Olsen AS, Porter JN, Lopresti BJ, Hariri AR, Bradberry CW.","Mol Psychiatry. 2010 May;15(5):512-22, 446. doi: 10.1038/mp.2009.90. Epub 2009 Sep 1.","Jedema HP","Mol Psychiatry","2010","2009/09/02","PMC2861147","NIHMS133752","10.1038/mp.2009.90"
"19665567","Diffusion tensor and perfusion MRI of non-human primates","Duong TQ.","Methods. 2010 Mar;50(3):125-35. doi: 10.1016/j.ymeth.2009.08.001. Epub 2009 Aug 7.","Duong TQ","Methods","2010","2009/08/12","PMC2828503","NIHMS143278","10.1016/j.ymeth.2009.08.001"
"19665515","Anatomical organization of the eye fields in the human and non-human primate frontal cortex","Amiez C, Petrides M.","Prog Neurobiol. 2009 Oct;89(2):220-30. doi: 10.1016/j.pneurobio.2009.07.010. Epub 2009 Aug 7.","Amiez C","Prog Neurobiol","2009","2009/08/12","","","10.1016/j.pneurobio.2009.07.010"
"19523515","The cortical visual area V6 in macaque and human brains","Fattori P, Pitzalis S, Galletti C.","J Physiol Paris. 2009 Jan-Mar;103(1-2):88-97. doi: 10.1016/j.jphysparis.2009.05.012. Epub 2009 Jun 10.","Fattori P","J Physiol Paris","2009","2009/06/16","","","10.1016/j.jphysparis.2009.05.012"
"19337503","Manganese neurotoxicity: lessons learned from longitudinal studies in nonhuman primates","Burton NC, Guilarte TR.","Environ Health Perspect. 2009 Mar;117(3):325-32. doi: 10.1289/ehp.0800035. Epub 2008 Oct 3.","Burton NC","Environ Health Perspect","2009","2009/04/02","PMC2661898","","10.1289/ehp.0800035"
"18442441","Responses to direction and transparent motion stimuli in area FST of the macaque","Rosenberg A, Wallisch P, Bradley DC.","Vis Neurosci. 2008 Mar-Apr;25(2):187-95. doi: 10.1017/S0952523808080528.","Rosenberg A","Vis Neurosci","2008","2008/04/30","","","10.1017/S0952523808080528"
"18440831","Touch, sound and vision in human superior temporal sulcus","Beauchamp MS, Yasar NE, Frye RE, Ro T.","Neuroimage. 2008 Jul 1;41(3):1011-20. doi: 10.1016/j.neuroimage.2008.03.015. Epub 2008 Mar 20.","Beauchamp MS","Neuroimage","2008","2008/04/29","PMC2409200","NIHMS48764","10.1016/j.neuroimage.2008.03.015"
"18423906","On the other hand: dummy hands and peripersonal space","Makin TR, Holmes NP, Ehrsson HH.","Behav Brain Res. 2008 Aug 5;191(1):1-10. doi: 10.1016/j.bbr.2008.02.041. Epub 2008 Mar 7.","Makin TR","Behav Brain Res","2008","2008/04/22","","","10.1016/j.bbr.2008.02.041"
"18337400","Age-related regional network of magnetic resonance imaging gray matter in the rhesus macaque","Alexander GE, Chen K, Aschenbrenner M, Merkley TL, Santerre-Lemmon LE, Shamy JL, Skaggs WE, Buonocore MH, Rapp PR, Barnes CA.","J Neurosci. 2008 Mar 12;28(11):2710-8. doi: 10.1523/JNEUROSCI.1852-07.2008.","Alexander GE","J Neurosci","2008","2008/03/14","PMC6670689","","10.1523/JNEUROSCI.1852-07.2008"
"18222935","The microvascular system of the striate and extrastriate visual cortex of the macaque","Weber B, Keller AL, Reichold J, Logothetis NK.","Cereb Cortex. 2008 Oct;18(10):2318-30. doi: 10.1093/cercor/bhm259. Epub 2008 Jan 24.","Weber B","Cereb Cortex","2008","2008/01/29","","","10.1093/cercor/bhm259"
"17726001","Ventrolateral prefrontal neuronal activity related to active controlled memory retrieval in nonhuman primates","Cadoret G, Petrides M.","Cereb Cortex. 2007 Sep;17 Suppl 1:i27-40. doi: 10.1093/cercor/bhm086.","Cadoret G","Cereb Cortex","2007","2007/11/21","","","10.1093/cercor/bhm086"
"17964241","Surface-based and probabilistic atlases of primate cerebral cortex","Van Essen DC, Dierker DL.","Neuron. 2007 Oct 25;56(2):209-25. doi: 10.1016/j.neuron.2007.10.015.","Van Essen DC","Neuron","2007","2007/10/30","","","10.1016/j.neuron.2007.10.015"
"17445248","Domain-related differentiation of working memory in the Japanese macaque (Macaca fuscata) frontal cortex: a positron emission tomography study","Kojima T, Onoe H, Hikosaka K, Tsutsui K, Tsukada H, Watanabe M.","Eur J Neurosci. 2007 Apr;25(8):2523-35. doi: 10.1111/j.1460-9568.2007.05504.x.","Kojima T","Eur J Neurosci","2007","2007/04/21","","","10.1111/j.1460-9568.2007.05504.x"
"17188927","Exploring the neural basis of cognition: multi-modal links between human fMRI and macaque neurophysiology","Nakahara K, Adachi Y, Osada T, Miyashita Y.","Trends Cogn Sci. 2007 Feb;11(2):84-92. doi: 10.1016/j.tics.2006.11.006. Epub 2006 Dec 26.","Nakahara K","Trends Cogn Sci","2007","2006/12/26","","","10.1016/j.tics.2006.11.006"
"17140815","Distribution of the dopamine innervation in the macaque and human thalamus","García-Cabezas MA, Rico B, Sánchez-González MA, Cavada C.","Neuroimage. 2007 Feb 1;34(3):965-84. doi: 10.1016/j.neuroimage.2006.07.032. Epub 2006 Nov 30.","García-Cabezas MA","Neuroimage","2007","2006/12/05","","","10.1016/j.neuroimage.2006.07.032"
"16950456","Attentional shifting and the role of the dorsal pathway in visual word recognition","Pammer K, Hansen P, Holliday I, Cornelissen P.","Neuropsychologia. 2006;44(14):2926-36. doi: 10.1016/j.neuropsychologia.2006.06.028. Epub 2006 Sep 1.","Pammer K","Neuropsychologia","2006","2006/09/05","","","10.1016/j.neuropsychologia.2006.06.028"
"16723518","Representation of head-centric flow in the human motion complex","Goossens J, Dukelow SP, Menon RS, Vilis T, van den Berg AV.","J Neurosci. 2006 May 24;26(21):5616-27. doi: 10.1523/JNEUROSCI.0730-06.2006.","Goossens J","J Neurosci","2006","2006/05/26","PMC6675273","","10.1523/JNEUROSCI.0730-06.2006"
"16677946","The effect of artifacts on dependence measurement in fMRI","Gretton A, Belitski A, Murayama Y, Schölkopf B, Logothetis N.","Magn Reson Imaging. 2006 May;24(4):401-9. doi: 10.1016/j.mri.2005.12.036. Epub 2006 Apr 19.","Gretton A","Magn Reson Imaging","2006","2006/05/09","","","10.1016/j.mri.2005.12.036"
"16337974","The role of parietal cortex in visuomotor control: what have we learned from neuroimaging?","Culham JC, Cavina-Pratesi C, Singhal A.","Neuropsychologia. 2006;44(13):2668-84. doi: 10.1016/j.neuropsychologia.2005.11.003. Epub 2005 Dec 9.","Culham JC","Neuropsychologia","2006","2005/12/13","","","10.1016/j.neuropsychologia.2005.11.003"
"15951226","Continuity of the conceptual system across species","Barsalou LW.","Trends Cogn Sci. 2005 Jul;9(7):309-11. doi: 10.1016/j.tics.2005.05.003.","Barsalou LW","Trends Cogn Sci","2005","2005/06/14","","","10.1016/j.tics.2005.05.003"
"15860578","Representations of faces and body parts in macaque temporal cortex: a functional MRI study","Pinsk MA, DeSimone K, Moore T, Gross CG, Kastner S.","Proc Natl Acad Sci U S A. 2005 May 10;102(19):6996-7001. doi: 10.1073/pnas.0502605102. Epub 2005 Apr 28.","Pinsk MA","Proc Natl Acad Sci U S A","2005","2005/04/30","PMC1100800","","10.1073/pnas.0502605102"
"15831395","See me, hear me, touch me: multisensory integration in lateral occipital-temporal cortex","Beauchamp MS.","Curr Opin Neurobiol. 2005 Apr;15(2):145-53. doi: 10.1016/j.conb.2005.03.011.","Beauchamp MS","Curr Opin Neurobiol","2005","2005/04/16","","","10.1016/j.conb.2005.03.011"
"15504333","Tuning curves for approximate numerosity in the human intraparietal sulcus","Piazza M, Izard V, Pinel P, Le Bihan D, Dehaene S.","Neuron. 2004 Oct 28;44(3):547-55. doi: 10.1016/j.neuron.2004.10.014.","Piazza M","Neuron","2004","2004/10/27","","","10.1016/j.neuron.2004.10.014"
"15130735","Atlas template images for nonhuman primate neuroimaging: baboon and macaque","Black KJ, Koller JM, Snyder AZ, Perlmutter JS.","Methods Enzymol. 2004;385:91-102. doi: 10.1016/S0076-6879(04)85006-7.","Black KJ","Methods Enzymol","2004","2004/05/08","","","10.1016/S0076-6879(04)85006-7"
"14606694","The amygdala and autism: implications from non-human primate studies","Amaral DG, Bauman MD, Schumann CM.","Genes Brain Behav. 2003 Oct;2(5):295-302. doi: 10.1034/j.1601-183x.2003.00043.x.","Amaral DG","Genes Brain Behav","2003","2003/11/11","","","10.1034/j.1601-183x.2003.00043.x"
"14521193","The amygdala, autism and anxiety","Amaral DG, Corbett BA.","Novartis Found Symp. 2003;251:177-87; discussion 187-97, 281-97.","Amaral DG","Novartis Found Symp","2003","2003/10/03","","",""
"12916486","Functional imaging of the visual pathways","Wandell BA, Wade AR.","Neurol Clin. 2003 May;21(2):417-43, vi. doi: 10.1016/s0733-8619(03)00003-3.","Wandell BA","Neurol Clin","2003","2003/08/15","","","10.1016/s0733-8619(03)00003-3"
"12564129","Chronic ischemic stroke model in cynomolgus monkeys: behavioral, neuroimaging and anatomical study","Roitberg B, Khan N, Tuccar E, Kompoliti K, Chu Y, Alperin N, Kordower JH, Emborg ME.","Neurol Res. 2003 Jan;25(1):68-78. doi: 10.1179/016164103101200950.","Roitberg B","Neurol Res","2003","2003/02/05","","","10.1179/016164103101200950"
"12235791","[Neural and molecular mechanisms of visual memory and imagery in the primate]","Miyashita Y.","Rinsho Shinkeigaku. 2001 Dec;41(12):1041-7.","Miyashita Y","Rinsho Shinkeigaku","2001","2002/09/19","","",""
"12030817","Repeated fMRI using iron oxide contrast agent in awake, behaving macaques at 3 Tesla","Leite FP, Tsao D, Vanduffel W, Fize D, Sasaki Y, Wald LL, Dale AM, Kwong KK, Orban GA, Rosen BR, Tootell RB, Mandeville JB.","Neuroimage. 2002 Jun;16(2):283-94. doi: 10.1006/nimg.2002.1110.","Leite FP","Neuroimage","2002","2002/05/29","","","10.1006/nimg.2002.1110"
"11753413","An auditory domain in primate prefrontal cortex","Romanski LM, Goldman-Rakic PS.","Nat Neurosci. 2002 Jan;5(1):15-6. doi: 10.1038/nn781.","Romanski LM","Nat Neurosci","2002","2001/12/26","PMC2793092","NIHMS151817","10.1038/nn781"
"11719199","Visual motion processing investigated using contrast agent-enhanced fMRI in awake behaving monkeys","Vanduffel W, Fize D, Mandeville JB, Nelissen K, Van Hecke P, Rosen BR, Tootell RB, Orban GA.","Neuron. 2001 Nov 20;32(4):565-77. doi: 10.1016/s0896-6273(01)00502-5.","Vanduffel W","Neuron","2001","2001/11/24","","","10.1016/s0896-6273(01)00502-5"
"11517270","The cortical representation of the hand in macaque and human area S-I: high resolution optical imaging","Shoham D, Grinvald A.","J Neurosci. 2001 Sep 1;21(17):6820-35. doi: 10.1523/JNEUROSCI.21-17-06820.2001.","Shoham D","J Neurosci","2001","2001/08/23","PMC6763104","","10.1523/JNEUROSCI.21-17-06820.2001"
"11506546","Template images for nonhuman primate neuroimaging: 2. Macaque","Black KJ, Koller JM, Snyder AZ, Perlmutter JS.","Neuroimage. 2001 Sep;14(3):744-8. doi: 10.1006/nimg.2001.0871.","Black KJ","Neuroimage","2001","2001/08/17","","","10.1006/nimg.2001.0871"
"10985344","A human extrastriate area functionally homologous to macaque V4","Gallant JL, Shoup RE, Mazer JA.","Neuron. 2000 Aug;27(2):227-35. doi: 10.1016/s0896-6273(00)00032-5.","Gallant JL","Neuron","2000","2000/09/14","","","10.1016/s0896-6273(00)00032-5"
"10103094","Dorsolateral prefrontal cortex: comparative cytoarchitectonic analysis in the human and the macaque brain and corticocortical connection patterns","Petrides M, Pandya DN.","Eur J Neurosci. 1999 Mar;11(3):1011-36. doi: 10.1046/j.1460-9568.1999.00518.x.","Petrides M","Eur J Neurosci","1999","1999/04/02","","","10.1046/j.1460-9568.1999.00518.x"
"9575379","Parallel processing in the auditory cortex of primates","Rauschecker JP.","Audiol Neurootol. 1998 Mar-Jun;3(2-3):86-103. doi: 10.1159/000013784.","Rauschecker JP","Audiol Neurootol","1998","1998/05/12","","","10.1159/000013784"
"9510384","Dorsal cortical regions subserving visually guided saccades in humans: an fMRI study","Luna B, Thulborn KR, Strojwas MH, McCurtain BJ, Berman RA, Genovese CR, Sweeney JA.","Cereb Cortex. 1998 Jan-Feb;8(1):40-7. doi: 10.1093/cercor/8.1.40.","Luna B","Cereb Cortex","1998","1998/03/24","","","10.1093/cercor/8.1.40"
"9278543","Structural and functional analyses of human cerebral cortex using a surface-based atlas","Van Essen DC, Drury HA.","J Neurosci. 1997 Sep 15;17(18):7079-102. doi: 10.1523/JNEUROSCI.17-18-07079.1997.","Van Essen DC","J Neurosci","1997","1997/09/15","PMC6573261","","10.1523/JNEUROSCI.17-18-07079.1997"
