﻿PMID,Title,Authors,Citation,First Author,Journal/Book,Publication Year,Create Date,PMCID,NIHMS ID,DOI
"34296183","On the Complexity of Resting State Spiking Activity in Monkey Motor Cortex","Dąbrowska PA, Voges N, von Papen M, Ito J, Dahmen D, Riehle A, Brochier T, Grün S.","Cereb Cortex Commun. 2021 May 18;2(3):tgab033. doi: 10.1093/texcom/tgab033. eCollection 2021.","Dąbrowska PA","Cereb Cortex Commun","2021","2021/07/23","PMC8271144","","10.1093/texcom/tgab033"
"34296111","A Causal Role of Area hMST for Self-Motion Perception in Humans","Schmitt C, Baltaretu BR, Crawford JD, Bremmer F.","Cereb Cortex Commun. 2020 Jul 30;1(1):tgaa042. doi: 10.1093/texcom/tgaa042. eCollection 2020.","Schmitt C","Cereb Cortex Commun","2020","2021/07/23","PMC8152865","","10.1093/texcom/tgaa042"
"34210891","A fast link between face perception and memory in the temporal pole","Landi SM, Viswanathan P, Serene S, Freiwald WA.","Science. 2021 Jul 30;373(6554):581-585. doi: 10.1126/science.abi6671. Epub 2021 Jul 1.","Landi SM","Science","2021","2021/07/02","","","10.1126/science.abi6671"
"34011626","Na(v)1.7 target modulation and efficacy can be measured in nonhuman primate assays","Kraus RL, Zhao F, Pall PS, Zhou D, Vardigan JD, Danziger A, Li Y, Daley C, Ballard JE, Clements MK, Klein RM, Holahan MA, Greshock TJ, Kim RM, Layton ME, Burgey CS, Serra J, Henze DA, Houghton AK.","Sci Transl Med. 2021 May 19;13(594):eaay1050. doi: 10.1126/scitranslmed.aay1050.","Kraus RL","Sci Transl Med","2021","2021/05/20","","","10.1126/scitranslmed.aay1050"
"33866360","The Causal Role of Three Frontal Cortical Areas in Grasping","Caprara I, Janssen P.","Cereb Cortex. 2021 Jul 29;31(9):4274-4288. doi: 10.1093/cercor/bhab085.","Caprara I","Cereb Cortex","2021","2021/04/18","","","10.1093/cercor/bhab085"
"33853400","Pharmacological modulation of brain activation to non-noxious stimulation in a cynomolgus macaque model of peripheral nerve injury","Hama A, Yano M, Sotogawa W, Fujii R, Awaga Y, Natsume T, Hayashi I, Takamatsu H.","Mol Pain. 2021 Jan-Dec;17:17448069211008697. doi: 10.1177/17448069211008697.","Hama A","Mol Pain","2021","2021/04/15","PMC8053757","","10.1177/17448069211008697"
"33787492","Neural network of social interaction observation in marmosets","Cléry JC, Hori Y, Schaeffer DJ, Menon RS, Everling S.","Elife. 2021 Mar 31;10:e65012. doi: 10.7554/eLife.65012.","Cléry JC","Elife","2021","2021/03/31","PMC8024015","","10.7554/eLife.65012"
"33593730","MRI Compatible, Customizable, and 3D-Printable Microdrive for Neuroscience Research","Baeg E, Doudlah R, Swader R, Lee H, Han M, Kim SG, Rosenberg A, Kim B.","eNeuro. 2021 Mar 12;8(2):ENEURO.0495-20.2021. doi: 10.1523/ENEURO.0495-20.2021. Print 2021 Mar-Apr.","Baeg E","eNeuro","2021","2021/02/17","PMC7986532","","10.1523/ENEURO.0495-20.2021"
"33427167","Developmental outcomes of early adverse care on amygdala functional connectivity in nonhuman primates","Morin EL, Howell BR, Feczko E, Earl E, Pincus M, Reding K, Kovacs-Balint ZA, Meyer JS, Styner M, Fair D, Sanchez MM.","Dev Psychopathol. 2020 Dec;32(5):1579-1596. doi: 10.1017/S0954579420001133.","Morin EL","Dev Psychopathol","2020","2021/01/11","","","10.1017/S0954579420001133"
"33112698","Whole brain mapping of somatosensory responses in awake marmosets investigated with ultra-high-field fMRI","Cléry JC, Hori Y, Schaeffer DJ, Gati JS, Pruszynski JA, Everling S.","J Neurophysiol. 2020 Dec 1;124(6):1900-1913. doi: 10.1152/jn.00480.2020. Epub 2020 Oct 28.","Cléry JC","J Neurophysiol","2020","2020/10/28","","","10.1152/jn.00480.2020"
"32960419","MRI-based Parcellation and Morphometry of the Individual Rhesus Monkey Brain: the macaque Harvard-Oxford Atlas (mHOA), a translational system referencing a standardized ontology","Rushmore RJ, Bouix S, Kubicki M, Rathi Y, Rosene DL, Yeterian EH, Makris N.","Brain Imaging Behav. 2021 Jun;15(3):1589-1621. doi: 10.1007/s11682-020-00357-9.","Rushmore RJ","Brain Imaging Behav","2021","2020/09/22","","","10.1007/s11682-020-00357-9"
"32954410","Sulcal Depth in the Medial Ventral Temporal Cortex Predicts the Location of a Place-Selective Region in Macaques, Children, and Adults","Natu VS, Arcaro MJ, Barnett MA, Gomez J, Livingstone M, Grill-Spector K, Weiner KS.","Cereb Cortex. 2021 Jan 1;31(1):48-61. doi: 10.1093/cercor/bhaa203.","Natu VS","Cereb Cortex","2021","2020/09/21","PMC7727388","","10.1093/cercor/bhaa203"
"32898683","Ultra-high field (10.5 T) resting state fMRI in the macaque","Yacoub E, Grier MD, Auerbach EJ, Lagore RL, Harel N, Adriany G, Zilverstand A, Hayden BY, Heilbronner SR, Uğurbil K, Zimmermann J.","Neuroimage. 2020 Dec;223:117349. doi: 10.1016/j.neuroimage.2020.117349. Epub 2020 Sep 6.","Yacoub E","Neuroimage","2020","2020/09/08","PMC7745777","NIHMS1651795","10.1016/j.neuroimage.2020.117349"
"32366956","Rapid event-related, BOLD fMRI, non-human primates (NHP): choose two out of three","Pelekanos V, Mok RM, Joly O, Ainsworth M, Kyriazis D, Kelly MG, Bell AH, Kriegeskorte N.","Sci Rep. 2020 May 4;10(1):7485. doi: 10.1038/s41598-020-64376-8.","Pelekanos V","Sci Rep","2020","2020/05/06","PMC7198564","","10.1038/s41598-020-64376-8"
"32227117","Stereomotion Processing in the Nonhuman Primate Brain","Héjja-Brichard Y, Rima S, Rapha E, Durand JB, Cottereau BR.","Cereb Cortex. 2020 Jun 30;30(8):4528-4543. doi: 10.1093/cercor/bhaa055.","Héjja-Brichard Y","Cereb Cortex","2020","2020/04/01","","","10.1093/cercor/bhaa055"
"32142704","A Network of Topographic Maps in Human Association Cortex Hierarchically Transforms Visual Timing-Selective Responses","Harvey BM, Dumoulin SO, Fracasso A, Paul JM.","Curr Biol. 2020 Apr 20;30(8):1424-1434.e6. doi: 10.1016/j.cub.2020.01.090. Epub 2020 Mar 5.","Harvey BM","Curr Biol","2020","2020/03/07","PMC7181178","","10.1016/j.cub.2020.01.090"
"31830589","Dynamic causal modelling of phase-amplitude interactions","Fagerholm ED, Moran RJ, Violante IR, Leech R, Friston KJ.","Neuroimage. 2020 Mar;208:116452. doi: 10.1016/j.neuroimage.2019.116452. Epub 2019 Dec 9.","Fagerholm ED","Neuroimage","2020","2019/12/13","","","10.1016/j.neuroimage.2019.116452"
"31768458","Brain Activation in a Cynomolgus Macaque Model of Chymopapain-Induced Discogenic Low Back Pain: A Preliminary Study","Ushirozako H, Yoshida G, Togawa D, Omura T, Hasegawa T, Yamato Y, Banno T, Arima H, Oe S, Mihara Y, Yamada T, Natsume T, Ogawa S, Awaga Y, Takamatsu H, Matsuyama Y.","Spine Surg Relat Res. 2019 Apr 5;3(4):368-376. doi: 10.22603/ssrr.2018-0110. eCollection 2019.","Ushirozako H","Spine Surg Relat Res","2019","2019/11/27","PMC6834467","","10.22603/ssrr.2018-0110"
"31682802","Brain activity changes in a monkey model of central post-stroke pain","Nagasaka K, Takashima I, Matsuda K, Higo N.","Exp Neurol. 2020 Jan;323:113096. doi: 10.1016/j.expneurol.2019.113096. Epub 2019 Nov 1.","Nagasaka K","Exp Neurol","2020","2019/11/05","","","10.1016/j.expneurol.2019.113096"
"31479755","Task-based fMRI of a free-viewing visuo-saccadic network in the marmoset monkey","Schaeffer DJ, Gilbert KM, Hori Y, Hayrynen LK, Johnston KD, Gati JS, Menon RS, Everling S.","Neuroimage. 2019 Nov 15;202:116147. doi: 10.1016/j.neuroimage.2019.116147. Epub 2019 Aug 31.","Schaeffer DJ","Neuroimage","2019","2019/09/04","","","10.1016/j.neuroimage.2019.116147"
"31072758","Interindividual Variability of Functional Connectivity in Awake and Anesthetized Rhesus Macaque Monkeys","Xu T, Sturgeon D, Ramirez JSB, Froudist-Walsh S, Margulies DS, Schroeder CE, Fair DA, Milham MP.","Biol Psychiatry Cogn Neurosci Neuroimaging. 2019 Jun;4(6):543-553. doi: 10.1016/j.bpsc.2019.02.005. Epub 2019 Mar 11.","Xu T","Biol Psychiatry Cogn Neurosci Neuroimaging","2019","2019/05/11","PMC7063583","NIHMS1564519","10.1016/j.bpsc.2019.02.005"
"30988525","The macaque anterior cingulate cortex translates counterfactual choice value into actual behavioral change","Fouragnan EF, Chau BKH, Folloni D, Kolling N, Verhagen L, Klein-Flügge M, Tankelevitch L, Papageorgiou GK, Aubry JF, Sallet J, Rushworth MFS.","Nat Neurosci. 2019 May;22(5):797-808. doi: 10.1038/s41593-019-0375-6. Epub 2019 Apr 15.","Fouragnan EF","Nat Neurosci","2019","2019/04/17","PMC7116825","EMS82118","10.1038/s41593-019-0375-6"
"30811782","Disparity level identification using the voxel-wise Gabor model of fMRI data","Li Y, Hou C, Yao L, Zhang C, Zheng H, Zhang J, Long Z.","Hum Brain Mapp. 2019 Jun 15;40(9):2596-2610. doi: 10.1002/hbm.24547. Epub 2019 Feb 27.","Li Y","Hum Brain Mapp","2019","2019/02/28","PMC6865565","","10.1002/hbm.24547"
"30765166","Manipulation of Subcortical and Deep Cortical Activity in the Primate Brain Using Transcranial Focused Ultrasound Stimulation","Folloni D, Verhagen L, Mars RB, Fouragnan E, Constans C, Aubry JF, Rushworth MFS, Sallet J.","Neuron. 2019 Mar 20;101(6):1109-1116.e5. doi: 10.1016/j.neuron.2019.01.019. Epub 2019 Feb 11.","Folloni D","Neuron","2019","2019/02/16","PMC6520498","","10.1016/j.neuron.2019.01.019"
"30478797","Low-frequency fluctuation characteristics in rhesus macaques with SIV infection: a resting-state fMRI study","Zhao J, Chen F, Ren M, Li L, Li A, Jing B, Li H.","J Neurovirol. 2019 Apr;25(2):141-149. doi: 10.1007/s13365-018-0694-5. Epub 2018 Nov 26.","Zhao J","J Neurovirol","2019","2018/11/28","","","10.1007/s13365-018-0694-5"
"30355629","Functional MRI in Macaque Monkeys during Task Switching","Premereur E, Janssen P, Vanduffel W.","J Neurosci. 2018 Dec 12;38(50):10619-10630. doi: 10.1523/JNEUROSCI.1539-18.2018. Epub 2018 Oct 24.","Premereur E","J Neurosci","2018","2018/10/26","PMC6580658","","10.1523/JNEUROSCI.1539-18.2018"
"30285103","Color statistics of objects, and color tuning of object cortex in macaque monkey","Rosenthal I, Ratnasingam S, Haile T, Eastman S, Fuller-Deets J, Conway BR.","J Vis. 2018 Oct 1;18(11):1. doi: 10.1167/18.11.1.","Rosenthal I","J Vis","2018","2018/10/05","PMC6168048","","10.1167/18.11.1"
"30232039","Improved methods for MRI-compatible implants in nonhuman primates","Ortiz-Rios M, Haag M, Balezeau F, Frey S, Thiele A, Murphy K, Schmid MC.","J Neurosci Methods. 2018 Oct 1;308:377-389. doi: 10.1016/j.jneumeth.2018.09.013. Epub 2018 Sep 16.","Ortiz-Rios M","J Neurosci Methods","2018","2018/09/21","PMC6203806","","10.1016/j.jneumeth.2018.09.013"
"30230993","Single-cell responses to three-dimensional structure in a functionally defined patch in macaque area TEO","Alizadeh AM, Van Dromme IC, Janssen P.","J Neurophysiol. 2018 Dec 1;120(6):2806-2818. doi: 10.1152/jn.00198.2018. Epub 2018 Sep 19.","Alizadeh AM","J Neurophysiol","2018","2018/09/20","PMC6337039","","10.1152/jn.00198.2018"
"29920377","Shape responses in a macaque frontal area connected to posterior parietal cortex","Caprara I, Premereur E, Romero MC, Faria P, Janssen P.","Neuroimage. 2018 Oct 1;179:298-312. doi: 10.1016/j.neuroimage.2018.06.052. Epub 2018 Jun 18.","Caprara I","Neuroimage","2018","2018/06/20","","","10.1016/j.neuroimage.2018.06.052"
"29766827","Pain-Related Behavior and Brain Activation in a Cynomolgus Macaque Model of Postoperative Pain","Hama A, Natsume T, Ogawa SY, Awaga Y, Hayashi I, Matsuda A, Takamatsu H.","CNS Neurol Disord Drug Targets. 2018;17(5):348-360. doi: 10.2174/1871527317666180515121350.","Hama A","CNS Neurol Disord Drug Targets","2018","2018/05/17","","","10.2174/1871527317666180515121350"
"29300915","In Vivo Identification of Thick, Thin, and Pale Stripes of Macaque Area V2 Using Submillimeter Resolution (f)MRI at 3 T","Li X, Zhu Q, Janssens T, Arsenault JT, Vanduffel W.","Cereb Cortex. 2019 Feb 1;29(2):544-560. doi: 10.1093/cercor/bhx337.","Li X","Cereb Cortex","2019","2018/01/05","","","10.1093/cercor/bhx337"
"29192186","Inverted activity patterns in ventromedial prefrontal cortex during value-guided decision-making in a less-is-more task","Papageorgiou GK, Sallet J, Wittmann MK, Chau BKH, Schüffelgen U, Buckley MJ, Rushworth MFS.","Nat Commun. 2017 Dec 1;8(1):1886. doi: 10.1038/s41467-017-01833-5.","Papageorgiou GK","Nat Commun","2017","2017/12/02","PMC5709383","","10.1038/s41467-017-01833-5"
"29080712","Caudal Intraparietal Sulcus and three-dimensional vision: A combined functional magnetic resonance imaging and single-cell study","Alizadeh AM, Van Dromme I, Verhoef BE, Janssen P.","Neuroimage. 2018 Feb 1;166:46-59. doi: 10.1016/j.neuroimage.2017.10.045. Epub 2017 Nov 4.","Alizadeh AM","Neuroimage","2018","2017/10/30","","","10.1016/j.neuroimage.2017.10.045"
"28993482","The Prediction of Impact of a Looming Stimulus onto the Body Is Subserved by Multisensory Integration Mechanisms","Cléry J, Guipponi O, Odouard S, Pinède S, Wardak C, Ben Hamed S.","J Neurosci. 2017 Nov 1;37(44):10656-10670. doi: 10.1523/JNEUROSCI.0610-17.2017. Epub 2017 Oct 9.","Cléry J","J Neurosci","2017","2017/10/11","PMC6596520","","10.1523/JNEUROSCI.0610-17.2017"
"28983518","Evidence for a Large-Scale Brain System Supporting Allostasis and Interoception in Humans","Kleckner IR, Zhang J, Touroutoglou A, Chanes L, Xia C, Simmons WK, Quigley KS, Dickerson BC, Barrett LF.","Nat Hum Behav. 2017;1:0069. doi: 10.1038/s41562-017-0069. Epub 2017 Apr 24.","Kleckner IR","Nat Hum Behav","2017","2017/10/07","PMC5624222","NIHMS852367","10.1038/s41562-017-0069"
"28957679","High-Level Prediction Signals in a Low-Level Area of the Macaque Face-Processing Hierarchy","Schwiedrzik CM, Freiwald WA.","Neuron. 2017 Sep 27;96(1):89-97.e4. doi: 10.1016/j.neuron.2017.09.007.","Schwiedrzik CM","Neuron","2017","2017/09/29","PMC5757317","NIHMS906109","10.1016/j.neuron.2017.09.007"
"28842187","Connectome-scale functional intrinsic connectivity networks in macaques","Zhang W, Jiang X, Zhang S, Howell BR, Zhao Y, Zhang T, Guo L, Sanchez MM, Hu X, Liu T.","Neuroscience. 2017 Nov 19;364:1-14. doi: 10.1016/j.neuroscience.2017.08.022. Epub 2017 Aug 24.","Zhang W","Neuroscience","2017","2017/08/27","PMC5653451","NIHMS901360","10.1016/j.neuroscience.2017.08.022"
"28802806","Comparing Parietal Quantity-Processing Mechanisms between Humans and Macaques","Harvey BM, Ferri S, Orban GA.","Trends Cogn Sci. 2017 Oct;21(10):779-793. doi: 10.1016/j.tics.2017.07.002. Epub 2017 Aug 9.","Harvey BM","Trends Cogn Sci","2017","2017/08/14","","","10.1016/j.tics.2017.07.002"
"28798130","Two areas for familiar face recognition in the primate brain","Landi SM, Freiwald WA.","Science. 2017 Aug 11;357(6351):591-595. doi: 10.1126/science.aan1139.","Landi SM","Science","2017","2017/08/12","PMC5612776","NIHMS905154","10.1126/science.aan1139"
"28655928","Brain activity changes in a macaque model of oxaliplatin-induced neuropathic cold hypersensitivity","Nagasaka K, Yamanaka K, Ogawa S, Takamatsu H, Higo N.","Sci Rep. 2017 Jun 27;7(1):4305. doi: 10.1038/s41598-017-04677-7.","Nagasaka K","Sci Rep","2017","2017/06/29","PMC5487329","","10.1038/s41598-017-04677-7"
"28522533","A dedicated network for social interaction processing in the primate brain","Sliwa J, Freiwald WA.","Science. 2017 May 19;356(6339):745-749. doi: 10.1126/science.aam6383.","Sliwa J","Science","2017","2017/05/20","PMC5540642","NIHMS883358","10.1126/science.aam6383"
"28190642","Widespread and Opponent fMRI Signals Represent Sound Location in Macaque Auditory Cortex","Ortiz-Rios M, Azevedo FAC, Kuśmierek P, Balla DZ, Munk MH, Keliris GA, Logothetis NK, Rauschecker JP.","Neuron. 2017 Feb 22;93(4):971-983.e4. doi: 10.1016/j.neuron.2017.01.013. Epub 2017 Feb 9.","Ortiz-Rios M","Neuron","2017","2017/02/14","PMC5757378","NIHMS914593","10.1016/j.neuron.2017.01.013"
"28108489","Processing of Egomotion-Consistent Optic Flow in the Rhesus Macaque Cortex","Cottereau BR, Smith AT, Rima S, Fize D, Héjja-Brichard Y, Renaud L, Lejards C, Vayssière N, Trotter Y, Durand JB.","Cereb Cortex. 2017 Jan 1;27(1):330-343. doi: 10.1093/cercor/bhw412.","Cottereau BR","Cereb Cortex","2017","2017/01/22","PMC5939222","","10.1093/cercor/bhw412"
"28082592","Causal neural network of metamemory for retrospection in primates","Miyamoto K, Osada T, Setsuie R, Takeda M, Tamura K, Adachi Y, Miyashita Y.","Science. 2017 Jan 13;355(6321):188-193. doi: 10.1126/science.aal0162.","Miyamoto K","Science","2017","2017/01/14","","","10.1126/science.aal0162"
"28003408","Intrinsic functional architecture of the macaque dorsal and ventral lateral frontal cortex","Goulas A, Stiers P, Hutchison RM, Everling S, Petrides M, Margulies DS.","J Neurophysiol. 2017 Mar 1;117(3):1084-1099. doi: 10.1152/jn.00486.2016. Epub 2016 Dec 21.","Goulas A","J Neurophysiol","2017","2016/12/23","PMC5340881","","10.1152/jn.00486.2016"
"27989909","Altered regional homogeneity of brain spontaneous signals in SIV infected rhesus macaque model","Zhao J, Jing B, Chen F, Liu J, Wang Y, Li H.","Magn Reson Imaging. 2017 Apr;37:56-61. doi: 10.1016/j.mri.2016.10.019. Epub 2016 Oct 27.","Zhao J","Magn Reson Imaging","2017","2016/12/20","","","10.1016/j.mri.2016.10.019"
"27358320","A step toward understanding the human ventral visual pathway","Goddard E.","J Neurophysiol. 2017 Mar 1;117(3):872-875. doi: 10.1152/jn.00358.2016. Epub 2016 Jun 29.","Goddard E","J Neurophysiol","2017","2016/07/01","PMC5338620","","10.1152/jn.00358.2016"
"27082854","Posterior Parietal Cortex Drives Inferotemporal Activations During Three-Dimensional Object Vision","Van Dromme IC, Premereur E, Verhoef BE, Vanduffel W, Janssen P.","PLoS Biol. 2016 Apr 15;14(4):e1002445. doi: 10.1371/journal.pbio.1002445. eCollection 2016 Apr.","Van Dromme IC","PLoS Biol","2016","2016/04/16","PMC4833303","","10.1371/journal.pbio.1002445"
"26631813","Can sliding-window correlations reveal dynamic functional connectivity in resting-state fMRI?","Hindriks R, Adhikari MH, Murayama Y, Ganzetti M, Mantini D, Logothetis NK, Deco G.","Neuroimage. 2016 Feb 15;127:242-256. doi: 10.1016/j.neuroimage.2015.11.055. Epub 2015 Nov 26.","Hindriks R","Neuroimage","2016","2015/12/04","PMC4758830","","10.1016/j.neuroimage.2015.11.055"
"26613367","Subdivision of Broca's region based on individual-level functional connectivity","Jakobsen E, Böttger J, Bellec P, Geyer S, Rübsamen R, Petrides M, Margulies DS.","Eur J Neurosci. 2016 Feb;43(4):561-71. doi: 10.1111/ejn.13140.","Jakobsen E","Eur J Neurosci","2016","2015/11/28","","","10.1111/ejn.13140"
"26464511","Whole-agent selectivity within the macaque face-processing system","Fisher C, Freiwald WA.","Proc Natl Acad Sci U S A. 2015 Nov 24;112(47):14717-22. doi: 10.1073/pnas.1512378112. Epub 2015 Oct 13.","Fisher C","Proc Natl Acad Sci U S A","2015","2015/10/15","PMC4664356","","10.1073/pnas.1512378112"
"26348613","Face Patch Resting State Networks Link Face Processing to Social Cognition","Schwiedrzik CM, Zarco W, Everling S, Freiwald WA.","PLoS Biol. 2015 Sep 8;13(9):e1002245. doi: 10.1371/journal.pbio.1002245. eCollection 2015.","Schwiedrzik CM","PLoS Biol","2015","2015/09/09","PMC4562659","","10.1371/journal.pbio.1002245"
"26241699","Human V4 and ventral occipital retinotopic maps","Winawer J, Witthoft N.","Vis Neurosci. 2015 Jan;32:E020. doi: 10.1017/S0952523815000176.","Winawer J","Vis Neurosci","2015","2015/08/05","PMC4730874","NIHMS752759","10.1017/S0952523815000176"
"26241369","The human cortical areas V6 and V6A","Pitzalis S, Fattori P, Galletti C.","Vis Neurosci. 2015 Jan;32:E007. doi: 10.1017/S0952523815000048.","Pitzalis S","Vis Neurosci","2015","2015/08/05","","","10.1017/S0952523815000048"
"26015576","Oxytocin modulates fMRI responses to facial expression in macaques","Liu N, Hadj-Bouziane F, Jones KB, Turchi JN, Averbeck BB, Ungerleider LG.","Proc Natl Acad Sci U S A. 2015 Jun 16;112(24):E3123-30. doi: 10.1073/pnas.1508097112. Epub 2015 May 26.","Liu N","Proc Natl Acad Sci U S A","2015","2015/05/28","PMC4475931","","10.1073/pnas.1508097112"
"25988226","Whole brain mapping of visual and tactile convergence in the macaque monkey","Guipponi O, Cléry J, Odouard S, Wardak C, Ben Hamed S.","Neuroimage. 2015 Aug 15;117:93-102. doi: 10.1016/j.neuroimage.2015.05.022. Epub 2015 May 16.","Guipponi O","Neuroimage","2015","2015/05/20","","","10.1016/j.neuroimage.2015.05.022"
"25943766","Representation of Naturalistic Image Structure in the Primate Visual Cortex","Movshon JA, Simoncelli EP.","Cold Spring Harb Symp Quant Biol. 2014;79:115-22. doi: 10.1101/sqb.2014.79.024844. Epub 2015 May 5.","Movshon JA","Cold Spring Harb Symp Quant Biol","2014","2015/05/07","PMC4800008","NIHMS765087","10.1101/sqb.2014.79.024844"
"25883546","Functional MRI of the vocalization-processing network in the macaque brain","Ortiz-Rios M, Kuśmierek P, DeWitt I, Archakov D, Azevedo FA, Sams M, Jääskeläinen IP, Keliris GA, Rauschecker JP.","Front Neurosci. 2015 Apr 1;9:113. doi: 10.3389/fnins.2015.00113. eCollection 2015.","Ortiz-Rios M","Front Neurosci","2015","2015/04/18","PMC4381638","","10.3389/fnins.2015.00113"
"25795341","The relation between functional magnetic resonance imaging activations and single-cell selectivity in the macaque intraparietal sulcus","Van Dromme IC, Vanduffel W, Janssen P.","Neuroimage. 2015 Jun;113:86-100. doi: 10.1016/j.neuroimage.2015.03.023. Epub 2015 Mar 18.","Van Dromme IC","Neuroimage","2015","2015/03/22","","","10.1016/j.neuroimage.2015.03.023"
"25759677","Exploring manual asymmetries during grasping: a dynamic causal modeling approach","Begliomini C, Sartori L, Miotto D, Stramare R, Motta R, Castiello U.","Front Psychol. 2015 Feb 24;6:167. doi: 10.3389/fpsyg.2015.00167. eCollection 2015.","Begliomini C","Front Psychol","2015","2015/03/12","PMC4338815","","10.3389/fpsyg.2015.00167"
"25689048","Effective connectivity of depth-structure-selective patches in the lateral bank of the macaque intraparietal sulcus","Premereur E, Van Dromme IC, Romero MC, Vanduffel W, Janssen P.","PLoS Biol. 2015 Feb 17;13(2):e1002072. doi: 10.1371/journal.pbio.1002072. eCollection 2015 Feb.","Premereur E","PLoS Biol","2015","2015/02/18","PMC4331519","","10.1371/journal.pbio.1002072"
"25590651","The topography of frequency and time representation in primate auditory cortices","Baumann S, Joly O, Rees A, Petkov CI, Sun L, Thiele A, Griffiths TD.","Elife. 2015 Jan 15;4:e03256. doi: 10.7554/eLife.03256.","Baumann S","Elife","2015","2015/01/16","PMC4398946","","10.7554/eLife.03256"
"25490434","fMRI evidence for areas that process surface gloss in the human visual cortex","Sun HC, Ban H, Di Luca M, Welchman AE.","Vision Res. 2015 Apr;109:149-57. doi: 10.1016/j.visres.2014.11.012. Epub 2014 Dec 6.","Sun HC","Vision Res","2015","2014/12/10","PMC4410797","","10.1016/j.visres.2014.11.012"
"25319685","Stimulus-related neuroimaging in task-engaged subjects is best predicted by concurrent spiking","Lima B, Cardoso MM, Sirotin YB, Das A.","J Neurosci. 2014 Oct 15;34(42):13878-91. doi: 10.1523/JNEUROSCI.1595-14.2014.","Lima B","J Neurosci","2014","2014/10/17","PMC4198534","","10.1523/JNEUROSCI.1595-14.2014"
"25192634","Remapping of memory encoding and retrieval networks: insights from neuroimaging in primates","Miyamoto K, Osada T, Adachi Y.","Behav Brain Res. 2014 Dec 15;275:53-61. doi: 10.1016/j.bbr.2014.08.046. Epub 2014 Sep 1.","Miyamoto K","Behav Brain Res","2014","2014/09/07","","","10.1016/j.bbr.2014.08.046"
"25120447","The role of parietal cortex in the formation of color and motion based concepts","Cheadle SW, Zeki S.","Front Hum Neurosci. 2014 Jul 28;8:535. doi: 10.3389/fnhum.2014.00535. eCollection 2014.","Cheadle SW","Front Hum Neurosci","2014","2014/08/15","PMC4112936","","10.3389/fnhum.2014.00535"
"25092328","Curvature-processing network in macaque visual cortex","Yue X, Pourladian IS, Tootell RB, Ungerleider LG.","Proc Natl Acad Sci U S A. 2014 Aug 19;111(33):E3467-75. doi: 10.1073/pnas.1412616111. Epub 2014 Aug 4.","Yue X","Proc Natl Acad Sci U S A","2014","2014/08/06","PMC4143055","","10.1073/pnas.1412616111"
"24672457","Evolutionary appearance of von Economo's neurons in the mammalian cerebral cortex","Cauda F, Geminiani GC, Vercelli A.","Front Hum Neurosci. 2014 Mar 14;8:104. doi: 10.3389/fnhum.2014.00104. eCollection 2014.","Cauda F","Front Hum Neurosci","2014","2014/03/28","PMC3953677","","10.3389/fnhum.2014.00104"
"24654257","fMRI Cortical Correlates of Spontaneous Eye Blinks in the Nonhuman Primate","Guipponi O, Odouard S, Pinède S, Wardak C, Ben Hamed S.","Cereb Cortex. 2015 Sep;25(9):2333-45. doi: 10.1093/cercor/bhu038. Epub 2014 Mar 20.","Guipponi O","Cereb Cortex","2015","2014/03/22","","","10.1093/cercor/bhu038"
"24478378","Dissociable memory traces within the macaque medial temporal lobe predict subsequent recognition performance","Miyamoto K, Adachi Y, Osada T, Watanabe T, Kimura HM, Setsuie R, Miyashita Y.","J Neurosci. 2014 Jan 29;34(5):1988-97. doi: 10.1523/JNEUROSCI.4048-13.2014.","Miyamoto K","J Neurosci","2014","2014/01/31","PMC6827594","","10.1523/JNEUROSCI.4048-13.2014"
"24141314","Parallel, multi-stage processing of colors, faces and shapes in macaque inferior temporal cortex","Lafer-Sousa R, Conway BR.","Nat Neurosci. 2013 Dec;16(12):1870-8. doi: 10.1038/nn.3555. Epub 2013 Oct 20.","Lafer-Sousa R","Nat Neurosci","2013","2013/10/22","PMC3957328","NIHMS560010","10.1038/nn.3555"
"24122139","Binocular stereoscopy in visual areas V-2, V-3, and V-3A of the macaque monkey","Hubel DH, Wiesel TN, Yeagle EM, Lafer-Sousa R, Conway BR.","Cereb Cortex. 2015 Apr;25(4):959-71. doi: 10.1093/cercor/bht288. Epub 2013 Oct 11.","Hubel DH","Cereb Cortex","2015","2013/10/15","PMC4074265","NIHMS576925","10.1093/cercor/bht288"
"24048850","Large-scale, high-resolution neurophysiological maps underlying FMRI of macaque temporal lobe","Issa EB, Papanastassiou AM, DiCarlo JJ.","J Neurosci. 2013 Sep 18;33(38):15207-19. doi: 10.1523/JNEUROSCI.1248-13.2013.","Issa EB","J Neurosci","2013","2013/09/20","PMC3776064","","10.1523/JNEUROSCI.1248-13.2013"
"24033706","Visual cortex organisation in a macaque monkey with macular degeneration","Shao Y, Keliris GA, Papanikolaou A, Fischer MD, Zobor D, Jägle H, Logothetis NK, Smirnakis SM.","Eur J Neurosci. 2013 Nov;38(10):3456-64. doi: 10.1111/ejn.12349. Epub 2013 Aug 23.","Shao Y","Eur J Neurosci","2013","2013/09/17","PMC3834013","NIHMS515599","10.1111/ejn.12349"
"23905720","The effects of alcohol on the nonhuman primate brain: a network science approach to neuroimaging","Telesford QK, Laurienti PJ, Friedman DP, Kraft RA, Daunais JB.","Alcohol Clin Exp Res. 2013 Nov;37(11):1891-900. doi: 10.1111/acer.12181. Epub 2013 Jul 26.","Telesford QK","Alcohol Clin Exp Res","2013","2013/08/03","PMC3812370","NIHMS471410","10.1111/acer.12181"
"23843508","Intrinsic structure of visual exemplar and category representations in macaque brain","Liu N, Kriegeskorte N, Mur M, Hadj-Bouziane F, Luh WM, Tootell RB, Ungerleider LG.","J Neurosci. 2013 Jul 10;33(28):11346-60. doi: 10.1523/JNEUROSCI.4180-12.2013.","Liu N","J Neurosci","2013","2013/07/12","PMC3724556","","10.1523/JNEUROSCI.4180-12.2013"
"23739977","Repetition probability does not affect fMRI repetition suppression for objects","Kovács G, Kaiser D, Kaliukhovich DA, Vidnyánszky Z, Vogels R.","J Neurosci. 2013 Jun 5;33(23):9805-12. doi: 10.1523/JNEUROSCI.3423-12.2013.","Kovács G","J Neurosci","2013","2013/06/07","PMC6619695","","10.1523/JNEUROSCI.3423-12.2013"
"23685719","A functional and perceptual signature of the second visual area in primates","Freeman J, Ziemba CM, Heeger DJ, Simoncelli EP, Movshon JA.","Nat Neurosci. 2013 Jul;16(7):974-81. doi: 10.1038/nn.3402. Epub 2013 May 19.","Freeman J","Nat Neurosci","2013","2013/05/21","PMC3710454","NIHMS470224","10.1038/nn.3402"
"23652854","Large-scale reorganization of the somatosensory cortex of adult macaque monkeys revealed by fMRI","Dutta A, Kambi N, Raghunathan P, Khushu S, Jain N.","Brain Struct Funct. 2014 Jul;219(4):1305-20. doi: 10.1007/s00429-013-0569-8. Epub 2013 May 8.","Dutta A","Brain Struct Funct","2014","2013/05/09","","","10.1007/s00429-013-0569-8"
"23515795","Functional organization of human posterior parietal cortex: grasping- and reaching-related activations relative to topographically organized cortex","Konen CS, Mruczek RE, Montoya JL, Kastner S.","J Neurophysiol. 2013 Jun;109(12):2897-908. doi: 10.1152/jn.00657.2012. Epub 2013 Mar 20.","Konen CS","J Neurophysiol","2013","2013/03/22","PMC3680816","","10.1152/jn.00657.2012"
"23453790","fMRI reveals a lower visual field preference for hand actions in human superior parieto-occipital cortex (SPOC) and precuneus","Rossit S, McAdam T, McLean DA, Goodale MA, Culham JC.","Cortex. 2013 Oct;49(9):2525-41. doi: 10.1016/j.cortex.2012.12.014. Epub 2013 Jan 8.","Rossit S","Cortex","2013","2013/03/05","","","10.1016/j.cortex.2012.12.014"
"23447621","Multimodal convergence within the intraparietal sulcus of the macaque monkey","Guipponi O, Wardak C, Ibarrola D, Comte JC, Sappey-Marinier D, Pinède S, Ben Hamed S.","J Neurosci. 2013 Feb 27;33(9):4128-39. doi: 10.1523/JNEUROSCI.1421-12.2013.","Guipponi O","J Neurosci","2013","2013/03/01","PMC6619317","","10.1523/JNEUROSCI.1421-12.2013"
"23197737","Information processing architecture of functionally defined clusters in the macaque cortex","Shen K, Bezgin G, Hutchison RM, Gati JS, Menon RS, Everling S, McIntosh AR.","J Neurosci. 2012 Nov 28;32(48):17465-76. doi: 10.1523/JNEUROSCI.2709-12.2012.","Shen K","J Neurosci","2012","2012/12/01","PMC6621872","","10.1523/JNEUROSCI.2709-12.2012"
"23136433","Dynamic and static facial expressions decoded from motion-sensitive areas in the macaque monkey","Furl N, Hadj-Bouziane F, Liu N, Averbeck BB, Ungerleider LG.","J Neurosci. 2012 Nov 7;32(45):15952-62. doi: 10.1523/JNEUROSCI.1992-12.2012.","Furl N","J Neurosci","2012","2012/11/09","PMC3539420","NIHMS420181","10.1523/JNEUROSCI.1992-12.2012"
"23118875","FMRI activity in the macaque cerebellum evoked by intracortical microstimulation of the primary somatosensory cortex: evidence for polysynaptic propagation","Matsui T, Koyano KW, Tamura K, Osada T, Adachi Y, Miyamoto K, Chikazoe J, Kamigaki T, Miyashita Y.","PLoS One. 2012;7(10):e47515. doi: 10.1371/journal.pone.0047515. Epub 2012 Oct 31.","Matsui T","PLoS One","2012","2012/11/03","PMC3485272","","10.1371/journal.pone.0047515"
"22885246","Selective responses to specular surfaces in the macaque visual cortex revealed by fMRI","Okazawa G, Goda N, Komatsu H.","Neuroimage. 2012 Nov 15;63(3):1321-33. doi: 10.1016/j.neuroimage.2012.07.052. Epub 2012 Aug 1.","Okazawa G","Neuroimage","2012","2012/08/14","","","10.1016/j.neuroimage.2012.07.052"
"22842146","The neuroimaging signal is a linear sum of neurally distinct stimulus- and task-related components","Cardoso MM, Sirotin YB, Lima B, Glushenkova E, Das A.","Nat Neurosci. 2012 Sep;15(9):1298-306. doi: 10.1038/nn.3170. Epub 2012 Jul 29.","Cardoso MM","Nat Neurosci","2012","2012/07/31","PMC3690535","NIHMS471796","10.1038/nn.3170"
"22673327","Frontal eye field microstimulation induces task-dependent gamma oscillations in the lateral intraparietal area","Premereur E, Vanduffel W, Roelfsema PR, Janssen P.","J Neurophysiol. 2012 Sep;108(5):1392-402. doi: 10.1152/jn.00323.2012. Epub 2012 Jun 6.","Premereur E","J Neurophysiol","2012","2012/06/08","PMC3544959","","10.1152/jn.00323.2012"
"22632731","Conserved fMRI and LFP signals during new associative learning in the human and macaque monkey medial temporal lobe","Hargreaves EL, Mattfeld AT, Stark CE, Suzuki WA.","Neuron. 2012 May 24;74(4):743-52. doi: 10.1016/j.neuron.2012.03.029.","Hargreaves EL","Neuron","2012","2012/05/29","PMC3969034","NIHMS370274","10.1016/j.neuron.2012.03.029"
"22561924","Color tuning in alert macaque V1 assessed with fMRI and single-unit recording shows a bias toward daylight colors","Lafer-Sousa R, Liu YO, Lafer-Sousa L, Wiest MC, Conway BR.","J Opt Soc Am A Opt Image Sci Vis. 2012 May 1;29(5):657-70. doi: 10.1364/JOSAA.29.000657.","Lafer-Sousa R","J Opt Soc Am A Opt Image Sci Vis","2012","2012/05/08","","","10.1364/JOSAA.29.000657"
"22438275","Resting-state networks show dynamic functional connectivity in awake humans and anesthetized macaques","Hutchison RM, Womelsdorf T, Gati JS, Everling S, Menon RS.","Hum Brain Mapp. 2013 Sep;34(9):2154-77. doi: 10.1002/hbm.22058. Epub 2012 Mar 22.","Hutchison RM","Hum Brain Mapp","2013","2012/03/23","PMC6870538","","10.1002/hbm.22058"
"22438122","Retinotopic mapping of the peripheral visual field to human visual cortex by functional magnetic resonance imaging","Wu J, Yan T, Zhang Z, Jin F, Guo Q.","Hum Brain Mapp. 2012 Jul;33(7):1727-40. doi: 10.1002/hbm.21324. Epub 2012 Mar 22.","Wu J","Hum Brain Mapp","2012","2012/03/23","PMC6870278","","10.1002/hbm.21324"
"22205646","Distributed sensitivity for movement amplitude in directionally tuned neuronal populations","Fabbri S, Caramazza A, Lingnau A.","J Neurophysiol. 2012 Apr;107(7):1845-56. doi: 10.1152/jn.00435.2011. Epub 2011 Dec 28.","Fabbri S","J Neurophysiol","2012","2011/12/30","","","10.1152/jn.00435.2011"
"22192950","MR-guided stereotactic navigation","Ohayon S, Tsao DY.","J Neurosci Methods. 2012 Mar 15;204(2):389-97. doi: 10.1016/j.jneumeth.2011.11.031. Epub 2011 Dec 13.","Ohayon S","J Neurosci Methods","2012","2011/12/24","PMC8204678","NIHMS1697631","10.1016/j.jneumeth.2011.11.031"
"22081989","Stimulus-induced dissociation of neuronal firing rates and local field potential gamma power and its relationship to the resonance blood oxygen level-dependent signal in macaque primary visual cortex","Bartolo MJ, Gieselmann MA, Vuksanovic V, Hunter D, Sun L, Chen X, Delicato LS, Thiele A.","Eur J Neurosci. 2011 Dec;34(11):1857-70. doi: 10.1111/j.1460-9568.2011.07877.x. Epub 2011 Nov 14.","Bartolo MJ","Eur J Neurosci","2011","2011/11/16","PMC3274700","","10.1111/j.1460-9568.2011.07877.x"
"22017280","Intentional signals during saccadic and reaching delays in the human posterior parietal cortex","Galati G, Committeri G, Pitzalis S, Pelle G, Patria F, Fattori P, Galletti C.","Eur J Neurosci. 2011 Dec;34(11):1871-85. doi: 10.1111/j.1460-9568.2011.07885.x. Epub 2011 Oct 23.","Galati G","Eur J Neurosci","2011","2011/10/25","","","10.1111/j.1460-9568.2011.07885.x"
"21893683","Functional connectivity between anatomically unconnected areas is shaped by collective network-level effects in the macaque cortex","Adachi Y, Osada T, Sporns O, Watanabe T, Matsui T, Miyamoto K, Miyashita Y.","Cereb Cortex. 2012 Jul;22(7):1586-92. doi: 10.1093/cercor/bhr234. Epub 2011 Sep 5.","Adachi Y","Cereb Cortex","2012","2011/09/07","","","10.1093/cercor/bhr234"
"21847378","Human Scalp Electroencephalography Reveals that Repetition Suppression Varies with Expectation","Summerfield C, Wyart V, Johnen VM, de Gardelle V.","Front Hum Neurosci. 2011 Jul 28;5:67. doi: 10.3389/fnhum.2011.00067. eCollection 2011.","Summerfield C","Front Hum Neurosci","2011","2011/08/18","PMC3147224","","10.3389/fnhum.2011.00067"
"21795615","Functional magnetic resonance adaptation reveals the involvement of the dorsomedial stream in hand orientation for grasping","Monaco S, Cavina-Pratesi C, Sedda A, Fattori P, Galletti C, Culham JC.","J Neurophysiol. 2011 Nov;106(5):2248-63. doi: 10.1152/jn.01069.2010. Epub 2011 Jul 27.","Monaco S","J Neurophysiol","2011","2011/07/29","","","10.1152/jn.01069.2010"
"21709175","Direction-sensitive codes for observed head turns in human superior temporal sulcus","Carlin JD, Rowe JB, Kriegeskorte N, Thompson R, Calder AJ.","Cereb Cortex. 2012 Apr;22(4):735-44. doi: 10.1093/cercor/bhr061. Epub 2011 Jun 27.","Carlin JD","Cereb Cortex","2012","2011/06/29","PMC3306570","","10.1093/cercor/bhr061"
"21693784","Cortical network for gaze control in humans revealed using multimodal MRI","Anderson EJ, Jones DK, O'Gorman RL, Leemans A, Catani M, Husain M.","Cereb Cortex. 2012 Apr;22(4):765-75. doi: 10.1093/cercor/bhr110. Epub 2011 Jun 21.","Anderson EJ","Cereb Cortex","2012","2011/06/23","PMC3306571","","10.1093/cercor/bhr110"
"21632943","Grasping-related functional magnetic resonance imaging brain responses in the macaque monkey","Nelissen K, Vanduffel W.","J Neurosci. 2011 Jun 1;31(22):8220-9. doi: 10.1523/JNEUROSCI.0623-11.2011.","Nelissen K","J Neurosci","2011","2011/06/03","PMC3117146","NIHMS300916","10.1523/JNEUROSCI.0623-11.2011"
"21421062","Functional MRI indicates consistent intra-digit topographic maps in the little but not the index finger within the human primary somatosensory cortex","Schweisfurth MA, Schweizer R, Frahm J.","Neuroimage. 2011 Jun 15;56(4):2138-43. doi: 10.1016/j.neuroimage.2011.03.038. Epub 2011 Mar 21.","Schweisfurth MA","Neuroimage","2011","2011/03/23","","","10.1016/j.neuroimage.2011.03.038"
"21389229","Action observation circuits in the macaque monkey cortex","Nelissen K, Borra E, Gerbella M, Rozzi S, Luppino G, Vanduffel W, Rizzolatti G, Orban GA.","J Neurosci. 2011 Mar 9;31(10):3743-56. doi: 10.1523/JNEUROSCI.4803-10.2011.","Nelissen K","J Neurosci","2011","2011/03/11","PMC3099268","NIHMS278940","10.1523/JNEUROSCI.4803-10.2011"
"21368090","Direct comparison of spontaneous functional connectivity and effective connectivity measured by intracortical microstimulation: an fMRI study in macaque monkeys","Matsui T, Tamura K, Koyano KW, Takeuchi D, Adachi Y, Osada T, Miyashita Y.","Cereb Cortex. 2011 Oct;21(10):2348-56. doi: 10.1093/cercor/bhr019. Epub 2011 Mar 2.","Matsui T","Cereb Cortex","2011","2011/03/04","","","10.1093/cercor/bhr019"
"21307244","Visuotopic organization of macaque posterior parietal cortex: a functional magnetic resonance imaging study","Arcaro MJ, Pinsk MA, Li X, Kastner S.","J Neurosci. 2011 Feb 9;31(6):2064-78. doi: 10.1523/JNEUROSCI.3334-10.2011.","Arcaro MJ","J Neurosci","2011","2011/02/11","PMC3074253","NIHMS271048","10.1523/JNEUROSCI.3334-10.2011"
"21273409","Vascularization of cytochrome oxidase-rich blobs in the primary visual cortex of squirrel and macaque monkeys","Keller AL, Schüz A, Logothetis NK, Weber B.","J Neurosci. 2011 Jan 26;31(4):1246-53. doi: 10.1523/JNEUROSCI.2765-10.2011.","Keller AL","J Neurosci","2011","2011/01/29","PMC6623626","","10.1523/JNEUROSCI.2765-10.2011"
"21097993","Stimulus repetition probability does not affect repetition suppression in macaque inferior temporal cortex","Kaliukhovich DA, Vogels R.","Cereb Cortex. 2011 Jul;21(7):1547-58. doi: 10.1093/cercor/bhq207. Epub 2010 Nov 22.","Kaliukhovich DA","Cereb Cortex","2011","2010/11/25","","","10.1093/cercor/bhq207"
"21084605","The selectivity of neurons in the macaque fundus of the superior temporal area for three-dimensional structure from motion","Mysore SG, Vogels R, Raiguel SE, Todd JT, Orban GA.","J Neurosci. 2010 Nov 17;30(46):15491-508. doi: 10.1523/JNEUROSCI.0820-10.2010.","Mysore SG","J Neurosci","2010","2010/11/19","PMC6633687","","10.1523/JNEUROSCI.0820-10.2010"
"20943914","Comparisons of the dynamics of local field potential and multiunit activity signals in macaque visual cortex","Burns SP, Xing D, Shapley RM.","J Neurosci. 2010 Oct 13;30(41):13739-49. doi: 10.1523/JNEUROSCI.0743-10.2010.","Burns SP","J Neurosci","2010","2010/10/15","PMC3518461","NIHMS244752","10.1523/JNEUROSCI.0743-10.2010"
"20926674","Tuning curves for movement direction in the human visuomotor system","Fabbri S, Caramazza A, Lingnau A.","J Neurosci. 2010 Oct 6;30(40):13488-98. doi: 10.1523/JNEUROSCI.2571-10.2010.","Fabbri S","J Neurosci","2010","2010/10/08","PMC6634734","","10.1523/JNEUROSCI.2571-10.2010"
"20861435","Topography of covert visual attention in human superior colliculus","Katyal S, Zughni S, Greene C, Ress D.","J Neurophysiol. 2010 Dec;104(6):3074-83. doi: 10.1152/jn.00283.2010. Epub 2010 Sep 22.","Katyal S","J Neurophysiol","2010","2010/09/24","","","10.1152/jn.00283.2010"
"20861432","Orientation selectivity of motion-boundary responses in human visual cortex","Larsson J, Heeger DJ, Landy MS.","J Neurophysiol. 2010 Dec;104(6):2940-50. doi: 10.1152/jn.00400.2010. Epub 2010 Sep 22.","Larsson J","J Neurophysiol","2010","2010/09/24","PMC3007646","","10.1152/jn.00400.2010"
"20662902","Broca's region: linking human brain functional connectivity data and non-human primate tracing anatomy studies","Kelly C, Uddin LQ, Shehzad Z, Margulies DS, Castellanos FX, Milham MP, Petrides M.","Eur J Neurosci. 2010 Aug;32(3):383-98. doi: 10.1111/j.1460-9568.2010.07279.x. Epub 2010 Jul 21.","Kelly C","Eur J Neurosci","2010","2010/07/29","PMC3111969","NIHMS294225","10.1111/j.1460-9568.2010.07279.x"
"20660263","The retinotopic organization of the human middle temporal area MT/V5 and its cortical neighbors","Kolster H, Peeters R, Orban GA.","J Neurosci. 2010 Jul 21;30(29):9801-20. doi: 10.1523/JNEUROSCI.2069-10.2010.","Kolster H","J Neurosci","2010","2010/07/28","PMC6632824","","10.1523/JNEUROSCI.2069-10.2010"
"20574422","Blindsight depends on the lateral geniculate nucleus","Schmid MC, Mrowka SW, Turchi J, Saunders RC, Wilke M, Peters AJ, Ye FQ, Leopold DA.","Nature. 2010 Jul 15;466(7304):373-7. doi: 10.1038/nature09179. Epub 2010 Jun 23.","Schmid MC","Nature","2010","2010/06/25","PMC2904843","NIHMS206748","10.1038/nature09179"
"20096269","Atypical activation of the mirror neuron system during perception of hand motion in autism","Martineau J, Andersson F, Barthélémy C, Cottier JP, Destrieux C.","Brain Res. 2010 Mar 12;1320:168-75. doi: 10.1016/j.brainres.2010.01.035. Epub 2010 Jan 21.","Martineau J","Brain Res","2010","2010/01/26","","","10.1016/j.brainres.2010.01.035"
"20055536","Speed encoding in human visual cortex revealed by fMRI adaptation","Lingnau A, Ashida H, Wall MB, Smith AT.","J Vis. 2009 Dec 2;9(13):3.1-14. doi: 10.1167/9.13.3.","Lingnau A","J Vis","2009","2010/01/09","","","10.1167/9.13.3"
"20038542","Effects of adaptation on the stimulus selectivity of macaque inferior temporal spiking activity and local field potentials","De Baene W, Vogels R.","Cereb Cortex. 2010 Sep;20(9):2145-65. doi: 10.1093/cercor/bhp277. Epub 2009 Dec 27.","De Baene W","Cereb Cortex","2010","2009/12/30","","","10.1093/cercor/bhp277"
"20035880","Anatomical and functional parcellation of the human lateral premotor cortex","Schubotz RI, Anwander A, Knösche TR, von Cramon DY, Tittgemeyer M.","Neuroimage. 2010 Apr 1;50(2):396-408. doi: 10.1016/j.neuroimage.2009.12.069. Epub 2009 Dec 24.","Schubotz RI","Neuroimage","2010","2009/12/29","","","10.1016/j.neuroimage.2009.12.069"
"20011540","The extraction of depth structure from shading and texture in the macaque brain","Nelissen K, Joly O, Durand JB, Todd JT, Vanduffel W, Orban GA.","PLoS One. 2009 Dec 14;4(12):e8306. doi: 10.1371/journal.pone.0008306.","Nelissen K","PLoS One","2009","2009/12/17","PMC2789404","","10.1371/journal.pone.0008306"
"20004248","Effect of hemodynamic variability on Granger causality analysis of fMRI","Deshpande G, Sathian K, Hu X.","Neuroimage. 2010 Sep;52(3):884-96. doi: 10.1016/j.neuroimage.2009.11.060. Epub 2009 Dec 11.","Deshpande G","Neuroimage","2010","2009/12/17","PMC3098126","NIHMS167485","10.1016/j.neuroimage.2009.11.060"
"19969009","Effects of heartbeat and respiration on macaque fMRI: implications for functional connectivity","Teichert T, Grinband J, Hirsch J, Ferrera VP.","Neuropsychologia. 2010 Jun;48(7):1886-94. doi: 10.1016/j.neuropsychologia.2009.11.026. Epub 2009 Dec 5.","Teichert T","Neuropsychologia","2010","2009/12/09","PMC2876227","NIHMS164276","10.1016/j.neuropsychologia.2009.11.026"
"19923280","Default mode of brain activity demonstrated by positron emission tomography imaging in awake monkeys: higher rest-related than working memory-related activity in medial cortical areas","Kojima T, Onoe H, Hikosaka K, Tsutsui K, Tsukada H, Watanabe M.","J Neurosci. 2009 Nov 18;29(46):14463-71. doi: 10.1523/JNEUROSCI.1786-09.2009.","Kojima T","J Neurosci","2009","2009/11/20","PMC6665835","","10.1523/JNEUROSCI.1786-09.2009"
"19912328","Distribution of colour-selective activity in the monkey inferior temporal cortex revealed by functional magnetic resonance imaging","Harada T, Goda N, Ogawa T, Ito M, Toyoda H, Sadato N, Komatsu H.","Eur J Neurosci. 2009 Nov;30(10):1960-70. doi: 10.1111/j.1460-9568.2009.06995.x. Epub 2009 Nov 11.","Harada T","Eur J Neurosci","2009","2009/11/17","","","10.1111/j.1460-9568.2009.06995.x"
"19889990","From neurons to circuits: linear estimation of local field potentials","Rasch M, Logothetis NK, Kreiman G.","J Neurosci. 2009 Nov 4;29(44):13785-96. doi: 10.1523/JNEUROSCI.2390-09.2009.","Rasch M","J Neurosci","2009","2009/11/06","PMC2924964","NIHMS226152","10.1523/JNEUROSCI.2390-09.2009"
"19805195","Color-tuned neurons are spatially clustered according to color preference within alert macaque posterior inferior temporal cortex","Conway BR, Tsao DY.","Proc Natl Acad Sci U S A. 2009 Oct 20;106(42):18034-9. doi: 10.1073/pnas.0810943106. Epub 2009 Oct 1.","Conway BR","Proc Natl Acad Sci U S A","2009","2009/10/07","PMC2764907","","10.1073/pnas.0810943106"
"19781939","Deciphering cortical number coding from human brain activity patterns","Eger E, Michel V, Thirion B, Amadon A, Dehaene S, Kleinschmidt A.","Curr Biol. 2009 Oct 13;19(19):1608-15. doi: 10.1016/j.cub.2009.08.047. Epub 2009 Sep 24.","Eger E","Curr Biol","2009","2009/09/29","","","10.1016/j.cub.2009.08.047"
"19710383","Area summation in human visual system: psychophysics, fMRI, and modeling","Nurminen L, Kilpeläinen M, Laurinen P, Vanni S.","J Neurophysiol. 2009 Nov;102(5):2900-9. doi: 10.1152/jn.00201.2009. Epub 2009 Aug 26.","Nurminen L","J Neurophysiol","2009","2009/08/28","","","10.1152/jn.00201.2009"
"19710320","Modulation of the contrast response function by electrical microstimulation of the macaque frontal eye field","Ekstrom LB, Roelfsema PR, Arsenault JT, Kolster H, Vanduffel W.","J Neurosci. 2009 Aug 26;29(34):10683-94. doi: 10.1523/JNEUROSCI.0673-09.2009.","Ekstrom LB","J Neurosci","2009","2009/08/28","PMC2749231","NIHMS143898","10.1523/JNEUROSCI.0673-09.2009"
"19710314","A distinct representation of three-dimensional shape in macaque anterior intraparietal area: fast, metric, and coarse","Srivastava S, Orban GA, De Mazière PA, Janssen P.","J Neurosci. 2009 Aug 26;29(34):10613-26. doi: 10.1523/JNEUROSCI.6016-08.2009.","Srivastava S","J Neurosci","2009","2009/08/28","PMC6665699","","10.1523/JNEUROSCI.6016-08.2009"
"19502476","Human v6: the medial motion area","Pitzalis S, Sereno MI, Committeri G, Fattori P, Galati G, Patria F, Galletti C.","Cereb Cortex. 2010 Feb;20(2):411-24. doi: 10.1093/cercor/bhp112. Epub 2009 Jun 5.","Pitzalis S","Cereb Cortex","2010","2009/06/09","PMC2803738","","10.1093/cercor/bhp112"
"19497880","Asymmetric fMRI adaptation reveals no evidence for mirror neurons in humans","Lingnau A, Gesierich B, Caramazza A.","Proc Natl Acad Sci U S A. 2009 Jun 16;106(24):9925-30. doi: 10.1073/pnas.0902262106. Epub 2009 Jun 2.","Lingnau A","Proc Natl Acad Sci U S A","2009","2009/06/06","PMC2701024","","10.1073/pnas.0902262106"
"19474330","Visual field map clusters in macaque extrastriate visual cortex","Kolster H, Mandeville JB, Arsenault JT, Ekstrom LB, Wald LL, Vanduffel W.","J Neurosci. 2009 May 27;29(21):7031-9. doi: 10.1523/JNEUROSCI.0518-09.2009.","Kolster H","J Neurosci","2009","2009/05/29","PMC2749229","NIHMS120978","10.1523/JNEUROSCI.0518-09.2009"
"19420256","Functional connectivity of the macaque brain across stimulus and arousal states","Moeller S, Nallasamy N, Tsao DY, Freiwald WA.","J Neurosci. 2009 May 6;29(18):5897-909. doi: 10.1523/JNEUROSCI.0220-09.2009.","Moeller S","J Neurosci","2009","2009/05/08","PMC6665231","","10.1523/JNEUROSCI.0220-09.2009"
"19357266","Is that within reach? fMRI reveals that the human superior parieto-occipital cortex encodes objects reachable by the hand","Gallivan JP, Cavina-Pratesi C, Culham JC.","J Neurosci. 2009 Apr 8;29(14):4381-91. doi: 10.1523/JNEUROSCI.0377-09.2009.","Gallivan JP","J Neurosci","2009","2009/04/10","PMC6665734","","10.1523/JNEUROSCI.0377-09.2009"
"19225169","Neural representations of faces and body parts in macaque and human cortex: a comparative FMRI study","Pinsk MA, Arcaro M, Weiner KS, Kalkus JF, Inati SJ, Gross CG, Kastner S.","J Neurophysiol. 2009 May;101(5):2581-600. doi: 10.1152/jn.91198.2008. Epub 2009 Feb 18.","Pinsk MA","J Neurophysiol","2009","2009/02/20","PMC2681436","","10.1152/jn.91198.2008"
"19146347","Spatial frequency tuning in human retinotopic visual areas","Henriksson L, Nurminen L, Hyvärinen A, Vanni S.","J Vis. 2008 Aug 1;8(10):5.1-13. doi: 10.1167/8.10.5.","Henriksson L","J Vis","2008","2009/01/17","","","10.1167/8.10.5"
"19036867","Different neural frequency bands integrate faces and voices differently in the superior temporal sulcus","Chandrasekaran C, Ghazanfar AA.","J Neurophysiol. 2009 Feb;101(2):773-88. doi: 10.1152/jn.90843.2008. Epub 2008 Nov 26.","Chandrasekaran C","J Neurophysiol","2009","2008/11/28","PMC2657063","","10.1152/jn.90843.2008"
"18973585","Differential dependency on motion coherence in subregions of the human MT+ complex","Becker HG, Erb M, Haarmeier T.","Eur J Neurosci. 2008 Oct;28(8):1674-85. doi: 10.1111/j.1460-9568.2008.06457.x.","Becker HG","Eur J Neurosci","2008","2008/11/01","","","10.1111/j.1460-9568.2008.06457.x"
"18923039","Stimulus similarity-contingent neural adaptation can be time and cortical area dependent","Verhoef BE, Kayaert G, Franko E, Vangeneugden J, Vogels R.","J Neurosci. 2008 Oct 15;28(42):10631-40. doi: 10.1523/JNEUROSCI.3333-08.2008.","Verhoef BE","J Neurosci","2008","2008/10/17","PMC6671350","","10.1523/JNEUROSCI.3333-08.2008"
"18622399","Patches of face-selective cortex in the macaque frontal lobe","Tsao DY, Schweers N, Moeller S, Freiwald WA.","Nat Neurosci. 2008 Aug;11(8):877-9. doi: 10.1038/nn.2158. Epub 2008 Jul 11.","Tsao DY","Nat Neurosci","2008","2008/07/16","PMC8123225","HHMIMS1699506","10.1038/nn.2158"
"18547254","Selective visual responses to expansion and rotation in the human MT complex revealed by functional magnetic resonance imaging adaptation","Wall MB, Lingnau A, Ashida H, Smith AT.","Eur J Neurosci. 2008 May;27(10):2747-57. doi: 10.1111/j.1460-9568.2008.06249.x.","Wall MB","Eur J Neurosci","2008","2008/06/13","","","10.1111/j.1460-9568.2008.06249.x"
"18535247","Patches with links: a unified system for processing faces in the macaque temporal lobe","Moeller S, Freiwald WA, Tsao DY.","Science. 2008 Jun 6;320(5881):1355-9. doi: 10.1126/science.1157436.","Moeller S","Science","2008","2008/06/07","PMC8344042","HHMIMS1699380","10.1126/science.1157436"
"18440831","Touch, sound and vision in human superior temporal sulcus","Beauchamp MS, Yasar NE, Frye RE, Ro T.","Neuroimage. 2008 Jul 1;41(3):1011-20. doi: 10.1016/j.neuroimage.2008.03.015. Epub 2008 Mar 20.","Beauchamp MS","Neuroimage","2008","2008/04/29","PMC2409200","NIHMS48764","10.1016/j.neuroimage.2008.03.015"
"18416684","Feedforward and recurrent processing in scene segmentation: electroencephalography and functional magnetic resonance imaging","Scholte HS, Jolij J, Fahrenfort JJ, Lamme VA.","J Cogn Neurosci. 2008 Nov;20(11):2097-109. doi: 10.1162/jocn.2008.20142.","Scholte HS","J Cogn Neurosci","2008","2008/04/18","","","10.1162/jocn.2008.20142"
"18326521","The influence of moderate hypercapnia on neural activity in the anesthetized nonhuman primate","Zappe AC, Uludağ K, Oeltermann A, Uğurbil K, Logothetis NK.","Cereb Cortex. 2008 Nov;18(11):2666-73. doi: 10.1093/cercor/bhn023. Epub 2008 Mar 6.","Zappe AC","Cereb Cortex","2008","2008/03/11","PMC2567427","","10.1093/cercor/bhn023"
"18264095","A voice region in the monkey brain","Petkov CI, Kayser C, Steudel T, Whittingstall K, Augath M, Logothetis NK.","Nat Neurosci. 2008 Mar;11(3):367-74. doi: 10.1038/nn2043. Epub 2008 Feb 10.","Petkov CI","Nat Neurosci","2008","2008/02/12","","","10.1038/nn2043"
"17988638","Specialized color modules in macaque extrastriate cortex","Conway BR, Moeller S, Tsao DY.","Neuron. 2007 Nov 8;56(3):560-73. doi: 10.1016/j.neuron.2007.10.008.","Conway BR","Neuron","2007","2007/11/09","PMC8162777","HHMIMS1699772","10.1016/j.neuron.2007.10.008"
"17978030","Topographic organization in and near human visual area V4","Hansen KA, Kay KN, Gallant JL.","J Neurosci. 2007 Oct 31;27(44):11896-911. doi: 10.1523/JNEUROSCI.2991-07.2007.","Hansen KA","J Neurosci","2007","2007/11/06","PMC6673353","","10.1523/JNEUROSCI.2991-07.2007"
"17971871","Comparing natural and constrained movements: new insights into the visuomotor control of grasping","Begliomini C, Caria A, Grodd W, Castiello U.","PLoS One. 2007 Oct 31;2(10):e1108. doi: 10.1371/journal.pone.0001108.","Begliomini C","PLoS One","2007","2007/11/01","PMC2040199","","10.1371/journal.pone.0001108"
"17960143","The effect of labeling parameters on perfusion-based fMRI in nonhuman primates","Zappe AC, Pfeuffer J, Merkle H, Logothetis NK, Goense JB.","J Cereb Blood Flow Metab. 2008 Mar;28(3):640-52. doi: 10.1038/sj.jcbfm.9600564. Epub 2007 Oct 24.","Zappe AC","J Cereb Blood Flow Metab","2008","2007/10/26","","","10.1038/sj.jcbfm.9600564"
"17881532","Diffusion-weighted imaging tractography-based parcellation of the human lateral premotor cortex identifies dorsal and ventral subregions with anatomical and functional specializations","Tomassini V, Jbabdi S, Klein JC, Behrens TE, Pozzilli C, Matthews PM, Rushworth MF, Johansen-Berg H.","J Neurosci. 2007 Sep 19;27(38):10259-69. doi: 10.1523/JNEUROSCI.2144-07.2007.","Tomassini V","J Neurosci","2007","2007/09/21","PMC6672665","","10.1523/JNEUROSCI.2144-07.2007"
"17615131","Contralateral visual hemifield representations in the human pulvinar nucleus","Cotton PL, Smith AT.","J Neurophysiol. 2007 Sep;98(3):1600-9. doi: 10.1152/jn.00419.2007. Epub 2007 Jul 5.","Cotton PL","J Neurophysiol","2007","2007/07/07","","","10.1152/jn.00419.2007"
"17499466","High-resolution fMRI of macaque V1","Goense JB, Zappe AC, Logothetis NK.","Magn Reson Imaging. 2007 Jul;25(6):740-7. doi: 10.1016/j.mri.2007.02.013. Epub 2007 May 11.","Goense JB","Magn Reson Imaging","2007","2007/05/15","","","10.1016/j.mri.2007.02.013"
"17398117","fMRI reveals a preference for near viewing in the human parieto-occipital cortex","Quinlan DJ, Culham JC.","Neuroimage. 2007 May 15;36(1):167-87. doi: 10.1016/j.neuroimage.2007.02.029. Epub 2007 Feb 28.","Quinlan DJ","Neuroimage","2007","2007/04/03","","","10.1016/j.neuroimage.2007.02.029"
"17376706","Parietal and superior frontal visuospatial maps activated by pointing and saccades","Hagler DJ Jr, Riecke L, Sereno MI.","Neuroimage. 2007 May 1;35(4):1562-77. doi: 10.1016/j.neuroimage.2007.01.033. Epub 2007 Feb 8.","Hagler DJ Jr","Neuroimage","2007","2007/03/23","PMC2752728","NIHMS22469","10.1016/j.neuroimage.2007.01.033"
"17314280","Functional imaging reveals visual modulation of specific fields in auditory cortex","Kayser C, Petkov CI, Augath M, Logothetis NK.","J Neurosci. 2007 Feb 21;27(8):1824-35. doi: 10.1523/JNEUROSCI.4737-06.2007.","Kayser C","J Neurosci","2007","2007/02/23","PMC6673538","","10.1523/JNEUROSCI.4737-06.2007"
"17213863","Spatial specificity of BOLD versus cerebral blood volume fMRI for mapping cortical organization","Smirnakis SM, Schmid MC, Weber B, Tolias AS, Augath M, Logothetis NK.","J Cereb Blood Flow Metab. 2007 Jun;27(6):1248-61. doi: 10.1038/sj.jcbfm.9600434. Epub 2007 Jan 10.","Smirnakis SM","J Cereb Blood Flow Metab","2007","2007/01/11","","","10.1038/sj.jcbfm.9600434"
"17202490","Functional magnetic resonance imaging investigation of overlapping lateral occipitotemporal activations using multi-voxel pattern analysis","Downing PE, Wiggett AJ, Peelen MV.","J Neurosci. 2007 Jan 3;27(1):226-33. doi: 10.1523/JNEUROSCI.3619-06.2007.","Downing PE","J Neurosci","2007","2007/01/05","PMC6672297","","10.1523/JNEUROSCI.3619-06.2007"
"17192434","An oculomotor decision process revealed by functional magnetic resonance imaging","Heinen SJ, Rowland J, Lee BT, Wade AR.","J Neurosci. 2006 Dec 27;26(52):13515-22. doi: 10.1523/JNEUROSCI.4243-06.2006.","Heinen SJ","J Neurosci","2006","2006/12/29","PMC6674715","","10.1523/JNEUROSCI.4243-06.2006"
"17188927","Exploring the neural basis of cognition: multi-modal links between human fMRI and macaque neurophysiology","Nakahara K, Adachi Y, Osada T, Miyashita Y.","Trends Cogn Sci. 2007 Feb;11(2):84-92. doi: 10.1016/j.tics.2006.11.006. Epub 2006 Dec 26.","Nakahara K","Trends Cogn Sci","2007","2006/12/26","","","10.1016/j.tics.2006.11.006"
"17047449","Human auditory belt areas specialized in sound recognition: a functional magnetic resonance imaging study","Viceic D, Fornari E, Thiran JP, Maeder PP, Meuli R, Adriani M, Clarke S.","Neuroreport. 2006 Nov 6;17(16):1659-62. doi: 10.1097/01.wnr.0000239962.75943.dd.","Viceic D","Neuroreport","2006","2006/10/19","","","10.1097/01.wnr.0000239962.75943.dd"
"16870741","Wide-field retinotopy defines human cortical visual area v6","Pitzalis S, Galletti C, Huang RS, Patria F, Committeri G, Galati G, Fattori P, Sereno MI.","J Neurosci. 2006 Jul 26;26(30):7962-73. doi: 10.1523/JNEUROSCI.0178-06.2006.","Pitzalis S","J Neurosci","2006","2006/07/28","PMC6674231","","10.1523/JNEUROSCI.0178-06.2006"
"16774452","Functional imaging reveals numerous fields in the monkey auditory cortex","Petkov CI, Kayser C, Augath M, Logothetis NK.","PLoS Biol. 2006 Jul;4(7):e215. doi: 10.1371/journal.pbio.0040215.","Petkov CI","PLoS Biol","2006","2006/06/16","PMC1479693","","10.1371/journal.pbio.0040215"
"16723518","Representation of head-centric flow in the human motion complex","Goossens J, Dukelow SP, Menon RS, Vilis T, van den Berg AV.","J Neurosci. 2006 May 24;26(21):5616-27. doi: 10.1523/JNEUROSCI.0730-06.2006.","Goossens J","J Neurosci","2006","2006/05/26","PMC6675273","","10.1523/JNEUROSCI.0730-06.2006"
"16702003","Bistable illusory rebound motion: Event-related functional magnetic resonance imaging of perceptual states and switches","Hsieh PJ, Caplovitz GP, Tse PU.","Neuroimage. 2006 Aug 15;32(2):728-39. doi: 10.1016/j.neuroimage.2006.03.047. Epub 2006 May 15.","Hsieh PJ","Neuroimage","2006","2006/05/17","","","10.1016/j.neuroimage.2006.03.047"
"16677946","The effect of artifacts on dependence measurement in fMRI","Gretton A, Belitski A, Murayama Y, Schölkopf B, Logothetis N.","Magn Reson Imaging. 2006 May;24(4):401-9. doi: 10.1016/j.mri.2005.12.036. Epub 2006 Apr 19.","Gretton A","Magn Reson Imaging","2006","2006/05/09","","","10.1016/j.mri.2005.12.036"
"16677938","Simultaneous EEG and fMRI in the macaque monkey at 4.7 Tesla","Schmid MC, Oeltermann A, Juchem C, Logothetis NK, Smirnakis SM.","Magn Reson Imaging. 2006 May;24(4):335-42. doi: 10.1016/j.mri.2005.12.024. Epub 2006 Mar 29.","Schmid MC","Magn Reson Imaging","2006","2006/05/09","","","10.1016/j.mri.2005.12.024"
"16481198","Developing functional magnetic resonance imaging techniques for alert macaque monkeys","Gamlin PD, Ward MK, Bolding MS, Grossmann JK, Twieg DB.","Methods. 2006 Mar;38(3):210-20. doi: 10.1016/j.ymeth.2005.08.004.","Gamlin PD","Methods","2006","2006/02/17","","","10.1016/j.ymeth.2005.08.004"
"16456083","A cortical region consisting entirely of face-selective cells","Tsao DY, Freiwald WA, Tootell RB, Livingstone MS.","Science. 2006 Feb 3;311(5761):670-4. doi: 10.1126/science.1119983.","Tsao DY","Science","2006","2006/02/04","PMC2678572","NIHMS86939","10.1126/science.1119983"
"16400160","Color architecture in alert macaque cortex revealed by FMRI","Conway BR, Tsao DY.","Cereb Cortex. 2006 Nov;16(11):1604-13. doi: 10.1093/cercor/bhj099. Epub 2005 Dec 28.","Conway BR","Cereb Cortex","2006","2006/01/10","","","10.1093/cercor/bhj099"
"16399685","Ipsilateral hand input to area 3b revealed by converging hemodynamic and electrophysiological analyses in macaque monkeys","Lipton ML, Fu KM, Branch CA, Schroeder CE.","J Neurosci. 2006 Jan 4;26(1):180-5. doi: 10.1523/JNEUROSCI.1073-05.2006.","Lipton ML","J Neurosci","2006","2006/01/10","PMC4465455","NIHMS695416","10.1523/JNEUROSCI.1073-05.2006"
"16399673","A resilient, low-frequency, small-world human brain functional network with highly connected association cortical hubs","Achard S, Salvador R, Whitcher B, Suckling J, Bullmore E.","J Neurosci. 2006 Jan 4;26(1):63-72. doi: 10.1523/JNEUROSCI.3874-05.2006.","Achard S","J Neurosci","2006","2006/01/10","PMC6674299","","10.1523/JNEUROSCI.3874-05.2006"
"16281284","Identifying human parieto-insular vestibular cortex using fMRI and cytoarchitectonic mapping","Eickhoff SB, Weiss PH, Amunts K, Fink GR, Zilles K.","Hum Brain Mapp. 2006 Jul;27(7):611-21. doi: 10.1002/hbm.20205.","Eickhoff SB","Hum Brain Mapp","2006","2005/11/11","PMC6871353","","10.1002/hbm.20205"
"16177908","Three-dimensional cytoarchitectonic analysis of the posterior bank of the human precentral sulcus","Schmitt O, Modersitzki J, Heldmann S, Wirtz S, Hömke L, Heide W, Kömpf D, Wree A.","Anat Embryol (Berl). 2005 Dec;210(5-6):387-400. doi: 10.1007/s00429-005-0030-8.","Schmitt O","Anat Embryol (Berl)","2005","2005/09/24","","","10.1007/s00429-005-0030-8"
"16011542","The functional organization of the intraparietal sulcus in humans and monkeys","Grefkes C, Fink GR.","J Anat. 2005 Jul;207(1):3-17. doi: 10.1111/j.1469-7580.2005.00426.x.","Grefkes C","J Anat","2005","2005/07/14","PMC1571496","","10.1111/j.1469-7580.2005.00426.x"
"15958778","Distribution of activity across the monkey cerebral cortical surface, thalamus and midbrain during rapid, visually guided saccades","Baker JT, Patel GH, Corbetta M, Snyder LH.","Cereb Cortex. 2006 Apr;16(4):447-59. doi: 10.1093/cercor/bhi124. Epub 2005 Jun 15.","Baker JT","Cereb Cortex","2006","2005/06/17","","","10.1093/cercor/bhi124"
"15902248","Lack of long-term cortical reorganization after macaque retinal lesions","Smirnakis SM, Brewer AA, Schmid MC, Tolias AS, Schüz A, Augath M, Inhoffen W, Wandell BA, Logothetis NK.","Nature. 2005 May 19;435(7040):300-7. doi: 10.1038/nature03495.","Smirnakis SM","Nature","2005","2005/05/20","","","10.1038/nature03495"
"15893941","Two distinct neural effects of blinking on human visual processing","Bristow D, Frith C, Rees G.","Neuroimage. 2005 Aug 1;27(1):136-45. doi: 10.1016/j.neuroimage.2005.03.037.","Bristow D","Neuroimage","2005","2005/05/17","","","10.1016/j.neuroimage.2005.03.037"
"15858056","Using functional magnetic resonance imaging to assess adaptation and size invariance of shape processing by humans and monkeys","Sawamura H, Georgieva S, Vogels R, Vanduffel W, Orban GA.","J Neurosci. 2005 Apr 27;25(17):4294-306. doi: 10.1523/JNEUROSCI.0377-05.2005.","Sawamura H","J Neurosci","2005","2005/04/29","PMC6725102","","10.1523/JNEUROSCI.0377-05.2005"
"15707785","Anatomical and functional MR imaging in the macaque monkey using a vertical large-bore 7 Tesla setup","Pfeuffer J, Merkle H, Beyerlein M, Steudel T, Logothetis NK.","Magn Reson Imaging. 2004 Dec;22(10):1343-59. doi: 10.1016/j.mri.2004.10.004.","Pfeuffer J","Magn Reson Imaging","2004","2005/02/15","","","10.1016/j.mri.2004.10.004"
"15589113","Human medial intraparietal cortex subserves visuomotor coordinate transformation","Grefkes C, Ritzl A, Zilles K, Fink GR.","Neuroimage. 2004 Dec;23(4):1494-506. doi: 10.1016/j.neuroimage.2004.08.031.","Grefkes C","Neuroimage","2004","2004/12/14","","","10.1016/j.neuroimage.2004.08.031"
"15483116","Retinotopic organization and functional subdivisions of the human lateral geniculate nucleus: a high-resolution functional magnetic resonance imaging study","Schneider KA, Richter MC, Kastner S.","J Neurosci. 2004 Oct 13;24(41):8975-85. doi: 10.1523/JNEUROSCI.2413-04.2004.","Schneider KA","J Neurosci","2004","2004/10/16","PMC6730047","","10.1523/JNEUROSCI.2413-04.2004"
"15242691","Comparative mapping of higher visual areas in monkeys and humans","Orban GA, Van Essen D, Vanduffel W.","Trends Cogn Sci. 2004 Jul;8(7):315-24. doi: 10.1016/j.tics.2004.05.009.","Orban GA","Trends Cogn Sci","2004","2004/07/10","","","10.1016/j.tics.2004.05.009"
"15130734","Functional magnetic resonance imaging of macaque monkeys","Nakahara K.","Methods Enzymol. 2004;385:84-90. doi: 10.1016/S0076-6879(04)85005-5.","Nakahara K","Methods Enzymol","2004","2004/05/08","","","10.1016/S0076-6879(04)85005-5"
"15046080","Representation of stereoscopic structure in human and monkey cortex","Tyler CW.","Trends Neurosci. 2004 Mar;27(3):116-8; discussion 118-20. doi: 10.1016/j.tins.2003.12.009.","Tyler CW","Trends Neurosci","2004","2004/03/30","","","10.1016/j.tins.2003.12.009"
"15036630","A rapid presentation event-related functional magnetic resonance imaging study of response inhibition in macaque monkeys","Morita M, Nakahara K, Hayashi T.","Neurosci Lett. 2004 Feb 19;356(3):203-6. doi: 10.1016/j.neulet.2003.11.066.","Morita M","Neurosci Lett","2004","2004/03/24","","","10.1016/j.neulet.2003.11.066"
"15003178","Functional magnetic resonance imaging of macaque monkeys performing visually guided saccade tasks: comparison of cortical eye fields with humans","Koyama M, Hasegawa I, Osada T, Adachi Y, Nakahara K, Miyashita Y.","Neuron. 2004 Mar 4;41(5):795-807. doi: 10.1016/s0896-6273(04)00047-9.","Koyama M","Neuron","2004","2004/03/09","","","10.1016/s0896-6273(04)00047-9"
"14622588","Mirror-symmetric tonotopic maps in human primary auditory cortex","Formisano E, Kim DS, Di Salle F, van de Moortele PF, Ugurbil K, Goebel R.","Neuron. 2003 Nov 13;40(4):859-69. doi: 10.1016/s0896-6273(03)00669-x.","Formisano E","Neuron","2003","2003/11/19","","","10.1016/s0896-6273(03)00669-x"
"14527539","Similarities and differences in motion processing between the human and macaque brain: evidence from fMRI","Orban GA, Fize D, Peuskens H, Denys K, Nelissen K, Sunaert S, Todd J, Vanduffel W.","Neuropsychologia. 2003;41(13):1757-68. doi: 10.1016/s0028-3932(03)00177-5.","Orban GA","Neuropsychologia","2003","2003/10/07","","","10.1016/s0028-3932(03)00177-5"
"12925854","Faces and objects in macaque cerebral cortex","Tsao DY, Freiwald WA, Knutsen TA, Mandeville JB, Tootell RB.","Nat Neurosci. 2003 Sep;6(9):989-95. doi: 10.1038/nn1111.","Tsao DY","Nat Neurosci","2003","2003/08/20","PMC8117179","HHMIMS1699376","10.1038/nn1111"
"12917375","The retinotopic organization of primate dorsal V4 and surrounding areas: A functional magnetic resonance imaging study in awake monkeys","Fize D, Vanduffel W, Nelissen K, Denys K, Chef d'Hotel C, Faugeras O, Orban GA.","J Neurosci. 2003 Aug 13;23(19):7395-406. doi: 10.1523/JNEUROSCI.23-19-07395.2003.","Fize D","J Neurosci","2003","2003/08/15","PMC6740456","","10.1523/JNEUROSCI.23-19-07395.2003"
"12805308","Functional organization of human intraparietal and frontal cortex for attending, looking, and pointing","Astafiev SV, Shulman GL, Stanley CM, Snyder AZ, Van Essen DC, Corbetta M.","J Neurosci. 2003 Jun 1;23(11):4689-99. doi: 10.1523/JNEUROSCI.23-11-04689.2003.","Astafiev SV","J Neurosci","2003","2003/06/14","PMC6740811","","10.1523/JNEUROSCI.23-11-04689.2003"
"12679299","Inferior parietal lobule projections to anterior inferotemporal cortex (area TE) in macaque monkey","Zhong YM, Rockland KS.","Cereb Cortex. 2003 May;13(5):527-40. doi: 10.1093/cercor/13.5.527.","Zhong YM","Cereb Cortex","2003","2003/04/08","","","10.1093/cercor/13.5.527"
"12451141","Visual areas in macaque cortex measured using functional magnetic resonance imaging","Brewer AA, Press WA, Logothetis NK, Wandell BA.","J Neurosci. 2002 Dec 1;22(23):10416-26. doi: 10.1523/JNEUROSCI.22-23-10416.2002.","Brewer AA","J Neurosci","2002","2002/11/27","PMC6758759","","10.1523/JNEUROSCI.22-23-10416.2002"
"12177214","Retinotopy and functional subdivision of human areas MT and MST","Huk AC, Dougherty RF, Heeger DJ.","J Neurosci. 2002 Aug 15;22(16):7195-205. doi: 10.1523/JNEUROSCI.22-16-07195.2002.","Huk AC","J Neurosci","2002","2002/08/15","PMC6757870","","10.1523/JNEUROSCI.22-16-07195.2002"
"12091578","Auditory-somatosensory multisensory processing in auditory association cortex: an fMRI study","Foxe JJ, Wylie GR, Martinez A, Schroeder CE, Javitt DC, Guilfoyle D, Ritter W, Murray MM.","J Neurophysiol. 2002 Jul;88(1):540-3. doi: 10.1152/jn.2002.88.1.540.","Foxe JJ","J Neurophysiol","2002","2002/07/02","","","10.1152/jn.2002.88.1.540"
"11859197","Functional MRI of macaque monkeys performing a cognitive set-shifting task","Nakahara K, Hayashi T, Konishi S, Miyashita Y.","Science. 2002 Feb 22;295(5559):1532-6. doi: 10.1126/science.1067653.","Nakahara K","Science","2002","2002/02/23","","","10.1126/science.1067653"
"11739259","Pursuit and saccadic eye movement subregions in human frontal eye field: a high-resolution fMRI investigation","Rosano C, Krisky CM, Welling JS, Eddy WF, Luna B, Thulborn KR, Sweeney JA.","Cereb Cortex. 2002 Feb;12(2):107-15. doi: 10.1093/cercor/12.2.107.","Rosano C","Cereb Cortex","2002","2001/12/12","","","10.1093/cercor/12.2.107"
"11709489","Estimating receptive field size from fMRI data in human striate and extrastriate visual cortex","Smith AT, Singh KD, Williams AL, Greenlee MW.","Cereb Cortex. 2001 Dec;11(12):1182-90. doi: 10.1093/cercor/11.12.1182.","Smith AT","Cereb Cortex","2001","2001/11/16","","","10.1093/cercor/11.12.1182"
"11606647","Motion processing in the macaque: revisited with functional magnetic resonance imaging","Tolias AS, Smirnakis SM, Augath MA, Trinath T, Logothetis NK.","J Neurosci. 2001 Nov 1;21(21):8594-601. doi: 10.1523/JNEUROSCI.21-21-08594.2001.","Tolias AS","J Neurosci","2001","2001/10/19","PMC6762813","","10.1523/JNEUROSCI.21-21-08594.2001"
"11600656","Distinguishing subregions of the human MT+ complex using visual fields and pursuit eye movements","Dukelow SP, DeSouza JF, Culham JC, van den Berg AV, Menon RS, Vilis T.","J Neurophysiol. 2001 Oct;86(4):1991-2000. doi: 10.1152/jn.2001.86.4.1991.","Dukelow SP","J Neurophysiol","2001","2001/10/16","","","10.1152/jn.2001.86.4.1991"
"11438601","Attention systems and the organization of the human parietal cortex","Rushworth MF, Paus T, Sipila PK.","J Neurosci. 2001 Jul 15;21(14):5262-71. doi: 10.1523/JNEUROSCI.21-14-05262.2001.","Rushworth MF","J Neurosci","2001","2001/07/05","PMC6762864","","10.1523/JNEUROSCI.21-14-05262.2001"
"11389943","Direct comparison of visual cortex activation in human and non-human primates using functional magnetic resonance imaging","Dubowitz DJ, Chen DY, Atkinson DJ, Scadeng M, Martinez A, Andersen MB, Andersen RA, Bradley WG Jr.","J Neurosci Methods. 2001 May 30;107(1-2):71-80. doi: 10.1016/s0165-0270(01)00353-3.","Dubowitz DJ","J Neurosci Methods","2001","2001/06/08","","","10.1016/s0165-0270(01)00353-3"
"11278193","Where is 'dorsal V4' in human visual cortex? Retinotopic, topographic and functional evidence","Tootell RB, Hadjikhani N.","Cereb Cortex. 2001 Apr;11(4):298-311. doi: 10.1093/cercor/11.4.298.","Tootell RB","Cereb Cortex","2001","2001/03/30","","","10.1093/cercor/11.4.298"
"11050133","Long-term optical imaging and spectroscopy reveal mechanisms underlying the intrinsic signal and stability of cortical maps in V1 of behaving monkeys","Shtoyerman E, Arieli A, Slovin H, Vanzetta I, Grinvald A.","J Neurosci. 2000 Nov 1;20(21):8111-21. doi: 10.1523/JNEUROSCI.20-21-08111.2000.","Shtoyerman E","J Neurosci","2000","2000/10/26","PMC6772749","","10.1523/JNEUROSCI.20-21-08111.2000"
"11034862","Spatiotemporal frequency and direction sensitivities of human visual areas measured using fMRI","Singh KD, Smith AT, Greenlee MW.","Neuroimage. 2000 Nov;12(5):550-64. doi: 10.1006/nimg.2000.0642.","Singh KD","Neuroimage","2000","2000/10/18","","","10.1006/nimg.2000.0642"
"10862705","A direct quantitative relationship between the functional properties of human and macaque V5","Rees G, Friston K, Koch C.","Nat Neurosci. 2000 Jul;3(7):716-23. doi: 10.1038/76673.","Rees G","Nat Neurosci","2000","2000/06/22","","","10.1038/76673"
"10624954","Color signals in area MT of the macaque monkey","Seidemann E, Poirson AB, Wandell BA, Newsome WT.","Neuron. 1999 Dec;24(4):911-7. doi: 10.1016/s0896-6273(00)81038-7.","Seidemann E","Neuron","1999","2000/01/07","","","10.1016/s0896-6273(00)81038-7"
"10594672","Short communication: mapping of somatosensory cortices with functional magnetic resonance imaging in anaesthetized macaque monkeys","Hayashi T, Konishi S, Hasegawa I, Miyashita Y.","Eur J Neurosci. 1999 Dec;11(12):4451-6. doi: 10.1046/j.1460-9568.1999.00892.x.","Hayashi T","Eur J Neurosci","1999","1999/12/14","","","10.1046/j.1460-9568.1999.00892.x"
"10436069","Motion opponency in visual cortex","Heeger DJ, Boynton GM, Demb JB, Seidemann E, Newsome WT.","J Neurosci. 1999 Aug 15;19(16):7162-74. doi: 10.1523/JNEUROSCI.19-16-07162.1999.","Heeger DJ","J Neurosci","1999","1999/08/06","PMC6782843","","10.1523/JNEUROSCI.19-16-07162.1999"
"10372081","Cortical areas activated by bilateral galvanic vestibular stimulation","Lobel E, Kleine JF, Leroy-Willig A, Van de Moortele PF, Le Bihan D, Grüsser OJ, Berthoz A.","Ann N Y Acad Sci. 1999 May 28;871:313-23. doi: 10.1111/j.1749-6632.1999.tb09194.x.","Lobel E","Ann N Y Acad Sci","1999","1999/06/18","","","10.1111/j.1749-6632.1999.tb09194.x"
"10195149","Retinotopy and color sensitivity in human visual cortical area V8","Hadjikhani N, Liu AK, Dale AM, Cavanagh P, Tootell RB.","Nat Neurosci. 1998 Jul;1(3):235-41. doi: 10.1038/681.","Hadjikhani N","Nat Neurosci","1998","1999/04/09","","","10.1038/681"
"9704268","A sequence of object-processing stages revealed by fMRI in the human occipital lobe","Grill-Spector K, Kushnir T, Hendler T, Edelman S, Itzchak Y, Malach R.","Hum Brain Mapp. 1998;6(4):316-28. doi: 10.1002/(SICI)1097-0193(1998)6:4&#x0003c;316::AID-HBM9&#x0003e;3.0.CO;2-6.","Grill-Spector K","Hum Brain Mapp","1998","1998/08/15","PMC6873387","","10.1002/(SICI)1097-0193(1998)6:4&#x0003c;316::AID-HBM9&#x0003e;3.0.CO;2-6"
"9694202","Functional magnetic resonance imaging in macaque cortex","Dubowitz DJ, Chen DY, Atkinson DJ, Grieve KL, Gillikin B, Bradley WG Jr, Andersen RA.","Neuroreport. 1998 Jul 13;9(10):2213-8. doi: 10.1097/00001756-199807130-00012.","Dubowitz DJ","Neuroreport","1998","1998/08/07","","","10.1097/00001756-199807130-00012"
"9510384","Dorsal cortical regions subserving visually guided saccades in humans: an fMRI study","Luna B, Thulborn KR, Strojwas MH, McCurtain BJ, Berman RA, Genovese CR, Sweeney JA.","Cereb Cortex. 1998 Jan-Feb;8(1):40-7. doi: 10.1093/cercor/8.1.40.","Luna B","Cereb Cortex","1998","1998/03/24","","","10.1093/cercor/8.1.40"
"9278542","Functional analysis of V3A and related areas in human visual cortex","Tootell RB, Mendola JD, Hadjikhani NK, Ledden PJ, Liu AK, Reppas JB, Sereno MI, Dale AM.","J Neurosci. 1997 Sep 15;17(18):7060-78. doi: 10.1523/JNEUROSCI.17-18-07060.1997.","Tootell RB","J Neurosci","1997","1997/09/15","PMC6573277","","10.1523/JNEUROSCI.17-18-07060.1997"
"9442842","Processing of complex sounds in the auditory cortex of cat, monkey, and man","Rauschecker JP.","Acta Otolaryngol Suppl. 1997;532:34-8. doi: 10.3109/00016489709126142.","Rauschecker JP","Acta Otolaryngol Suppl","1997","1997/01/01","","","10.3109/00016489709126142"
"8805334","A direct demonstration of functional specialization within motion-related visual and auditory cortex of the human brain","Howard RJ, Brammer M, Wright I, Woodruff PW, Bullmore ET, Zeki S.","Curr Biol. 1996 Aug 1;6(8):1015-9. doi: 10.1016/s0960-9822(02)00646-2.","Howard RJ","Curr Biol","1996","1996/08/01","","","10.1016/s0960-9822(02)00646-2"
"8637882","Mapping striate and extrastriate visual areas in human cerebral cortex","DeYoe EA, Carman GJ, Bandettini P, Glickman S, Wieser J, Cox R, Miller D, Neitz J.","Proc Natl Acad Sci U S A. 1996 Mar 19;93(6):2382-6. doi: 10.1073/pnas.93.6.2382.","DeYoe EA","Proc Natl Acad Sci U S A","1996","1996/03/19","PMC39805","","10.1073/pnas.93.6.2382"
"7722658","Functional analysis of human MT and related visual cortical areas using magnetic resonance imaging","Tootell RB, Reppas JB, Kwong KK, Malach R, Born RT, Brady TJ, Rosen BR, Belliveau JW.","J Neurosci. 1995 Apr;15(4):3215-30. doi: 10.1523/JNEUROSCI.15-04-03215.1995.","Tootell RB","J Neurosci","1995","1995/04/01","PMC6577785","","10.1523/JNEUROSCI.15-04-03215.1995"
