﻿PMID,Title,Authors,Citation,First Author,Journal/Book,Publication Year,Create Date,PMCID,NIHMS ID,DOI
"34011626","Na(v)1.7 target modulation and efficacy can be measured in nonhuman primate assays","Kraus RL, Zhao F, Pall PS, Zhou D, Vardigan JD, Danziger A, Li Y, Daley C, Ballard JE, Clements MK, Klein RM, Holahan MA, Greshock TJ, Kim RM, Layton ME, Burgey CS, Serra J, Henze DA, Houghton AK.","Sci Transl Med. 2021 May 19;13(594):eaay1050. doi: 10.1126/scitranslmed.aay1050.","Kraus RL","Sci Transl Med","2021","2021/05/20","","","10.1126/scitranslmed.aay1050"
"33930537","Longitudinal fMRI measures of cortical reactivation and hand use with and without training after sensory loss in primates","Qi HX, Reed JL, Wang F, Gross CL, Liu X, Chen LM, Kaas JH.","Neuroimage. 2021 Aug 1;236:118026. doi: 10.1016/j.neuroimage.2021.118026. Epub 2021 Apr 27.","Qi HX","Neuroimage","2021","2021/04/30","","","10.1016/j.neuroimage.2021.118026"
"33866360","The Causal Role of Three Frontal Cortical Areas in Grasping","Caprara I, Janssen P.","Cereb Cortex. 2021 Jul 29;31(9):4274-4288. doi: 10.1093/cercor/bhab085.","Caprara I","Cereb Cortex","2021","2021/04/18","","","10.1093/cercor/bhab085"
"33787492","Neural network of social interaction observation in marmosets","Cléry JC, Hori Y, Schaeffer DJ, Menon RS, Everling S.","Elife. 2021 Mar 31;10:e65012. doi: 10.7554/eLife.65012.","Cléry JC","Elife","2021","2021/03/31","PMC8024015","","10.7554/eLife.65012"
"33731766","Repetitive transcranial magnetic stimulation restores altered functional connectivity of central poststroke pain model monkeys","Kadono Y, Koguchi K, Okada KI, Hosomi K, Hiraishi M, Ueguchi T, Kida I, Shah A, Liu G, Saitoh Y.","Sci Rep. 2021 Mar 17;11(1):6126. doi: 10.1038/s41598-021-85409-w.","Kadono Y","Sci Rep","2021","2021/03/18","PMC7969937","","10.1038/s41598-021-85409-w"
"33495547","Long-term effects of intermittent early life stress on primate prefrontal-subcortical functional connectivity","Yuan R, Nechvatal JM, Buckmaster CL, Ayash S, Parker KJ, Schatzberg AF, Lyons DM, Menon V.","Neuropsychopharmacology. 2021 Jun;46(7):1348-1356. doi: 10.1038/s41386-021-00956-0. Epub 2021 Jan 25.","Yuan R","Neuropsychopharmacology","2021","2021/01/26","PMC8134590","","10.1038/s41386-021-00956-0"
"33408410","Activation and disruption of a neural mechanism for novel choice in monkeys","Bongioanni A, Folloni D, Verhagen L, Sallet J, Klein-Flügge MC, Rushworth MFS.","Nature. 2021 Mar;591(7849):270-274. doi: 10.1038/s41586-020-03115-5. Epub 2021 Jan 6.","Bongioanni A","Nature","2021","2021/01/07","PMC7116896","EMS115990","10.1038/s41586-020-03115-5"
"33112698","Whole brain mapping of somatosensory responses in awake marmosets investigated with ultra-high-field fMRI","Cléry JC, Hori Y, Schaeffer DJ, Gati JS, Pruszynski JA, Everling S.","J Neurophysiol. 2020 Dec 1;124(6):1900-1913. doi: 10.1152/jn.00480.2020. Epub 2020 Oct 28.","Cléry JC","J Neurophysiol","2020","2020/10/28","","","10.1152/jn.00480.2020"
"33087474","Structure of Population Activity in Primary Motor Cortex for Single Finger Flexion and Extension","Arbuckle SA, Weiler J, Kirk EA, Rice CL, Schieber M, Pruszynski JA, Ejaz N, Diedrichsen J.","J Neurosci. 2020 Nov 25;40(48):9210-9223. doi: 10.1523/JNEUROSCI.0999-20.2020. Epub 2020 Oct 21.","Arbuckle SA","J Neurosci","2020","2020/10/22","PMC7687056","","10.1523/JNEUROSCI.0999-20.2020"
"32724052","Global reward state affects learning and activity in raphe nucleus and anterior insula in monkeys","Wittmann MK, Fouragnan E, Folloni D, Klein-Flügge MC, Chau BKH, Khamassi M, Rushworth MFS.","Nat Commun. 2020 Jul 28;11(1):3771. doi: 10.1038/s41467-020-17343-w.","Wittmann MK","Nat Commun","2020","2020/07/30","PMC7387352","","10.1038/s41467-020-17343-w"
"32366956","Rapid event-related, BOLD fMRI, non-human primates (NHP): choose two out of three","Pelekanos V, Mok RM, Joly O, Ainsworth M, Kyriazis D, Kelly MG, Bell AH, Kriegeskorte N.","Sci Rep. 2020 May 4;10(1):7485. doi: 10.1038/s41598-020-64376-8.","Pelekanos V","Sci Rep","2020","2020/05/06","PMC7198564","","10.1038/s41598-020-64376-8"
"32279076","Frequency- and State-Dependent Network Effects of Electrical Stimulation Targeting the Ventral Tegmental Area in Macaques","Murris SR, Arsenault JT, Vanduffel W.","Cereb Cortex. 2020 Jun 30;30(8):4281-4296. doi: 10.1093/cercor/bhaa007.","Murris SR","Cereb Cortex","2020","2020/04/13","PMC7325806","","10.1093/cercor/bhaa007"
"31836661","Taste Quality Representation in the Human Brain","Avery JA, Liu AG, Ingeholm JE, Riddell CD, Gotts SJ, Martin A.","J Neurosci. 2020 Jan 29;40(5):1042-1052. doi: 10.1523/JNEUROSCI.1751-19.2019. Epub 2019 Dec 13.","Avery JA","J Neurosci","2020","2019/12/15","PMC6989007","","10.1523/JNEUROSCI.1751-19.2019"
"31830589","Dynamic causal modelling of phase-amplitude interactions","Fagerholm ED, Moran RJ, Violante IR, Leech R, Friston KJ.","Neuroimage. 2020 Mar;208:116452. doi: 10.1016/j.neuroimage.2019.116452. Epub 2019 Dec 9.","Fagerholm ED","Neuroimage","2020","2019/12/13","","","10.1016/j.neuroimage.2019.116452"
"31778818","A 16-channel AC/DC array coil for anesthetized monkey whole-brain imaging at 7T","Gao Y, Mareyam A, Sun Y, Witzel T, Arango N, Kuang I, White J, Roe AW, Wald L, Stockmann J, Zhang X.","Neuroimage. 2020 Feb 15;207:116396. doi: 10.1016/j.neuroimage.2019.116396. Epub 2019 Nov 25.","Gao Y","Neuroimage","2020","2019/11/29","PMC7309650","NIHMS1595681","10.1016/j.neuroimage.2019.116396"
"31672243","Approach-Avoidance Conflict in Major Depressive Disorder: Congruent Neural Findings in Humans and Nonhuman Primates","Ironside M, Amemori KI, McGrath CL, Pedersen ML, Kang MS, Amemori S, Frank MJ, Graybiel AM, Pizzagalli DA.","Biol Psychiatry. 2020 Mar 1;87(5):399-408. doi: 10.1016/j.biopsych.2019.08.022. Epub 2019 Sep 6.","Ironside M","Biol Psychiatry","2020","2019/11/02","PMC7007869","NIHMS1539267","10.1016/j.biopsych.2019.08.022"
"31579844","Neuroimaging of pain in animal models: a review of recent literature","Da Silva JT, Seminowicz DA.","Pain Rep. 2019 Aug 7;4(4):e732. doi: 10.1097/PR9.0000000000000732. eCollection 2019 Jul-Aug.","Da Silva JT","Pain Rep","2019","2019/10/04","PMC6728006","","10.1097/PR9.0000000000000732"
"31479755","Task-based fMRI of a free-viewing visuo-saccadic network in the marmoset monkey","Schaeffer DJ, Gilbert KM, Hori Y, Hayrynen LK, Johnston KD, Gati JS, Menon RS, Everling S.","Neuroimage. 2019 Nov 15;202:116147. doi: 10.1016/j.neuroimage.2019.116147. Epub 2019 Aug 31.","Schaeffer DJ","Neuroimage","2019","2019/09/04","","","10.1016/j.neuroimage.2019.116147"
"31072758","Interindividual Variability of Functional Connectivity in Awake and Anesthetized Rhesus Macaque Monkeys","Xu T, Sturgeon D, Ramirez JSB, Froudist-Walsh S, Margulies DS, Schroeder CE, Fair DA, Milham MP.","Biol Psychiatry Cogn Neurosci Neuroimaging. 2019 Jun;4(6):543-553. doi: 10.1016/j.bpsc.2019.02.005. Epub 2019 Mar 11.","Xu T","Biol Psychiatry Cogn Neurosci Neuroimaging","2019","2019/05/11","PMC7063583","NIHMS1564519","10.1016/j.bpsc.2019.02.005"
"31039559","Brain Connectivity in Ateles geoffroyi: Resting-State Functional Magnetic Resonance Imaging of Working Memory and Executive Control","Platas-Neri D, Hidalgo-Tobón S, Chico-Ponce de León F, Muñoz-Delgado J, Phillips KA, Téllez-Alanís B, Villanueva-Valle J, de Celis Alonso B.","Brain Behav Evol. 2019;93(1):19-33. doi: 10.1159/000499177. Epub 2019 Apr 30.","Platas-Neri D","Brain Behav Evol","2019","2019/05/01","","","10.1159/000499177"
"31031580","Isoflurane-Induced Burst Suppression Increases Intrinsic Functional Connectivity of the Monkey Brain","Zhang Z, Cai DC, Wang Z, Zeljic K, Wang Z, Wang Y.","Front Neurosci. 2019 Apr 11;13:296. doi: 10.3389/fnins.2019.00296. eCollection 2019.","Zhang Z","Front Neurosci","2019","2019/04/30","PMC6470287","","10.3389/fnins.2019.00296"
"31015550","Optical intrinsic signal imaging with optogenetics reveals functional cortico-cortical connectivity at the columnar level in living macaques","Nakamichi Y, Okubo K, Sato T, Hashimoto M, Tanifuji M.","Sci Rep. 2019 Apr 23;9(1):6466. doi: 10.1038/s41598-019-42923-2.","Nakamichi Y","Sci Rep","2019","2019/04/25","PMC6478906","","10.1038/s41598-019-42923-2"
"30988525","The macaque anterior cingulate cortex translates counterfactual choice value into actual behavioral change","Fouragnan EF, Chau BKH, Folloni D, Kolling N, Verhagen L, Klein-Flügge M, Tankelevitch L, Papageorgiou GK, Aubry JF, Sallet J, Rushworth MFS.","Nat Neurosci. 2019 May;22(5):797-808. doi: 10.1038/s41593-019-0375-6. Epub 2019 Apr 15.","Fouragnan EF","Nat Neurosci","2019","2019/04/17","PMC7116825","EMS82118","10.1038/s41593-019-0375-6"
"30873000","Brain Map of Intrinsic Functional Flexibility in Anesthetized Monkeys and Awake Humans","Yin D, Zhang Z, Wang Z, Zeljic K, Lv Q, Cai D, Wang Y, Wang Z.","Front Neurosci. 2019 Feb 28;13:174. doi: 10.3389/fnins.2019.00174. eCollection 2019.","Yin D","Front Neurosci","2019","2019/03/16","PMC6403192","","10.3389/fnins.2019.00174"
"30530862","Intrinsic Functional Boundaries of Lateral Frontal Cortex in the Common Marmoset Monkey","Schaeffer DJ, Gilbert KM, Gati JS, Menon RS, Everling S.","J Neurosci. 2019 Feb 6;39(6):1020-1029. doi: 10.1523/JNEUROSCI.2595-18.2018. Epub 2018 Dec 10.","Schaeffer DJ","J Neurosci","2019","2018/12/12","PMC6363921","","10.1523/JNEUROSCI.2595-18.2018"
"30454597","Efferent thermoregulatory pathways regulating cutaneous blood flow and sweating","McAllen RM, McKinley MJ.","Handb Clin Neurol. 2018;156:305-316. doi: 10.1016/B978-0-444-63912-7.00018-7.","McAllen RM","Handb Clin Neurol","2018","2018/11/21","","","10.1016/B978-0-444-63912-7.00018-7"
"30355629","Functional MRI in Macaque Monkeys during Task Switching","Premereur E, Janssen P, Vanduffel W.","J Neurosci. 2018 Dec 12;38(50):10619-10630. doi: 10.1523/JNEUROSCI.1539-18.2018. Epub 2018 Oct 24.","Premereur E","J Neurosci","2018","2018/10/26","PMC6580658","","10.1523/JNEUROSCI.1539-18.2018"
"30285103","Color statistics of objects, and color tuning of object cortex in macaque monkey","Rosenthal I, Ratnasingam S, Haile T, Eastman S, Fuller-Deets J, Conway BR.","J Vis. 2018 Oct 1;18(11):1. doi: 10.1167/18.11.1.","Rosenthal I","J Vis","2018","2018/10/05","PMC6168048","","10.1167/18.11.1"
"30059694","Exploring the neuromechanism of chronic ephedrine addiction in rhesus monkeys: A behavioural and brain resting-state fMRI study","Xie L, Ma Y, Huang J, Guo R, Wang J, Sun Z, Duan S, Wu B, Lin Z, Xiao Y, Ma S.","Behav Brain Res. 2019 Feb 1;359:807-813. doi: 10.1016/j.bbr.2018.07.024. Epub 2018 Jul 27.","Xie L","Behav Brain Res","2019","2018/07/31","","","10.1016/j.bbr.2018.07.024"
"29300915","In Vivo Identification of Thick, Thin, and Pale Stripes of Macaque Area V2 Using Submillimeter Resolution (f)MRI at 3 T","Li X, Zhu Q, Janssens T, Arsenault JT, Vanduffel W.","Cereb Cortex. 2019 Feb 1;29(2):544-560. doi: 10.1093/cercor/bhx337.","Li X","Cereb Cortex","2019","2018/01/05","","","10.1093/cercor/bhx337"
"28983518","Evidence for a Large-Scale Brain System Supporting Allostasis and Interoception in Humans","Kleckner IR, Zhang J, Touroutoglou A, Chanes L, Xia C, Simmons WK, Quigley KS, Dickerson BC, Barrett LF.","Nat Hum Behav. 2017;1:0069. doi: 10.1038/s41562-017-0069. Epub 2017 Apr 24.","Kleckner IR","Nat Hum Behav","2017","2017/10/07","PMC5624222","NIHMS852367","10.1038/s41562-017-0069"
"28755862","Ketamine changes the local resting-state functional properties of anesthetized-monkey brain","Rao JS, Liu Z, Zhao C, Wei RH, Zhao W, Tian PY, Zhou X, Yang ZY, Li XG.","Magn Reson Imaging. 2017 Nov;43:144-150. doi: 10.1016/j.mri.2017.07.025. Epub 2017 Jul 26.","Rao JS","Magn Reson Imaging","2017","2017/07/31","","","10.1016/j.mri.2017.07.025"
"28721355","Simultaneously estimating the task-related and stimulus-evoked components of hemodynamic imaging measurements","Herman MC, Cardoso MMB, Lima B, Sirotin YB, Das A.","Neurophotonics. 2017 Jul;4(3):031223. doi: 10.1117/1.NPh.4.3.031223. Epub 2017 Jul 10.","Herman MC","Neurophotonics","2017","2017/07/20","PMC5502953","","10.1117/1.NPh.4.3.031223"
"28522533","A dedicated network for social interaction processing in the primate brain","Sliwa J, Freiwald WA.","Science. 2017 May 19;356(6339):745-749. doi: 10.1126/science.aam6383.","Sliwa J","Science","2017","2017/05/20","PMC5540642","NIHMS883358","10.1126/science.aam6383"
"28472038","Auditory motion-specific mechanisms in the primate brain","Poirier C, Baumann S, Dheerendra P, Joly O, Hunter D, Balezeau F, Sun L, Rees A, Petkov CI, Thiele A, Griffiths TD.","PLoS Biol. 2017 May 4;15(5):e2001379. doi: 10.1371/journal.pbio.2001379. eCollection 2017 May.","Poirier C","PLoS Biol","2017","2017/05/05","PMC5417421","","10.1371/journal.pbio.2001379"
"28419201","Functional Imaging of Audio-Visual Selective Attention in Monkeys and Humans: How do Lapses in Monkey Performance Affect Cross-Species Correspondences?","Rinne T, Muers RS, Salo E, Slater H, Petkov CI.","Cereb Cortex. 2017 Jun 1;27(6):3471-3484. doi: 10.1093/cercor/bhx092.","Rinne T","Cereb Cortex","2017","2017/04/19","PMC5654311","","10.1093/cercor/bhx092"
"28334082","Decoding Grasping Movements from the Parieto-Frontal Reaching Circuit in the Nonhuman Primate","Nelissen K, Fiave PA, Vanduffel W.","Cereb Cortex. 2018 Apr 1;28(4):1245-1259. doi: 10.1093/cercor/bhx037.","Nelissen K","Cereb Cortex","2018","2017/03/24","","","10.1093/cercor/bhx037"
"28100735","Neural Tuning to Numerosity Relates to Perceptual Tuning in 3-6-Year-Old Children","Kersey AJ, Cantlon JF.","J Neurosci. 2017 Jan 18;37(3):512-522. doi: 10.1523/JNEUROSCI.0065-16.2016.","Kersey AJ","J Neurosci","2017","2017/01/20","PMC5242404","","10.1523/JNEUROSCI.0065-16.2016"
"28082592","Causal neural network of metamemory for retrospection in primates","Miyamoto K, Osada T, Setsuie R, Takeda M, Tamura K, Adachi Y, Miyashita Y.","Science. 2017 Jan 13;355(6321):188-193. doi: 10.1126/science.aal0162.","Miyamoto K","Science","2017","2017/01/14","","","10.1126/science.aal0162"
"28032008","Effects of isoflurane anesthesia on resting-state fMRI signals and functional connectivity within primary somatosensory cortex of monkeys","Wu TL, Mishra A, Wang F, Yang PF, Gore JC, Chen LM.","Brain Behav. 2016 Oct 11;6(12):e00591. doi: 10.1002/brb3.591. eCollection 2016 Dec.","Wu TL","Brain Behav","2016","2016/12/30","PMC5167001","","10.1002/brb3.591"
"28003408","Intrinsic functional architecture of the macaque dorsal and ventral lateral frontal cortex","Goulas A, Stiers P, Hutchison RM, Everling S, Petrides M, Margulies DS.","J Neurophysiol. 2017 Mar 1;117(3):1084-1099. doi: 10.1152/jn.00486.2016. Epub 2016 Dec 21.","Goulas A","J Neurophysiol","2017","2016/12/23","PMC5340881","","10.1152/jn.00486.2016"
"27920095","Functional Characterization of the Left Ventrolateral Premotor Cortex in Humans: A Direct Electrophysiological Approach","Fornia L, Ferpozzi V, Montagna M, Rossi M, Riva M, Pessina F, Martinelli Boneschi F, Borroni P, Lemon RN, Bello L, Cerri G.","Cereb Cortex. 2018 Jan 1;28(1):167-183. doi: 10.1093/cercor/bhw365.","Fornia L","Cereb Cortex","2018","2016/12/07","","","10.1093/cercor/bhw365"
"27833536","Patterns of Activity in the Human Frontal and Parietal Cortex Differentiate Large and Small Saccades","Grosbras MH.","Front Integr Neurosci. 2016 Oct 27;10:34. doi: 10.3389/fnint.2016.00034. eCollection 2016.","Grosbras MH","Front Integr Neurosci","2016","2016/11/12","PMC5081348","","10.3389/fnint.2016.00034"
"27639357","Functional segregation and integration within fronto-parietal networks","Parlatini V, Radua J, Dell'Acqua F, Leslie A, Simmons A, Murphy DG, Catani M, Thiebaut de Schotten M.","Neuroimage. 2017 Feb 1;146:367-375. doi: 10.1016/j.neuroimage.2016.08.031. Epub 2016 Sep 14.","Parlatini V","Neuroimage","2017","2016/09/19","PMC5312783","","10.1016/j.neuroimage.2016.08.031"
"27600848","Boosting Norepinephrine Transmission Triggers Flexible Reconfiguration of Brain Networks at Rest","Guedj C, Monfardini E, Reynaud AJ, Farnè A, Meunier M, Hadj-Bouziane F.","Cereb Cortex. 2017 Oct 1;27(10):4691-4700. doi: 10.1093/cercor/bhw262.","Guedj C","Cereb Cortex","2017","2016/09/08","","","10.1093/cercor/bhw262"
"27523450","Spatiotemporal trajectories of reactivation of somatosensory cortex by direct and secondary pathways after dorsal column lesions in squirrel monkeys","Qi HX, Wang F, Liao CC, Friedman RM, Tang C, Kaas JH, Avison MJ.","Neuroimage. 2016 Nov 15;142:431-453. doi: 10.1016/j.neuroimage.2016.08.015. Epub 2016 Aug 12.","Qi HX","Neuroimage","2016","2016/08/16","PMC5159255","NIHMS813416","10.1016/j.neuroimage.2016.08.015"
"27515455","Dyscalculia and the Calculating Brain","Rapin I.","Pediatr Neurol. 2016 Aug;61:11-20. doi: 10.1016/j.pediatrneurol.2016.02.007. Epub 2016 Feb 18.","Rapin I","Pediatr Neurol","2016","2016/08/13","","","10.1016/j.pediatrneurol.2016.02.007"
"27489773","The effective connectivity of the seizure onset zone and ictal perfusion changes in amygdala kindled rhesus monkeys","Cleeren E, Premereur E, Casteels C, Goffin K, Janssen P, Van Paesschen W.","Neuroimage Clin. 2016 Jun 1;12:252-61. doi: 10.1016/j.nicl.2016.05.020. eCollection 2016.","Cleeren E","Neuroimage Clin","2016","2016/08/05","PMC4959940","","10.1016/j.nicl.2016.05.020"
"27451405","Effects of anesthesia on resting state BOLD signals in white matter of non-human primates","Wu TL, Wang F, Anderson AW, Chen LM, Ding Z, Gore JC.","Magn Reson Imaging. 2016 Nov;34(9):1235-1241. doi: 10.1016/j.mri.2016.07.001. Epub 2016 Jul 20.","Wu TL","Magn Reson Imaging","2016","2016/07/25","PMC5055423","NIHMS804667","10.1016/j.mri.2016.07.001"
"27296233","Realistic models of apparent dynamic changes in resting-state connectivity in somatosensory cortex","Shi Z, Rogers BP, Chen LM, Morgan VL, Mishra A, Wilkes DM, Gore JC.","Hum Brain Mapp. 2016 Nov;37(11):3897-3910. doi: 10.1002/hbm.23284.","Shi Z","Hum Brain Mapp","2016","2016/06/15","PMC5053861","NIHMS791612","10.1002/hbm.23284"
"27016385","Overexpressing Corticotropin-Releasing Factor in the Primate Amygdala Increases Anxious Temperament and Alters Its Neural Circuit","Kalin NH, Fox AS, Kovner R, Riedel MK, Fekete EM, Roseboom PH, Tromp do PM, Grabow BP, Olsen ME, Brodsky EK, McFarlin DR, Alexander AL, Emborg ME, Block WF, Fudge JL, Oler JA.","Biol Psychiatry. 2016 Sep 1;80(5):345-55. doi: 10.1016/j.biopsych.2016.01.010. Epub 2016 Jan 30.","Kalin NH","Biol Psychiatry","2016","2016/03/27","PMC4967405","NIHMS756151","10.1016/j.biopsych.2016.01.010"
"26937000","Integration of Visual and Proprioceptive Limb Position Information in Human Posterior Parietal, Premotor, and Extrastriate Cortex","Limanowski J, Blankenburg F.","J Neurosci. 2016 Mar 2;36(9):2582-9. doi: 10.1523/JNEUROSCI.3987-15.2016.","Limanowski J","J Neurosci","2016","2016/03/04","PMC6604875","","10.1523/JNEUROSCI.3987-15.2016"
"26798573","An Automated Motion Detection and Reward System for Animal Training","Miller B, Lim AN, Heidbreder AF, Black KJ.","Cureus. 2015 Dec 4;7(12):e397. doi: 10.7759/cureus.397.","Miller B","Cureus","2015","2016/01/23","PMC4699987","","10.7759/cureus.397"
"26706280","Longitudinal evaluation of functional connectivity variation in the monkey sensorimotor network induced by spinal cord injury","Rao JS, Liu Z, Zhao C, Wei RH, Zhao W, Yang ZY, Li XG.","Acta Physiol (Oxf). 2016 Jun;217(2):164-73. doi: 10.1111/apha.12645. Epub 2016 Jan 13.","Rao JS","Acta Physiol (Oxf)","2016","2015/12/27","","","10.1111/apha.12645"
"26664793","Probing the reaching-grasping network in humans through multivoxel pattern decoding","Di Bono MG, Begliomini C, Castiello U, Zorzi M.","Brain Behav. 2015 Oct 21;5(11):e00412. doi: 10.1002/brb3.412. eCollection 2015 Nov.","Di Bono MG","Brain Behav","2015","2015/12/15","PMC4666323","","10.1002/brb3.412"
"26631813","Can sliding-window correlations reveal dynamic functional connectivity in resting-state fMRI?","Hindriks R, Adhikari MH, Murayama Y, Ganzetti M, Mantini D, Logothetis NK, Deco G.","Neuroimage. 2016 Feb 15;127:242-256. doi: 10.1016/j.neuroimage.2015.11.055. Epub 2015 Nov 26.","Hindriks R","Neuroimage","2016","2015/12/04","PMC4758830","","10.1016/j.neuroimage.2015.11.055"
"26613367","Subdivision of Broca's region based on individual-level functional connectivity","Jakobsen E, Böttger J, Bellec P, Geyer S, Rübsamen R, Petrides M, Margulies DS.","Eur J Neurosci. 2016 Feb;43(4):561-71. doi: 10.1111/ejn.13140.","Jakobsen E","Eur J Neurosci","2016","2015/11/28","","","10.1111/ejn.13140"
"26348613","Face Patch Resting State Networks Link Face Processing to Social Cognition","Schwiedrzik CM, Zarco W, Everling S, Freiwald WA.","PLoS Biol. 2015 Sep 8;13(9):e1002245. doi: 10.1371/journal.pbio.1002245. eCollection 2015.","Schwiedrzik CM","PLoS Biol","2015","2015/09/09","PMC4562659","","10.1371/journal.pbio.1002245"
"26290784","Awake fMRI reveals a specialized region in dog temporal cortex for face processing","Dilks DD, Cook P, Weiller SK, Berns HP, Spivak M, Berns GS.","PeerJ. 2015 Aug 4;3:e1115. doi: 10.7717/peerj.1115. eCollection 2015.","Dilks DD","PeerJ","2015","2015/08/21","PMC4540004","","10.7717/peerj.1115"
"26168793","The neural basis of the imitation drive","Hanawa S, Sugiura M, Nozawa T, Kotozaki Y, Yomogida Y, Ihara M, Akimoto Y, Thyreau B, Izumi S, Kawashima R.","Soc Cogn Affect Neurosci. 2016 Jan;11(1):66-77. doi: 10.1093/scan/nsv089. Epub 2015 Jul 13.","Hanawa S","Soc Cogn Affect Neurosci","2016","2015/07/15","PMC4692314","","10.1093/scan/nsv089"
"26156987","The Anatomical and Functional Organization of the Human Visual Pulvinar","Arcaro MJ, Pinsk MA, Kastner S.","J Neurosci. 2015 Jul 8;35(27):9848-71. doi: 10.1523/JNEUROSCI.1575-14.2015.","Arcaro MJ","J Neurosci","2015","2015/07/10","PMC4495241","","10.1523/JNEUROSCI.1575-14.2015"
"26117702","Alteration of brain regional homogeneity of monkeys with spinal cord injury: A longitudinal resting-state functional magnetic resonance imaging study","Rao JS, Ma M, Zhao C, Liu Z, Yang ZY, Li XG.","Magn Reson Imaging. 2015 Nov;33(9):1156-1162. doi: 10.1016/j.mri.2015.06.011. Epub 2015 Jun 25.","Rao JS","Magn Reson Imaging","2015","2015/06/29","","","10.1016/j.mri.2015.06.011"
"26078385","Pitch underlies activation of the vocal system during affective vocalization","Belyk M, Brown S.","Soc Cogn Affect Neurosci. 2016 Jul;11(7):1078-88. doi: 10.1093/scan/nsv074. Epub 2015 Jun 15.","Belyk M","Soc Cogn Affect Neurosci","2016","2015/06/17","PMC4927029","","10.1093/scan/nsv074"
"26015576","Oxytocin modulates fMRI responses to facial expression in macaques","Liu N, Hadj-Bouziane F, Jones KB, Turchi JN, Averbeck BB, Ungerleider LG.","Proc Natl Acad Sci U S A. 2015 Jun 16;112(24):E3123-30. doi: 10.1073/pnas.1508097112. Epub 2015 May 26.","Liu N","Proc Natl Acad Sci U S A","2015","2015/05/28","PMC4475931","","10.1073/pnas.1508097112"
"25904714","Human posterior parietal cortex encodes the movement goal in a pro-/anti-reach task","Gertz H, Fiehler K.","J Neurophysiol. 2015 Jul;114(1):170-83. doi: 10.1152/jn.01039.2014. Epub 2015 Apr 22.","Gertz H","J Neurophysiol","2015","2015/04/24","PMC4507956","","10.1152/jn.01039.2014"
"25883546","Functional MRI of the vocalization-processing network in the macaque brain","Ortiz-Rios M, Kuśmierek P, DeWitt I, Archakov D, Azevedo FA, Sams M, Jääskeläinen IP, Keliris GA, Rauschecker JP.","Front Neurosci. 2015 Apr 1;9:113. doi: 10.3389/fnins.2015.00113. eCollection 2015.","Ortiz-Rios M","Front Neurosci","2015","2015/04/18","PMC4381638","","10.3389/fnins.2015.00113"
"25847686","The primate amygdala in social perception - insights from electrophysiological recordings and stimulation","Rutishauser U, Mamelak AN, Adolphs R.","Trends Neurosci. 2015 May;38(5):295-306. doi: 10.1016/j.tins.2015.03.001. Epub 2015 Apr 3.","Rutishauser U","Trends Neurosci","2015","2015/04/08","PMC4417366","NIHMS671539","10.1016/j.tins.2015.03.001"
"25833027","The effects of chronic alcohol self-administration in nonhuman primate brain networks","Telesford QK, Laurienti PJ, Davenport AT, Friedman DP, Kraft RA, Daunais JB.","Alcohol Clin Exp Res. 2015 Apr;39(4):659-71. doi: 10.1111/acer.12688.","Telesford QK","Alcohol Clin Exp Res","2015","2015/04/03","PMC6724209","NIHMS659294","10.1111/acer.12688"
"25795341","The relation between functional magnetic resonance imaging activations and single-cell selectivity in the macaque intraparietal sulcus","Van Dromme IC, Vanduffel W, Janssen P.","Neuroimage. 2015 Jun;113:86-100. doi: 10.1016/j.neuroimage.2015.03.023. Epub 2015 Mar 18.","Van Dromme IC","Neuroimage","2015","2015/03/22","","","10.1016/j.neuroimage.2015.03.023"
"25726155","Direct geniculo-extrastriate pathways: a review of the literature","Abed Rabbo F, Koch G, Lefèvre C, Seizeur R.","Surg Radiol Anat. 2015 Oct;37(8):891-9. doi: 10.1007/s00276-015-1450-7. Epub 2015 Mar 1.","Abed Rabbo F","Surg Radiol Anat","2015","2015/03/02","","","10.1007/s00276-015-1450-7"
"25613079","Different forms of effective connectivity in primate frontotemporal pathways","Petkov CI, Kikuchi Y, Milne AE, Mishkin M, Rauschecker JP, Logothetis NK.","Nat Commun. 2015 Jan 23;6:6000. doi: 10.1038/ncomms7000.","Petkov CI","Nat Commun","2015","2015/01/24","PMC4306228","NIHMS645788","10.1038/ncomms7000"
"25319685","Stimulus-related neuroimaging in task-engaged subjects is best predicted by concurrent spiking","Lima B, Cardoso MM, Sirotin YB, Das A.","J Neurosci. 2014 Oct 15;34(42):13878-91. doi: 10.1523/JNEUROSCI.1595-14.2014.","Lima B","J Neurosci","2014","2014/10/17","PMC4198534","","10.1523/JNEUROSCI.1595-14.2014"
"25192634","Remapping of memory encoding and retrieval networks: insights from neuroimaging in primates","Miyamoto K, Osada T, Adachi Y.","Behav Brain Res. 2014 Dec 15;275:53-61. doi: 10.1016/j.bbr.2014.08.046. Epub 2014 Sep 1.","Miyamoto K","Behav Brain Res","2014","2014/09/07","","","10.1016/j.bbr.2014.08.046"
"25138647","Functional connectivity in frontal-striatal brain networks and cocaine self-administration in female rhesus monkeys","Murnane KS, Gopinath KS, Maltbie E, Daunais JB, Telesford QK, Howell LL.","Psychopharmacology (Berl). 2015 Feb;232(4):745-54. doi: 10.1007/s00213-014-3709-9. Epub 2014 Aug 21.","Murnane KS","Psychopharmacology (Berl)","2015","2014/08/21","PMC4310796","NIHMS622405","10.1007/s00213-014-3709-9"
"25092328","Curvature-processing network in macaque visual cortex","Yue X, Pourladian IS, Tootell RB, Ungerleider LG.","Proc Natl Acad Sci U S A. 2014 Aug 19;111(33):E3467-75. doi: 10.1073/pnas.1412616111. Epub 2014 Aug 4.","Yue X","Proc Natl Acad Sci U S A","2014","2014/08/06","PMC4143055","","10.1073/pnas.1412616111"
"24863147","Evolutionarily conserved prefrontal-amygdalar dysfunction in early-life anxiety","Birn RM, Shackman AJ, Oler JA, Williams LE, McFarlin DR, Rogers GM, Shelton SE, Alexander AL, Pine DS, Slattery MJ, Davidson RJ, Fox AS, Kalin NH.","Mol Psychiatry. 2014 Aug;19(8):915-22. doi: 10.1038/mp.2014.46. Epub 2014 May 27.","Birn RM","Mol Psychiatry","2014","2014/05/28","PMC4111803","NIHMS580427","10.1038/mp.2014.46"
"24637937","Functional imaging of auditory cortex in adult cats using high-field fMRI","Brown TA, Gati JS, Hughes SM, Nixon PL, Menon RS, Lomber SG.","J Vis Exp. 2014 Feb 19;(84):e50872. doi: 10.3791/50872.","Brown TA","J Vis Exp","2014","2014/03/19","PMC4126434","","10.3791/50872"
"24629510","Fractional amplitude of low-frequency fluctuation changes in monkeys with spinal cord injury: a resting-state fMRI study","Rao JS, Ma M, Zhao C, Zhang AF, Yang ZY, Liu Z, Li XG.","Magn Reson Imaging. 2014 Jun;32(5):482-6. doi: 10.1016/j.mri.2014.02.001. Epub 2014 Feb 10.","Rao JS","Magn Reson Imaging","2014","2014/03/18","","","10.1016/j.mri.2014.02.001"
"24530271","Parkinson׳s disease-related modulation of functional connectivity associated with the striatum in the resting state in a nonhuman primate model","Li J, Luo C, Chen Y, Chen Q, Huang R, Sun J, Gong Q, Wu X, Qi Z, Liang Z, Li L, Li H, Li P, Wang W, Shang HF.","Brain Res. 2014 Mar 25;1555:10-9. doi: 10.1016/j.brainres.2014.01.054. Epub 2014 Feb 13.","Li J","Brain Res","2014","2014/02/18","","","10.1016/j.brainres.2014.01.054"
"24490171","Atrophy and primary somatosensory cortical reorganization after unilateral thoracic spinal cord injury: a longitudinal functional magnetic resonance imaging study","Rao JS, Manxiu M, Zhao C, Xi Y, Yang ZY, Zuxiang L, Li XG.","Biomed Res Int. 2013;2013:753061. doi: 10.1155/2013/753061. Epub 2013 Dec 29.","Rao JS","Biomed Res Int","2013","2014/02/04","PMC3891744","","10.1155/2013/753061"
"24478378","Dissociable memory traces within the macaque medial temporal lobe predict subsequent recognition performance","Miyamoto K, Adachi Y, Osada T, Watanabe T, Kimura HM, Setsuie R, Miyashita Y.","J Neurosci. 2014 Jan 29;34(5):1988-97. doi: 10.1523/JNEUROSCI.4048-13.2014.","Miyamoto K","J Neurosci","2014","2014/01/31","PMC6827594","","10.1523/JNEUROSCI.4048-13.2014"
"24141314","Parallel, multi-stage processing of colors, faces and shapes in macaque inferior temporal cortex","Lafer-Sousa R, Conway BR.","Nat Neurosci. 2013 Dec;16(12):1870-8. doi: 10.1038/nn.3555. Epub 2013 Oct 20.","Lafer-Sousa R","Nat Neurosci","2013","2013/10/22","PMC3957328","NIHMS560010","10.1038/nn.3555"
"23905720","The effects of alcohol on the nonhuman primate brain: a network science approach to neuroimaging","Telesford QK, Laurienti PJ, Friedman DP, Kraft RA, Daunais JB.","Alcohol Clin Exp Res. 2013 Nov;37(11):1891-900. doi: 10.1111/acer.12181. Epub 2013 Jul 26.","Telesford QK","Alcohol Clin Exp Res","2013","2013/08/03","PMC3812370","NIHMS471410","10.1111/acer.12181"
"23843508","Intrinsic structure of visual exemplar and category representations in macaque brain","Liu N, Kriegeskorte N, Mur M, Hadj-Bouziane F, Luh WM, Tootell RB, Ungerleider LG.","J Neurosci. 2013 Jul 10;33(28):11346-60. doi: 10.1523/JNEUROSCI.4180-12.2013.","Liu N","J Neurosci","2013","2013/07/12","PMC3724556","","10.1523/JNEUROSCI.4180-12.2013"
"23761883","Modulation of visual responses by gaze direction in human visual cortex","Merriam EP, Gardner JL, Movshon JA, Heeger DJ.","J Neurosci. 2013 Jun 12;33(24):9879-89. doi: 10.1523/JNEUROSCI.0500-12.2013.","Merriam EP","J Neurosci","2013","2013/06/14","PMC3682387","","10.1523/JNEUROSCI.0500-12.2013"
"23652854","Large-scale reorganization of the somatosensory cortex of adult macaque monkeys revealed by fMRI","Dutta A, Kambi N, Raghunathan P, Khushu S, Jain N.","Brain Struct Funct. 2014 Jul;219(4):1305-20. doi: 10.1007/s00429-013-0569-8. Epub 2013 May 8.","Dutta A","Brain Struct Funct","2014","2013/05/09","","","10.1007/s00429-013-0569-8"
"23515795","Functional organization of human posterior parietal cortex: grasping- and reaching-related activations relative to topographically organized cortex","Konen CS, Mruczek RE, Montoya JL, Kastner S.","J Neurophysiol. 2013 Jun;109(12):2897-908. doi: 10.1152/jn.00657.2012. Epub 2013 Mar 20.","Konen CS","J Neurophysiol","2013","2013/03/22","PMC3680816","","10.1152/jn.00657.2012"
"23426655","Evolutionarily novel functional networks in the human brain?","Mantini D, Corbetta M, Romani GL, Orban GA, Vanduffel W.","J Neurosci. 2013 Feb 20;33(8):3259-75. doi: 10.1523/JNEUROSCI.4392-12.2013.","Mantini D","J Neurosci","2013","2013/02/22","PMC6619535","","10.1523/JNEUROSCI.4392-12.2013"
"23365257","The location of feedback-related activity in the midcingulate cortex is predicted by local morphology","Amiez C, Neveu R, Warrot D, Petrides M, Knoblauch K, Procyk E.","J Neurosci. 2013 Jan 30;33(5):2217-28. doi: 10.1523/JNEUROSCI.2779-12.2013.","Amiez C","J Neurosci","2013","2013/02/01","PMC6619107","","10.1523/JNEUROSCI.2779-12.2013"
"24961699","Towards effective non-invasive brain-computer interfaces dedicated to gait rehabilitation systems","Castermans T, Duvinage M, Cheron G, Dutoit T.","Brain Sci. 2013 Dec 31;4(1):1-48. doi: 10.3390/brainsci4010001.","Castermans T","Brain Sci","2013","2014/06/26","PMC4066236","","10.3390/brainsci4010001"
"23186918","FEF-microstimulation causes task-dependent modulation of occipital fMRI activity","Premereur E, Janssen P, Vanduffel W.","Neuroimage. 2013 Feb 15;67:42-50. doi: 10.1016/j.neuroimage.2012.11.017. Epub 2012 Nov 24.","Premereur E","Neuroimage","2013","2012/11/29","","","10.1016/j.neuroimage.2012.11.017"
"23172213","Hippocampal-cortical interaction during periods of subcortical silence","Logothetis NK, Eschenko O, Murayama Y, Augath M, Steudel T, Evrard HC, Besserve M, Oeltermann A.","Nature. 2012 Nov 22;491(7425):547-53. doi: 10.1038/nature11618.","Logothetis NK","Nature","2012","2012/11/23","","","10.1038/nature11618"
"23142071","Dissimilar processing of emotional facial expressions in human and monkey temporal cortex","Zhu Q, Nelissen K, Van den Stock J, De Winter FL, Pauwels K, de Gelder B, Vanduffel W, Vandenbulcke M.","Neuroimage. 2013 Feb 1;66:402-11. doi: 10.1016/j.neuroimage.2012.10.083. Epub 2012 Nov 8.","Zhu Q","Neuroimage","2013","2012/11/13","PMC3625447","NIHMS424750","10.1016/j.neuroimage.2012.10.083"
"23118875","FMRI activity in the macaque cerebellum evoked by intracortical microstimulation of the primary somatosensory cortex: evidence for polysynaptic propagation","Matsui T, Koyano KW, Tamura K, Osada T, Adachi Y, Miyamoto K, Chikazoe J, Kamigaki T, Miyashita Y.","PLoS One. 2012;7(10):e47515. doi: 10.1371/journal.pone.0047515. Epub 2012 Oct 31.","Matsui T","PLoS One","2012","2012/11/03","PMC3485272","","10.1371/journal.pone.0047515"
"23077058","Intrinsic amygdala-cortical functional connectivity predicts social network size in humans","Bickart KC, Hollenbeck MC, Barrett LF, Dickerson BC.","J Neurosci. 2012 Oct 17;32(42):14729-41. doi: 10.1523/JNEUROSCI.1599-12.2012.","Bickart KC","J Neurosci","2012","2012/10/19","PMC3569519","NIHMS416089","10.1523/JNEUROSCI.1599-12.2012"
"23077051","Dynamic reorganization of digit representations in somatosensory cortex of nonhuman primates after spinal cord injury","Chen LM, Qi HX, Kaas JH.","J Neurosci. 2012 Oct 17;32(42):14649-63. doi: 10.1523/JNEUROSCI.1841-12.2012.","Chen LM","J Neurosci","2012","2012/10/19","PMC3498942","NIHMS416090","10.1523/JNEUROSCI.1841-12.2012"
"22960152","Layer-specific BOLD activation in awake monkey V1 revealed by ultra-high spatial resolution functional magnetic resonance imaging","Chen G, Wang F, Gore JC, Roe AW.","Neuroimage. 2013 Jan 1;64:147-55. doi: 10.1016/j.neuroimage.2012.08.060. Epub 2012 Aug 28.","Chen G","Neuroimage","2013","2012/09/11","PMC3508288","NIHMS404407","10.1016/j.neuroimage.2012.08.060"
"22783176","Monitoring extracellular pH, oxygen, and dopamine during reward delivery in the striatum of primates","Ariansen JL, Heien ML, Hermans A, Phillips PE, Hernadi I, Bermudez MA, Schultz W, Wightman RM.","Front Behav Neurosci. 2012 Jul 5;6:36. doi: 10.3389/fnbeh.2012.00036. eCollection 2012.","Ariansen JL","Front Behav Neurosci","2012","2012/07/12","PMC3389715","","10.3389/fnbeh.2012.00036"
"22764345","[The role of the superior temporal sulcus in face recognition and perception]","Iidaka T.","Brain Nerve. 2012 Jul;64(7):737-42.","Iidaka T","Brain Nerve","2012","2012/07/06","","",""
"22632731","Conserved fMRI and LFP signals during new associative learning in the human and macaque monkey medial temporal lobe","Hargreaves EL, Mattfeld AT, Stark CE, Suzuki WA.","Neuron. 2012 May 24;74(4):743-52. doi: 10.1016/j.neuron.2012.03.029.","Hargreaves EL","Neuron","2012","2012/05/29","PMC3969034","NIHMS370274","10.1016/j.neuron.2012.03.029"
"22465841","Evidence for coordinated functional activity within the extended amygdala of non-human and human primates","Oler JA, Birn RM, Patriat R, Fox AS, Shelton SE, Burghy CA, Stodola DE, Essex MJ, Davidson RJ, Kalin NH.","Neuroimage. 2012 Jul 16;61(4):1059-66. doi: 10.1016/j.neuroimage.2012.03.045. Epub 2012 Mar 23.","Oler JA","Neuroimage","2012","2012/04/03","PMC3376204","NIHMS364904","10.1016/j.neuroimage.2012.03.045"
"22459043","Distinct human face representations in the perirhinal cortex and fusiform gyrus","Iidaka T, Harada T, Eifuku S, Nakata R, Sadato N.","Brain Res. 2012 May 3;1452:119-29. doi: 10.1016/j.brainres.2012.02.072. Epub 2012 Mar 8.","Iidaka T","Brain Res","2012","2012/03/31","","","10.1016/j.brainres.2012.02.072"
"22450049","Face specific broadband electrocorticographic spectral power change in the rhinal cortex","Tanji K, Iwasaki M, Nakasato N, Suzuki K.","Neurosci Lett. 2012 Apr 25;515(1):66-70. doi: 10.1016/j.neulet.2012.03.020. Epub 2012 Mar 19.","Tanji K","Neurosci Lett","2012","2012/03/28","","","10.1016/j.neulet.2012.03.020"
"22402653","Encoding of reward expectation by monkey anterior insular neurons","Mizuhiki T, Richmond BJ, Shidara M.","J Neurophysiol. 2012 Jun;107(11):2996-3007. doi: 10.1152/jn.00282.2011. Epub 2012 Mar 7.","Mizuhiki T","J Neurophysiol","2012","2012/03/10","PMC3378365","","10.1152/jn.00282.2011"
"22360676","A critical review of the development of face recognition: experience is less important than previously believed","McKone E, Crookes K, Jeffery L, Dilks DD.","Cogn Neuropsychol. 2012;29(1-2):174-212. doi: 10.1080/02643294.2012.660138. Epub 2012 Feb 23.","McKone E","Cogn Neuropsychol","2012","2012/02/25","","","10.1080/02643294.2012.660138"
"22593881","The Use of fMRI to Assess Multisensory Integration","James TW, Stevenson RA.","In: Murray MM, Wallace MT, editors. The Neural Bases of Multisensory Processes. Boca Raton (FL): CRC Press/Taylor & Francis; 2012. Chapter 8.","James TW","The Neural Bases of Multisensory Processes","2012","2012/01/01","","",""
"22192950","MR-guided stereotactic navigation","Ohayon S, Tsao DY.","J Neurosci Methods. 2012 Mar 15;204(2):389-97. doi: 10.1016/j.jneumeth.2011.11.031. Epub 2011 Dec 13.","Ohayon S","J Neurosci Methods","2012","2011/12/24","PMC8204678","NIHMS1697631","10.1016/j.jneumeth.2011.11.031"
"22178134","Mapping the central effects of chronic ketamine administration in an adolescent primate model by functional magnetic resonance imaging (fMRI)","Yu H, Li Q, Wang D, Shi L, Lu G, Sun L, Wang L, Zhu W, Mak YT, Wong N, Wang Y, Pan F, Yew DT.","Neurotoxicology. 2012 Jan;33(1):70-7. doi: 10.1016/j.neuro.2011.11.001. Epub 2011 Dec 2.","Yu H","Neurotoxicology","2012","2011/12/20","","","10.1016/j.neuro.2011.11.001"
"22163328","Mapping the organization of axis of motion selective features in human area MT using high-field fMRI","Zimmermann J, Goebel R, De Martino F, van de Moortele PF, Feinberg D, Adriany G, Chaimow D, Shmuel A, Uğurbil K, Yacoub E.","PLoS One. 2011;6(12):e28716. doi: 10.1371/journal.pone.0028716. Epub 2011 Dec 7.","Zimmermann J","PLoS One","2011","2011/12/14","PMC3233606","","10.1371/journal.pone.0028716"
"22139022","Neural representations of faces and limbs neighbor in human high-level visual cortex: evidence for a new organization principle","Weiner KS, Grill-Spector K.","Psychol Res. 2013 Jan;77(1):74-97. doi: 10.1007/s00426-011-0392-x. Epub 2011 Dec 3.","Weiner KS","Psychol Res","2013","2011/12/06","PMC3535411","","10.1007/s00426-011-0392-x"
"22115923","Differential fMRI activation to noxious heat and tactile stimuli in parasylvian areas of new world monkeys","Chen LM, Dillenburger BC, Wang F, Tang CH.","Pain. 2012 Jan;153(1):158-169. doi: 10.1016/j.pain.2011.10.006. Epub 2011 Nov 23.","Chen LM","Pain","2012","2011/11/26","PMC3245780","NIHMS332815","10.1016/j.pain.2011.10.006"
"22055855","Functional magnetic resonance imaging of awake monkeys: some approaches for improving imaging quality","Chen G, Wang F, Dillenburger BC, Friedman RM, Chen LM, Gore JC, Avison MJ, Roe AW.","Magn Reson Imaging. 2012 Jan;30(1):36-47. doi: 10.1016/j.mri.2011.09.010. Epub 2011 Nov 3.","Chen G","Magn Reson Imaging","2012","2011/11/08","PMC3236665","NIHMS336550","10.1016/j.mri.2011.09.010"
"21920684","Activation of SC during electrical stimulation of LGN: retinal antidromic stimulation or corticocollicular activation?","Murayama Y, Augath M, Logothetis NK.","Magn Reson Imaging. 2011 Dec;29(10):1351-7. doi: 10.1016/j.mri.2011.08.002. Epub 2011 Sep 14.","Murayama Y","Magn Reson Imaging","2011","2011/09/17","","","10.1016/j.mri.2011.08.002"
"21900574","Default mode of brain function in monkeys","Mantini D, Gerits A, Nelissen K, Durand JB, Joly O, Simone L, Sawamura H, Wardak C, Orban GA, Buckner RL, Vanduffel W.","J Neurosci. 2011 Sep 7;31(36):12954-62. doi: 10.1523/JNEUROSCI.2318-11.2011.","Mantini D","J Neurosci","2011","2011/09/09","PMC3686636","NIHMS475975","10.1523/JNEUROSCI.2318-11.2011"
"21893683","Functional connectivity between anatomically unconnected areas is shaped by collective network-level effects in the macaque cortex","Adachi Y, Osada T, Sporns O, Watanabe T, Matsui T, Miyamoto K, Miyashita Y.","Cereb Cortex. 2012 Jul;22(7):1586-92. doi: 10.1093/cercor/bhr234. Epub 2011 Sep 5.","Adachi Y","Cereb Cortex","2012","2011/09/07","","","10.1093/cercor/bhr234"
"21835625","Voice cells in the primate temporal lobe","Perrodin C, Kayser C, Logothetis NK, Petkov CI.","Curr Biol. 2011 Aug 23;21(16):1408-15. doi: 10.1016/j.cub.2011.07.028. Epub 2011 Aug 11.","Perrodin C","Curr Biol","2011","2011/08/13","PMC3398143","UKMS49151","10.1016/j.cub.2011.07.028"
"21817092","Compositionality of rule representations in human prefrontal cortex","Reverberi C, Görgen K, Haynes JD.","Cereb Cortex. 2012 Jun;22(6):1237-46. doi: 10.1093/cercor/bhr200. Epub 2011 Aug 4.","Reverberi C","Cereb Cortex","2012","2011/08/06","","","10.1093/cercor/bhr200"
"21753004","Coding of stereoscopic depth information in visual areas V3 and V3A","Anzai A, Chowdhury SA, DeAngelis GC.","J Neurosci. 2011 Jul 13;31(28):10270-82. doi: 10.1523/JNEUROSCI.5956-10.2011.","Anzai A","J Neurosci","2011","2011/07/15","PMC3143190","NIHMS310360","10.1523/JNEUROSCI.5956-10.2011"
"21709178","Interhemispheric differences in auditory processing revealed by fMRI in awake rhesus monkeys","Joly O, Ramus F, Pressnitzer D, Vanduffel W, Orban GA.","Cereb Cortex. 2012 Apr;22(4):838-53. doi: 10.1093/cercor/bhr150. Epub 2011 Jun 27.","Joly O","Cereb Cortex","2012","2011/06/29","","","10.1093/cercor/bhr150"
"21693784","Cortical network for gaze control in humans revealed using multimodal MRI","Anderson EJ, Jones DK, O'Gorman RL, Leemans A, Catani M, Husain M.","Cereb Cortex. 2012 Apr;22(4):765-75. doi: 10.1093/cercor/bhr110. Epub 2011 Jun 21.","Anderson EJ","Cereb Cortex","2012","2011/06/23","PMC3306571","","10.1093/cercor/bhr110"
"21640191","Activation of the dentate nucleus in a verb generation task: A 7T MRI study","Thürling M, Küper M, Stefanescu R, Maderwald S, Gizewski ER, Ladd ME, Timmann D.","Neuroimage. 2011 Aug 1;57(3):1184-91. doi: 10.1016/j.neuroimage.2011.05.045. Epub 2011 May 25.","Thürling M","Neuroimage","2011","2011/06/07","","","10.1016/j.neuroimage.2011.05.045"
"21632943","Grasping-related functional magnetic resonance imaging brain responses in the macaque monkey","Nelissen K, Vanduffel W.","J Neurosci. 2011 Jun 1;31(22):8220-9. doi: 10.1523/JNEUROSCI.0623-11.2011.","Nelissen K","J Neurosci","2011","2011/06/03","PMC3117146","NIHMS300916","10.1523/JNEUROSCI.0623-11.2011"
"21530264","Subjective socioeconomic status predicts human ventral striatal responses to social status information","Ly M, Haynes MR, Barter JW, Weinberger DR, Zink CF.","Curr Biol. 2011 May 10;21(9):794-7. doi: 10.1016/j.cub.2011.03.050. Epub 2011 Apr 28.","Ly M","Curr Biol","2011","2011/05/03","","","10.1016/j.cub.2011.03.050"
"21421062","Functional MRI indicates consistent intra-digit topographic maps in the little but not the index finger within the human primary somatosensory cortex","Schweisfurth MA, Schweizer R, Frahm J.","Neuroimage. 2011 Jun 15;56(4):2138-43. doi: 10.1016/j.neuroimage.2011.03.038. Epub 2011 Mar 21.","Schweisfurth MA","Neuroimage","2011","2011/03/23","","","10.1016/j.neuroimage.2011.03.038"
"21389229","Action observation circuits in the macaque monkey cortex","Nelissen K, Borra E, Gerbella M, Rozzi S, Luppino G, Vanduffel W, Rizzolatti G, Orban GA.","J Neurosci. 2011 Mar 9;31(10):3743-56. doi: 10.1523/JNEUROSCI.4803-10.2011.","Nelissen K","J Neurosci","2011","2011/03/11","PMC3099268","NIHMS278940","10.1523/JNEUROSCI.4803-10.2011"
"21368090","Direct comparison of spontaneous functional connectivity and effective connectivity measured by intracortical microstimulation: an fMRI study in macaque monkeys","Matsui T, Tamura K, Koyano KW, Takeuchi D, Adachi Y, Osada T, Miyashita Y.","Cereb Cortex. 2011 Oct;21(10):2348-56. doi: 10.1093/cercor/bhr019. Epub 2011 Mar 2.","Matsui T","Cereb Cortex","2011","2011/03/04","","","10.1093/cercor/bhr019"
"21328423","Why do capuchin monkeys urine wash? An experimental test of the sexual communication hypothesis using fMRI","Phillips KA, Buzzell CA, Holder N, Sherwood CC.","Am J Primatol. 2011 Jun;73(6):578-84. doi: 10.1002/ajp.20931. Epub 2011 Feb 15.","Phillips KA","Am J Primatol","2011","2011/02/18","","","10.1002/ajp.20931"
"21273409","Vascularization of cytochrome oxidase-rich blobs in the primary visual cortex of squirrel and macaque monkeys","Keller AL, Schüz A, Logothetis NK, Weber B.","J Neurosci. 2011 Jan 26;31(4):1246-53. doi: 10.1523/JNEUROSCI.2765-10.2011.","Keller AL","J Neurosci","2011","2011/01/29","PMC6623626","","10.1523/JNEUROSCI.2765-10.2011"
"21177033","High-resolution functional magnetic resonance imaging mapping of noxious heat and tactile activations along the central sulcus in New World monkeys","Chen LM, Dillenburger BC, Wang F, Friedman RM, Avison MJ.","Pain. 2011 Mar;152(3):522-532. doi: 10.1016/j.pain.2010.10.048. Epub 2010 Dec 21.","Chen LM","Pain","2011","2010/12/24","PMC3039029","NIHMS251579","10.1016/j.pain.2010.10.048"
"21097993","Stimulus repetition probability does not affect repetition suppression in macaque inferior temporal cortex","Kaliukhovich DA, Vogels R.","Cereb Cortex. 2011 Jul;21(7):1547-58. doi: 10.1093/cercor/bhq207. Epub 2010 Nov 22.","Kaliukhovich DA","Cereb Cortex","2011","2010/11/25","","","10.1093/cercor/bhq207"
"21084605","The selectivity of neurons in the macaque fundus of the superior temporal area for three-dimensional structure from motion","Mysore SG, Vogels R, Raiguel SE, Todd JT, Orban GA.","J Neurosci. 2010 Nov 17;30(46):15491-508. doi: 10.1523/JNEUROSCI.0820-10.2010.","Mysore SG","J Neurosci","2010","2010/11/19","PMC6633687","","10.1523/JNEUROSCI.0820-10.2010"
"20967197","Neural coding of movement direction in the healthy human brain","Cowper-Smith CD, Lau EY, Helmick CA, Eskes GA, Westwood DA.","PLoS One. 2010 Oct 13;5(10):e13330. doi: 10.1371/journal.pone.0013330.","Cowper-Smith CD","PLoS One","2010","2010/10/23","PMC2954155","","10.1371/journal.pone.0013330"
"20818384","The effects of electrical microstimulation on cortical signal propagation","Logothetis NK, Augath M, Murayama Y, Rauch A, Sultan F, Goense J, Oeltermann A, Merkle H.","Nat Neurosci. 2010 Oct;13(10):1283-91. doi: 10.1038/nn.2631. Epub 2010 Sep 5.","Logothetis NK","Nat Neurosci","2010","2010/09/07","","","10.1038/nn.2631"
"20810892","Human posterior parietal cortex plans where to reach and what to avoid","Lindner A, Iyer A, Kagan I, Andersen RA.","J Neurosci. 2010 Sep 1;30(35):11715-25. doi: 10.1523/JNEUROSCI.2849-09.2010.","Lindner A","J Neurosci","2010","2010/09/03","PMC2956133","NIHMS233629","10.1523/JNEUROSCI.2849-09.2010"
"20660263","The retinotopic organization of the human middle temporal area MT/V5 and its cortical neighbors","Kolster H, Peeters R, Orban GA.","J Neurosci. 2010 Jul 21;30(29):9801-20. doi: 10.1523/JNEUROSCI.2069-10.2010.","Kolster H","J Neurosci","2010","2010/07/28","PMC6632824","","10.1523/JNEUROSCI.2069-10.2010"
"20592212","Functional organization of human motor cortex: directional selectivity for movement","Eisenberg M, Shmuelof L, Vaadia E, Zohary E.","J Neurosci. 2010 Jun 30;30(26):8897-905. doi: 10.1523/JNEUROSCI.0007-10.2010.","Eisenberg M","J Neurosci","2010","2010/07/02","PMC6632899","","10.1523/JNEUROSCI.0007-10.2010"
"20574422","Blindsight depends on the lateral geniculate nucleus","Schmid MC, Mrowka SW, Turchi J, Saunders RC, Wilke M, Peters AJ, Ye FQ, Leopold DA.","Nature. 2010 Jul 15;466(7304):373-7. doi: 10.1038/nature09179. Epub 2010 Jun 23.","Schmid MC","Nature","2010","2010/06/25","PMC2904843","NIHMS206748","10.1038/nature09179"
"20566353","Development of an apparatus and methodology for conducting functional magnetic resonance imaging (fMRI) with pharmacological stimuli in conscious rhesus monkeys","Murnane KS, Howell LL.","J Neurosci Methods. 2010 Aug 15;191(1):11-20. doi: 10.1016/j.jneumeth.2010.06.001. Epub 2010 Jun 8.","Murnane KS","J Neurosci Methods","2010","2010/06/23","PMC2915932","NIHMS222796","10.1016/j.jneumeth.2010.06.001"
"20562319","Broad and narrow conceptual tuning in the human frontal lobes","Gotts SJ, Milleville SC, Bellgowan PS, Martin A.","Cereb Cortex. 2011 Feb;21(2):477-91. doi: 10.1093/cercor/bhq113. Epub 2010 Jun 18.","Gotts SJ","Cereb Cortex","2011","2010/06/22","PMC3020586","","10.1093/cercor/bhq113"
"20116433","Noninvasive functional MRI in alert monkeys","Srihasam K, Sullivan K, Savage T, Livingstone MS.","Neuroimage. 2010 May 15;51(1):267-73. doi: 10.1016/j.neuroimage.2010.01.082. Epub 2010 Jan 29.","Srihasam K","Neuroimage","2010","2010/02/02","PMC2847050","NIHMS175327","10.1016/j.neuroimage.2010.01.082"
"20100901","Searching for a salient target involves frontal regions","Wardak C, Vanduffel W, Orban GA.","Cereb Cortex. 2010 Oct;20(10):2464-77. doi: 10.1093/cercor/bhp315. Epub 2010 Jan 25.","Wardak C","Cereb Cortex","2010","2010/01/27","","","10.1093/cercor/bhp315"
"20096530","Relationship between neural and hemodynamic signals during spontaneous activity studied with temporal kernel CCA","Murayama Y, Biessmann F, Meinecke FC, Müller KR, Augath M, Oeltermann A, Logothetis NK.","Magn Reson Imaging. 2010 Oct;28(8):1095-103. doi: 10.1016/j.mri.2009.12.016. Epub 2010 Jan 21.","Murayama Y","Magn Reson Imaging","2010","2010/01/26","","","10.1016/j.mri.2009.12.016"
"20096269","Atypical activation of the mirror neuron system during perception of hand motion in autism","Martineau J, Andersson F, Barthélémy C, Cottier JP, Destrieux C.","Brain Res. 2010 Mar 12;1320:168-75. doi: 10.1016/j.brainres.2010.01.035. Epub 2010 Jan 21.","Martineau J","Brain Res","2010","2010/01/26","","","10.1016/j.brainres.2010.01.035"
"19969009","Effects of heartbeat and respiration on macaque fMRI: implications for functional connectivity","Teichert T, Grinband J, Hirsch J, Ferrera VP.","Neuropsychologia. 2010 Jun;48(7):1886-94. doi: 10.1016/j.neuropsychologia.2009.11.026. Epub 2009 Dec 5.","Teichert T","Neuropsychologia","2010","2009/12/09","PMC2876227","NIHMS164276","10.1016/j.neuropsychologia.2009.11.026"
"19923280","Default mode of brain activity demonstrated by positron emission tomography imaging in awake monkeys: higher rest-related than working memory-related activity in medial cortical areas","Kojima T, Onoe H, Hikosaka K, Tsutsui K, Tsukada H, Watanabe M.","J Neurosci. 2009 Nov 18;29(46):14463-71. doi: 10.1523/JNEUROSCI.1786-09.2009.","Kojima T","J Neurosci","2009","2009/11/20","PMC6665835","","10.1523/JNEUROSCI.1786-09.2009"
"19912328","Distribution of colour-selective activity in the monkey inferior temporal cortex revealed by functional magnetic resonance imaging","Harada T, Goda N, Ogawa T, Ito M, Toyoda H, Sadato N, Komatsu H.","Eur J Neurosci. 2009 Nov;30(10):1960-70. doi: 10.1111/j.1460-9568.2009.06995.x. Epub 2009 Nov 11.","Harada T","Eur J Neurosci","2009","2009/11/17","","","10.1111/j.1460-9568.2009.06995.x"
"19883773","Increased amygdala activation to averted versus direct gaze in humans is independent of valence of facial expression","Straube T, Langohr B, Schmidt S, Mentzel HJ, Miltner WH.","Neuroimage. 2010 Feb 1;49(3):2680-6. doi: 10.1016/j.neuroimage.2009.10.074. Epub 2009 Oct 31.","Straube T","Neuroimage","2010","2009/11/04","","","10.1016/j.neuroimage.2009.10.074"
"19799969","Intra- and inter-subject variability of high field fMRI digit maps in somatosensory area 3b of new world monkeys","Zhang N, Wang F, Turner GH, Gore JC, Avison MJ, Chen LM.","Neuroscience. 2010 Jan 13;165(1):252-64. doi: 10.1016/j.neuroscience.2009.09.066. Epub 2009 Sep 30.","Zhang N","Neuroscience","2010","2009/10/06","PMC2787639","NIHMS150437","10.1016/j.neuroscience.2009.09.066"
"19710320","Modulation of the contrast response function by electrical microstimulation of the macaque frontal eye field","Ekstrom LB, Roelfsema PR, Arsenault JT, Kolster H, Vanduffel W.","J Neurosci. 2009 Aug 26;29(34):10683-94. doi: 10.1523/JNEUROSCI.0673-09.2009.","Ekstrom LB","J Neurosci","2009","2009/08/28","PMC2749231","NIHMS143898","10.1523/JNEUROSCI.0673-09.2009"
"19683056","Functional magnetic resonance imaging of awake behaving macaques","Goense JB, Whittingstall K, Logothetis NK.","Methods. 2010 Mar;50(3):178-88. doi: 10.1016/j.ymeth.2009.08.003. Epub 2009 Aug 13.","Goense JB","Methods","2010","2009/08/18","","","10.1016/j.ymeth.2009.08.003"
"19631273","Effect of sound intensity on tonotopic fMRI maps in the unanesthetized monkey","Tanji K, Leopold DA, Ye FQ, Zhu C, Malloy M, Saunders RC, Mishkin M.","Neuroimage. 2010 Jan 1;49(1):150-7. doi: 10.1016/j.neuroimage.2009.07.029. Epub 2009 Jul 22.","Tanji K","Neuroimage","2010","2009/07/28","PMC3411355","NIHMS134342","10.1016/j.neuroimage.2009.07.029"
"19420256","Functional connectivity of the macaque brain across stimulus and arousal states","Moeller S, Nallasamy N, Tsao DY, Freiwald WA.","J Neurosci. 2009 May 6;29(18):5897-909. doi: 10.1523/JNEUROSCI.0220-09.2009.","Moeller S","J Neurosci","2009","2009/05/08","PMC6665231","","10.1523/JNEUROSCI.0220-09.2009"
"19385988","Neuronal substrates of gaze following in monkeys","Kamphuis S, Dicke PW, Thier P.","Eur J Neurosci. 2009 Apr;29(8):1732-8. doi: 10.1111/j.1460-9568.2009.06730.x.","Kamphuis S","Eur J Neurosci","2009","2009/04/24","","","10.1111/j.1460-9568.2009.06730.x"
"19372142","Additive effects of attention and stimulus contrast in primary visual cortex","Thiele A, Pooresmaeili A, Delicato LS, Herrero JL, Roelfsema PR.","Cereb Cortex. 2009 Dec;19(12):2970-81. doi: 10.1093/cercor/bhp070. Epub 2009 Apr 16.","Thiele A","Cereb Cortex","2009","2009/04/18","PMC2774399","","10.1093/cercor/bhp070"
"19349919","The neural basis of perceiving emotional bodily expressions in monkeys","de Gelder B, Partan S.","Neuroreport. 2009 May 6;20(7):642-6. doi: 10.1097/WNR.0b013e32832a1e56.","de Gelder B","Neuroreport","2009","2009/04/08","","","10.1097/WNR.0b013e32832a1e56"
"19269764","Optimizing the imaging of the monkey auditory cortex: sparse vs. continuous fMRI","Petkov CI, Kayser C, Augath M, Logothetis NK.","Magn Reson Imaging. 2009 Oct;27(8):1065-73. doi: 10.1016/j.mri.2009.01.018. Epub 2009 Mar 9.","Petkov CI","Magn Reson Imaging","2009","2009/03/10","","","10.1016/j.mri.2009.01.018"
"19269312","Multisensory interactions in primate auditory cortex: fMRI and electrophysiology","Kayser C, Petkov CI, Logothetis NK.","Hear Res. 2009 Dec;258(1-2):80-8. doi: 10.1016/j.heares.2009.02.011. Epub 2009 Mar 6.","Kayser C","Hear Res","2009","2009/03/10","","","10.1016/j.heares.2009.02.011"
"19225169","Neural representations of faces and body parts in macaque and human cortex: a comparative FMRI study","Pinsk MA, Arcaro M, Weiner KS, Kalkus JF, Inati SJ, Gross CG, Kastner S.","J Neurophysiol. 2009 May;101(5):2581-600. doi: 10.1152/jn.91198.2008. Epub 2009 Feb 18.","Pinsk MA","J Neurophysiol","2009","2009/02/20","PMC2681436","","10.1152/jn.91198.2008"
"19158795","Anticipatory haemodynamic signals in sensory cortex not predicted by local neuronal activity","Sirotin YB, Das A.","Nature. 2009 Jan 22;457(7228):475-9. doi: 10.1038/nature07664.","Sirotin YB","Nature","2009","2009/01/23","PMC2705195","NIHMS102690","10.1038/nature07664"
"19138749","BOLD fMRI activation for anti-saccades in nonhuman primates","Ford KA, Gati JS, Menon RS, Everling S.","Neuroimage. 2009 Apr 1;45(2):470-6. doi: 10.1016/j.neuroimage.2008.12.009. Epub 2008 Dec 24.","Ford KA","Neuroimage","2009","2009/01/14","","","10.1016/j.neuroimage.2008.12.009"
"19052111","Object representations in the temporal cortex of monkeys and humans as revealed by functional magnetic resonance imaging","Bell AH, Hadj-Bouziane F, Frihauf JB, Tootell RB, Ungerleider LG.","J Neurophysiol. 2009 Feb;101(2):688-700. doi: 10.1152/jn.90657.2008. Epub 2008 Dec 3.","Bell AH","J Neurophysiol","2009","2008/12/05","PMC2657058","","10.1152/jn.90657.2008"
"18923039","Stimulus similarity-contingent neural adaptation can be time and cortical area dependent","Verhoef BE, Kayaert G, Franko E, Vangeneugden J, Vogels R.","J Neurosci. 2008 Oct 15;28(42):10631-40. doi: 10.1523/JNEUROSCI.3333-08.2008.","Verhoef BE","J Neurosci","2008","2008/10/17","PMC6671350","","10.1523/JNEUROSCI.3333-08.2008"
"18846206","Noise during rest enables the exploration of the brain's dynamic repertoire","Ghosh A, Rho Y, McIntosh AR, Kötter R, Jirsa VK.","PLoS Comput Biol. 2008 Oct;4(10):e1000196. doi: 10.1371/journal.pcbi.1000196. Epub 2008 Oct 10.","Ghosh A","PLoS Comput Biol","2008","2008/10/11","PMC2551736","","10.1371/journal.pcbi.1000196"
"18596422","Motor cortex stimulation for the enhancement of recovery from stroke: a prospective, multicenter safety study","Brown JA, Lutsep HL, Weinand M, Cramer SC.","Neurosurgery. 2008 Feb;62 Suppl 2:853-62. doi: 10.1227/01.neu.0000316287.37618.78.","Brown JA","Neurosurgery","2008","2008/09/16","","","10.1227/01.neu.0000316287.37618.78"
"18711393","Divergence of fMRI and neural signals in V1 during perceptual suppression in the awake monkey","Maier A, Wilke M, Aura C, Zhu C, Ye FQ, Leopold DA.","Nat Neurosci. 2008 Oct;11(10):1193-200. doi: 10.1038/nn.2173. Epub 2008 Aug 24.","Maier A","Nat Neurosci","2008","2008/08/20","PMC2754054","NIHMS118550","10.1038/nn.2173"
"18691999","Comparison of pattern recognition methods in classifying high-resolution BOLD signals obtained at high magnetic field in monkeys","Ku SP, Gretton A, Macke J, Logothetis NK.","Magn Reson Imaging. 2008 Sep;26(7):1007-14. doi: 10.1016/j.mri.2008.02.016.","Ku SP","Magn Reson Imaging","2008","2008/08/12","","","10.1016/j.mri.2008.02.016"
"18650340","Mapping prefrontal circuits in vivo with manganese-enhanced magnetic resonance imaging in monkeys","Simmons JM, Saad ZS, Lizak MJ, Ortiz M, Koretsky AP, Richmond BJ.","J Neurosci. 2008 Jul 23;28(30):7637-47. doi: 10.1523/JNEUROSCI.1488-08.2008.","Simmons JM","J Neurosci","2008","2008/07/25","PMC2683620","NIHMS108975","10.1523/JNEUROSCI.1488-08.2008"
"18635806","Bottom-up dependent gating of frontal signals in early visual cortex","Ekstrom LB, Roelfsema PR, Arsenault JT, Bonmassar G, Vanduffel W.","Science. 2008 Jul 18;321(5887):414-7. doi: 10.1126/science.1153276.","Ekstrom LB","Science","2008","2008/07/19","PMC3011100","NIHMS257714","10.1126/science.1153276"
"18439825","Neurophysiology of the BOLD fMRI signal in awake monkeys","Goense JB, Logothetis NK.","Curr Biol. 2008 May 6;18(9):631-40. doi: 10.1016/j.cub.2008.03.054. Epub 2008 Apr 24.","Goense JB","Curr Biol","2008","2008/04/29","","","10.1016/j.cub.2008.03.054"
"18414408","The serotonin transporter genotype is associated with intermediate brain phenotypes that depend on the context of eliciting stressor","Kalin NH, Shelton SE, Fox AS, Rogers J, Oakes TR, Davidson RJ.","Mol Psychiatry. 2008 Nov;13(11):1021-7. doi: 10.1038/mp.2008.37. Epub 2008 Apr 15.","Kalin NH","Mol Psychiatry","2008","2008/04/17","PMC2785009","NIHMS156897","10.1038/mp.2008.37"
"18400898","Maps of visual space in human occipital cortex are retinotopic, not spatiotopic","Gardner JL, Merriam EP, Movshon JA, Heeger DJ.","J Neurosci. 2008 Apr 9;28(15):3988-99. doi: 10.1523/JNEUROSCI.5476-07.2008.","Gardner JL","J Neurosci","2008","2008/04/11","PMC2515359","NIHMS60341","10.1523/JNEUROSCI.5476-07.2008"
"18385333","A rate code for sound azimuth in monkey auditory cortex: implications for human neuroimaging studies","Werner-Reiss U, Groh JM.","J Neurosci. 2008 Apr 2;28(14):3747-58. doi: 10.1523/JNEUROSCI.5044-07.2008.","Werner-Reiss U","J Neurosci","2008","2008/04/04","PMC3654685","NIHMS78601","10.1523/JNEUROSCI.5044-07.2008"
"18326521","The influence of moderate hypercapnia on neural activity in the anesthetized nonhuman primate","Zappe AC, Uludağ K, Oeltermann A, Uğurbil K, Logothetis NK.","Cereb Cortex. 2008 Nov;18(11):2666-73. doi: 10.1093/cercor/bhn023. Epub 2008 Mar 6.","Zappe AC","Cereb Cortex","2008","2008/03/11","PMC2567427","","10.1093/cercor/bhn023"
"18264095","A voice region in the monkey brain","Petkov CI, Kayser C, Steudel T, Whittingstall K, Augath M, Logothetis NK.","Nat Neurosci. 2008 Mar;11(3):367-74. doi: 10.1038/nn2043. Epub 2008 Feb 10.","Petkov CI","Nat Neurosci","2008","2008/02/12","","","10.1038/nn2043"
"18231592","Symmetric sensorimotor somatotopy","Overduin SA, Servos P.","PLoS One. 2008 Jan 30;3(1):e1505. doi: 10.1371/journal.pone.0001505.","Overduin SA","PLoS One","2008","2008/01/31","PMC2200828","","10.1371/journal.pone.0001505"
"18082250","Mirror neurons in humans: consisting or confounding evidence?","Turella L, Pierno AC, Tubaldi F, Castiello U.","Brain Lang. 2009 Jan;108(1):10-21. doi: 10.1016/j.bandl.2007.11.002. Epub 2007 Dec 21.","Turella L","Brain Lang","2009","2007/12/18","","","10.1016/j.bandl.2007.11.002"
"18077254","Human cerebral response to animal affective vocalizations","Belin P, Fecteau S, Charest I, Nicastro N, Hauser MD, Armony JL.","Proc Biol Sci. 2008 Mar 7;275(1634):473-81. doi: 10.1098/rspb.2007.1460.","Belin P","Proc Biol Sci","2008","2007/12/14","PMC2596811","","10.1098/rspb.2007.1460"
"18050155","Neurostatistics: applications, challenges and expectations","Georgopoulos AP, Karageorgiou E.","Stat Med. 2008 Feb 10;27(3):407-17. doi: 10.1002/sim.3137.","Georgopoulos AP","Stat Med","2008","2007/12/01","","","10.1002/sim.3137"
"18045914","Spatial attention does not strongly modulate neuronal responses in early human visual cortex","Yoshor D, Ghose GM, Bosking WH, Sun P, Maunsell JH.","J Neurosci. 2007 Nov 28;27(48):13205-9. doi: 10.1523/JNEUROSCI.2944-07.2007.","Yoshor D","J Neurosci","2007","2007/11/30","PMC6673408","","10.1523/JNEUROSCI.2944-07.2007"
"18033769","A stable topography of selectivity for unfamiliar shape classes in monkey inferior temporal cortex","Op de Beeck HP, Deutsch JA, Vanduffel W, Kanwisher NG, DiCarlo JJ.","Cereb Cortex. 2008 Jul;18(7):1676-94. doi: 10.1093/cercor/bhm196. Epub 2007 Nov 21.","Op de Beeck HP","Cereb Cortex","2008","2007/11/24","PMC2731473","NIHMS125849","10.1093/cercor/bhm196"
"17988638","Specialized color modules in macaque extrastriate cortex","Conway BR, Moeller S, Tsao DY.","Neuron. 2007 Nov 8;56(3):560-73. doi: 10.1016/j.neuron.2007.10.008.","Conway BR","Neuron","2007","2007/11/09","PMC8162777","HHMIMS1699772","10.1016/j.neuron.2007.10.008"
"17960143","The effect of labeling parameters on perfusion-based fMRI in nonhuman primates","Zappe AC, Pfeuffer J, Merkle H, Logothetis NK, Goense JB.","J Cereb Blood Flow Metab. 2008 Mar;28(3):640-52. doi: 10.1038/sj.jcbfm.9600564. Epub 2007 Oct 24.","Zappe AC","J Cereb Blood Flow Metab","2008","2007/10/26","","","10.1038/sj.jcbfm.9600564"
"17715354","High-resolution maps of real and illusory tactile activation in primary somatosensory cortex in individual monkeys with functional magnetic resonance imaging and optical imaging","Chen LM, Turner GH, Friedman RM, Zhang N, Gore JC, Roe AW, Avison MJ.","J Neurosci. 2007 Aug 22;27(34):9181-91. doi: 10.1523/JNEUROSCI.1588-07.2007.","Chen LM","J Neurosci","2007","2007/08/24","PMC6672200","","10.1523/JNEUROSCI.1588-07.2007"
"17702606","Robust detection of ocular dominance columns in humans using Hahn Spin Echo BOLD functional MRI at 7 Tesla","Yacoub E, Shmuel A, Logothetis N, Uğurbil K.","Neuroimage. 2007 Oct 1;37(4):1161-77. doi: 10.1016/j.neuroimage.2007.05.020. Epub 2007 Jul 4.","Yacoub E","Neuroimage","2007","2007/08/19","PMC2040323","NIHMS31083","10.1016/j.neuroimage.2007.05.020"
"17509896","Robust controlled functional MRI in alert monkeys at high magnetic field: effects of jaw and body movements","Keliris GA, Shmuel A, Ku SP, Pfeuffer J, Oeltermann A, Steudel T, Logothetis NK.","Neuroimage. 2007 Jul 1;36(3):550-70. doi: 10.1016/j.neuroimage.2007.02.057. Epub 2007 Apr 10.","Keliris GA","Neuroimage","2007","2007/05/19","","","10.1016/j.neuroimage.2007.02.057"
"17497631","Localization of human intraparietal areas AIP, CIP, and LIP using surface orientation and saccadic eye movement tasks","Shikata E, McNamara A, Sprenger A, Hamzei F, Glauche V, Büchel C, Binkofski F.","Hum Brain Mapp. 2008 Apr;29(4):411-21. doi: 10.1002/hbm.20396.","Shikata E","Hum Brain Mapp","2008","2007/05/15","PMC6870972","","10.1002/hbm.20396"
"17478070","Simultaneous recording of neuronal signals and functional NMR imaging","Oeltermann A, Augath MA, Logothetis NK.","Magn Reson Imaging. 2007 Jul;25(6):760-74. doi: 10.1016/j.mri.2007.03.015. Epub 2007 May 3.","Oeltermann A","Magn Reson Imaging","2007","2007/05/05","","","10.1016/j.mri.2007.03.015"
"17476267","Intrinsic functional architecture in the anaesthetized monkey brain","Vincent JL, Patel GH, Fox MD, Snyder AZ, Baker JT, Van Essen DC, Zempel JM, Snyder LH, Corbetta M, Raichle ME.","Nature. 2007 May 3;447(7140):83-6. doi: 10.1038/nature05758.","Vincent JL","Nature","2007","2007/05/04","","","10.1038/nature05758"
"17460081","Specificity of human cortical areas for reaches and saccades","Levy I, Schluppeck D, Heeger DJ, Glimcher PW.","J Neurosci. 2007 Apr 25;27(17):4687-96. doi: 10.1523/JNEUROSCI.0459-07.2007.","Levy I","J Neurosci","2007","2007/04/27","PMC1876670","NIHMS20447","10.1523/JNEUROSCI.0459-07.2007"
"17415782","Human cortical areas involved in sustaining perceptual stability during smooth pursuit eye movements","Trenner MU, Fahle M, Fasold O, Heekeren HR, Villringer A, Wenzel R.","Hum Brain Mapp. 2008 Mar;29(3):300-11. doi: 10.1002/hbm.20387.","Trenner MU","Hum Brain Mapp","2008","2007/04/07","PMC6870627","","10.1002/hbm.20387"
"17405670","Directional disorientation following left retrosplenial hemorrhage: a case report with fMRI studies","Ino T, Doi T, Hirose S, Kimura T, Ito J, Fukuyama H.","Cortex. 2007 Feb;43(2):248-54. doi: 10.1016/s0010-9452(08)70479-9.","Ino T","Cortex","2007","2007/04/05","","","10.1016/s0010-9452(08)70479-9"
"17321759","Time-dependent effects of hyperoxia on the BOLD fMRI signal in primate visual cortex and LGN","Wibral M, Muckli L, Melnikovic K, Scheller B, Alink A, Singer W, Munk MH.","Neuroimage. 2007 Apr 15;35(3):1044-63. doi: 10.1016/j.neuroimage.2006.12.039. Epub 2007 Jan 19.","Wibral M","Neuroimage","2007","2007/02/27","","","10.1016/j.neuroimage.2006.12.039"
"17251412","Is that near my hand? Multisensory representation of peripersonal space in human intraparietal sulcus","Makin TR, Holmes NP, Zohary E.","J Neurosci. 2007 Jan 24;27(4):731-40. doi: 10.1523/JNEUROSCI.3653-06.2007.","Makin TR","J Neurosci","2007","2007/01/26","PMC6672897","","10.1523/JNEUROSCI.3653-06.2007"
"17234696","Brain-computer interfaces: communication and restoration of movement in paralysis","Birbaumer N, Cohen LG.","J Physiol. 2007 Mar 15;579(Pt 3):621-36. doi: 10.1113/jphysiol.2006.125633. Epub 2007 Jan 18.","Birbaumer N","J Physiol","2007","2007/01/20","PMC2151357","","10.1113/jphysiol.2006.125633"
"17215391","Action representation of sound: audiomotor recognition network while listening to newly acquired actions","Lahav A, Saltzman E, Schlaug G.","J Neurosci. 2007 Jan 10;27(2):308-14. doi: 10.1523/JNEUROSCI.4822-06.2007.","Lahav A","J Neurosci","2007","2007/01/12","PMC6672064","","10.1523/JNEUROSCI.4822-06.2007"
"17188927","Exploring the neural basis of cognition: multi-modal links between human fMRI and macaque neurophysiology","Nakahara K, Adachi Y, Osada T, Miyashita Y.","Trends Cogn Sci. 2007 Feb;11(2):84-92. doi: 10.1016/j.tics.2006.11.006. Epub 2006 Dec 26.","Nakahara K","Trends Cogn Sci","2007","2006/12/26","","","10.1016/j.tics.2006.11.006"
"17182773","Neural correlates of vibrotactile working memory in the human brain","Preuschhof C, Heekeren HR, Taskin B, Schubert T, Villringer A.","J Neurosci. 2006 Dec 20;26(51):13231-9. doi: 10.1523/JNEUROSCI.2767-06.2006.","Preuschhof C","J Neurosci","2006","2006/12/22","PMC6675015","","10.1523/JNEUROSCI.2767-06.2006"
"17122318","Sensorimotor integration in S2, PV, and parietal rostroventral areas of the human sylvian fissure","Hinkley LB, Krubitzer LA, Nagarajan SS, Disbrow EA.","J Neurophysiol. 2007 Feb;97(2):1288-97. doi: 10.1152/jn.00733.2006. Epub 2006 Nov 22.","Hinkley LB","J Neurophysiol","2007","2006/11/24","PMC4060608","NIHMS23502","10.1152/jn.00733.2006"
"17105934","Neural effects of MDMA as determined by functional magnetic resonance imaging and magnetic resonance spectroscopy in awake marmoset monkeys","Meyer JS, Brevard ME, Piper BJ, Ali SF, Ferris CF.","Ann N Y Acad Sci. 2006 Aug;1074:365-76. doi: 10.1196/annals.1369.036.","Meyer JS","Ann N Y Acad Sci","2006","2006/11/16","","","10.1196/annals.1369.036"
"17093130","Remapping in human visual cortex","Merriam EP, Genovese CR, Colby CL.","J Neurophysiol. 2007 Feb;97(2):1738-55. doi: 10.1152/jn.00189.2006. Epub 2006 Nov 8.","Merriam EP","J Neurophysiol","2007","2006/11/10","PMC2292409","NIHMS44078","10.1152/jn.00189.2006"
"17056279","Functional activation in parieto-premotor and visual areas dependent on congruency between hand movement and visual stimuli during motor-visual priming","Stanley J, Miall RC.","Neuroimage. 2007 Jan 1;34(1):290-9. doi: 10.1016/j.neuroimage.2006.08.043. Epub 2006 Oct 23.","Stanley J","Neuroimage","2007","2006/10/24","","","10.1016/j.neuroimage.2006.08.043"
"16824965","Imaging brain activity in conscious monkeys following oral MDMA (""ecstasy"")","Brevard ME, Meyer JS, Harder JA, Ferris CF.","Magn Reson Imaging. 2006 Jul;24(6):707-14. doi: 10.1016/j.mri.2006.03.010. Epub 2006 May 26.","Brevard ME","Magn Reson Imaging","2006","2006/07/11","","","10.1016/j.mri.2006.03.010"
"16774452","Functional imaging reveals numerous fields in the monkey auditory cortex","Petkov CI, Kayser C, Augath M, Logothetis NK.","PLoS Biol. 2006 Jul;4(7):e215. doi: 10.1371/journal.pbio.0040215.","Petkov CI","PLoS Biol","2006","2006/06/16","PMC1479693","","10.1371/journal.pbio.0040215"
"16723518","Representation of head-centric flow in the human motion complex","Goossens J, Dukelow SP, Menon RS, Vilis T, van den Berg AV.","J Neurosci. 2006 May 24;26(21):5616-27. doi: 10.1523/JNEUROSCI.0730-06.2006.","Goossens J","J Neurosci","2006","2006/05/26","PMC6675273","","10.1523/JNEUROSCI.0730-06.2006"
"16675025","fMRI in alert, behaving monkeys: an adaptation of the human infant familiarization novelty preference procedure","Joseph JE, Powell DK, Andersen AH, Bhatt RS, Dunlap MK, Foldes ST, Forman E, Hardy PA, Steinmetz NA, Zhang Z.","J Neurosci Methods. 2006 Oct 15;157(1):10-24. doi: 10.1016/j.jneumeth.2006.03.018. Epub 2006 May 3.","Joseph JE","J Neurosci Methods","2006","2006/05/06","","","10.1016/j.jneumeth.2006.03.018"
"16603387","Reduction in V1 activation associated with decreased visibility of a visual target","Huang J, Xiang M, Cao Y.","Neuroimage. 2006 Jul 15;31(4):1693-9. doi: 10.1016/j.neuroimage.2006.02.020. Epub 2006 Apr 5.","Huang J","Neuroimage","2006","2006/04/11","","","10.1016/j.neuroimage.2006.02.020"
"16597759","Neural encoding and retrieval of sound sequences","Rauschecker JP.","Ann N Y Acad Sci. 2005 Dec;1060:125-35. doi: 10.1196/annals.1360.009.","Rauschecker JP","Ann N Y Acad Sci","2005","2006/04/07","","","10.1196/annals.1360.009"
"16528186","Motor cortex stimulation for the enhancement of recovery from stroke: a prospective, multicenter safety study","Brown JA, Lutsep HL, Weinand M, Cramer SC.","Neurosurgery. 2006 Mar;58(3):464-73. doi: 10.1227/01.NEU.0000197100.63931.04.","Brown JA","Neurosurgery","2006","2006/03/11","","","10.1227/01.NEU.0000197100.63931.04"
"16504223","Parietal updating of limb posture: an event-related fMRI study","Pellijeff A, Bonilha L, Morgan PS, McKenzie K, Jackson SR.","Neuropsychologia. 2006;44(13):2685-90. doi: 10.1016/j.neuropsychologia.2006.01.009. Epub 2006 Feb 28.","Pellijeff A","Neuropsychologia","2006","2006/03/01","","","10.1016/j.neuropsychologia.2006.01.009"
"16487726","Prediction error as a linear function of reward probability is coded in human nucleus accumbens","Abler B, Walter H, Erk S, Kammerer H, Spitzer M.","Neuroimage. 2006 Jun;31(2):790-5. doi: 10.1016/j.neuroimage.2006.01.001. Epub 2006 Feb 17.","Abler B","Neuroimage","2006","2006/02/21","","","10.1016/j.neuroimage.2006.01.001"
"16481198","Developing functional magnetic resonance imaging techniques for alert macaque monkeys","Gamlin PD, Ward MK, Bolding MS, Grossmann JK, Twieg DB.","Methods. 2006 Mar;38(3):210-20. doi: 10.1016/j.ymeth.2005.08.004.","Gamlin PD","Methods","2006","2006/02/17","","","10.1016/j.ymeth.2005.08.004"
"16456083","A cortical region consisting entirely of face-selective cells","Tsao DY, Freiwald WA, Tootell RB, Livingstone MS.","Science. 2006 Feb 3;311(5761):670-4. doi: 10.1126/science.1119983.","Tsao DY","Science","2006","2006/02/04","PMC2678572","NIHMS86939","10.1126/science.1119983"
"16412994","Pre-target activity in visual cortex predicts behavioral performance on spatial and feature attention tasks","Giesbrecht B, Weissman DH, Woldorff MG, Mangun GR.","Brain Res. 2006 Mar 29;1080(1):63-72. doi: 10.1016/j.brainres.2005.09.068. Epub 2006 Jan 17.","Giesbrecht B","Brain Res","2006","2006/01/18","","","10.1016/j.brainres.2005.09.068"
"16399685","Ipsilateral hand input to area 3b revealed by converging hemodynamic and electrophysiological analyses in macaque monkeys","Lipton ML, Fu KM, Branch CA, Schroeder CE.","J Neurosci. 2006 Jan 4;26(1):180-5. doi: 10.1523/JNEUROSCI.1073-05.2006.","Lipton ML","J Neurosci","2006","2006/01/10","PMC4465455","NIHMS695416","10.1523/JNEUROSCI.1073-05.2006"
"16343560","Mapping the parietal cortex of human and non-human primates","Orban GA, Claeys K, Nelissen K, Smans R, Sunaert S, Todd JT, Wardak C, Durand JB, Vanduffel W.","Neuropsychologia. 2006;44(13):2647-67. doi: 10.1016/j.neuropsychologia.2005.11.001. Epub 2005 Dec 12.","Orban GA","Neuropsychologia","2006","2005/12/14","","","10.1016/j.neuropsychologia.2005.11.001"
"16177908","Three-dimensional cytoarchitectonic analysis of the posterior bank of the human precentral sulcus","Schmitt O, Modersitzki J, Heldmann S, Wirtz S, Hömke L, Heide W, Kömpf D, Wree A.","Anat Embryol (Berl). 2005 Dec;210(5-6):387-400. doi: 10.1007/s00429-005-0030-8.","Schmitt O","Anat Embryol (Berl)","2005","2005/09/24","","","10.1007/s00429-005-0030-8"
"16011542","The functional organization of the intraparietal sulcus in humans and monkeys","Grefkes C, Fink GR.","J Anat. 2005 Jul;207(1):3-17. doi: 10.1111/j.1469-7580.2005.00426.x.","Grefkes C","J Anat","2005","2005/07/14","PMC1571496","","10.1111/j.1469-7580.2005.00426.x"
"15958778","Distribution of activity across the monkey cerebral cortical surface, thalamus and midbrain during rapid, visually guided saccades","Baker JT, Patel GH, Corbetta M, Snyder LH.","Cereb Cortex. 2006 Apr;16(4):447-59. doi: 10.1093/cercor/bhi124. Epub 2005 Jun 15.","Baker JT","Cereb Cortex","2006","2005/06/17","","","10.1093/cercor/bhi124"
"15889401","Lag-sensitive repetition suppression effects in the anterior parahippocampal gyrus","Brozinsky CJ, Yonelinas AP, Kroll NE, Ranganath C.","Hippocampus. 2005;15(5):557-61. doi: 10.1002/hipo.20087.","Brozinsky CJ","Hippocampus","2005","2005/05/13","","","10.1002/hipo.20087"
"15858056","Using functional magnetic resonance imaging to assess adaptation and size invariance of shape processing by humans and monkeys","Sawamura H, Georgieva S, Vogels R, Vanduffel W, Orban GA.","J Neurosci. 2005 Apr 27;25(17):4294-306. doi: 10.1523/JNEUROSCI.0377-05.2005.","Sawamura H","J Neurosci","2005","2005/04/29","PMC6725102","","10.1523/JNEUROSCI.0377-05.2005"
"15814151","Methods for functional magnetic resonance imaging in normal and lesioned behaving monkeys","Pinsk MA, Moore T, Richter MC, Gross CG, Kastner S.","J Neurosci Methods. 2005 Apr 30;143(2):179-95. doi: 10.1016/j.jneumeth.2004.10.003. Epub 2004 Dec 8.","Pinsk MA","J Neurosci Methods","2005","2005/04/09","","","10.1016/j.jneumeth.2004.10.003"
"15707785","Anatomical and functional MR imaging in the macaque monkey using a vertical large-bore 7 Tesla setup","Pfeuffer J, Merkle H, Beyerlein M, Steudel T, Logothetis NK.","Magn Reson Imaging. 2004 Dec;22(10):1343-59. doi: 10.1016/j.mri.2004.10.004.","Pfeuffer J","Magn Reson Imaging","2004","2005/02/15","","","10.1016/j.mri.2004.10.004"
"15483614","A general mechanism for perceptual decision-making in the human brain","Heekeren HR, Marrett S, Bandettini PA, Ungerleider LG.","Nature. 2004 Oct 14;431(7010):859-62. doi: 10.1038/nature02966.","Heekeren HR","Nature","2004","2004/10/16","","","10.1038/nature02966"
"15461678","fMRI of generalized absence status epilepticus in conscious marmoset monkeys reveals corticothalamic activation","Tenney JR, Marshall PC, King JA, Ferris CF.","Epilepsia. 2004 Oct;45(10):1240-7. doi: 10.1111/j.0013-9580.2004.21504.x.","Tenney JR","Epilepsia","2004","2004/10/06","","","10.1111/j.0013-9580.2004.21504.x"
"15242691","Comparative mapping of higher visual areas in monkeys and humans","Orban GA, Van Essen D, Vanduffel W.","Trends Cogn Sci. 2004 Jul;8(7):315-24. doi: 10.1016/j.tics.2004.05.009.","Orban GA","Trends Cogn Sci","2004","2004/07/10","","","10.1016/j.tics.2004.05.009"
"15217895","Somatotopic representation of nociceptive information in the putamen: an event-related fMRI study","Bingel U, Gläscher J, Weiller C, Büchel C.","Cereb Cortex. 2004 Dec;14(12):1340-5. doi: 10.1093/cercor/bhh094. Epub 2004 Jun 24.","Bingel U","Cereb Cortex","2004","2004/06/26","","","10.1093/cercor/bhh094"
"15142955","Parieto-premotor areas mediate directional interference during bimanual movements","Wenderoth N, Debaere F, Sunaert S, van Hecke P, Swinnen SP.","Cereb Cortex. 2004 Oct;14(10):1153-63. doi: 10.1093/cercor/bhh075. Epub 2004 May 13.","Wenderoth N","Cereb Cortex","2004","2004/05/15","","","10.1093/cercor/bhh075"
"15130734","Functional magnetic resonance imaging of macaque monkeys","Nakahara K.","Methods Enzymol. 2004;385:84-90. doi: 10.1016/S0076-6879(04)85005-5.","Nakahara K","Methods Enzymol","2004","2004/05/08","","","10.1016/S0076-6879(04)85005-5"
"15078568","Visual presentation of novel objects and new spatial arrangements of objects differentially activates the medial temporal lobe subareas in humans","Pihlajamäki M, Tanila H, Könönen M, Hänninen T, Hämäläinen A, Soininen H, Aronen HJ.","Eur J Neurosci. 2004 Apr;19(7):1939-49. doi: 10.1111/j.1460-9568.2004.03282.x.","Pihlajamäki M","Eur J Neurosci","2004","2004/04/14","","","10.1111/j.1460-9568.2004.03282.x"
"15054063","Neural dynamics and the fundamental mechanisms of event-related brain potentials","Shah AS, Bressler SL, Knuth KH, Ding M, Mehta AD, Ulbert I, Schroeder CE.","Cereb Cortex. 2004 May;14(5):476-83. doi: 10.1093/cercor/bhh009. Epub 2004 Mar 28.","Shah AS","Cereb Cortex","2004","2004/04/01","","","10.1093/cercor/bhh009"
"15046080","Representation of stereoscopic structure in human and monkey cortex","Tyler CW.","Trends Neurosci. 2004 Mar;27(3):116-8; discussion 118-20. doi: 10.1016/j.tins.2003.12.009.","Tyler CW","Trends Neurosci","2004","2004/03/30","","","10.1016/j.tins.2003.12.009"
"15036630","A rapid presentation event-related functional magnetic resonance imaging study of response inhibition in macaque monkeys","Morita M, Nakahara K, Hayashi T.","Neurosci Lett. 2004 Feb 19;356(3):203-6. doi: 10.1016/j.neulet.2003.11.066.","Morita M","Neurosci Lett","2004","2004/03/24","","","10.1016/j.neulet.2003.11.066"
"15014131","The processing of visual shape in the cerebral cortex of human and nonhuman primates: a functional magnetic resonance imaging study","Denys K, Vanduffel W, Fize D, Nelissen K, Peuskens H, Van Essen D, Orban GA.","J Neurosci. 2004 Mar 10;24(10):2551-65. doi: 10.1523/JNEUROSCI.3569-03.2004.","Denys K","J Neurosci","2004","2004/03/12","PMC6729498","","10.1523/JNEUROSCI.3569-03.2004"
"15003178","Functional magnetic resonance imaging of macaque monkeys performing visually guided saccade tasks: comparison of cortical eye fields with humans","Koyama M, Hasegawa I, Osada T, Adachi Y, Nakahara K, Miyashita Y.","Neuron. 2004 Mar 4;41(5):795-807. doi: 10.1016/s0896-6273(04)00047-9.","Koyama M","Neuron","2004","2004/03/09","","","10.1016/s0896-6273(04)00047-9"
"14650848","Neuroimaging studies of attention and the processing of emotion-laden stimuli","Pessoa L, Ungerleider LG.","Prog Brain Res. 2004;144:171-82. doi: 10.1016/S0079-6123(03)14412-3.","Pessoa L","Prog Brain Res","2004","2003/12/04","","","10.1016/S0079-6123(03)14412-3"
"14527539","Similarities and differences in motion processing between the human and macaque brain: evidence from fMRI","Orban GA, Fize D, Peuskens H, Denys K, Nelissen K, Sunaert S, Todd J, Vanduffel W.","Neuropsychologia. 2003;41(13):1757-68. doi: 10.1016/s0028-3932(03)00177-5.","Orban GA","Neuropsychologia","2003","2003/10/07","","","10.1016/s0028-3932(03)00177-5"
"12925854","Faces and objects in macaque cerebral cortex","Tsao DY, Freiwald WA, Knutsen TA, Mandeville JB, Tootell RB.","Nat Neurosci. 2003 Sep;6(9):989-95. doi: 10.1038/nn1111.","Tsao DY","Nat Neurosci","2003","2003/08/20","PMC8117179","HHMIMS1699376","10.1038/nn1111"
"12917375","The retinotopic organization of primate dorsal V4 and surrounding areas: A functional magnetic resonance imaging study in awake monkeys","Fize D, Vanduffel W, Nelissen K, Denys K, Chef d'Hotel C, Faugeras O, Orban GA.","J Neurosci. 2003 Aug 13;23(19):7395-406. doi: 10.1523/JNEUROSCI.23-19-07395.2003.","Fize D","J Neurosci","2003","2003/08/15","PMC6740456","","10.1523/JNEUROSCI.23-19-07395.2003"
"12880814","The human temporal lobe integrates facial form and motion: evidence from fMRI and ERP studies","Puce A, Syngeniotis A, Thompson JC, Abbott DF, Wheaton KJ, Castiello U.","Neuroimage. 2003 Jul;19(3):861-9. doi: 10.1016/s1053-8119(03)00189-7.","Puce A","Neuroimage","2003","2003/07/26","","","10.1016/s1053-8119(03)00189-7"
"12527103","Premotor cortex in observing erroneous action: an fMRI study","Manthey S, Schubotz RI, von Cramon DY.","Brain Res Cogn Brain Res. 2003 Feb;15(3):296-307. doi: 10.1016/s0926-6410(02)00201-x.","Manthey S","Brain Res Cogn Brain Res","2003","2003/01/16","","","10.1016/s0926-6410(02)00201-x"
"12414278","Human vestibular cortex as identified with caloric stimulation in functional magnetic resonance imaging","Fasold O, von Brevern M, Kuhberg M, Ploner CJ, Villringer A, Lempert T, Wenzel R.","Neuroimage. 2002 Nov;17(3):1384-93. doi: 10.1006/nimg.2002.1241.","Fasold O","Neuroimage","2002","2002/11/05","","","10.1006/nimg.2002.1241"
"12379600","Separable neuronal circuitries for manipulable and non-manipulable objects in working memory","Mecklinger A, Gruenewald C, Besson M, Magnié MN, Von Cramon DY.","Cereb Cortex. 2002 Nov;12(11):1115-23. doi: 10.1093/cercor/12.11.1115.","Mecklinger A","Cereb Cortex","2002","2002/10/16","","","10.1093/cercor/12.11.1115"
"12376701","Extracting 3D from motion: differences in human and monkey intraparietal cortex","Vanduffel W, Fize D, Peuskens H, Denys K, Sunaert S, Todd JT, Orban GA.","Science. 2002 Oct 11;298(5592):413-5. doi: 10.1126/science.1073574.","Vanduffel W","Science","2002","2002/10/12","","","10.1126/science.1073574"
"12373436","Functional imaging and neurochemical correlates of stimulant self-administration in primates","Howell LL, Wilcox KM.","Psychopharmacology (Berl). 2002 Oct;163(3-4):352-61. doi: 10.1007/s00213-002-1207-y. Epub 2002 Aug 29.","Howell LL","Psychopharmacology (Berl)","2002","2002/10/10","","","10.1007/s00213-002-1207-y"
"12364527","Spatial attention and memory versus motor preparation: premotor cortex involvement as revealed by fMRI","Simon SR, Meunier M, Piettre L, Berardi AM, Segebarth CM, Boussaoud D.","J Neurophysiol. 2002 Oct;88(4):2047-57. doi: 10.1152/jn.2002.88.4.2047.","Simon SR","J Neurophysiol","2002","2002/10/05","","","10.1152/jn.2002.88.4.2047"
"12232684","Visuomotor control within a distributed parieto-frontal network","Hamzei F, Dettmers C, Rijntjes M, Glauche V, Kiebel S, Weber B, Weiller C.","Exp Brain Res. 2002 Oct;146(3):273-81. doi: 10.1007/s00221-002-1139-0. Epub 2002 Aug 17.","Hamzei F","Exp Brain Res","2002","2002/09/17","","","10.1007/s00221-002-1139-0"
"12203772","In vivo animal functional MRI: improved image quality with a body-adapted mold","Landuyt W, Sunaert S, Farina D, Meijerink M, Béatse E, Van Hecke P, Hermans R, Marchal G, Lambin P, Bosmans H.","J Magn Reson Imaging. 2002 Aug;16(2):224-7. doi: 10.1002/jmri.10144.","Landuyt W","J Magn Reson Imaging","2002","2002/08/31","","","10.1002/jmri.10144"
"12091578","Auditory-somatosensory multisensory processing in auditory association cortex: an fMRI study","Foxe JJ, Wylie GR, Martinez A, Schroeder CE, Javitt DC, Guilfoyle D, Ritter W, Murray MM.","J Neurophysiol. 2002 Jul;88(1):540-3. doi: 10.1152/jn.2002.88.1.540.","Foxe JJ","J Neurophysiol","2002","2002/07/02","","","10.1152/jn.2002.88.1.540"
"12015232","Neural mechanisms of object recognition","Riesenhuber M, Poggio T.","Curr Opin Neurobiol. 2002 Apr;12(2):162-8. doi: 10.1016/s0959-4388(02)00304-5.","Riesenhuber M","Curr Opin Neurobiol","2002","2002/05/17","","","10.1016/s0959-4388(02)00304-5"
"11968837","[Brain regions activated during the mandibular movement tasks in functional magnetic resonance imaging]","Ishikawa T.","Kokubyo Gakkai Zasshi. 2002 Mar;69(1):39-48. doi: 10.5357/koubyou.69.39.","Ishikawa T","Kokubyo Gakkai Zasshi","2002","2002/04/24","","","10.5357/koubyou.69.39"
"11897168","Mental navigation in humans is processed in the anterior bank of the parieto-occipital sulcus","Ino T, Inoue Y, Kage M, Hirose S, Kimura T, Fukuyama H.","Neurosci Lett. 2002 Apr 12;322(3):182-6. doi: 10.1016/s0304-3940(02)00019-8.","Ino T","Neurosci Lett","2002","2002/03/19","","","10.1016/s0304-3940(02)00019-8"
"11889514","Visual processing in the ketamine-anesthetized monkey. Optokinetic and blood oxygenation level-dependent responses","Leopold DA, Plettenberg HK, Logothetis NK.","Exp Brain Res. 2002 Apr;143(3):359-72. doi: 10.1007/s00221-001-0998-0. Epub 2002 Jan 31.","Leopold DA","Exp Brain Res","2002","2002/03/13","","","10.1007/s00221-001-0998-0"
"11884349","Large-scale neural model for visual attention: integration of experimental single-cell and fMRI data","Corchs S, Deco G.","Cereb Cortex. 2002 Apr;12(4):339-48. doi: 10.1093/cercor/12.4.339.","Corchs S","Cereb Cortex","2002","2002/03/09","","","10.1093/cercor/12.4.339"
"11859197","Functional MRI of macaque monkeys performing a cognitive set-shifting task","Nakahara K, Hayashi T, Konishi S, Miyashita Y.","Science. 2002 Feb 22;295(5559):1532-6. doi: 10.1126/science.1067653.","Nakahara K","Science","2002","2002/02/23","","","10.1126/science.1067653"
"11810147","Vestibular projections in the human cortex","de Waele C, Baudonnière PM, Lepecq JC, Tran Ba Huy P, Vidal PP.","Exp Brain Res. 2001 Dec;141(4):541-51. doi: 10.1007/s00221-001-0894-7. Epub 2001 Oct 31.","de Waele C","Exp Brain Res","2001","2002/01/26","","","10.1007/s00221-001-0894-7"
"11739259","Pursuit and saccadic eye movement subregions in human frontal eye field: a high-resolution fMRI investigation","Rosano C, Krisky CM, Welling JS, Eddy WF, Luna B, Thulborn KR, Sweeney JA.","Cereb Cortex. 2002 Feb;12(2):107-15. doi: 10.1093/cercor/12.2.107.","Rosano C","Cereb Cortex","2002","2001/12/12","","","10.1093/cercor/12.2.107"
"11709489","Estimating receptive field size from fMRI data in human striate and extrastriate visual cortex","Smith AT, Singh KD, Williams AL, Greenlee MW.","Cereb Cortex. 2001 Dec;11(12):1182-90. doi: 10.1093/cercor/11.12.1182.","Smith AT","Cereb Cortex","2001","2001/11/16","","","10.1093/cercor/11.12.1182"
"11600656","Distinguishing subregions of the human MT+ complex using visual fields and pursuit eye movements","Dukelow SP, DeSouza JF, Culham JC, van den Berg AV, Menon RS, Vilis T.","J Neurophysiol. 2001 Oct;86(4):1991-2000. doi: 10.1152/jn.2001.86.4.1991.","Dukelow SP","J Neurophysiol","2001","2001/10/16","","","10.1152/jn.2001.86.4.1991"
"11556898","Spatial coding of visual and somatic sensory information in body-centred coordinates","Galati G, Committeri G, Sanes JN, Pizzamiglio L.","Eur J Neurosci. 2001 Aug;14(4):737-46. doi: 10.1046/j.0953-816x.2001.01674.x.","Galati G","Eur J Neurosci","2001","2001/09/15","","","10.1046/j.0953-816x.2001.01674.x"
"11535686","Modulation of sensory suppression: implications for receptive field sizes in the human visual cortex","Kastner S, De Weerd P, Pinsk MA, Elizondo MI, Desimone R, Ungerleider LG.","J Neurophysiol. 2001 Sep;86(3):1398-411. doi: 10.1152/jn.2001.86.3.1398.","Kastner S","J Neurophysiol","2001","2001/09/06","","","10.1152/jn.2001.86.3.1398"
"11516645","Nonmonotonic noise tuning of BOLD fMRI signal to natural images in the visual cortex of the anesthetized monkey","Rainer G, Augath M, Trinath T, Logothetis NK.","Curr Biol. 2001 Jun 5;11(11):846-54. doi: 10.1016/s0960-9822(01)00242-1.","Rainer G","Curr Biol","2001","2001/08/23","","","10.1016/s0960-9822(01)00242-1"
"11449264","Neurophysiological investigation of the basis of the fMRI signal","Logothetis NK, Pauls J, Augath M, Trinath T, Oeltermann A.","Nature. 2001 Jul 12;412(6843):150-7. doi: 10.1038/35084005.","Logothetis NK","Nature","2001","2001/07/13","","","10.1038/35084005"
"11389943","Direct comparison of visual cortex activation in human and non-human primates using functional magnetic resonance imaging","Dubowitz DJ, Chen DY, Atkinson DJ, Scadeng M, Martinez A, Andersen MB, Andersen RA, Bradley WG Jr.","J Neurosci Methods. 2001 May 30;107(1-2):71-80. doi: 10.1016/s0165-0270(01)00353-3.","Dubowitz DJ","J Neurosci Methods","2001","2001/06/08","","","10.1016/s0165-0270(01)00353-3"
"11388141","Can neuroimaging really tell us what the human brain is doing? The relevance of indirect measures of population activity","op de Beeck H, Wagemans J, Vogels R.","Acta Psychol (Amst). 2001 Apr;107(1-3):323-51. doi: 10.1016/s0001-6918(01)00027-0.","op de Beeck H","Acta Psychol (Amst)","2001","2001/06/05","","","10.1016/s0001-6918(01)00027-0"
"11353038","Evidence for interhemispheric processing of inputs from the hands in human S2 and PV","Disbrow E, Roberts T, Poeppel D, Krubitzer L.","J Neurophysiol. 2001 May;85(5):2236-44. doi: 10.1152/jn.2001.85.5.2236.","Disbrow E","J Neurophysiol","2001","2001/05/16","","","10.1152/jn.2001.85.5.2236"
"11050133","Long-term optical imaging and spectroscopy reveal mechanisms underlying the intrinsic signal and stability of cortical maps in V1 of behaving monkeys","Shtoyerman E, Arieli A, Slovin H, Vanzetta I, Grinvald A.","J Neurosci. 2000 Nov 1;20(21):8111-21. doi: 10.1523/JNEUROSCI.20-21-08111.2000.","Shtoyerman E","J Neurosci","2000","2000/10/26","PMC6772749","","10.1523/JNEUROSCI.20-21-08111.2000"
"10933215","Specialisation within the prefrontal cortex: the ventral prefrontal cortex and associative learning","Passingham RE, Toni I, Rushworth MF.","Exp Brain Res. 2000 Jul;133(1):103-13. doi: 10.1007/s002210000405.","Passingham RE","Exp Brain Res","2000","2000/08/10","","","10.1007/s002210000405"
"10908044","Saccadic suppression induces focal hypooxygenation in the occipital cortex","Wenzel R, Wobst P, Heekeren HH, Kwong KK, Brandt SA, Kohl M, Obrig H, Dirnagl U, Villringer A.","J Cereb Blood Flow Metab. 2000 Jul;20(7):1103-10. doi: 10.1097/00004647-200007000-00010.","Wenzel R","J Cereb Blood Flow Metab","2000","2000/07/25","","","10.1097/00004647-200007000-00010"
"10862705","A direct quantitative relationship between the functional properties of human and macaque V5","Rees G, Friston K, Koch C.","Nat Neurosci. 2000 Jul;3(7):716-23. doi: 10.1038/76673.","Rees G","Nat Neurosci","2000","2000/06/22","","","10.1038/76673"
"10678755","Functional MRI of apomorphine activation of the basal ganglia in awake rhesus monkeys","Zhang Z, Andersen AH, Avison MJ, Gerhardt GA, Gash DM.","Brain Res. 2000 Jan 10;852(2):290-6. doi: 10.1016/s0006-8993(99)02243-x.","Zhang Z","Brain Res","2000","2000/03/11","","","10.1016/s0006-8993(99)02243-x"
"10651872","The architecture of the colour centre in the human visual brain: new results and a review","Bartels A, Zeki S.","Eur J Neurosci. 2000 Jan;12(1):172-93. doi: 10.1046/j.1460-9568.2000.00905.x.","Bartels A","Eur J Neurosci","2000","2000/01/29","","","10.1046/j.1460-9568.2000.00905.x"
"10626845","Human taste cortical areas studied with functional magnetic resonance imaging: evidence of functional lateralization related to handedness","Faurion A, Cerf B, Van De Moortele PF, Lobel E, Mac Leod P, Le Bihan D.","Neurosci Lett. 1999 Dec 31;277(3):189-92. doi: 10.1016/s0304-3940(99)00881-2.","Faurion A","Neurosci Lett","1999","2000/01/08","","","10.1016/s0304-3940(99)00881-2"
"10594672","Short communication: mapping of somatosensory cortices with functional magnetic resonance imaging in anaesthetized macaque monkeys","Hayashi T, Konishi S, Hasegawa I, Miyashita Y.","Eur J Neurosci. 1999 Dec;11(12):4451-6. doi: 10.1046/j.1460-9568.1999.00892.x.","Hayashi T","Eur J Neurosci","1999","1999/12/14","","","10.1046/j.1460-9568.1999.00892.x"
"10448221","Functional imaging of the monkey brain","Logothetis NK, Guggenberger H, Peled S, Pauls J.","Nat Neurosci. 1999 Jun;2(6):555-62. doi: 10.1038/9210.","Logothetis NK","Nat Neurosci","1999","1999/08/17","","","10.1038/9210"
"10022494","Signal-, set- and movement-related activity in the human brain: an event-related fMRI study","Toni I, Schluter ND, Josephs O, Friston K, Passingham RE.","Cereb Cortex. 1999 Jan-Feb;9(1):35-49. doi: 10.1093/cercor/9.1.35.","Toni I","Cereb Cortex","1999","1999/02/18","","","10.1093/cercor/9.1.35"
"9929653","Functional lateralization of human gustatory cortex related to handedness disclosed by fMRI study","Cerf B, Lebihan D, Van de Moortele PF, Mac Leod P, Faurion A.","Ann N Y Acad Sci. 1998 Nov 30;855:575-8. doi: 10.1111/j.1749-6632.1998.tb10627.x.","Cerf B","Ann N Y Acad Sci","1998","1999/02/04","","","10.1111/j.1749-6632.1998.tb10627.x"
"9882088","Location of human face-selective cortex with respect to retinotopic areas","Halgren E, Dale AM, Sereno MI, Tootell RB, Marinkovic K, Rosen BR.","Hum Brain Mapp. 1999;7(1):29-37. doi: 10.1002/(SICI)1097-0193(1999)7:1&#x0003c;29::AID-HBM3&#x0003e;3.0.CO;2-R.","Halgren E","Hum Brain Mapp","1999","1999/01/09","PMC6873292","","10.1002/(SICI)1097-0193(1999)7:1&#x0003c;29::AID-HBM3&#x0003e;3.0.CO;2-R"
"9712663","Functional magnetic resonance imaging of early visual pathways in dyslexia","Demb JB, Boynton GM, Heeger DJ.","J Neurosci. 1998 Sep 1;18(17):6939-51. doi: 10.1523/JNEUROSCI.18-17-06939.1998.","Demb JB","J Neurosci","1998","1998/08/26","PMC6792964","","10.1523/JNEUROSCI.18-17-06939.1998"
"9655492","fMRI of monkey visual cortex","Stefanacci L, Reber P, Costanza J, Wong E, Buxton R, Zola S, Squire L, Albright T.","Neuron. 1998 Jun;20(6):1051-7. doi: 10.1016/s0896-6273(00)80485-7.","Stefanacci L","Neuron","1998","1998/07/09","","","10.1016/s0896-6273(00)80485-7"
"9651128","Integrating electrophysiological and anatomical experimental data to create a large-scale model that simulates a delayed match-to-sample human brain imaging study","Tagamets MA, Horwitz B.","Cereb Cortex. 1998 Jun;8(4):310-20. doi: 10.1093/cercor/8.4.310.","Tagamets MA","Cereb Cortex","1998","1998/07/03","","","10.1093/cercor/8.4.310"
"9478894","An area specialized for spatial working memory in human frontal cortex","Courtney SM, Petit L, Maisog JM, Ungerleider LG, Haxby JV.","Science. 1998 Feb 27;279(5355):1347-51. doi: 10.1126/science.279.5355.1347.","Courtney SM","Science","1998","1998/03/21","","","10.1126/science.279.5355.1347"
"9256495","Pattern of neuronal activity associated with conscious and unconscious processing of visual signals","Sahraie A, Weiskrantz L, Barbur JL, Simmons A, Williams SC, Brammer MJ.","Proc Natl Acad Sci U S A. 1997 Aug 19;94(17):9406-11. doi: 10.1073/pnas.94.17.9406.","Sahraie A","Proc Natl Acad Sci U S A","1997","1997/08/19","PMC23203","","10.1073/pnas.94.17.9406"
"21223865","The cerebral representation of space: insights from functional imaging data","Maguire EA.","Trends Cogn Sci. 1997 May;1(2):62-8. doi: 10.1016/S1364-6613(97)01011-5.","Maguire EA","Trends Cogn Sci","1997","2011/01/13","","","10.1016/S1364-6613(97)01011-5"
"9442842","Processing of complex sounds in the auditory cortex of cat, monkey, and man","Rauschecker JP.","Acta Otolaryngol Suppl. 1997;532:34-8. doi: 10.3109/00016489709126142.","Rauschecker JP","Acta Otolaryngol Suppl","1997","1997/01/01","","","10.3109/00016489709126142"
"8637882","Mapping striate and extrastriate visual areas in human cerebral cortex","DeYoe EA, Carman GJ, Bandettini P, Glickman S, Wieser J, Cox R, Miller D, Neitz J.","Proc Natl Acad Sci U S A. 1996 Mar 19;93(6):2382-6. doi: 10.1073/pnas.93.6.2382.","DeYoe EA","Proc Natl Acad Sci U S A","1996","1996/03/19","PMC39805","","10.1073/pnas.93.6.2382"
"7754376","Borders of multiple visual areas in humans revealed by functional magnetic resonance imaging","Sereno MI, Dale AM, Reppas JB, Kwong KK, Belliveau JW, Brady TJ, Rosen BR, Tootell RB.","Science. 1995 May 12;268(5212):889-93. doi: 10.1126/science.7754376.","Sereno MI","Science","1995","1995/05/12","","","10.1126/science.7754376"
