﻿PMID,Title,Authors,Citation,First Author,Journal/Book,Publication Year,Create Date,PMCID,NIHMS ID,DOI
"34293407","A pilot behavioural and neuroimaging investigation on photothrombotic stroke models in rhesus monkeys","Zhang Z, Wang S, Du L, Xu L, Lin Y, Liu K, Zou Y, Bin Li, Ye Q, Mao Y, Chen W, Zhou G, Sun H, Huang H, Li R, Li G, Li L, Wang Q, Long Q, Huang H, Geng X, Liu Y, Liu C, Li B, Zhou Z, Li J, Wang J.","J Neurosci Methods. 2021 Jul 20;362:109291. doi: 10.1016/j.jneumeth.2021.109291. Online ahead of print.","Zhang Z","J Neurosci Methods","2021","2021/07/22","","","10.1016/j.jneumeth.2021.109291"
"34273134","Structure, function and connectivity fingerprints of the frontal eye field versus the inferior frontal junction: A comprehensive comparison","Bedini M, Baldauf D.","Eur J Neurosci. 2021 Jul 17. doi: 10.1111/ejn.15393. Online ahead of print.","Bedini M","Eur J Neurosci","2021","2021/07/17","","","10.1111/ejn.15393"
"34222873","The role of the medial prefrontal cortex in cognition, ageing and dementia","Jobson DD, Hase Y, Clarkson AN, Kalaria RN.","Brain Commun. 2021 Jun 11;3(3):fcab125. doi: 10.1093/braincomms/fcab125. eCollection 2021 Jul.","Jobson DD","Brain Commun","2021","2021/07/05","PMC8249104","","10.1093/braincomms/fcab125"
"34166774","The One-Stop Gyrification Station - Challenges and New Technologies","Hickmott RA, Bosakhar A, Quezada S, Barresi M, Walker DW, Ryan AL, Quigley A, Tolcos M.","Prog Neurobiol. 2021 Jun 21:102111. doi: 10.1016/j.pneurobio.2021.102111. Online ahead of print.","Hickmott RA","Prog Neurobiol","2021","2021/06/24","","","10.1016/j.pneurobio.2021.102111"
"33923703","Structural Changes on MRI Demonstrate Specific Cerebellar Involvement in SLE Patients-A VBM Study","Mårtensson J, Rumetshofer T, Nystedt J, Lätt J, Nilsson P, Bengtsson A, Jönsen A, Sundgren PC.","Brain Sci. 2021 Apr 16;11(4):510. doi: 10.3390/brainsci11040510.","Mårtensson J","Brain Sci","2021","2021/04/30","PMC8072619","","10.3390/brainsci11040510"
"33899252","Does sodium oxybate inhibit brain dopamine release in humans? An exploratory neuroimaging study","Kish SJ, O'Leary G, Mamelak M, McCluskey T, Warsh JJ, Shapiro C, Bies R, Yu Y, Pollock B, Tong J, Boileau I.","Hum Psychopharmacol. 2021 Apr 26:e2791. doi: 10.1002/hup.2791. Online ahead of print.","Kish SJ","Hum Psychopharmacol","2021","2021/04/26","","","10.1002/hup.2791"
"33882349","Minimal specifications for non-human primate MRI: Challenges in standardizing and harmonizing data collection","Autio JA, Zhu Q, Li X, Glasser MF, Schwiedrzik CM, Fair DA, Zimmermann J, Yacoub E, Menon RS, Van Essen DC, Hayashi T, Russ B, Vanduffel W.","Neuroimage. 2021 Aug 1;236:118082. doi: 10.1016/j.neuroimage.2021.118082. Epub 2021 Apr 18.","Autio JA","Neuroimage","2021","2021/04/21","","","10.1016/j.neuroimage.2021.118082"
"33880672","Effect of ethanol and cocaine on [(11)C]MPC-6827 uptake in SH-SY5Y cells","Damuka N, Orr M, Czoty PW, Weiner JL, Martin TJ, Nader MA, Bansode AH, Liyana Pathirannahel BS, Mintz A, Macauley SL, Craft S, Solingapuram Sai KK.","Mol Biol Rep. 2021 Apr;48(4):3871-3876. doi: 10.1007/s11033-021-06336-7. Epub 2021 Apr 20.","Damuka N","Mol Biol Rep","2021","2021/04/21","PMC8172511","","10.1007/s11033-021-06336-7"
"33812229","The cingulate oculomotor cortex","Ruehl RM, Ophey L, Ertl M, Zu Eulenburg P.","Cortex. 2021 May;138:341-355. doi: 10.1016/j.cortex.2021.02.017. Epub 2021 Mar 4.","Ruehl RM","Cortex","2021","2021/04/03","","","10.1016/j.cortex.2021.02.017"
"33794355","Combining brain perturbation and neuroimaging in non-human primates","Klink PC, Aubry JF, Ferrera VP, Fox AS, Froudist-Walsh S, Jarraya B, Konofagou EE, Krauzlis RJ, Messinger A, Mitchell AS, Ortiz-Rios M, Oya H, Roberts AC, Roe AW, Rushworth MFS, Sallet J, Schmid MC, Schroeder CE, Tasserie J, Tsao DY, Uhrig L, Vanduffel W, Wilke M, Kagan I, Petkov CI.","Neuroimage. 2021 Jul 15;235:118017. doi: 10.1016/j.neuroimage.2021.118017. Epub 2021 Mar 29.","Klink PC","Neuroimage","2021","2021/04/01","","","10.1016/j.neuroimage.2021.118017"
"33789137","U-net model for brain extraction: Trained on humans for transfer to non-human primates","Wang X, Li XH, Cho JW, Russ BE, Rajamani N, Omelchenko A, Ai L, Korchmaros A, Sawiak S, Benn RA, Garcia-Saldivar P, Wang Z, Kalin NH, Schroeder CE, Craddock RC, Fox AS, Evans AC, Messinger A, Milham MP, Xu T.","Neuroimage. 2021 Jul 15;235:118001. doi: 10.1016/j.neuroimage.2021.118001. Epub 2021 Mar 28.","Wang X","Neuroimage","2021","2021/03/31","","","10.1016/j.neuroimage.2021.118001"
"33756104","Single-trial decoding of movement intentions using functional ultrasound neuroimaging","Norman SL, Maresca D, Christopoulos VN, Griggs WS, Demene C, Tanter M, Shapiro MG, Andersen RA.","Neuron. 2021 May 5;109(9):1554-1566.e4. doi: 10.1016/j.neuron.2021.03.003. Epub 2021 Mar 22.","Norman SL","Neuron","2021","2021/03/23","PMC8105283","NIHMS1683074","10.1016/j.neuron.2021.03.003"
"33549320","General anaesthesia during infancy reduces white matter micro-organisation in developing rhesus monkeys","Young JT, Vlasova RM, Howell BR, Knickmeyer RC, Morin E, Kuitchoua KI, Lubach GR, Noel J, Hu X, Shi Y, Caudill G, Alexander AL, Niethammer M, Paule MG, Coe CL, Sanchez M, Styner M.","Br J Anaesth. 2021 Apr;126(4):845-853. doi: 10.1016/j.bja.2020.12.029. Epub 2021 Feb 3.","Young JT","Br J Anaesth","2021","2021/02/07","PMC8132881","","10.1016/j.bja.2020.12.029"
"33453211","Translational value of non-human primates in opioid research","Ding H, Ko MC.","Exp Neurol. 2021 Apr;338:113602. doi: 10.1016/j.expneurol.2021.113602. Epub 2021 Jan 14.","Ding H","Exp Neurol","2021","2021/01/16","PMC7904625","NIHMS1662835","10.1016/j.expneurol.2021.113602"
"33359353","Using non-invasive neuroimaging to enhance the care, well-being and experimental outcomes of laboratory non-human primates (monkeys)","Basso MA, Frey S, Guerriero KA, Jarraya B, Kastner S, Koyano KW, Leopold DA, Murphy K, Poirier C, Pope W, Silva AC, Tansey G, Uhrig L.","Neuroimage. 2021 Mar;228:117667. doi: 10.1016/j.neuroimage.2020.117667. Epub 2020 Dec 24.","Basso MA","Neuroimage","2021","2020/12/28","PMC8005297","NIHMS1677100","10.1016/j.neuroimage.2020.117667"
"33359348","PREEMACS: Pipeline for preprocessing and extraction of the macaque brain surface","Garcia-Saldivar P, Garimella A, Garza-Villarreal EA, Mendez FA, Concha L, Merchant H.","Neuroimage. 2021 Feb 15;227:117671. doi: 10.1016/j.neuroimage.2020.117671. Epub 2020 Dec 24.","Garcia-Saldivar P","Neuroimage","2021","2020/12/28","","","10.1016/j.neuroimage.2020.117671"
"33357289","Neuroimaging with Radiopharmaceuticals Targeting the Glutamatergic System","Mu L, Krämer SD, Ahmed H, Gruber S, Geistlich S, Schibli R, Ametamey SM.","Chimia (Aarau). 2020 Dec 23;74(12):960-967. doi: 10.2533/chimia.2020.960.","Mu L","Chimia (Aarau)","2020","2020/12/28","","","10.2533/chimia.2020.960"
"33338616","DIKA-Nets: Domain-invariant knowledge-guided attention networks for brain skull stripping of early developing macaques","Zhong T, Zhao F, Pei Y, Ning Z, Liao L, Wu Z, Niu Y, Wang L, Shen D, Zhang Y, Li G.","Neuroimage. 2021 Feb 15;227:117649. doi: 10.1016/j.neuroimage.2020.117649. Epub 2020 Dec 15.","Zhong T","Neuroimage","2021","2020/12/18","","","10.1016/j.neuroimage.2020.117649"
"33227425","A collaborative resource platform for non-human primate neuroimaging","Messinger A, Sirmpilatze N, Heuer K, Loh KK, Mars RB, Sein J, Xu T, Glen D, Jung B, Seidlitz J, Taylor P, Toro R, Garza-Villarreal EA, Sponheim C, Wang X, Benn RA, Cagna B, Dadarwal R, Evrard HC, Garcia-Saldivar P, Giavasis S, Hartig R, Lepage C, Liu C, Majka P, Merchant H, Milham MP, Rosa MGP, Tasserie J, Uhrig L, Margulies DS, Klink PC.","Neuroimage. 2021 Feb 1;226:117519. doi: 10.1016/j.neuroimage.2020.117519. Epub 2020 Nov 20.","Messinger A","Neuroimage","2021","2020/11/23","","","10.1016/j.neuroimage.2020.117519"
"33130051","Protective cranial implant caps for macaques","Perry BAL, Mason S, Nacef J, Waddle A, Hynes B, Bergmann C, Schmid MC, Petkov CI, Thiele A, Mitchell AS.","J Neurosci Methods. 2021 Jan 15;348:108992. doi: 10.1016/j.jneumeth.2020.108992. Epub 2020 Oct 29.","Perry BAL","J Neurosci Methods","2021","2020/11/01","PMC7840592","","10.1016/j.jneumeth.2020.108992"
"33108588","Fine-Grained Topography and Modularity of the Macaque Frontal Pole Cortex Revealed by Anatomical Connectivity Profiles","He B, Cao L, Xia X, Zhang B, Zhang D, You B, Fan L, Jiang T.","Neurosci Bull. 2020 Dec;36(12):1454-1473. doi: 10.1007/s12264-020-00589-1. Epub 2020 Oct 27.","He B","Neurosci Bull","2020","2020/10/27","PMC7719154","","10.1007/s12264-020-00589-1"
"33063708","The use of hydrogel-delivered extracellular vesicles in recovery of motor function in stroke: a testable experimental hypothesis for clinical translation including behavioral and neuroimaging assessment approaches","Tsintou M, Dalamagkas K, Moore TL, Rathi Y, Kubicki M, Rosene DL, Makris N.","Neural Regen Res. 2021 Apr;16(4):605-613. doi: 10.4103/1673-5374.295269.","Tsintou M","Neural Regen Res","2021","2020/10/16","PMC8067932","","10.4103/1673-5374.295269"
"33005147","Age-Related Regional Network Covariance of Magnetic Resonance Imaging Gray Matter in the Rat","Alexander GE, Lin L, Yoshimaru ES, Bharadwaj PK, Bergfield KL, Hoang LT, Chawla MK, Chen K, Moeller JR, Barnes CA, Trouard TP.","Front Aging Neurosci. 2020 Aug 26;12:267. doi: 10.3389/fnagi.2020.00267. eCollection 2020.","Alexander GE","Front Aging Neurosci","2020","2020/10/02","PMC7479213","","10.3389/fnagi.2020.00267"
"32512135","The Ventral Part of Dorsolateral Frontal Area 8A Regulates Visual Attentional Selection and the Dorsal Part Auditory Attentional Selection","Germann J, Petrides M.","Neuroscience. 2020 Aug 10;441:209-216. doi: 10.1016/j.neuroscience.2020.05.057. Epub 2020 Jun 6.","Germann J","Neuroscience","2020","2020/06/09","","","10.1016/j.neuroscience.2020.05.057"
"32315710","Examining fMRI time-series entropy as a marker for brain E/I balance with pharmacological neuromodulation in a non-human primate translational model","Maltbie EA, Howell LH, Sun PZ, Miller R, Gopinath KS.","Neurosci Lett. 2020 May 29;728:134984. doi: 10.1016/j.neulet.2020.134984. Epub 2020 Apr 18.","Maltbie EA","Neurosci Lett","2020","2020/04/22","PMC7266677","NIHMS1593985","10.1016/j.neulet.2020.134984"
"32179028","Effect of alcohol use on the adolescent brain and behavior","Lees B, Meredith LR, Kirkland AE, Bryant BE, Squeglia LM.","Pharmacol Biochem Behav. 2020 May;192:172906. doi: 10.1016/j.pbb.2020.172906. Epub 2020 Mar 13.","Lees B","Pharmacol Biochem Behav","2020","2020/03/18","PMC7183385","NIHMS1578284","10.1016/j.pbb.2020.172906"
"32135447","Neurotoxicity effects of anesthetic exposure on the developing brain of non-human primates","Yu W, Wu Z, Zhao P.","Med Hypotheses. 2020 Feb 26;140:109647. doi: 10.1016/j.mehy.2020.109647. Online ahead of print.","Yu W","Med Hypotheses","2020","2020/03/06","","","10.1016/j.mehy.2020.109647"
"32081631","A 16-channel loop array for in vivo macaque whole-brain imaging at 3 T","Quan Z, Gao Y, Qu S, Wang X, Friedman RM, Chernov MM, Kroenke CD, Roe AW, Zhang X.","Magn Reson Imaging. 2020 May;68:167-172. doi: 10.1016/j.mri.2020.02.008. Epub 2020 Feb 17.","Quan Z","Magn Reson Imaging","2020","2020/02/22","PMC7784245","NIHMS1655088","10.1016/j.mri.2020.02.008"
"31857103","In vivo two-photon imaging of neuronal and brain vascular responses in mice chronically exposed to ethanol","O'Herron P, Summers PM, Shih AY, Kara P, Woodward JJ.","Alcohol. 2020 Jun;85:41-47. doi: 10.1016/j.alcohol.2019.12.001. Epub 2019 Dec 17.","O'Herron P","Alcohol","2020","2019/12/21","PMC7237312","NIHMS1569545","10.1016/j.alcohol.2019.12.001"
"31735143","Exploring the cerebral substrate of voice perception in primate brains","Bodin C, Belin P.","Philos Trans R Soc Lond B Biol Sci. 2020 Jan 6;375(1789):20180386. doi: 10.1098/rstb.2018.0386. Epub 2019 Nov 18.","Bodin C","Philos Trans R Soc Lond B Biol Sci","2020","2019/11/19","PMC6895549","","10.1098/rstb.2018.0386"
"31443912","Neural Substrates of Inhibitory Control Maturation in Adolescence","Constantinidis C, Luna B.","Trends Neurosci. 2019 Sep;42(9):604-616. doi: 10.1016/j.tins.2019.07.004. Epub 2019 Aug 20.","Constantinidis C","Trends Neurosci","2019","2019/08/25","PMC6721973","NIHMS1534975","10.1016/j.tins.2019.07.004"
"31184751","Cross-species convergence in pupillary response: understanding human anxiety via non-human primate amygdala lesion","Pagliaccio D, Pine DS, Leibenluft E, Dal Monte O, Averbeck BB, Costa VD.","Soc Cogn Affect Neurosci. 2019 Aug 7;14(6):591-599. doi: 10.1093/scan/nsz041.","Pagliaccio D","Soc Cogn Affect Neurosci","2019","2019/06/12","PMC6688453","","10.1093/scan/nsz041"
"31036814","Anatomical and functional investigation of the marmoset default mode network","Liu C, Yen CC, Szczupak D, Ye FQ, Leopold DA, Silva AC.","Nat Commun. 2019 Apr 29;10(1):1975. doi: 10.1038/s41467-019-09813-7.","Liu C","Nat Commun","2019","2019/05/01","PMC6488610","","10.1038/s41467-019-09813-7"
"30873000","Brain Map of Intrinsic Functional Flexibility in Anesthetized Monkeys and Awake Humans","Yin D, Zhang Z, Wang Z, Zeljic K, Lv Q, Cai D, Wang Y, Wang Z.","Front Neurosci. 2019 Feb 28;13:174. doi: 10.3389/fnins.2019.00174. eCollection 2019.","Yin D","Front Neurosci","2019","2019/03/16","PMC6403192","","10.3389/fnins.2019.00174"
"30610938","Somatostatin Gene and Protein Expression in the Non-human Primate Central Extended Amygdala","Kovner R, Fox AS, French DA, Roseboom PH, Oler JA, Fudge JL, Kalin NH.","Neuroscience. 2019 Feb 21;400:157-168. doi: 10.1016/j.neuroscience.2018.12.035. Epub 2019 Jan 2.","Kovner R","Neuroscience","2019","2019/01/06","PMC6361692","NIHMS1517774","10.1016/j.neuroscience.2018.12.035"
"30269990","An Open Resource for Non-human Primate Imaging","Milham MP, Ai L, Koo B, Xu T, Amiez C, Balezeau F, Baxter MG, Blezer ELA, Brochier T, Chen A, Croxson PL, Damatac CG, Dehaene S, Everling S, Fair DA, Fleysher L, Freiwald W, Froudist-Walsh S, Griffiths TD, Guedj C, Hadj-Bouziane F, Ben Hamed S, Harel N, Hiba B, Jarraya B, Jung B, Kastner S, Klink PC, Kwok SC, Laland KN, Leopold DA, Lindenfors P, Mars RB, Menon RS, Messinger A, Meunier M, Mok K, Morrison JH, Nacef J, Nagy J, Rios MO, Petkov CI, Pinsk M, Poirier C, Procyk E, Rajimehr R, Reader SM, Roelfsema PR, Rudko DA, Rushworth MFS, Russ BE, Sallet J, Schmid MC, Schwiedrzik CM, Seidlitz J, Sein J, Shmuel A, Sullivan EL, Ungerleider L, Thiele A, Todorov OS, Tsao D, Wang Z, Wilson CRE, Yacoub E, Ye FQ, Zarco W, Zhou YD, Margulies DS, Schroeder CE.","Neuron. 2018 Oct 10;100(1):61-74.e2. doi: 10.1016/j.neuron.2018.08.039. Epub 2018 Sep 27.","Milham MP","Neuron","2018","2018/10/02","PMC6231397","","10.1016/j.neuron.2018.08.039"
"30118167","Neuronal correlates of motion-defined shape perception in primate dorsal and ventral streams","Handa T, Mikami A.","Eur J Neurosci. 2018 Nov;48(10):3171-3185. doi: 10.1111/ejn.14121. Epub 2018 Aug 31.","Handa T","Eur J Neurosci","2018","2018/08/18","","","10.1111/ejn.14121"
"30102999","Pathophysiology of levodopa-induced dyskinesia: Insights from multimodal imaging and immunohistochemistry in non-human primates","Beaudoin-Gobert M, Météreau E, Duperrier S, Thobois S, Tremblay L, Sgambato V.","Neuroimage. 2018 Dec;183:132-141. doi: 10.1016/j.neuroimage.2018.08.016. Epub 2018 Aug 10.","Beaudoin-Gobert M","Neuroimage","2018","2018/08/14","","","10.1016/j.neuroimage.2018.08.016"
"28858613","The Aging Navigational System","Lester AW, Moffat SD, Wiener JM, Barnes CA, Wolbers T.","Neuron. 2017 Aug 30;95(5):1019-1035. doi: 10.1016/j.neuron.2017.06.037.","Lester AW","Neuron","2017","2017/09/01","PMC5659315","NIHMS887986","10.1016/j.neuron.2017.06.037"
"28624528","Derivation of an occupational exposure level for manganese in welding fumes","Bailey LA, Kerper LE, Goodman JE.","Neurotoxicology. 2018 Jan;64:166-176. doi: 10.1016/j.neuro.2017.06.009. Epub 2017 Jun 15.","Bailey LA","Neurotoxicology","2018","2017/06/19","","","10.1016/j.neuro.2017.06.009"
"28466257","Cortical Representation of Pain and Touch: Evidence from Combined Functional Neuroimaging and Electrophysiology in Non-human Primates","Chen LM.","Neurosci Bull. 2018 Feb;34(1):165-177. doi: 10.1007/s12264-017-0133-2. Epub 2017 May 2.","Chen LM","Neurosci Bull","2018","2017/05/04","PMC5799120","","10.1007/s12264-017-0133-2"
"28461058","A population MRI brain template and analysis tools for the macaque","Seidlitz J, Sponheim C, Glen D, Ye FQ, Saleem KS, Leopold DA, Ungerleider L, Messinger A.","Neuroimage. 2018 Apr 15;170:121-131. doi: 10.1016/j.neuroimage.2017.04.063. Epub 2017 Apr 28.","Seidlitz J","Neuroimage","2018","2017/05/03","PMC5660669","NIHMS880011","10.1016/j.neuroimage.2017.04.063"
"28443017","Premature Brain Aging in Baboons Resulting from Moderate Fetal Undernutrition","Franke K, Clarke GD, Dahnke R, Gaser C, Kuo AH, Li C, Schwab M, Nathanielsz PW.","Front Aging Neurosci. 2017 Apr 11;9:92. doi: 10.3389/fnagi.2017.00092. eCollection 2017.","Franke K","Front Aging Neurosci","2017","2017/04/27","PMC5386978","","10.3389/fnagi.2017.00092"
"28351755","The origins of the vocal brain in humans","Belyk M, Brown S.","Neurosci Biobehav Rev. 2017 Jun;77:177-193. doi: 10.1016/j.neubiorev.2017.03.014. Epub 2017 Mar 27.","Belyk M","Neurosci Biobehav Rev","2017","2017/03/30","","","10.1016/j.neubiorev.2017.03.014"
"28161319","Biophysical and neural basis of resting state functional connectivity: Evidence from non-human primates","Chen LM, Yang PF, Wang F, Mishra A, Shi Z, Wu R, Wu TL, Wilson GH 3rd, Ding Z, Gore JC.","Magn Reson Imaging. 2017 Jun;39:71-81. doi: 10.1016/j.mri.2017.01.020. Epub 2017 Feb 2.","Chen LM","Magn Reson Imaging","2017","2017/02/06","PMC5410395","NIHMS852391","10.1016/j.mri.2017.01.020"
"27960560","Non human primate models for Alzheimer's disease-related research and drug discovery","Van Dam D, De Deyn PP.","Expert Opin Drug Discov. 2017 Feb;12(2):187-200. doi: 10.1080/17460441.2017.1271320. Epub 2016 Dec 25.","Van Dam D","Expert Opin Drug Discov","2017","2016/12/15","","","10.1080/17460441.2017.1271320"
"27802220","Brain Regions Involved in Arousal and Reward Processing are Associated with Apathy in Alzheimer's Disease and Frontotemporal Dementia","Huey ED, Lee S, Cheran G, Grafman J, Devanand DP; Alzheimer’s Disease Neuroimaging Initiative.","J Alzheimers Dis. 2017;55(2):551-558. doi: 10.3233/JAD-160107.","Huey ED","J Alzheimers Dis","2017","2016/11/02","","","10.3233/JAD-160107"
"27702634","Prefrontal cortical activity associated with visual stimulus categorization in non-human primates measured with near-infrared spectroscopy","Lee YA, Pollet V, Kato A, Goto Y.","Behav Brain Res. 2017 Jan 15;317:327-331. doi: 10.1016/j.bbr.2016.09.068. Epub 2016 Oct 1.","Lee YA","Behav Brain Res","2017","2016/10/06","","","10.1016/j.bbr.2016.09.068"
"27659062","Depth-dependence of visual signals in the human superior colliculus at 9.4 T","Loureiro JR, Hagberg GE, Ethofer T, Erb M, Bause J, Ehses P, Scheffler K, Himmelbach M.","Hum Brain Mapp. 2017 Jan;38(1):574-587. doi: 10.1002/hbm.23404. Epub 2016 Sep 23.","Loureiro JR","Hum Brain Mapp","2017","2016/09/24","PMC6867058","","10.1002/hbm.23404"
"27587999","Off to a Good Start: The Early Development of the Neural Substrates Underlying Visual Working Memory","Fitch A, Smith H, Guillory SB, Kaldy Z.","Front Syst Neurosci. 2016 Aug 18;10:68. doi: 10.3389/fnsys.2016.00068. eCollection 2016.","Fitch A","Front Syst Neurosci","2016","2016/09/03","PMC4989029","","10.3389/fnsys.2016.00068"
"27568200","The effects of ecstasy on neurotransmitter systems: a review on the findings of molecular imaging studies","Vegting Y, Reneman L, Booij J.","Psychopharmacology (Berl). 2016 Oct;233(19-20):3473-501. doi: 10.1007/s00213-016-4396-5. Epub 2016 Aug 28.","Vegting Y","Psychopharmacology (Berl)","2016","2016/08/29","PMC5021729","","10.1007/s00213-016-4396-5"
"27355874","Discovery of a Highly Selective Glycogen Synthase Kinase-3 Inhibitor (PF-04802367) That Modulates Tau Phosphorylation in the Brain: Translation for PET Neuroimaging","Liang SH, Chen JM, Normandin MD, Chang JS, Chang GC, Taylor CK, Trapa P, Plummer MS, Para KS, Conn EL, Lopresti-Morrow L, Lanyon LF, Cook JM, Richter KE, Nolan CE, Schachter JB, Janat F, Che Y, Shanmugasundaram V, Lefker BA, Enerson BE, Livni E, Wang L, Guehl NJ, Patnaik D, Wagner FF, Perlis R, Holson EB, Haggarty SJ, El Fakhri G, Kurumbail RG, Vasdev N.","Angew Chem Int Ed Engl. 2016 Aug 8;55(33):9601-5. doi: 10.1002/anie.201603797. Epub 2016 Jun 29.","Liang SH","Angew Chem Int Ed Engl","2016","2016/06/30","PMC4983481","NIHMS808347","10.1002/anie.201603797"
"27256592","Spatial and non-spatial aspects of visual attention: Interactive cognitive mechanisms and neural underpinnings","Shomstein S, Gottlieb J.","Neuropsychologia. 2016 Nov;92:9-19. doi: 10.1016/j.neuropsychologia.2016.05.021. Epub 2016 May 30.","Shomstein S","Neuropsychologia","2016","2016/06/04","","","10.1016/j.neuropsychologia.2016.05.021"
"26908365","Connectivity between the central nucleus of the amygdala and the bed nucleus of the stria terminalis in the non-human primate: neuronal tract tracing and developmental neuroimaging studies","Oler JA, Tromp DP, Fox AS, Kovner R, Davidson RJ, Alexander AL, McFarlin DR, Birn RM, E Berg B, deCampo DM, Kalin NH, Fudge JL.","Brain Struct Funct. 2017 Jan;222(1):21-39. doi: 10.1007/s00429-016-1198-9. Epub 2016 Feb 23.","Oler JA","Brain Struct Funct","2017","2016/02/25","PMC4995160","NIHMS762902","10.1007/s00429-016-1198-9"
"29600289","Advancing research in regeneration and repair of the motor circuitry: non-human primate models and imaging scales as the missing links for successfully translating injectable therapeutics to the clinic","Tsintou M, Dalamagkas K, Makris N.","Int J Stem Cell Res Ther. 2016;3(2):042. doi: 10.23937/2469-570X/1410042. Epub 2016 Oct 28.","Tsintou M","Int J Stem Cell Res Ther","2016","2018/03/31","PMC5870906","NIHMS947961","10.23937/2469-570X/1410042"
"26466979","Distinct vestibular effects on early and late somatosensory cortical processing in humans","Pfeiffer C, van Elk M, Bernasconi F, Blanke O.","Neuroimage. 2016 Jan 15;125:208-219. doi: 10.1016/j.neuroimage.2015.10.004. Epub 2015 Oct 23.","Pfeiffer C","Neuroimage","2016","2015/10/16","","","10.1016/j.neuroimage.2015.10.004"
"26447578","Behavioral, Neural, and Computational Principles of Bodily Self-Consciousness","Blanke O, Slater M, Serino A.","Neuron. 2015 Oct 7;88(1):145-66. doi: 10.1016/j.neuron.2015.09.029.","Blanke O","Neuron","2015","2015/10/09","","","10.1016/j.neuron.2015.09.029"
"25881906","Characterization of Cerebral Damage in a Monkey Model of Alzheimer's Disease Induced by Intracerebroventricular Injection of Streptozotocin","Yeo HG, Lee Y, Jeon CY, Jeong KJ, Jin YB, Kang P, Kim SU, Kim JS, Huh JW, Kim YH, Sim BW, Song BS, Park YH, Hong Y, Lee SR, Chang KT.","J Alzheimers Dis. 2015;46(4):989-1005. doi: 10.3233/JAD-143222.","Yeo HG","J Alzheimers Dis","2015","2015/04/18","","","10.3233/JAD-143222"
"25784645","The nature of individual differences in inhibited temperament and risk for psychiatric disease: A review and meta-analysis","Clauss JA, Avery SN, Blackford JU.","Prog Neurobiol. 2015 Apr;127-128:23-45. doi: 10.1016/j.pneurobio.2015.03.001. Epub 2015 Mar 14.","Clauss JA","Prog Neurobiol","2015","2015/03/19","PMC4516130","NIHMS677992","10.1016/j.pneurobio.2015.03.001"
"25505424","Cerebellar-motor dysfunction in schizophrenia and psychosis-risk: the importance of regional cerebellar analysis approaches","Bernard JA, Mittal VA.","Front Psychiatry. 2014 Nov 25;5:160. doi: 10.3389/fpsyt.2014.00160. eCollection 2014.","Bernard JA","Front Psychiatry","2014","2014/12/16","PMC4243486","","10.3389/fpsyt.2014.00160"
"25285398","Using the threat probability task to assess anxiety and fear during uncertain and certain threat","Bradford DE, Magruder KP, Korhumel RA, Curtin JJ.","J Vis Exp. 2014 Sep 12;(91):51905. doi: 10.3791/51905.","Bradford DE","J Vis Exp","2014","2014/10/07","PMC4431547","","10.3791/51905"
"25228872","An investigation of the neural circuits underlying reaching and reach-to-grasp movements: from planning to execution","Begliomini C, De Sanctis T, Marangon M, Tarantino V, Sartori L, Miotto D, Motta R, Stramare R, Castiello U.","Front Hum Neurosci. 2014 Sep 2;8:676. doi: 10.3389/fnhum.2014.00676. eCollection 2014.","Begliomini C","Front Hum Neurosci","2014","2014/09/18","PMC4151344","","10.3389/fnhum.2014.00676"
"25157678","Dynamic changes in phase-amplitude coupling facilitate spatial attention control in fronto-parietal cortex","Szczepanski SM, Crone NE, Kuperman RA, Auguste KI, Parvizi J, Knight RT.","PLoS Biol. 2014 Aug 26;12(8):e1001936. doi: 10.1371/journal.pbio.1001936. eCollection 2014 Aug.","Szczepanski SM","PLoS Biol","2014","2014/08/27","PMC4144794","","10.1371/journal.pbio.1001936"
"25100931","Auditory connections and functions of prefrontal cortex","Plakke B, Romanski LM.","Front Neurosci. 2014 Jul 23;8:199. doi: 10.3389/fnins.2014.00199. eCollection 2014.","Plakke B","Front Neurosci","2014","2014/08/08","PMC4107948","","10.3389/fnins.2014.00199"
"25010558","A comparison of neural responses to appetitive and aversive stimuli in humans and other mammals","Hayes DJ, Duncan NW, Xu J, Northoff G.","Neurosci Biobehav Rev. 2014 Sep;45:350-68. doi: 10.1016/j.neubiorev.2014.06.018. Epub 2014 Jul 7.","Hayes DJ","Neurosci Biobehav Rev","2014","2014/07/11","","","10.1016/j.neubiorev.2014.06.018"
"24906509","Functional magnetic resonance imaging of intrinsic brain networks for translational drug discovery","Smucny J, Wylie KP, Tregellas JR.","Trends Pharmacol Sci. 2014 Aug;35(8):397-403. doi: 10.1016/j.tips.2014.05.001. Epub 2014 Jun 3.","Smucny J","Trends Pharmacol Sci","2014","2014/06/08","PMC4388149","NIHMS676980","10.1016/j.tips.2014.05.001"
"24851284","The cerebellum and addiction: insights gained from neuroimaging research","Moulton EA, Elman I, Becerra LR, Goldstein RZ, Borsook D.","Addict Biol. 2014 May;19(3):317-31. doi: 10.1111/adb.12101.","Moulton EA","Addict Biol","2014","2014/05/23","PMC4031616","NIHMS533241","10.1111/adb.12101"
"24813151","rTMS-induced virtual lesion of the posterior parietal cortex (PPC) alters the control of reflexive shifts of social attention triggered by pointing hands","Porciello G, Crostella F, Liuzza MT, Valentini E, Aglioti SM.","Neuropsychologia. 2014 Jul;59:148-56. doi: 10.1016/j.neuropsychologia.2014.04.017. Epub 2014 May 9.","Porciello G","Neuropsychologia","2014","2014/05/13","","","10.1016/j.neuropsychologia.2014.04.017"
"24489639","Knowledge-guided robust MRI brain extraction for diverse large-scale neuroimaging studies on humans and non-human primates","Wang Y, Nie J, Yap PT, Li G, Shi F, Geng X, Guo L, Shen D; Alzheimer's Disease Neuroimaging Initiative.","PLoS One. 2014 Jan 29;9(1):e77810. doi: 10.1371/journal.pone.0077810. eCollection 2014.","Wang Y","PLoS One","2014","2014/02/04","PMC3906014","","10.1371/journal.pone.0077810"
"24444996","BNST neurocircuitry in humans","Avery SN, Clauss JA, Winder DG, Woodward N, Heckers S, Blackford JU.","Neuroimage. 2014 May 1;91:311-23. doi: 10.1016/j.neuroimage.2014.01.017. Epub 2014 Jan 18.","Avery SN","Neuroimage","2014","2014/01/22","PMC4214684","NIHMS559696","10.1016/j.neuroimage.2014.01.017"
"24381544","The harmonic organization of auditory cortex","Wang X.","Front Syst Neurosci. 2013 Dec 17;7:114. doi: 10.3389/fnsys.2013.00114.","Wang X","Front Syst Neurosci","2013","2014/01/02","PMC3865599","","10.3389/fnsys.2013.00114"
"24220025","Imaging nicotine- and amphetamine-induced dopamine release in rhesus monkeys with [(11)C]PHNO vs [(11)C]raclopride PET","Gallezot JD, Kloczynski T, Weinzimmer D, Labaree D, Zheng MQ, Lim K, Rabiner EA, Ridler K, Pittman B, Huang Y, Carson RE, Morris ED, Cosgrove KP.","Neuropsychopharmacology. 2014 Mar;39(4):866-74. doi: 10.1038/npp.2013.286. Epub 2013 Oct 15.","Gallezot JD","Neuropsychopharmacology","2014","2013/11/14","PMC3924521","","10.1038/npp.2013.286"
"24201011","Format-dependent representations of symbolic and non-symbolic numbers in the human cortex as revealed by multi-voxel pattern analyses","Bulthé J, De Smedt B, Op de Beeck HP.","Neuroimage. 2014 Feb 15;87:311-22. doi: 10.1016/j.neuroimage.2013.10.049. Epub 2013 Nov 5.","Bulthé J","Neuroimage","2014","2013/11/09","","","10.1016/j.neuroimage.2013.10.049"
"24137150","Quantitative meta-analysis of fMRI and PET studies reveals consistent activation in fronto-striatal-parietal regions and cerebellum during antisaccades and prosaccades","Jamadar SD, Fielding J, Egan GF.","Front Psychol. 2013 Oct 16;4:749. doi: 10.3389/fpsyg.2013.00749. eCollection 2013.","Jamadar SD","Front Psychol","2013","2013/10/19","PMC3797465","","10.3389/fpsyg.2013.00749"
"24061965","Progressive loss of striatal dopamine terminals in MPTP-induced acute parkinsonism in cynomolgus monkeys using vesicular monoamine transporter type 2 PET imaging ([(18)F]AV-133)","Liu Y, Yue F, Tang R, Tao G, Pan X, Zhu L, Kung HF, Chan P.","Neurosci Bull. 2014 Jun;30(3):409-16. doi: 10.1007/s12264-013-1374-3. Epub 2013 Sep 5.","Liu Y","Neurosci Bull","2014","2013/09/25","PMC5562597","","10.1007/s12264-013-1374-3"
"23916753","Tonotopic mapping of human auditory cortex","Saenz M, Langers DR.","Hear Res. 2014 Jan;307:42-52. doi: 10.1016/j.heares.2013.07.016. Epub 2013 Aug 2.","Saenz M","Hear Res","2014","2013/08/07","","","10.1016/j.heares.2013.07.016"
"23847558","Functional organization and visual representations of human ventral lateral prefrontal cortex","Chan AW.","Front Psychol. 2013 Jul 9;4:371. doi: 10.3389/fpsyg.2013.00371. eCollection 2013.","Chan AW","Front Psychol","2013","2013/07/13","PMC3705197","","10.3389/fpsyg.2013.00371"
"23805100","Manganese neurotoxicity: new perspectives from behavioral, neuroimaging, and neuropathological studies in humans and non-human primates","Guilarte TR.","Front Aging Neurosci. 2013 Jun 24;5:23. doi: 10.3389/fnagi.2013.00023. eCollection 2013.","Guilarte TR","Front Aging Neurosci","2013","2013/06/28","PMC3690350","","10.3389/fnagi.2013.00023"
"23774218","Cortical reorganization after stroke: how much and how functional?","Grefkes C, Ward NS.","Neuroscientist. 2014 Feb;20(1):56-70. doi: 10.1177/1073858413491147. Epub 2013 Jun 17.","Grefkes C","Neuroscientist","2014","2013/06/19","","","10.1177/1073858413491147"
"23609420","Functional topography of cortical thumb movement representations in human primary motor cortex","Zartl M, Kapfer T, Muellbacher W.","Brain Topogr. 2014 Mar;27(2):228-39. doi: 10.1007/s10548-013-0289-7. Epub 2013 Apr 23.","Zartl M","Brain Topogr","2014","2013/04/24","","","10.1007/s10548-013-0289-7"
"23528268","Identifying the molecular basis of inhibitory control deficits in addictions: neuroimaging in non-human primates","Groman SM, Jentsch JD.","Curr Opin Neurobiol. 2013 Aug;23(4):625-31. doi: 10.1016/j.conb.2013.03.001. Epub 2013 Mar 22.","Groman SM","Curr Opin Neurobiol","2013","2013/03/27","PMC3731407","NIHMS463402","10.1016/j.conb.2013.03.001"
"23466936","A receptor-based model for dopamine-induced fMRI signal","Mandeville JB, Sander CYM, Jenkins BG, Hooker JM, Catana C, Vanduffel W, Alpert NM, Rosen BR, Normandin MD.","Neuroimage. 2013 Jul 15;75:46-57. doi: 10.1016/j.neuroimage.2013.02.036. Epub 2013 Mar 1.","Mandeville JB","Neuroimage","2013","2013/03/08","PMC3683121","NIHMS451571","10.1016/j.neuroimage.2013.02.036"
"23378834","Anterior temporal face patches: a meta-analysis and empirical study","Von Der Heide RJ, Skipper LM, Olson IR.","Front Hum Neurosci. 2013 Feb 1;7:17. doi: 10.3389/fnhum.2013.00017. eCollection 2013.","Von Der Heide RJ","Front Hum Neurosci","2013","2013/02/05","PMC3561664","","10.3389/fnhum.2013.00017"
"23349451","Anaesthesia for positron emission tomography scanning of animal brains","Alstrup AK, Smith DF.","Lab Anim. 2013 Jan;47(1):12-8. doi: 10.1258/la.2012.011173. Epub 2013 Jan 24.","Alstrup AK","Lab Anim","2013","2013/01/26","","","10.1258/la.2012.011173"
"23313563","Is there an association between peripheral immune markers and structural/functional neuroimaging findings?","Frodl T, Amico F.","Prog Neuropsychopharmacol Biol Psychiatry. 2014 Jan 3;48:295-303. doi: 10.1016/j.pnpbp.2012.12.013. Epub 2013 Jan 11.","Frodl T","Prog Neuropsychopharmacol Biol Psychiatry","2014","2013/01/15","","","10.1016/j.pnpbp.2012.12.013"
"23143344","Differentiated parietal connectivity of frontal regions for ""what"" and ""where"" memory","Rottschy C, Caspers S, Roski C, Reetz K, Dogan I, Schulz JB, Zilles K, Laird AR, Fox PT, Eickhoff SB.","Brain Struct Funct. 2013 Nov;218(6):1551-67. doi: 10.1007/s00429-012-0476-4. Epub 2012 Nov 10.","Rottschy C","Brain Struct Funct","2013","2012/11/13","PMC3825581","","10.1007/s00429-012-0476-4"
"23051902","Social cognition and the anterior temporal lobes: a review and theoretical framework","Olson IR, McCoy D, Klobusicky E, Ross LA.","Soc Cogn Affect Neurosci. 2013 Feb;8(2):123-33. doi: 10.1093/scan/nss119. Epub 2012 Oct 9.","Olson IR","Soc Cogn Affect Neurosci","2013","2012/10/12","PMC3575728","","10.1093/scan/nss119"
"22986224","Defining the habenula in human neuroimaging studies","Lawson RP, Drevets WC, Roiser JP.","Neuroimage. 2013 Jan 1;64:722-7. doi: 10.1016/j.neuroimage.2012.08.076. Epub 2012 Sep 8.","Lawson RP","Neuroimage","2013","2012/09/19","PMC3650642","","10.1016/j.neuroimage.2012.08.076"
"22982103","Articulatory movements modulate auditory responses to speech","Agnew ZK, McGettigan C, Banks B, Scott SK.","Neuroimage. 2013 Jun;73:191-9. doi: 10.1016/j.neuroimage.2012.08.020. Epub 2012 Aug 17.","Agnew ZK","Neuroimage","2013","2012/09/18","PMC3708127","","10.1016/j.neuroimage.2012.08.020"
"22965769","Human finger somatotopy in areas 3b, 1, and 2: a 7T fMRI study using a natural stimulus","Martuzzi R, van der Zwaag W, Farthouat J, Gruetter R, Blanke O.","Hum Brain Mapp. 2014 Jan;35(1):213-26. doi: 10.1002/hbm.22172. Epub 2012 Sep 11.","Martuzzi R","Hum Brain Mapp","2014","2012/09/12","PMC6869627","","10.1002/hbm.22172"
"22436353","The cerebellum and neuropsychiatric disorders","Villanueva R.","Psychiatry Res. 2012 Aug 15;198(3):527-32. doi: 10.1016/j.psychres.2012.02.023. Epub 2012 Mar 20.","Villanueva R","Psychiatry Res","2012","2012/03/23","","","10.1016/j.psychres.2012.02.023"
"22426350","Effects of lactate on the early visual cortex of non-human primates, investigated by pharmaco-MRI and neurochemical analysis","von Pföstl V, Li J, Zaldivar D, Goense J, Zhang X, Serr N, Logothetis NK, Rauch A.","Neuroimage. 2012 May 15;61(1):98-105. doi: 10.1016/j.neuroimage.2012.02.082. Epub 2012 Mar 8.","von Pföstl V","Neuroimage","2012","2012/03/20","","","10.1016/j.neuroimage.2012.02.082"
"22253655","Neuroimaging of non-human primates","Duong TQ.","Open Neuroimag J. 2011;5:146. doi: 10.2174/1874440001105010146. Epub 2011 Nov 18.","Duong TQ","Open Neuroimag J","2011","2012/01/19","PMC3257890","","10.2174/1874440001105010146"
"22209784","Meta-analytical definition and functional connectivity of the human vestibular cortex","zu Eulenburg P, Caspers S, Roski C, Eickhoff SB.","Neuroimage. 2012 Mar;60(1):162-9. doi: 10.1016/j.neuroimage.2011.12.032. Epub 2011 Dec 23.","zu Eulenburg P","Neuroimage","2012","2012/01/03","","","10.1016/j.neuroimage.2011.12.032"
"21831362","Differential magnitude coding of gains and omitted rewards in the ventral striatum","Pedroni A, Koeneke S, Velickaite A, Jäncke L.","Brain Res. 2011 Sep 9;1411:76-86. doi: 10.1016/j.brainres.2011.07.019. Epub 2011 Jul 18.","Pedroni A","Brain Res","2011","2011/08/12","","","10.1016/j.brainres.2011.07.019"
"21698393","A library of cortical morphology analysis tools to study development, aging and genetics of cerebral cortex","Kochunov P, Rogers W, Mangin JF, Lancaster J.","Neuroinformatics. 2012 Jan;10(1):81-96. doi: 10.1007/s12021-011-9127-9.","Kochunov P","Neuroinformatics","2012","2011/06/24","PMC3471145","NIHMS378123","10.1007/s12021-011-9127-9"
"21687458","Studying Multisensory Processing and Its Role in the Representation of Space through Pathological and Physiological Crossmodal Extinction","Jacobs S, Brozzoli C, Hadj-Bouziane F, Meunier M, Farnè A.","Front Psychol. 2011 May 6;2:89. doi: 10.3389/fpsyg.2011.00089. eCollection 2011.","Jacobs S","Front Psychol","2011","2011/06/21","PMC3110341","","10.3389/fpsyg.2011.00089"
"21671065","Frontal lobe and posterior parietal contributions to the cortico-cerebellar system","Ramnani N.","Cerebellum. 2012 Jun;11(2):366-83. doi: 10.1007/s12311-011-0272-3.","Ramnani N","Cerebellum","2012","2011/06/15","","","10.1007/s12311-011-0272-3"
"21536557","From single cells to social perception","Barraclough NE, Perrett DI.","Philos Trans R Soc Lond B Biol Sci. 2011 Jun 12;366(1571):1739-52. doi: 10.1098/rstb.2010.0352.","Barraclough NE","Philos Trans R Soc Lond B Biol Sci","2011","2011/05/04","PMC3130376","","10.1098/rstb.2010.0352"
"21471644","Spatial distribution of glucose hypometabolism induced by intracerebroventricular streptozotocin in monkeys","Heo JH, Lee SR, Lee ST, Lee KM, Oh JH, Jang DP, Chang KT, Cho ZH.","J Alzheimers Dis. 2011;25(3):517-23. doi: 10.3233/JAD-2011-102079.","Heo JH","J Alzheimers Dis","2011","2011/04/08","","","10.3233/JAD-2011-102079"
"21228170","Deep and superficial amygdala nuclei projections revealed in vivo by probabilistic tractography","Bach DR, Behrens TE, Garrido L, Weiskopf N, Dolan RJ.","J Neurosci. 2011 Jan 12;31(2):618-23. doi: 10.1523/JNEUROSCI.2744-10.2011.","Bach DR","J Neurosci","2011","2011/01/14","PMC3059574","UKMS34039","10.1523/JNEUROSCI.2744-10.2011"
"21223979","The thalamocortical vestibular system in animals and humans","Lopez C, Blanke O.","Brain Res Rev. 2011 Jun 24;67(1-2):119-46. doi: 10.1016/j.brainresrev.2010.12.002. Epub 2011 Jan 9.","Lopez C","Brain Res Rev","2011","2011/01/13","","","10.1016/j.brainresrev.2010.12.002"
"21196511","The effects of visuospatial attention measured across visual cortex using source-imaged, steady-state EEG","Lauritzen TZ, Ales JM, Wade AR.","J Vis. 2010 Dec 31;10(14):39. doi: 10.1167/10.14.39.","Lauritzen TZ","J Vis","2010","2011/01/04","","","10.1167/10.14.39"
"21095199","Neural structures and mechanisms involved in scene recognition: a review and interpretation","Sewards TV.","Neuropsychologia. 2011 Feb;49(3):277-98. doi: 10.1016/j.neuropsychologia.2010.11.018. Epub 2010 Nov 21.","Sewards TV","Neuropsychologia","2011","2010/11/25","","","10.1016/j.neuropsychologia.2010.11.018"
"21044887","Population-averaged standard template brain atlas for the common marmoset (Callithrix jacchus)","Hikishima K, Quallo MM, Komaki Y, Yamada M, Kawai K, Momoshima S, Okano HJ, Sasaki E, Tamaoki N, Lemon RN, Iriki A, Okano H.","Neuroimage. 2011 Feb 14;54(4):2741-9. doi: 10.1016/j.neuroimage.2010.10.061. Epub 2010 Oct 29.","Hikishima K","Neuroimage","2011","2010/11/04","","","10.1016/j.neuroimage.2010.10.061"
"20688103","An implicit measure of olfactory performance for non-human primates reveals aversive and pleasant odor conditioning","Livneh U, Paz R.","J Neurosci Methods. 2010 Sep 30;192(1):90-5. doi: 10.1016/j.jneumeth.2010.07.027. Epub 2010 Aug 3.","Livneh U","J Neurosci Methods","2010","2010/08/07","","","10.1016/j.jneumeth.2010.07.027"
"20654722","Distinct functional connectivity associated with lateral versus medial rostral prefrontal cortex: a meta-analysis","Gilbert SJ, Gonen-Yaacovi G, Benoit RG, Volle E, Burgess PW.","Neuroimage. 2010 Dec;53(4):1359-67. doi: 10.1016/j.neuroimage.2010.07.032. Epub 2010 Jul 21.","Gilbert SJ","Neuroimage","2010","2010/07/27","","","10.1016/j.neuroimage.2010.07.032"
"20512376","A link between the systems: functional differentiation and integration within the human insula revealed by meta-analysis","Kurth F, Zilles K, Fox PT, Laird AR, Eickhoff SB.","Brain Struct Funct. 2010 Jun;214(5-6):519-34. doi: 10.1007/s00429-010-0255-z. Epub 2010 May 29.","Kurth F","Brain Struct Funct","2010","2010/06/01","PMC4801482","NIHMS765788","10.1007/s00429-010-0255-z"
"20451630","Decoding the direction of auditory motion in blind humans","Wolbers T, Zahorik P, Giudice NA.","Neuroimage. 2011 May 15;56(2):681-7. doi: 10.1016/j.neuroimage.2010.04.266. Epub 2010 May 5.","Wolbers T","Neuroimage","2011","2010/05/11","","","10.1016/j.neuroimage.2010.04.266"
"20105440","Assessing cognitive function in clinical trials of schizophrenia","Barnett JH, Robbins TW, Leeson VC, Sahakian BJ, Joyce EM, Blackwell AD.","Neurosci Biobehav Rev. 2010 Jul;34(8):1161-77. doi: 10.1016/j.neubiorev.2010.01.012. Epub 2010 Jan 25.","Barnett JH","Neurosci Biobehav Rev","2010","2010/01/29","","","10.1016/j.neubiorev.2010.01.012"
"20074580","Going beyond LTM in the MTL: a synthesis of neuropsychological and neuroimaging findings on the role of the medial temporal lobe in memory and perception","Graham KS, Barense MD, Lee AC.","Neuropsychologia. 2010 Mar;48(4):831-53. doi: 10.1016/j.neuropsychologia.2010.01.001. Epub 2010 Jan 13.","Graham KS","Neuropsychologia","2010","2010/01/16","","","10.1016/j.neuropsychologia.2010.01.001"
"19883763","Rhesus macaque brain morphometry: a methodological comparison of voxel-wise approaches","McLaren DG, Kosmatka KJ, Kastman EK, Bendlin BB, Johnson SC.","Methods. 2010 Mar;50(3):157-65. doi: 10.1016/j.ymeth.2009.10.003. Epub 2009 Oct 31.","McLaren DG","Methods","2010","2009/11/04","PMC2828534","NIHMS166080","10.1016/j.ymeth.2009.10.003"
"19721434","Cognitive impact of genetic variation of the serotonin transporter in primates is associated with differences in brain morphology rather than serotonin neurotransmission","Jedema HP, Gianaros PJ, Greer PJ, Kerr DD, Liu S, Higley JD, Suomi SJ, Olsen AS, Porter JN, Lopresti BJ, Hariri AR, Bradberry CW.","Mol Psychiatry. 2010 May;15(5):512-22, 446. doi: 10.1038/mp.2009.90. Epub 2009 Sep 1.","Jedema HP","Mol Psychiatry","2010","2009/09/02","PMC2861147","NIHMS133752","10.1038/mp.2009.90"
"19665567","Diffusion tensor and perfusion MRI of non-human primates","Duong TQ.","Methods. 2010 Mar;50(3):125-35. doi: 10.1016/j.ymeth.2009.08.001. Epub 2009 Aug 7.","Duong TQ","Methods","2010","2009/08/12","PMC2828503","NIHMS143278","10.1016/j.ymeth.2009.08.001"
"19523986","Neuronal synchronization in human parietal cortex during saccade planning","Van Der Werf J, Buchholz VN, Jensen O, Medendorp WP.","Behav Brain Res. 2009 Dec 28;205(2):329-35. doi: 10.1016/j.bbr.2009.06.011. Epub 2009 Jun 11.","Van Der Werf J","Behav Brain Res","2009","2009/06/16","","","10.1016/j.bbr.2009.06.011"
"19404410","Early, low-level auditory-somatosensory multisensory interactions impact reaction time speed","Sperdin HF, Cappe C, Foxe JJ, Murray MM.","Front Integr Neurosci. 2009 Mar 11;3:2. doi: 10.3389/neuro.07.002.2009. eCollection 2009.","Sperdin HF","Front Integr Neurosci","2009","2009/05/01","PMC2659167","","10.3389/neuro.07.002.2009"
"19337503","Manganese neurotoxicity: lessons learned from longitudinal studies in nonhuman primates","Burton NC, Guilarte TR.","Environ Health Perspect. 2009 Mar;117(3):325-32. doi: 10.1289/ehp.0800035. Epub 2008 Oct 3.","Burton NC","Environ Health Perspect","2009","2009/04/02","PMC2661898","","10.1289/ehp.0800035"
"19072897","Two systems of resting state connectivity between the insula and cingulate cortex","Taylor KS, Seminowicz DA, Davis KD.","Hum Brain Mapp. 2009 Sep;30(9):2731-45. doi: 10.1002/hbm.20705.","Taylor KS","Hum Brain Mapp","2009","2008/12/17","PMC6871122","","10.1002/hbm.20705"
"18939997","Left inferior frontal gyrus is critical for response inhibition","Swick D, Ashley V, Turken AU.","BMC Neurosci. 2008 Oct 21;9:102. doi: 10.1186/1471-2202-9-102.","Swick D","BMC Neurosci","2008","2008/10/23","PMC2588614","","10.1186/1471-2202-9-102"
"18793712","Norman Cousins Lecture. Mechanisms of cytokine-induced behavioral changes: psychoneuroimmunology at the translational interface","Miller AH.","Brain Behav Immun. 2009 Feb;23(2):149-58. doi: 10.1016/j.bbi.2008.08.006. Epub 2008 Sep 3.","Miller AH","Brain Behav Immun","2009","2008/09/17","PMC2745948","NIHMS98177","10.1016/j.bbi.2008.08.006"
"18500391","The dual-pathway model of auditory signal processing","Wang WJ, Wu XH, Li L.","Neurosci Bull. 2008 Jun;24(3):173-82. doi: 10.1007/s12264-008-1226-8.","Wang WJ","Neurosci Bull","2008","2008/05/27","PMC5552542","","10.1007/s12264-008-1226-8"
"17604651","Mapping the functional connectivity of anterior cingulate cortex","Margulies DS, Kelly AM, Uddin LQ, Biswal BB, Castellanos FX, Milham MP.","Neuroimage. 2007 Aug 15;37(2):579-88. doi: 10.1016/j.neuroimage.2007.05.019. Epub 2007 May 24.","Margulies DS","Neuroimage","2007","2007/07/03","","","10.1016/j.neuroimage.2007.05.019"
"17533768","Grounding object concepts in perception and action: evidence from fMRI studies of tools","Beauchamp MS, Martin A.","Cortex. 2007 Apr;43(3):461-8. doi: 10.1016/s0010-9452(08)70470-2.","Beauchamp MS","Cortex","2007","2007/05/31","","","10.1016/s0010-9452(08)70470-2"
"16935269","Metabolic thalamocortical correlations during a verbal learning task and their comparison with correlations among regional volumes","Mitelman SA, Byne W, Kemether EM, Newmark RE, Hazlett EA, Haznedar MM, Buchsbaum MS.","Brain Res. 2006 Oct 9;1114(1):125-37. doi: 10.1016/j.brainres.2006.07.043. Epub 2006 Aug 28.","Mitelman SA","Brain Res","2006","2006/08/29","","","10.1016/j.brainres.2006.07.043"
"16399806","The precuneus: a review of its functional anatomy and behavioural correlates","Cavanna AE, Trimble MR.","Brain. 2006 Mar;129(Pt 3):564-83. doi: 10.1093/brain/awl004. Epub 2006 Jan 6.","Cavanna AE","Brain","2006","2006/01/10","","","10.1093/brain/awl004"
"16334413","Estrogen effects on the hippocampus and frontal lobes","Maki PM.","Int J Fertil Womens Med. 2005 Mar-Apr;50(2):67-71.","Maki PM","Int J Fertil Womens Med","2005","2005/12/13","","",""
"16213593","On the scent of human olfactory orbitofrontal cortex: meta-analysis and comparison to non-human primates","Gottfried JA, Zald DH.","Brain Res Brain Res Rev. 2005 Dec 15;50(2):287-304. doi: 10.1016/j.brainresrev.2005.08.004. Epub 2005 Oct 6.","Gottfried JA","Brain Res Brain Res Rev","2005","2005/10/11","","","10.1016/j.brainresrev.2005.08.004"
"16207930","Now you hear it, now you don't: transient traces of consonants and their nonspeech analogues in the human brain","Obleser J, Scott SK, Eulitz C.","Cereb Cortex. 2006 Aug;16(8):1069-76. doi: 10.1093/cercor/bhj047. Epub 2005 Oct 5.","Obleser J","Cereb Cortex","2006","2005/10/07","","","10.1093/cercor/bhj047"
"15831402","Auditory processing--speech, space and auditory objects","Scott SK.","Curr Opin Neurobiol. 2005 Apr;15(2):197-201. doi: 10.1016/j.conb.2005.03.009.","Scott SK","Curr Opin Neurobiol","2005","2005/04/16","","","10.1016/j.conb.2005.03.009"
"15630935","Smell, taste, texture, and temperature multimodal representations in the brain, and their relevance to the control of appetite","Rolls ET.","Nutr Rev. 2004 Nov;62(11 Pt 2):S193-204; discussion S224-41. doi: 10.1111/j.1753-4887.2004.tb00099.x.","Rolls ET","Nutr Rev","2004","2005/01/06","","","10.1111/j.1753-4887.2004.tb00099.x"
"15477030","Visuo-tactile representation of near-the-body space","Làdavas E, Farnè A.","J Physiol Paris. 2004 Jan-Jun;98(1-3):161-70. doi: 10.1016/j.jphysparis.2004.03.007.","Làdavas E","J Physiol Paris","2004","2004/10/13","","","10.1016/j.jphysparis.2004.03.007"
"15006672","A functional neuroimaging study of motivation and executive function","Taylor SF, Welsh RC, Wager TD, Phan KL, Fitzgerald KD, Gehring WJ.","Neuroimage. 2004 Mar;21(3):1045-54. doi: 10.1016/j.neuroimage.2003.10.032.","Taylor SF","Neuroimage","2004","2004/03/10","","","10.1016/j.neuroimage.2003.10.032"
"14606694","The amygdala and autism: implications from non-human primate studies","Amaral DG, Bauman MD, Schumann CM.","Genes Brain Behav. 2003 Oct;2(5):295-302. doi: 10.1034/j.1601-183x.2003.00043.x.","Amaral DG","Genes Brain Behav","2003","2003/11/11","","","10.1034/j.1601-183x.2003.00043.x"
"14521193","The amygdala, autism and anxiety","Amaral DG, Corbett BA.","Novartis Found Symp. 2003;251:177-87; discussion 187-97, 281-97.","Amaral DG","Novartis Found Symp","2003","2003/10/03","","",""
"12744973","Neural coding of behavioral relevance in parietal cortex","Assad JA.","Curr Opin Neurobiol. 2003 Apr;13(2):194-7. doi: 10.1016/s0959-4388(03)00045-x.","Assad JA","Curr Opin Neurobiol","2003","2003/05/15","","","10.1016/s0959-4388(03)00045-x"
"12689371","Electrophysiology and brain imaging of biological motion","Puce A, Perrett D.","Philos Trans R Soc Lond B Biol Sci. 2003 Mar 29;358(1431):435-45. doi: 10.1098/rstb.2002.1221.","Puce A","Philos Trans R Soc Lond B Biol Sci","2003","2003/04/12","PMC1693130","","10.1098/rstb.2002.1221"
"12468009","Assessment of locus and extent of neurotoxic lesions in monkeys using neuroimaging techniques: a replication","Nemanic S, Alvarado MC, Price RE, Jackson EF, Bachevalier J.","J Neurosci Methods. 2002 Dec 15;121(2):199-209. doi: 10.1016/s0165-0270(02)00264-9.","Nemanic S","J Neurosci Methods","2002","2002/12/07","","","10.1016/s0165-0270(02)00264-9"
"11753413","An auditory domain in primate prefrontal cortex","Romanski LM, Goldman-Rakic PS.","Nat Neurosci. 2002 Jan;5(1):15-6. doi: 10.1038/nn781.","Romanski LM","Nat Neurosci","2002","2001/12/26","PMC2793092","NIHMS151817","10.1038/nn781"
"11480525","Functional MRI activity in the thalamus and occipital cortex of anesthetized dogs induced by monocular and binocular stimulation","Willis CK, Quinn RP, McDonell WM, Gati J, Partlow G, Vilis T.","Can J Vet Res. 2001 Jul;65(3):188-95.","Willis CK","Can J Vet Res","2001","2001/08/02","PMC1189674","",""
"11301234","Neuroimaging of cognitive functions in human parietal cortex","Culham JC, Kanwisher NG.","Curr Opin Neurobiol. 2001 Apr;11(2):157-63. doi: 10.1016/s0959-4388(00)00191-4.","Culham JC","Curr Opin Neurobiol","2001","2001/04/13","","","10.1016/s0959-4388(00)00191-4"
"9510384","Dorsal cortical regions subserving visually guided saccades in humans: an fMRI study","Luna B, Thulborn KR, Strojwas MH, McCurtain BJ, Berman RA, Genovese CR, Sweeney JA.","Cereb Cortex. 1998 Jan-Feb;8(1):40-7. doi: 10.1093/cercor/8.1.40.","Luna B","Cereb Cortex","1998","1998/03/24","","","10.1093/cercor/8.1.40"
"9240390","The functional organization of working memory processes within human lateral frontal cortex: the contribution of functional neuroimaging","Owen AM.","Eur J Neurosci. 1997 Jul;9(7):1329-39. doi: 10.1111/j.1460-9568.1997.tb01487.x.","Owen AM","Eur J Neurosci","1997","1997/07/01","","","10.1111/j.1460-9568.1997.tb01487.x"
"8941958","Dissociating executive functions of the prefrontal cortex","Robbins TW.","Philos Trans R Soc Lond B Biol Sci. 1996 Oct 29;351(1346):1463-70; discussion 1470-1. doi: 10.1098/rstb.1996.0131.","Robbins TW","Philos Trans R Soc Lond B Biol Sci","1996","1996/10/29","","","10.1098/rstb.1996.0131"
