﻿PMID,Title,Authors,Citation,First Author,Journal/Book,Publication Year,Create Date,PMCID,NIHMS ID,DOI
"34244809","A 7-Tesla MRI Study of the Periaqueductal Grey: Resting State and Task Activation Under Threat","Weis CN, Bennett KP, Huggins AA, Parisi EA, Gorka SM, Larson C.","Soc Cogn Affect Neurosci. 2021 Jul 9:nsab085. doi: 10.1093/scan/nsab085. Online ahead of print.","Weis CN","Soc Cogn Affect Neurosci","2021","2021/07/10","","","10.1093/scan/nsab085"
"34222873","The role of the medial prefrontal cortex in cognition, ageing and dementia","Jobson DD, Hase Y, Clarkson AN, Kalaria RN.","Brain Commun. 2021 Jun 11;3(3):fcab125. doi: 10.1093/braincomms/fcab125. eCollection 2021 Jul.","Jobson DD","Brain Commun","2021","2021/07/05","PMC8249104","","10.1093/braincomms/fcab125"
"33967711","Functional Connectivity of the Human Paraventricular Thalamic Nucleus: Insights From High Field Functional MRI","Kark SM, Birnie MT, Baram TZ, Yassa MA.","Front Integr Neurosci. 2021 Apr 21;15:662293. doi: 10.3389/fnint.2021.662293. eCollection 2021.","Kark SM","Front Integr Neurosci","2021","2021/05/10","PMC8096909","","10.3389/fnint.2021.662293"
"33770531","GABA levels in ventral visual cortex decline with age and are associated with neural distinctiveness","Chamberlain JD, Gagnon H, Lalwani P, Cassady KE, Simmonite M, Seidler RD, Taylor SF, Weissman DH, Park DC, Polk TA.","Neurobiol Aging. 2021 Jun;102:170-177. doi: 10.1016/j.neurobiolaging.2021.02.013. Epub 2021 Feb 26.","Chamberlain JD","Neurobiol Aging","2021","2021/03/26","PMC8205971","NIHMS1686882","10.1016/j.neurobiolaging.2021.02.013"
"33560448","Resting fMRI-guided TMS results in subcortical and brain network modulation indexed by interleaved TMS/fMRI","Oathes DJ, Zimmerman JP, Duprat R, Japp SS, Scully M, Rosenberg BM, Flounders MW, Long H, Deluisi JA, Elliott M, Shandler G, Shinohara RT, Linn KA.","Exp Brain Res. 2021 Apr;239(4):1165-1178. doi: 10.1007/s00221-021-06036-5. Epub 2021 Feb 9.","Oathes DJ","Exp Brain Res","2021","2021/02/09","","","10.1007/s00221-021-06036-5"
"33511726","An 8-dipole transceive and 24-loop receive array for non-human primate head imaging at 10.5 T","Lagore RL, Moeller S, Zimmermann J, DelaBarre L, Radder J, Grant A, Ugurbil K, Yacoub E, Harel N, Adriany G.","NMR Biomed. 2021 Apr;34(4):e4472. doi: 10.1002/nbm.4472. Epub 2021 Jan 29.","Lagore RL","NMR Biomed","2021","2021/01/29","PMC8103796","NIHMS1682364","10.1002/nbm.4472"
"33484849","The nonhuman primate neuroimaging and neuroanatomy project","Hayashi T, Hou Y, Glasser MF, Autio JA, Knoblauch K, Inoue-Murayama M, Coalson T, Yacoub E, Smith S, Kennedy H, Van Essen DC.","Neuroimage. 2021 Apr 1;229:117726. doi: 10.1016/j.neuroimage.2021.117726. Epub 2021 Jan 20.","Hayashi T","Neuroimage","2021","2021/01/23","PMC8079967","NIHMS1688396","10.1016/j.neuroimage.2021.117726"
"33460838","Bidirectional and state-dependent modulation of brain activity by transcranial focused ultrasound in non-human primates","Yang PF, Phipps MA, Jonathan S, Newton AT, Byun N, Gore JC, Grissom WA, Caskey CF, Chen LM.","Brain Stimul. 2021 Mar-Apr;14(2):261-272. doi: 10.1016/j.brs.2021.01.006. Epub 2021 Jan 15.","Yang PF","Brain Stimul","2021","2021/01/18","PMC7988301","NIHMS1663531","10.1016/j.brs.2021.01.006"
"33137475","The macaque brain ONPRC18 template with combined gray and white matter labelmap for multimodal neuroimaging studies of Nonhuman Primates","Weiss AR, Liu Z, Wang X, Liguore WA, Kroenke CD, McBride JL.","Neuroimage. 2021 Jan 15;225:117517. doi: 10.1016/j.neuroimage.2020.117517. Epub 2020 Nov 1.","Weiss AR","Neuroimage","2021","2020/11/02","PMC7833476","NIHMS1659147","10.1016/j.neuroimage.2020.117517"
"33122437","Differential functional connectivity underlying asymmetric reward-related activity in human and nonhuman primates","Lopez-Persem A, Roumazeilles L, Folloni D, Marche K, Fouragnan EF, Khalighinejad N, Rushworth MFS, Sallet J.","Proc Natl Acad Sci U S A. 2020 Nov 10;117(45):28452-28462. doi: 10.1073/pnas.2000759117. Epub 2020 Oct 29.","Lopez-Persem A","Proc Natl Acad Sci U S A","2020","2020/10/30","PMC7668182","","10.1073/pnas.2000759117"
"33067998","Connectivity of the Cingulate Sulcus Visual Area (CSv) in Macaque Monkeys","De Castro V, Smith AT, Beer AL, Leguen C, Vayssière N, Héjja-Brichard Y, Audurier P, Cottereau BR, Durand JB.","Cereb Cortex. 2021 Jan 5;31(2):1347-1364. doi: 10.1093/cercor/bhaa301.","De Castro V","Cereb Cortex","2021","2020/10/17","PMC7786354","","10.1093/cercor/bhaa301"
"32833632","A Magnetic Resonance-Guided Focused Ultrasound Neuromodulation System With a Whole Brain Coil Array for Nonhuman Primates at 3 T","Li Y, Lee J, Long X, Qiao Y, Ma T, He Q, Cao P, Zhang X, Zheng H.","IEEE Trans Med Imaging. 2020 Dec;39(12):4401-4412. doi: 10.1109/TMI.2020.3019087. Epub 2020 Nov 30.","Li Y","IEEE Trans Med Imaging","2020","2020/08/25","","","10.1109/TMI.2020.3019087"
"32822812","Hierarchical cortical gradients in somatosensory processing","Saadon-Grosman N, Arzy S, Loewenstein Y.","Neuroimage. 2020 Nov 15;222:117257. doi: 10.1016/j.neuroimage.2020.117257. Epub 2020 Aug 18.","Saadon-Grosman N","Neuroimage","2020","2020/08/22","","","10.1016/j.neuroimage.2020.117257"
"32822603","Having Infants in the Family Group Promotes Altruistic Behavior of Marmoset Monkeys","Huang J, Cheng X, Zhang S, Chang L, Li X, Liang Z, Gong N.","Curr Biol. 2020 Oct 19;30(20):4047-4055.e3. doi: 10.1016/j.cub.2020.07.045. Epub 2020 Aug 20.","Huang J","Curr Biol","2020","2020/08/22","","","10.1016/j.cub.2020.07.045"
"32817555","Divergence of rodent and primate medial frontal cortex functional connectivity","Schaeffer DJ, Hori Y, Gilbert KM, Gati JS, Menon RS, Everling S.","Proc Natl Acad Sci U S A. 2020 Sep 1;117(35):21681-21689. doi: 10.1073/pnas.2003181117. Epub 2020 Aug 17.","Schaeffer DJ","Proc Natl Acad Sci U S A","2020","2020/08/21","PMC7474619","","10.1073/pnas.2003181117"
"32720701","Evolution of the speech-ready brain: The voice/jaw connection in the human motor cortex","Brown S, Yuan Y, Belyk M.","J Comp Neurol. 2021 Apr 1;529(5):1018-1028. doi: 10.1002/cne.24997. Epub 2020 Sep 8.","Brown S","J Comp Neurol","2021","2020/07/29","","","10.1002/cne.24997"
"32541016","Auditory representation of learned sound sequences in motor regions of the macaque brain","Archakov D, DeWitt I, Kuśmierek P, Ortiz-Rios M, Cameron D, Cui D, Morin EL, VanMeter JW, Sams M, Jääskeläinen IP, Rauschecker JP.","Proc Natl Acad Sci U S A. 2020 Jun 30;117(26):15242-15252. doi: 10.1073/pnas.1915610117. Epub 2020 Jun 15.","Archakov D","Proc Natl Acad Sci U S A","2020","2020/06/17","PMC7334521","","10.1073/pnas.1915610117"
"32514083","Transcriptional and imaging-genetic association of cortical interneurons, brain function, and schizophrenia risk","Anderson KM, Collins MA, Chin R, Ge T, Rosenberg MD, Holmes AJ.","Nat Commun. 2020 Jun 8;11(1):2889. doi: 10.1038/s41467-020-16710-x.","Anderson KM","Nat Commun","2020","2020/06/10","PMC7280213","","10.1038/s41467-020-16710-x"
"32469053","Dynamic Reconfiguration, Fragmentation, and Integration of Whole-Brain Modular Structure across Depths of Unconsciousness","Standage D, Areshenkoff CN, Nashed JY, Hutchison RM, Hutchison M, Heinke D, Menon RS, Everling S, Gallivan JP.","Cereb Cortex. 2020 Sep 3;30(10):5229-5241. doi: 10.1093/cercor/bhaa085.","Standage D","Cereb Cortex","2020","2020/05/30","PMC7472202","","10.1093/cercor/bhaa085"
"32087231","Optimization of a transmit/receive surface coil for squirrel monkey spinal cord imaging","Lu M, Wang F, Chen LM, Gore JC, Yan X.","Magn Reson Imaging. 2020 May;68:197-202. doi: 10.1016/j.mri.2020.02.011. Epub 2020 Feb 19.","Lu M","Magn Reson Imaging","2020","2020/02/23","PMC7136156","NIHMS1566825","10.1016/j.mri.2020.02.011"
"31992744","Ultra High Field fMRI of Human Superior Colliculi Activity during Affective Visual Processing","Wang YC, Bianciardi M, Chanes L, Satpute AB.","Sci Rep. 2020 Jan 28;10(1):1331. doi: 10.1038/s41598-020-57653-z.","Wang YC","Sci Rep","2020","2020/01/30","PMC6987103","","10.1038/s41598-020-57653-z"
"31904490","In vivo functional localization of the temporal monocular crescent representation in human primary visual cortex","Nasr S, LaPierre C, Vaughn CE, Witzel T, Stockmann JP, Polimeni JR.","Neuroimage. 2020 Apr 1;209:116516. doi: 10.1016/j.neuroimage.2020.116516. Epub 2020 Jan 3.","Nasr S","Neuroimage","2020","2020/01/07","PMC7056564","NIHMS1548385","10.1016/j.neuroimage.2020.116516"
"31871175","Cerebral cortical folding, parcellation, and connectivity in humans, nonhuman primates, and mice","Van Essen DC, Donahue CJ, Coalson TS, Kennedy H, Hayashi T, Glasser MF.","Proc Natl Acad Sci U S A. 2019 Dec 23;116(52):26173-80. doi: 10.1073/pnas.1902299116. Online ahead of print.","Van Essen DC","Proc Natl Acad Sci U S A","2019","2019/12/25","PMC6936571","","10.1073/pnas.1902299116"
"31825706","Transcranial alternating current stimulation attenuates BOLD adaptation and increases functional connectivity","Kar K, Ito T, Cole MW, Krekelberg B.","J Neurophysiol. 2020 Jan 1;123(1):428-438. doi: 10.1152/jn.00376.2019. Epub 2019 Dec 11.","Kar K","J Neurophysiol","2020","2019/12/12","PMC6985864","","10.1152/jn.00376.2019"
"31743789","Pypreclin: An automatic pipeline for macaque functional MRI preprocessing","Tasserie J, Grigis A, Uhrig L, Dupont M, Amadon A, Jarraya B.","Neuroimage. 2020 Feb 15;207:116353. doi: 10.1016/j.neuroimage.2019.116353. Epub 2019 Nov 16.","Tasserie J","Neuroimage","2020","2019/11/20","","","10.1016/j.neuroimage.2019.116353"
"30943105","Saccadic suppression measured by steady-state visual evoked potentials","Chen J, Valsecchi M, Gegenfurtner KR.","J Neurophysiol. 2019 Jul 1;122(1):251-258. doi: 10.1152/jn.00712.2018. Epub 2019 Apr 3.","Chen J","J Neurophysiol","2019","2019/04/04","","","10.1152/jn.00712.2018"
"30926817","Intrinsic functional architecture of the non-human primate spinal cord derived from fMRI and electrophysiology","Wu TL, Yang PF, Wang F, Shi Z, Mishra A, Wu R, Chen LM, Gore JC.","Nat Commun. 2019 Mar 29;10(1):1416. doi: 10.1038/s41467-019-09485-3.","Wu TL","Nat Commun","2019","2019/03/31","PMC6440970","","10.1038/s41467-019-09485-3"
"30877735","Cerebellar pathology in Alzheimer's disease","Mavroudis I.","Hell J Nucl Med. 2019 Jan-Apr;22 Suppl:174-179.","Mavroudis I","Hell J Nucl Med","2019","2019/03/17","","",""
"30767129","Hippocampal contributions to value-based learning: Converging evidence from fMRI and amnesia","Palombo DJ, Hayes SM, Reid AG, Verfaellie M.","Cogn Affect Behav Neurosci. 2019 Jun;19(3):523-536. doi: 10.3758/s13415-018-00687-8.","Palombo DJ","Cogn Affect Behav Neurosci","2019","2019/02/16","PMC6715285","NIHMS1521712","10.3758/s13415-018-00687-8"
"30601693","Functionally distinct language and Theory of Mind networks are synchronized at rest and during language comprehension","Paunov AM, Blank IA, Fedorenko E.","J Neurophysiol. 2019 Apr 1;121(4):1244-1265. doi: 10.1152/jn.00619.2018. Epub 2019 Jan 2.","Paunov AM","J Neurophysiol","2019","2019/01/03","PMC6485726","","10.1152/jn.00619.2018"
"30566918","A surface loop array for in vivo small animal MRI/fMRI on 7T human scanners","Gao Y, Wang P, Qian M, Zhao J, Xu H, Zhang X.","Phys Med Biol. 2019 Jan 24;64(3):035009. doi: 10.1088/1361-6560/aaf9e4.","Gao Y","Phys Med Biol","2019","2018/12/20","","","10.1088/1361-6560/aaf9e4"
"30395192","Homology and Specificity of Natural Sound-Encoding in Human and Monkey Auditory Cortex","Erb J, Armendariz M, De Martino F, Goebel R, Vanduffel W, Formisano E.","Cereb Cortex. 2019 Aug 14;29(9):3636-3650. doi: 10.1093/cercor/bhy243.","Erb J","Cereb Cortex","2019","2018/11/06","","","10.1093/cercor/bhy243"
"30355629","Functional MRI in Macaque Monkeys during Task Switching","Premereur E, Janssen P, Vanduffel W.","J Neurosci. 2018 Dec 12;38(50):10619-10630. doi: 10.1523/JNEUROSCI.1539-18.2018. Epub 2018 Oct 24.","Premereur E","J Neurosci","2018","2018/10/26","PMC6580658","","10.1523/JNEUROSCI.1539-18.2018"
"30099461","Comparative Primate Connectomics","Rilling JK, van den Heuvel MP.","Brain Behav Evol. 2018;91(3):170-179. doi: 10.1159/000488886. Epub 2018 Aug 10.","Rilling JK","Brain Behav Evol","2018","2018/08/13","","","10.1159/000488886"
"30009124","Developing Repetitive Transcranial Magnetic Stimulation (rTMS) as a Treatment Tool for Cocaine Use Disorder: a Series of Six Translational Studies","Hanlon CA, Kearney-Ramos T, Dowdle LT, Hamilton S, DeVries W, Mithoefer O, Austelle C, Lench DH, Correia B, Canterberry M, Smith JP, Brady KT, George MS.","Curr Behav Neurosci Rep. 2017 Dec;4(4):341-352. doi: 10.1007/s40473-017-0135-4. Epub 2017 Oct 23.","Hanlon CA","Curr Behav Neurosci Rep","2017","2018/07/17","PMC6039979","NIHMS943591","10.1007/s40473-017-0135-4"
"29844162","NT3-chitosan enables de novo regeneration and functional recovery in monkeys after spinal cord injury","Rao JS, Zhao C, Zhang A, Duan H, Hao P, Wei RH, Shang J, Zhao W, Liu Z, Yu J, Fan KS, Tian Z, He Q, Song W, Yang Z, Sun YE, Li X.","Proc Natl Acad Sci U S A. 2018 Jun 12;115(24):E5595-E5604. doi: 10.1073/pnas.1804735115. Epub 2018 May 29.","Rao JS","Proc Natl Acad Sci U S A","2018","2018/05/31","PMC6004491","","10.1073/pnas.1804735115"
"29789605","Neuromodulation of sensory networks in monkey brain by focused ultrasound with MRI guidance and detection","Yang PF, Phipps MA, Newton AT, Chaplin V, Gore JC, Caskey CF, Chen LM.","Sci Rep. 2018 May 22;8(1):7993. doi: 10.1038/s41598-018-26287-7.","Yang PF","Sci Rep","2018","2018/05/24","PMC5964220","","10.1038/s41598-018-26287-7"
"29679734","Cortical networks for encoding near and far space in the non-human primate","Cléry J, Guipponi O, Odouard S, Wardak C, Ben Hamed S.","Neuroimage. 2018 Aug 1;176:164-178. doi: 10.1016/j.neuroimage.2018.04.036. Epub 2018 Apr 19.","Cléry J","Neuroimage","2018","2018/04/22","","","10.1016/j.neuroimage.2018.04.036"
"29496614","Segregation of the human basal forebrain using resting state functional MRI","Markello RD, Spreng RN, Luh WM, Anderson AK, De Rosa E.","Neuroimage. 2018 Jun;173:287-297. doi: 10.1016/j.neuroimage.2018.02.042. Epub 2018 Feb 26.","Markello RD","Neuroimage","2018","2018/03/03","","","10.1016/j.neuroimage.2018.02.042"
"29476765","Neural responses to visually observed social interactions","Walbrin J, Downing P, Koldewyn K.","Neuropsychologia. 2018 Apr;112:31-39. doi: 10.1016/j.neuropsychologia.2018.02.023. Epub 2018 Feb 22.","Walbrin J","Neuropsychologia","2018","2018/02/25","PMC5899757","","10.1016/j.neuropsychologia.2018.02.023"
"29415163","Genetic Variation of a DRD2 Co-expression Network is Associated with Changes in Prefrontal Function After D2 Receptors Stimulation","Selvaggi P, Pergola G, Gelao B, Di Carlo P, Nettis MA, Amico G, Fazio L, Rampino A, Sambataro F, Blasi G, Bertolino A.","Cereb Cortex. 2019 Mar 1;29(3):1162-1173. doi: 10.1093/cercor/bhy022.","Selvaggi P","Cereb Cortex","2019","2018/02/08","","","10.1093/cercor/bhy022"
"29285809","Investigation of the BOLD and CBV fMRI responses to somatosensory stimulation in awake marmosets (Callithrix jacchus)","Hirano Y, Yen CC, Liu JV, Mackel JB, Merkle H, Nascimento GC, Stefanovic B, Silva AC.","NMR Biomed. 2018 Mar;31(3):10.1002/nbm.3864. doi: 10.1002/nbm.3864. Epub 2017 Dec 29.","Hirano Y","NMR Biomed","2018","2017/12/30","PMC5841465","NIHMS939537","10.1002/nbm.3864"
"29070901","The neural representation of human versus nonhuman bipeds and quadrupeds","Papeo L, Wurm MF, Oosterhof NN, Caramazza A.","Sci Rep. 2017 Oct 25;7(1):14040. doi: 10.1038/s41598-017-14424-7.","Papeo L","Sci Rep","2017","2017/10/27","PMC5656636","","10.1038/s41598-017-14424-7"
"29050469","In Vivo [(18)F]GE-179 Brain Signal Does Not Show NMDA-Specific Modulation with Drug Challenges in Rodents and Nonhuman Primates","Schoenberger M, Schroeder FA, Placzek MS, Carter RL, Rosen BR, Hooker JM, Sander CY.","ACS Chem Neurosci. 2018 Feb 21;9(2):298-305. doi: 10.1021/acschemneuro.7b00327. Epub 2017 Nov 14.","Schoenberger M","ACS Chem Neurosci","2018","2017/10/21","PMC5894869","NIHMS944838","10.1021/acschemneuro.7b00327"
"29049083","Ketamine and pharmacological imaging: use of functional magnetic resonance imaging to evaluate mechanisms of action","Maltbie EA, Kaundinya GS, Howell LL.","Behav Pharmacol. 2017 Dec;28(8):610-622. doi: 10.1097/FBP.0000000000000354.","Maltbie EA","Behav Pharmacol","2017","2017/10/20","PMC5687297","NIHMS909831","10.1097/FBP.0000000000000354"
"28935007","An International Survey of Approaches to Chair Restraint of Nonhuman Primates","McMillan JL, Bloomsmith MA, Prescott MJ.","Comp Med. 2017 Oct 1;67(5):442-451.","McMillan JL","Comp Med","2017","2017/09/23","PMC5621573","",""
"28905408","Resting-state functional connectivity in the rat cervical spinal cord at 9.4 T","Wu TL, Wang F, Mishra A, Wilson GH 3rd, Byun N, Chen LM, Gore JC.","Magn Reson Med. 2018 May;79(5):2773-2783. doi: 10.1002/mrm.26905. Epub 2017 Sep 14.","Wu TL","Magn Reson Med","2018","2017/09/15","PMC5821555","NIHMS928552","10.1002/mrm.26905"
"28466257","Cortical Representation of Pain and Touch: Evidence from Combined Functional Neuroimaging and Electrophysiology in Non-human Primates","Chen LM.","Neurosci Bull. 2018 Feb;34(1):165-177. doi: 10.1007/s12264-017-0133-2. Epub 2017 May 2.","Chen LM","Neurosci Bull","2018","2017/05/04","PMC5799120","","10.1007/s12264-017-0133-2"
"28457575","Objective analysis of the topological organization of the human cortical visual connectome suggests three visual pathways","Haak KV, Beckmann CF.","Cortex. 2018 Jan;98:73-83. doi: 10.1016/j.cortex.2017.03.020. Epub 2017 Apr 7.","Haak KV","Cortex","2018","2017/05/02","PMC5780302","","10.1016/j.cortex.2017.03.020"
"28389654","In vivo evidence of functional and anatomical stripe-based subdivisions in human V2 and V3","Dumoulin SO, Harvey BM, Fracasso A, Zuiderbaan W, Luijten PR, Wandell BA, Petridou N.","Sci Rep. 2017 Apr 7;7(1):733. doi: 10.1038/s41598-017-00634-6.","Dumoulin SO","Sci Rep","2017","2017/04/09","PMC5428808","","10.1038/s41598-017-00634-6"
"28334082","Decoding Grasping Movements from the Parieto-Frontal Reaching Circuit in the Nonhuman Primate","Nelissen K, Fiave PA, Vanduffel W.","Cereb Cortex. 2018 Apr 1;28(4):1245-1259. doi: 10.1093/cercor/bhx037.","Nelissen K","Cereb Cortex","2018","2017/03/24","","","10.1093/cercor/bhx037"
"28193868","Dopamine in the medial amygdala network mediates human bonding","Atzil S, Touroutoglou A, Rudy T, Salcedo S, Feldman R, Hooker JM, Dickerson BC, Catana C, Barrett LF.","Proc Natl Acad Sci U S A. 2017 Feb 28;114(9):2361-2366. doi: 10.1073/pnas.1612233114. Epub 2017 Feb 13.","Atzil S","Proc Natl Acad Sci U S A","2017","2017/02/15","PMC5338494","","10.1073/pnas.1612233114"
"28161319","Biophysical and neural basis of resting state functional connectivity: Evidence from non-human primates","Chen LM, Yang PF, Wang F, Mishra A, Shi Z, Wu R, Wu TL, Wilson GH 3rd, Ding Z, Gore JC.","Magn Reson Imaging. 2017 Jun;39:71-81. doi: 10.1016/j.mri.2017.01.020. Epub 2017 Feb 2.","Chen LM","Magn Reson Imaging","2017","2017/02/06","PMC5410395","NIHMS852391","10.1016/j.mri.2017.01.020"
"28069964","Task-specific reorganization of the auditory cortex in deaf humans","Bola Ł, Zimmermann M, Mostowski P, Jednoróg K, Marchewka A, Rutkowski P, Szwed M.","Proc Natl Acad Sci U S A. 2017 Jan 24;114(4):E600-E609. doi: 10.1073/pnas.1609000114. Epub 2017 Jan 9.","Bola Ł","Proc Natl Acad Sci U S A","2017","2017/01/11","PMC5278486","","10.1073/pnas.1609000114"
"27530989","Ketamine-induced changes in connectivity of functional brain networks in awake female nonhuman primates: a translational functional imaging model","Gopinath K, Maltbie E, Urushino N, Kempf D, Howell L.","Psychopharmacology (Berl). 2016 Oct;233(21-22):3673-3684. doi: 10.1007/s00213-016-4401-z. Epub 2016 Aug 16.","Gopinath K","Psychopharmacology (Berl)","2016","2016/08/18","","","10.1007/s00213-016-4401-z"
"27501382","Design and implementation of embedded 8-channel receive-only arrays for whole-brain MRI and fMRI of conscious awake marmosets","Papoti D, Yen CC, Hung CC, Ciuchta J, Leopold DA, Silva AC.","Magn Reson Med. 2017 Jul;78(1):387-398. doi: 10.1002/mrm.26339. Epub 2016 Aug 8.","Papoti D","Magn Reson Med","2017","2016/08/09","PMC5298952","NIHMS797550","10.1002/mrm.26339"
"27439860","Constituents and functional implications of the rat default mode network","Hsu LM, Liang X, Gu H, Brynildsen JK, Stark JA, Ash JA, Lin CP, Lu H, Rapp PR, Stein EA, Yang Y.","Proc Natl Acad Sci U S A. 2016 Aug 2;113(31):E4541-7. doi: 10.1073/pnas.1601485113. Epub 2016 Jul 20.","Hsu LM","Proc Natl Acad Sci U S A","2016","2016/07/22","PMC4978262","","10.1073/pnas.1601485113"
"27374728","Systematic variation of population receptive field properties across cortical depth in human visual cortex","Fracasso A, Petridou N, Dumoulin SO.","Neuroimage. 2016 Oct 1;139:427-438. doi: 10.1016/j.neuroimage.2016.06.048. Epub 2016 Jul 1.","Fracasso A","Neuroimage","2016","2016/07/05","","","10.1016/j.neuroimage.2016.06.048"
"27344239","Stereopsis after anterior temporal lobectomy","Verhoef BE, Decramer T, van Loon J, Goffin J, Van Paesschen W, Janssen P, Theys T.","Cortex. 2016 Sep;82:63-71. doi: 10.1016/j.cortex.2016.05.020. Epub 2016 Jun 8.","Verhoef BE","Cortex","2016","2016/06/27","","","10.1016/j.cortex.2016.05.020"
"27091670","Speed of saccade execution and inhibition associated with fractional anisotropy in distinct fronto-frontal and fronto-striatal white matter pathways","Thakkar KN, van den Heiligenberg FM, Kahn RS, Neggers SF.","Hum Brain Mapp. 2016 Aug;37(8):2811-22. doi: 10.1002/hbm.23209. Epub 2016 Apr 19.","Thakkar KN","Hum Brain Mapp","2016","2016/04/20","PMC6867450","","10.1002/hbm.23209"
"26660447","Ketamine-induced brain activation in awake female nonhuman primates: a translational functional imaging model","Maltbie E, Gopinath K, Urushino N, Kempf D, Howell L.","Psychopharmacology (Berl). 2016 Mar;233(6):961-72. doi: 10.1007/s00213-015-4175-8. Epub 2015 Dec 10.","Maltbie E","Psychopharmacology (Berl)","2016","2015/12/15","PMC4761287","NIHMS744228","10.1007/s00213-015-4175-8"
"26245316","Multivariate sensitivity to voice during auditory categorization","Lee YS, Peelle JE, Kraemer D, Lloyd S, Granger R.","J Neurophysiol. 2015 Sep;114(3):1819-26. doi: 10.1152/jn.00407.2014. Epub 2015 Aug 5.","Lee YS","J Neurophysiol","2015","2015/08/07","PMC4575973","","10.1152/jn.00407.2014"
"26149609","Functional MRI of visual responses in the awake, behaving marmoset","Hung CC, Yen CC, Ciuchta JL, Papoti D, Bock NA, Leopold DA, Silva AC.","Neuroimage. 2015 Oct 15;120:1-11. doi: 10.1016/j.neuroimage.2015.06.090. Epub 2015 Jul 3.","Hung CC","Neuroimage","2015","2015/07/08","PMC4589494","NIHMS711899","10.1016/j.neuroimage.2015.06.090"
"25970649","Functional subdivisions of medial parieto-occipital cortex in humans and nonhuman primates using resting-state fMRI","Hutchison RM, Culham JC, Flanagan JR, Everling S, Gallivan JP.","Neuroimage. 2015 Aug 1;116:10-29. doi: 10.1016/j.neuroimage.2015.04.068. Epub 2015 May 10.","Hutchison RM","Neuroimage","2015","2015/05/14","","","10.1016/j.neuroimage.2015.04.068"
"25876179","Neural coding within human brain areas involved in actions","Gallivan JP, Culham JC.","Curr Opin Neurobiol. 2015 Aug;33:141-9. doi: 10.1016/j.conb.2015.03.012. Epub 2015 Apr 11.","Gallivan JP","Curr Opin Neurobiol","2015","2015/04/16","","","10.1016/j.conb.2015.03.012"
"25576538","Planning Ahead: Object-Directed Sequential Actions Decoded from Human Frontoparietal and Occipitotemporal Networks","Gallivan JP, Johnsrude IS, Flanagan JR.","Cereb Cortex. 2016 Feb;26(2):708-30. doi: 10.1093/cercor/bhu302. Epub 2015 Jan 9.","Gallivan JP","Cereb Cortex","2016","2015/01/11","PMC4712801","","10.1093/cercor/bhu302"
"25044934","Isoflurane induces dose-dependent alterations in the cortical connectivity profiles and dynamic properties of the brain's functional architecture","Hutchison RM, Hutchison M, Manning KY, Menon RS, Everling S.","Hum Brain Mapp. 2014 Dec;35(12):5754-75. doi: 10.1002/hbm.22583. Epub 2014 Jul 12.","Hutchison RM","Hum Brain Mapp","2014","2014/07/22","PMC6869297","","10.1002/hbm.22583"
"24966390","Frontal-subcortical circuits involved in reactive control and monitoring of gaze","Thakkar KN, van den Heiligenberg FM, Kahn RS, Neggers SF.","J Neurosci. 2014 Jun 25;34(26):8918-29. doi: 10.1523/JNEUROSCI.0732-14.2014.","Thakkar KN","J Neurosci","2014","2014/06/27","PMC6608199","","10.1523/JNEUROSCI.0732-14.2014"
"24452906","The impact of vascular factors on language localization in the superior temporal sulcus","Wilson SM.","Hum Brain Mapp. 2014 Aug;35(8):4049-63. doi: 10.1002/hbm.22457. Epub 2014 Jan 22.","Wilson SM","Hum Brain Mapp","2014","2014/01/24","PMC4831909","NIHMS774278","10.1002/hbm.22457"
"24440411","Representation of response alternatives in human presupplementary motor area: multi-voxel pattern analysis in a go/no-go task","Fedota JR, Hardee JE, Pérez-Edgar K, Thompson JC.","Neuropsychologia. 2014 Apr;56:110-118. doi: 10.1016/j.neuropsychologia.2013.12.022. Epub 2014 Jan 15.","Fedota JR","Neuropsychologia","2014","2014/01/21","PMC3966967","NIHMS556491","10.1016/j.neuropsychologia.2013.12.022"
"24412331","Evaluating signal-correlated noise as a control task with language-related gamma activity on electrocorticography","Brown EC, Muzik O, Rothermel R, Juhász C, Shah AK, Fuerst D, Mittal S, Sood S, Asano E.","Clin Neurophysiol. 2014 Jul;125(7):1312-23. doi: 10.1016/j.clinph.2013.11.026. Epub 2013 Dec 1.","Brown EC","Clin Neurophysiol","2014","2014/01/14","PMC4035421","NIHMS557907","10.1016/j.clinph.2013.11.026"
"24285866","Effects of unilateral deactivations of dorsolateral prefrontal cortex and anterior cingulate cortex on saccadic eye movements","Koval MJ, Hutchison RM, Lomber SG, Everling S.","J Neurophysiol. 2014 Feb;111(4):787-803. doi: 10.1152/jn.00626.2013. Epub 2013 Nov 27.","Koval MJ","J Neurophysiol","2014","2013/11/29","","","10.1152/jn.00626.2013"
"24244892","Quantitative MRI Measures in SIV-Infected Macaque Brains","Zhang X, Li C.","J Clin Cell Immunol. 2013;Suppl 7:005. doi: 10.4172/2155-9899.S7-005.","Zhang X","J Clin Cell Immunol","2013","2013/11/19","PMC3826881","NIHMS452246","10.4172/2155-9899.S7-005"
"24133280","Large-scale brain networks in the awake, truly resting marmoset monkey","Belcher AM, Yen CC, Stepp H, Gu H, Lu H, Yang Y, Silva AC, Stein EA.","J Neurosci. 2013 Oct 16;33(42):16796-804. doi: 10.1523/JNEUROSCI.3146-13.2013.","Belcher AM","J Neurosci","2013","2013/10/18","PMC3797383","","10.1523/JNEUROSCI.3146-13.2013"
"24082116","Identification of discrete functional subregions of the human periaqueductal gray","Satpute AB, Wager TD, Cohen-Adad J, Bianciardi M, Choi JK, Buhle JT, Wald LL, Barrett LF.","Proc Natl Acad Sci U S A. 2013 Oct 15;110(42):17101-6. doi: 10.1073/pnas.1306095110. Epub 2013 Sep 30.","Satpute AB","Proc Natl Acad Sci U S A","2013","2013/10/02","PMC3801046","","10.1073/pnas.1306095110"
"23773004","A method for conducting functional MRI studies in alert nonhuman primates: initial results with opioid agonists in male cynomolgus monkeys","Kaufman MJ, Janes AC, Frederick Bd, Brimson-Théberge M, Tong Y, McWilliams SB, Bear A, Gillis TE, Schrode KM, Renshaw PF, Negus SS.","Exp Clin Psychopharmacol. 2013 Aug;21(4):323-31. doi: 10.1037/a0033062. Epub 2013 Jun 17.","Kaufman MJ","Exp Clin Psychopharmacol","2013","2013/06/19","PMC3916219","NIHMS546580","10.1037/a0033062"
"23723346","Neurovascular coupling to D2/D3 dopamine receptor occupancy using simultaneous PET/functional MRI","Sander CY, Hooker JM, Catana C, Normandin MD, Alpert NM, Knudsen GM, Vanduffel W, Rosen BR, Mandeville JB.","Proc Natl Acad Sci U S A. 2013 Jul 2;110(27):11169-74. doi: 10.1073/pnas.1220512110. Epub 2013 May 30.","Sander CY","Proc Natl Acad Sci U S A","2013","2013/06/01","PMC3703969","","10.1073/pnas.1220512110"
"23716429","Magnetic resonance imaging of the retina: from mice to men","Duong TQ.","Magn Reson Med. 2014 Apr;71(4):1526-30. doi: 10.1002/mrm.24797. Epub 2013 May 28.","Duong TQ","Magn Reson Med","2014","2013/05/30","PMC3783549","NIHMS479174","10.1002/mrm.24797"
"23648963","In vivo architectonics: a cortico-centric perspective","Van Essen DC, Glasser MF.","Neuroimage. 2014 Jun;93 Pt 2:157-64. doi: 10.1016/j.neuroimage.2013.04.095. Epub 2013 May 3.","Van Essen DC","Neuroimage","2014","2013/05/08","PMC3767769","NIHMS476163","10.1016/j.neuroimage.2013.04.095"
"23365237","Where one hand meets the other: limb-specific and action-dependent movement plans decoded from preparatory signals in single human frontoparietal brain areas","Gallivan JP, McLean DA, Flanagan JR, Culham JC.","J Neurosci. 2013 Jan 30;33(5):1991-2008. doi: 10.1523/JNEUROSCI.0541-12.2013.","Gallivan JP","J Neurosci","2013","2013/02/01","PMC6619126","","10.1523/JNEUROSCI.0541-12.2013"
"23188798","Orthogonal acoustic dimensions define auditory field maps in human cortex","Barton B, Venezia JH, Saberi K, Hickok G, Brewer AA.","Proc Natl Acad Sci U S A. 2012 Dec 11;109(50):20738-43. doi: 10.1073/pnas.1213381109. Epub 2012 Nov 27.","Barton B","Proc Natl Acad Sci U S A","2012","2012/11/29","PMC3528571","","10.1073/pnas.1213381109"
"23136420","Within-digit functional parcellation of Brodmann areas of the human primary somatosensory cortex using functional magnetic resonance imaging at 7 tesla","Sanchez-Panchuelo RM, Besle J, Beckett A, Bowtell R, Schluppeck D, Francis S.","J Neurosci. 2012 Nov 7;32(45):15815-22. doi: 10.1523/JNEUROSCI.2501-12.2012.","Sanchez-Panchuelo RM","J Neurosci","2012","2012/11/09","PMC6621625","","10.1523/JNEUROSCI.2501-12.2012"
"22960664","Current state-of-the-art of auditory functional MRI (fMRI) on zebra finches: technique and scientific achievements","Van Ruijssevelt L, Van der Kant A, De Groof G, Van der Linden A.","J Physiol Paris. 2013 Jun;107(3):156-69. doi: 10.1016/j.jphysparis.2012.08.005. Epub 2012 Aug 30.","Van Ruijssevelt L","J Physiol Paris","2013","2012/09/11","","","10.1016/j.jphysparis.2012.08.005"
"22855672","Monkey in the middle: why non-human primates are needed to bridge the gap in resting-state investigations","Hutchison RM, Everling S.","Front Neuroanat. 2012 Jul 26;6:29. doi: 10.3389/fnana.2012.00029. eCollection 2012.","Hutchison RM","Front Neuroanat","2012","2012/08/03","PMC3405297","","10.3389/fnana.2012.00029"
"22737119","On the relationship between the ""default mode network"" and the ""social brain""","Mars RB, Neubert FX, Noonan MP, Sallet J, Toni I, Rushworth MF.","Front Hum Neurosci. 2012 Jun 21;6:189. doi: 10.3389/fnhum.2012.00189. eCollection 2012.","Mars RB","Front Hum Neurosci","2012","2012/06/28","PMC3380415","","10.3389/fnhum.2012.00189"
"22505995","Dissociating object directed and non-object directed action in the human mirror system; implications for theories of motor simulation","Agnew ZK, Wise RJ, Leech R.","PLoS One. 2012;7(4):e32517. doi: 10.1371/journal.pone.0032517. Epub 2012 Apr 10.","Agnew ZK","PLoS One","2012","2012/04/17","PMC3323585","","10.1371/journal.pone.0032517"
"22456882","Is visual processing in the dorsal stream accessible to consciousness?","Milner AD.","Proc Biol Sci. 2012 Jun 22;279(1737):2289-98. doi: 10.1098/rspb.2011.2663. Epub 2012 Mar 28.","Milner AD","Proc Biol Sci","2012","2012/03/30","PMC3350678","","10.1098/rspb.2011.2663"
"22266175","Estradiol treatment altered anticholinergic-related brain activation during working memory in postmenopausal women","Dumas JA, Kutz AM, Naylor MR, Johnson JV, Newhouse PA.","Neuroimage. 2012 Apr 2;60(2):1394-403. doi: 10.1016/j.neuroimage.2012.01.043. Epub 2012 Jan 12.","Dumas JA","Neuroimage","2012","2012/01/24","PMC3303937","NIHMS349968","10.1016/j.neuroimage.2012.01.043"
"22253662","A frameless stereotaxic MRI technique for macaque neuroscience studies","Dubowitz DJ, Scadeng M.","Open Neuroimag J. 2011;5:198-205. doi: 10.2174/1874440001105010198. Epub 2011 Nov 18.","Dubowitz DJ","Open Neuroimag J","2011","2012/01/19","PMC3257065","","10.2174/1874440001105010198"
"22235303","A functional and structural investigation of the human fronto-basal volitional saccade network","Neggers SF, Diepen RM, Zandbelt BB, Vink M, Mandl RC, Gutteling TP.","PLoS One. 2012;7(1):e29517. doi: 10.1371/journal.pone.0029517. Epub 2012 Jan 3.","Neggers SF","PLoS One","2012","2012/01/12","PMC3250458","","10.1371/journal.pone.0029517"
"22131970","The human likeness dimension of the ""uncanny valley hypothesis"": behavioral and functional MRI findings","Cheetham M, Suter P, Jäncke L.","Front Hum Neurosci. 2011 Nov 24;5:126. doi: 10.3389/fnhum.2011.00126. eCollection 2011.","Cheetham M","Front Hum Neurosci","2011","2011/12/02","PMC3223398","","10.3389/fnhum.2011.00126"
"22114283","Decoding effector-dependent and effector-independent movement intentions from human parieto-frontal brain activity","Gallivan JP, McLean DA, Smith FW, Culham JC.","J Neurosci. 2011 Nov 23;31(47):17149-68. doi: 10.1523/JNEUROSCI.1058-11.2011.","Gallivan JP","J Neurosci","2011","2011/11/25","PMC6623835","","10.1523/JNEUROSCI.1058-11.2011"
"21715625","Decoding action intentions from preparatory brain activity in human parieto-frontal networks","Gallivan JP, McLean DA, Valyear KF, Pettypiece CE, Culham JC.","J Neurosci. 2011 Jun 29;31(26):9599-610. doi: 10.1523/JNEUROSCI.0080-11.2011.","Gallivan JP","J Neurosci","2011","2011/07/01","PMC6623162","","10.1523/JNEUROSCI.0080-11.2011"
"21697384","Functional correlates of the anterolateral processing hierarchy in human auditory cortex","Chevillet M, Riesenhuber M, Rauschecker JP.","J Neurosci. 2011 Jun 22;31(25):9345-52. doi: 10.1523/JNEUROSCI.1448-11.2011.","Chevillet M","J Neurosci","2011","2011/06/24","PMC3142575","NIHMS305056","10.1523/JNEUROSCI.1448-11.2011"
"21360746","Anatomical, blood oxygenation level-dependent, and blood flow MRI of nonhuman primate (baboon) retina","Zhang Y, Wey HY, San Emeterio Nateras O, Peng Q, De La Garza BH, Duong TQ.","Magn Reson Med. 2011 Aug;66(2):546-54. doi: 10.1002/mrm.22853. Epub 2011 Feb 28.","Zhang Y","Magn Reson Med","2011","2011/03/02","PMC3561722","NIHMS263531","10.1002/mrm.22853"
"21335014","Glucose administration enhances fMRI brain activation and connectivity related to episodic memory encoding for neutral and emotional stimuli","Parent MB, Krebs-Kraft DL, Ryan JP, Wilson JS, Harenski C, Hamann S.","Neuropsychologia. 2011 Apr;49(5):1052-1066. doi: 10.1016/j.neuropsychologia.2011.02.013. Epub 2011 Feb 16.","Parent MB","Neuropsychologia","2011","2011/02/22","","","10.1016/j.neuropsychologia.2011.02.013"
"21044887","Population-averaged standard template brain atlas for the common marmoset (Callithrix jacchus)","Hikishima K, Quallo MM, Komaki Y, Yamada M, Kawai K, Momoshima S, Okano HJ, Sasaki E, Tamaoki N, Lemon RN, Iriki A, Okano H.","Neuroimage. 2011 Feb 14;54(4):2741-9. doi: 10.1016/j.neuroimage.2010.10.061. Epub 2010 Oct 29.","Hikishima K","Neuroimage","2011","2010/11/04","","","10.1016/j.neuroimage.2010.10.061"
"20692278","Imaging retinotopic maps in the human brain","Wandell BA, Winawer J.","Vision Res. 2011 Apr 13;51(7):718-37. doi: 10.1016/j.visres.2010.08.004. Epub 2010 Aug 6.","Wandell BA","Vision Res","2011","2010/08/10","PMC3030662","NIHMS234413","10.1016/j.visres.2010.08.004"
"20600991","It is not always tickling: distinct cerebral responses during perception of different laughter types","Szameitat DP, Kreifelts B, Alter K, Szameitat AJ, Sterr A, Grodd W, Wildgruber D.","Neuroimage. 2010 Dec;53(4):1264-71. doi: 10.1016/j.neuroimage.2010.06.028. Epub 2010 Jun 18.","Szameitat DP","Neuroimage","2010","2010/07/06","","","10.1016/j.neuroimage.2010.06.028"
"20220100","Distinct frontal systems for response inhibition, attentional capture, and error processing","Sharp DJ, Bonnelle V, De Boissezon X, Beckmann CF, James SG, Patel MC, Mehta MA.","Proc Natl Acad Sci U S A. 2010 Mar 30;107(13):6106-11. doi: 10.1073/pnas.1000175107. Epub 2010 Mar 10.","Sharp DJ","Proc Natl Acad Sci U S A","2010","2010/03/12","PMC2851908","","10.1073/pnas.1000175107"
"19948225","Anomalous neural circuit function in schizophrenia during a virtual Morris water task","Folley BS, Astur R, Jagannathan K, Calhoun VD, Pearlson GD.","Neuroimage. 2010 Feb 15;49(4):3373-84. doi: 10.1016/j.neuroimage.2009.11.034. Epub 2009 Dec 4.","Folley BS","Neuroimage","2010","2009/12/02","PMC2818580","NIHMS162445","10.1016/j.neuroimage.2009.11.034"
"19812283","Visual-manual exploration and posterior parietal cortex in humans","Hinkley LB, Krubitzer LA, Padberg J, Disbrow EA.","J Neurophysiol. 2009 Dec;102(6):3433-46. doi: 10.1152/jn.90785.2008. Epub 2009 Oct 7.","Hinkley LB","J Neurophysiol","2009","2009/10/09","PMC2804435","","10.1152/jn.90785.2008"
"19429079","Online mentalising investigated with functional MRI","Kircher T, Blümel I, Marjoram D, Lataster T, Krabbendam L, Weber J, van Os J, Krach S.","Neurosci Lett. 2009 May 1;454(3):176-81. doi: 10.1016/j.neulet.2009.03.026. Epub 2009 Mar 14.","Kircher T","Neurosci Lett","2009","2009/05/12","","","10.1016/j.neulet.2009.03.026"
"19190637","Complex brain networks: graph theoretical analysis of structural and functional systems","Bullmore E, Sporns O.","Nat Rev Neurosci. 2009 Mar;10(3):186-98. doi: 10.1038/nrn2575. Epub 2009 Feb 4.","Bullmore E","Nat Rev Neurosci","2009","2009/02/05","","","10.1038/nrn2575"
"19074351","Modafinil shifts human locus coeruleus to low-tonic, high-phasic activity during functional MRI","Minzenberg MJ, Watrous AJ, Yoon JH, Ursu S, Carter CS.","Science. 2008 Dec 12;322(5908):1700-2. doi: 10.1126/science.1164908.","Minzenberg MJ","Science","2008","2008/12/17","","","10.1126/science.1164908"
"19073806","Dissociating vision and visual attention in the human pulvinar","Smith AT, Cotton PL, Bruno A, Moutsiana C.","J Neurophysiol. 2009 Feb;101(2):917-25. doi: 10.1152/jn.90963.2008. Epub 2008 Dec 10.","Smith AT","J Neurophysiol","2009","2008/12/17","PMC2657069","","10.1152/jn.90963.2008"
"18971297","Development of working memory maintenance","Geier CF, Garver K, Terwilliger R, Luna B.","J Neurophysiol. 2009 Jan;101(1):84-99. doi: 10.1152/jn.90562.2008. Epub 2008 Oct 29.","Geier CF","J Neurophysiol","2009","2008/10/31","PMC2637004","","10.1152/jn.90562.2008"
"18513140","Different neural responses to stranger and personally familiar faces in shy and bold adults","Beaton EA, Schmidt LA, Schulkin J, Antony MM, Swinson RP, Hall GB.","Behav Neurosci. 2008 Jun;122(3):704-9. doi: 10.1037/0735-7044.122.3.704.","Beaton EA","Behav Neurosci","2008","2008/06/03","","","10.1037/0735-7044.122.3.704"
"17896395","MRI of spontaneous fluctuations after acute cerebral ischemia in nonhuman primates","Liu Y, D'Arceuil H, He J, Duggan M, Gonzalez G, Pryor J, de Crespigny A.","J Magn Reson Imaging. 2007 Oct;26(4):1112-6. doi: 10.1002/jmri.21131.","Liu Y","J Magn Reson Imaging","2007","2007/09/27","","","10.1002/jmri.21131"
"17509896","Robust controlled functional MRI in alert monkeys at high magnetic field: effects of jaw and body movements","Keliris GA, Shmuel A, Ku SP, Pfeuffer J, Oeltermann A, Steudel T, Logothetis NK.","Neuroimage. 2007 Jul 1;36(3):550-70. doi: 10.1016/j.neuroimage.2007.02.057. Epub 2007 Apr 10.","Keliris GA","Neuroimage","2007","2007/05/19","","","10.1016/j.neuroimage.2007.02.057"
"16702554","Binding crossmodal object features in perirhinal cortex","Taylor KI, Moss HE, Stamatakis EA, Tyler LK.","Proc Natl Acad Sci U S A. 2006 May 23;103(21):8239-44. doi: 10.1073/pnas.0509704103. Epub 2006 May 15.","Taylor KI","Proc Natl Acad Sci U S A","2006","2006/05/17","PMC1461402","","10.1073/pnas.0509704103"
"16702192","Non-invasive mapping of corticofugal fibres from multiple motor areas--relevance to stroke recovery","Newton JM, Ward NS, Parker GJ, Deichmann R, Alexander DC, Friston KJ, Frackowiak RS.","Brain. 2006 Jul;129(Pt 7):1844-58. doi: 10.1093/brain/awl106. Epub 2006 May 15.","Newton JM","Brain","2006","2006/05/17","PMC3718077","EMS53925","10.1093/brain/awl106"
"15944234","Visual responses of the human superior colliculus: a high-resolution functional magnetic resonance imaging study","Schneider KA, Kastner S.","J Neurophysiol. 2005 Oct;94(4):2491-503. doi: 10.1152/jn.00288.2005. Epub 2005 Jun 8.","Schneider KA","J Neurophysiol","2005","2005/06/10","","","10.1152/jn.00288.2005"
"15710884","Symmetry activates extrastriate visual cortex in human and nonhuman primates","Sasaki Y, Vanduffel W, Knutsen T, Tyler C, Tootell R.","Proc Natl Acad Sci U S A. 2005 Feb 22;102(8):3159-63. doi: 10.1073/pnas.0500319102. Epub 2005 Feb 14.","Sasaki Y","Proc Natl Acad Sci U S A","2005","2005/02/16","PMC549500","","10.1073/pnas.0500319102"
"15635061","Neurophysiological architecture of functional magnetic resonance images of human brain","Salvador R, Suckling J, Coleman MR, Pickard JD, Menon D, Bullmore E.","Cereb Cortex. 2005 Sep;15(9):1332-42. doi: 10.1093/cercor/bhi016. Epub 2005 Jan 5.","Salvador R","Cereb Cortex","2005","2005/01/07","","","10.1093/cercor/bhi016"
"14754864","The parahippocampal gyrus in the baboon: anatomical, cytoarchitectonic and magnetic resonance imaging (MRI) studies","Blaizot X, Martinez-Marcos A, Arroyo-Jimenez Md Mdel M, Marcos P, Artacho-Pérula E, Muñoz M, Chavoix C, Insausti R.","Cereb Cortex. 2004 Mar;14(3):231-46. doi: 10.1093/cercor/bhg123.","Blaizot X","Cereb Cortex","2004","2004/02/03","","","10.1093/cercor/bhg123"
"12626765","Persistence and brain circuitry","Gusnard DA, Ollinger JM, Shulman GL, Cloninger CR, Price JL, Van Essen DC, Raichle ME.","Proc Natl Acad Sci U S A. 2003 Mar 18;100(6):3479-84. doi: 10.1073/pnas.0538050100. Epub 2003 Mar 7.","Gusnard DA","Proc Natl Acad Sci U S A","2003","2003/03/11","PMC152318","","10.1073/pnas.0538050100"
"12414256","Is it tonotopy after all?","Schönwiesner M, von Cramon DY, Rübsamen R.","Neuroimage. 2002 Nov;17(3):1144-61. doi: 10.1006/nimg.2002.1250.","Schönwiesner M","Neuroimage","2002","2002/11/05","","","10.1006/nimg.2002.1250"
"12204305","Functional MRI studies in awake rhesus monkeys: methodological and analytical strategies","Andersen AH, Zhang Z, Barber T, Rayens WS, Zhang J, Grondin R, Hardy P, Gerhardt GA, Gash DM.","J Neurosci Methods. 2002 Aug 30;118(2):141-52. doi: 10.1016/s0165-0270(02)00123-1.","Andersen AH","J Neurosci Methods","2002","2002/09/03","","","10.1016/s0165-0270(02)00123-1"
"12148938","Human hippocampal activation in the delayed matching- and nonmatching-to-sample memory tasks: an event-related functional MRI approach","Monk CS, Zhuang J, Curtis WJ, Ofenloch IT, Tottenham N, Nelson CA, Hu X.","Behav Neurosci. 2002 Aug;116(4):716-21. doi: 10.1037//0735-7044.116.4.716.","Monk CS","Behav Neurosci","2002","2002/08/01","","","10.1037//0735-7044.116.4.716"
"11726800","Somatotopic organization of the medial wall of the cerebral hemispheres: a 3 Tesla fMRI study","Mayer AR, Zimbelman JL, Watanabe Y, Rao SM.","Neuroreport. 2001 Dec 4;12(17):3811-4. doi: 10.1097/00001756-200112040-00042.","Mayer AR","Neuroreport","2001","2001/12/01","","","10.1097/00001756-200112040-00042"
"11496106","Enhancing fMRI contrast in awake-behaving primates using intravascular magnetite dextran nanopartieles","Dubowitz DJ, Bernheim KA, Chen DY, Bradley WG Jr, Andersen RA.","Neuroreport. 2001 Aug 8;12(11):2335-40. doi: 10.1097/00001756-200108080-00011.","Dubowitz DJ","Neuroreport","2001","2001/08/10","","","10.1097/00001756-200108080-00011"
"11480525","Functional MRI activity in the thalamus and occipital cortex of anesthetized dogs induced by monocular and binocular stimulation","Willis CK, Quinn RP, McDonell WM, Gati J, Partlow G, Vilis T.","Can J Vet Res. 2001 Jul;65(3):188-95.","Willis CK","Can J Vet Res","2001","2001/08/02","PMC1189674","",""
"10227627","Neural pathways in tactile object recognition","Deibert E, Kraut M, Kremen S, Hart J Jr.","Neurology. 1999 Apr 22;52(7):1413-7. doi: 10.1212/wnl.52.7.1413.","Deibert E","Neurology","1999","1999/05/05","","","10.1212/wnl.52.7.1413"
"9595971","Human anterior intraparietal area subserves prehension: a combined lesion and functional MRI activation study","Binkofski F, Dohle C, Posse S, Stephan KM, Hefter H, Seitz RJ, Freund HJ.","Neurology. 1998 May;50(5):1253-9. doi: 10.1212/wnl.50.5.1253.","Binkofski F","Neurology","1998","1998/05/22","","","10.1212/wnl.50.5.1253"
"9153483","Object shape processing in the visual system evaluated using functional MRI","Kraut M, Hart J Jr, Soher BJ, Gordon B.","Neurology. 1997 May;48(5):1416-20. doi: 10.1212/wnl.48.5.1416.","Kraut M","Neurology","1997","1997/05/01","","","10.1212/wnl.48.5.1416"
"8670685","Activation of human prefrontal cortex during spatial and nonspatial working memory tasks measured by functional MRI","McCarthy G, Puce A, Constable RT, Krystal JH, Gore JC, Goldman-Rakic P.","Cereb Cortex. 1996 Jul-Aug;6(4):600-11. doi: 10.1093/cercor/6.4.600.","McCarthy G","Cereb Cortex","1996","1996/07/01","","","10.1093/cercor/6.4.600"
"7722658","Functional analysis of human MT and related visual cortical areas using magnetic resonance imaging","Tootell RB, Reppas JB, Kwong KK, Malach R, Born RT, Brady TJ, Rosen BR, Belliveau JW.","J Neurosci. 1995 Apr;15(4):3215-30. doi: 10.1523/JNEUROSCI.15-04-03215.1995.","Tootell RB","J Neurosci","1995","1995/04/01","PMC6577785","","10.1523/JNEUROSCI.15-04-03215.1995"
