﻿PMID,Title,Authors,Citation,First Author,Journal/Book,Publication Year,Create Date,PMCID,NIHMS ID,DOI
"34273134","Structure, function and connectivity fingerprints of the frontal eye field versus the inferior frontal junction: A comprehensive comparison","Bedini M, Baldauf D.","Eur J Neurosci. 2021 Jul 17. doi: 10.1111/ejn.15393. Online ahead of print.","Bedini M","Eur J Neurosci","2021","2021/07/17","","","10.1111/ejn.15393"
"34271158","Functional networks in non-human primate spinal cord and the effects of injury","Sengupta A, Mishra A, Wang F, Li M, Yang PF, Chen LM, Gore JC.","Neuroimage. 2021 Jul 14;240:118391. doi: 10.1016/j.neuroimage.2021.118391. Online ahead of print.","Sengupta A","Neuroimage","2021","2021/07/16","","","10.1016/j.neuroimage.2021.118391"
"33878384","Mapping functional gradients of the striatal circuit using simultaneous microelectric stimulation and ultrahigh-field fMRI in non-human primates","Han MJ, Park CU, Kang S, Kim B, Nikolaidis A, Milham MP, Hong SJ, Kim SG, Baeg E.","Neuroimage. 2021 Aug 1;236:118077. doi: 10.1016/j.neuroimage.2021.118077. Epub 2021 Apr 18.","Han MJ","Neuroimage","2021","2021/04/20","","","10.1016/j.neuroimage.2021.118077"
"33794355","Combining brain perturbation and neuroimaging in non-human primates","Klink PC, Aubry JF, Ferrera VP, Fox AS, Froudist-Walsh S, Jarraya B, Konofagou EE, Krauzlis RJ, Messinger A, Mitchell AS, Ortiz-Rios M, Oya H, Roberts AC, Roe AW, Rushworth MFS, Sallet J, Schmid MC, Schroeder CE, Tasserie J, Tsao DY, Uhrig L, Vanduffel W, Wilke M, Kagan I, Petkov CI.","Neuroimage. 2021 Jul 15;235:118017. doi: 10.1016/j.neuroimage.2021.118017. Epub 2021 Mar 29.","Klink PC","Neuroimage","2021","2021/04/01","","","10.1016/j.neuroimage.2021.118017"
"33460838","Bidirectional and state-dependent modulation of brain activity by transcranial focused ultrasound in non-human primates","Yang PF, Phipps MA, Jonathan S, Newton AT, Byun N, Gore JC, Grissom WA, Caskey CF, Chen LM.","Brain Stimul. 2021 Mar-Apr;14(2):261-272. doi: 10.1016/j.brs.2021.01.006. Epub 2021 Jan 15.","Yang PF","Brain Stimul","2021","2021/01/18","PMC7988301","NIHMS1663531","10.1016/j.brs.2021.01.006"
"33301937","Functional imaging of the brainstem during visually-guided motor control reveals visuomotor regions in the pons and midbrain","Chu WT, Mitchell T, Foote KD, Coombes SA, Vaillancourt DE.","Neuroimage. 2021 Feb 1;226:117627. doi: 10.1016/j.neuroimage.2020.117627. Epub 2020 Dec 8.","Chu WT","Neuroimage","2021","2020/12/10","PMC8335153","NIHMS1726624","10.1016/j.neuroimage.2020.117627"
"33137476","The role of MRI in applying the 3Rs to non-human primate neuroscience","Prescott MJ, Poirier C.","Neuroimage. 2021 Jan 15;225:117521. doi: 10.1016/j.neuroimage.2020.117521. Epub 2020 Nov 1.","Prescott MJ","Neuroimage","2021","2020/11/02","","","10.1016/j.neuroimage.2020.117521"
"32888082","Application of Pharmacokinetic-Pharmacodynamic Modeling to Inform Translation of In Vitro NaV1.7 Inhibition to In Vivo Pharmacological Response in Non-human Primate","Ballard JE, Pall P, Vardigan J, Zhao F, Holahan MA, Kraus R, Li Y, Henze D, Houghton A, Burgey CS, Gibson C.","Pharm Res. 2020 Sep 4;37(10):181. doi: 10.1007/s11095-020-02914-9.","Ballard JE","Pharm Res","2020","2020/09/05","PMC7473964","","10.1007/s11095-020-02914-9"
"32366956","Rapid event-related, BOLD fMRI, non-human primates (NHP): choose two out of three","Pelekanos V, Mok RM, Joly O, Ainsworth M, Kyriazis D, Kelly MG, Bell AH, Kriegeskorte N.","Sci Rep. 2020 May 4;10(1):7485. doi: 10.1038/s41598-020-64376-8.","Pelekanos V","Sci Rep","2020","2020/05/06","PMC7198564","","10.1038/s41598-020-64376-8"
"32315710","Examining fMRI time-series entropy as a marker for brain E/I balance with pharmacological neuromodulation in a non-human primate translational model","Maltbie EA, Howell LH, Sun PZ, Miller R, Gopinath KS.","Neurosci Lett. 2020 May 29;728:134984. doi: 10.1016/j.neulet.2020.134984. Epub 2020 Apr 18.","Maltbie EA","Neurosci Lett","2020","2020/04/22","PMC7266677","NIHMS1593985","10.1016/j.neulet.2020.134984"
"32298231","Primate homologs of mouse cortico-striatal circuits","Balsters JH, Zerbi V, Sallet J, Wenderoth N, Mars RB.","Elife. 2020 Apr 16;9:e53680. doi: 10.7554/eLife.53680.","Balsters JH","Elife","2020","2020/04/17","PMC7162658","","10.7554/eLife.53680"
"32275880","Evidence for Hierarchical Cognitive Control in the Human Cerebellum","D'Mello AM, Gabrieli JDE, Nee DE.","Curr Biol. 2020 May 18;30(10):1881-1892.e3. doi: 10.1016/j.cub.2020.03.028. Epub 2020 Apr 9.","D'Mello AM","Curr Biol","2020","2020/04/11","PMC7289516","NIHMS1582964","10.1016/j.cub.2020.03.028"
"32132562","Repetition enhancement to voice identities in the dog brain","Boros M, Gábor A, Szabó D, Bozsik A, Gácsi M, Szalay F, Faragó T, Andics A.","Sci Rep. 2020 Mar 4;10(1):3989. doi: 10.1038/s41598-020-60395-7.","Boros M","Sci Rep","2020","2020/03/06","PMC7055288","","10.1038/s41598-020-60395-7"
"31992744","Ultra High Field fMRI of Human Superior Colliculi Activity during Affective Visual Processing","Wang YC, Bianciardi M, Chanes L, Satpute AB.","Sci Rep. 2020 Jan 28;10(1):1331. doi: 10.1038/s41598-020-57653-z.","Wang YC","Sci Rep","2020","2020/01/30","PMC6987103","","10.1038/s41598-020-57653-z"
"31847744","Canine sense of quantity: evidence for numerical ratio-dependent activation in parietotemporal cortex","Aulet LS, Chiu VC, Prichard A, Spivak M, Lourenco SF, Berns GS.","Biol Lett. 2019 Dec;15(12):20190666. doi: 10.1098/rsbl.2019.0666. Epub 2019 Dec 18.","Aulet LS","Biol Lett","2019","2019/12/19","PMC6936025","","10.1098/rsbl.2019.0666"
"31557544","Large scale networks for human hand-object interaction: Functionally distinct roles for two premotor regions identified intraoperatively","Simone L, Fornia L, Viganò L, Sambataro F, Rossi M, Leonetti A, Puglisi G, Howells H, Bellacicca A, Bello L, Cerri G.","Neuroimage. 2020 Jan 1;204:116215. doi: 10.1016/j.neuroimage.2019.116215. Epub 2019 Sep 24.","Simone L","Neuroimage","2020","2019/09/27","","","10.1016/j.neuroimage.2019.116215"
"31509738","Organized Toe Maps in Extreme Foot Users","Dempsey-Jones H, Wesselink DB, Friedman J, Makin TR.","Cell Rep. 2019 Sep 10;28(11):2748-2756.e4. doi: 10.1016/j.celrep.2019.08.027.","Dempsey-Jones H","Cell Rep","2019","2019/09/12","PMC6899508","","10.1016/j.celrep.2019.08.027"
"31443912","Neural Substrates of Inhibitory Control Maturation in Adolescence","Constantinidis C, Luna B.","Trends Neurosci. 2019 Sep;42(9):604-616. doi: 10.1016/j.tins.2019.07.004. Epub 2019 Aug 20.","Constantinidis C","Trends Neurosci","2019","2019/08/25","PMC6721973","NIHMS1534975","10.1016/j.tins.2019.07.004"
"31036814","Anatomical and functional investigation of the marmoset default mode network","Liu C, Yen CC, Szczupak D, Ye FQ, Leopold DA, Silva AC.","Nat Commun. 2019 Apr 29;10(1):1975. doi: 10.1038/s41467-019-09813-7.","Liu C","Nat Commun","2019","2019/05/01","PMC6488610","","10.1038/s41467-019-09813-7"
"31031580","Isoflurane-Induced Burst Suppression Increases Intrinsic Functional Connectivity of the Monkey Brain","Zhang Z, Cai DC, Wang Z, Zeljic K, Wang Z, Wang Y.","Front Neurosci. 2019 Apr 11;13:296. doi: 10.3389/fnins.2019.00296. eCollection 2019.","Zhang Z","Front Neurosci","2019","2019/04/30","PMC6470287","","10.3389/fnins.2019.00296"
"30873000","Brain Map of Intrinsic Functional Flexibility in Anesthetized Monkeys and Awake Humans","Yin D, Zhang Z, Wang Z, Zeljic K, Lv Q, Cai D, Wang Y, Wang Z.","Front Neurosci. 2019 Feb 28;13:174. doi: 10.3389/fnins.2019.00174. eCollection 2019.","Yin D","Front Neurosci","2019","2019/03/16","PMC6403192","","10.3389/fnins.2019.00174"
"30419289","Intrinsic functional clustering of anterior cingulate cortex in the common marmoset","Schaeffer DJ, Gilbert KM, Ghahremani M, Gati JS, Menon RS, Everling S.","Neuroimage. 2019 Feb 1;186:301-307. doi: 10.1016/j.neuroimage.2018.11.005. Epub 2018 Nov 10.","Schaeffer DJ","Neuroimage","2019","2018/11/13","","","10.1016/j.neuroimage.2018.11.005"
"30318353","Hexadirectional Modulation of High-Frequency Electrophysiological Activity in the Human Anterior Medial Temporal Lobe Maps Visual Space","Staudigl T, Leszczynski M, Jacobs J, Sheth SA, Schroeder CE, Jensen O, Doeller CF.","Curr Biol. 2018 Oct 22;28(20):3325-3329.e4. doi: 10.1016/j.cub.2018.09.035. Epub 2018 Oct 11.","Staudigl T","Curr Biol","2018","2018/10/16","","","10.1016/j.cub.2018.09.035"
"30315909","Model testing for distinctive functional connectivity gradients with resting-state fMRI data","O'Rawe JF, Ide JS, Leung HC.","Neuroimage. 2019 Jan 15;185:102-110. doi: 10.1016/j.neuroimage.2018.10.022. Epub 2018 Oct 10.","O'Rawe JF","Neuroimage","2019","2018/10/14","","","10.1016/j.neuroimage.2018.10.022"
"30205207","Resting-state white matter-cortical connectivity in non-human primate brain","Wu TL, Wang F, Li M, Schilling KG, Gao Y, Anderson AW, Chen LM, Ding Z, Gore JC.","Neuroimage. 2019 Jan 1;184:45-55. doi: 10.1016/j.neuroimage.2018.09.021. Epub 2018 Sep 8.","Wu TL","Neuroimage","2019","2018/09/12","PMC6250128","NIHMS1506840","10.1016/j.neuroimage.2018.09.021"
"30053514","Columnar organization of mid-spectral and end-spectral hue preferences in human visual cortex","Nasr S, Tootell RBH.","Neuroimage. 2018 Nov 1;181:748-759. doi: 10.1016/j.neuroimage.2018.07.053. Epub 2018 Jul 25.","Nasr S","Neuroimage","2018","2018/07/28","PMC6263155","NIHMS1502947","10.1016/j.neuroimage.2018.07.053"
"29789605","Neuromodulation of sensory networks in monkey brain by focused ultrasound with MRI guidance and detection","Yang PF, Phipps MA, Newton AT, Chaplin V, Gore JC, Caskey CF, Chen LM.","Sci Rep. 2018 May 22;8(1):7993. doi: 10.1038/s41598-018-26287-7.","Yang PF","Sci Rep","2018","2018/05/24","PMC5964220","","10.1038/s41598-018-26287-7"
"29593518","Task-Relevant Information Modulates Primary Motor Cortex Activity Before Movement Onset","Calderon CB, Van Opstal F, Peigneux P, Verguts T, Gevers W.","Front Hum Neurosci. 2018 Mar 14;12:93. doi: 10.3389/fnhum.2018.00093. eCollection 2018.","Calderon CB","Front Hum Neurosci","2018","2018/03/30","PMC5861186","","10.3389/fnhum.2018.00093"
"29415163","Genetic Variation of a DRD2 Co-expression Network is Associated with Changes in Prefrontal Function After D2 Receptors Stimulation","Selvaggi P, Pergola G, Gelao B, Di Carlo P, Nettis MA, Amico G, Fazio L, Rampino A, Sambataro F, Blasi G, Bertolino A.","Cereb Cortex. 2019 Mar 1;29(3):1162-1173. doi: 10.1093/cercor/bhy022.","Selvaggi P","Cereb Cortex","2019","2018/02/08","","","10.1093/cercor/bhy022"
"29215031","A Mechanistic Model of Human Recall of Social Network Structure and Relationship Affect","Omodei E, Brashears ME, Arenas A.","Sci Rep. 2017 Dec 7;7(1):17133. doi: 10.1038/s41598-017-17385-z.","Omodei E","Sci Rep","2017","2017/12/08","PMC5719413","","10.1038/s41598-017-17385-z"
"28804783","Functional corticostriatal connection topographies predict goal directed behaviour in humans","Marquand AF, Haak KV, Beckmann CF.","Nat Hum Behav. 2017 Aug;1(8):0146. doi: 10.1038/s41562-017-0146. Epub 2017 Jul 24.","Marquand AF","Nat Hum Behav","2017","2017/08/15","PMC5549843","EMS73107","10.1038/s41562-017-0146"
"28466257","Cortical Representation of Pain and Touch: Evidence from Combined Functional Neuroimaging and Electrophysiology in Non-human Primates","Chen LM.","Neurosci Bull. 2018 Feb;34(1):165-177. doi: 10.1007/s12264-017-0133-2. Epub 2017 May 2.","Chen LM","Neurosci Bull","2018","2017/05/04","PMC5799120","","10.1007/s12264-017-0133-2"
"28457575","Objective analysis of the topological organization of the human cortical visual connectome suggests three visual pathways","Haak KV, Beckmann CF.","Cortex. 2018 Jan;98:73-83. doi: 10.1016/j.cortex.2017.03.020. Epub 2017 Apr 7.","Haak KV","Cortex","2018","2017/05/02","PMC5780302","","10.1016/j.cortex.2017.03.020"
"28274833","Investigating the spatiotemporal characteristics of the deoxyhemoglobin-related and deoxyhemoglobin-unrelated functional hemodynamic response across cortical layers in awake marmosets","Yen CC, Papoti D, Silva AC.","Neuroimage. 2018 Jan 1;164:121-130. doi: 10.1016/j.neuroimage.2017.03.005. Epub 2017 Mar 6.","Yen CC","Neuroimage","2018","2017/03/10","PMC5587354","NIHMS861535","10.1016/j.neuroimage.2017.03.005"
"28161319","Biophysical and neural basis of resting state functional connectivity: Evidence from non-human primates","Chen LM, Yang PF, Wang F, Mishra A, Shi Z, Wu R, Wu TL, Wilson GH 3rd, Ding Z, Gore JC.","Magn Reson Imaging. 2017 Jun;39:71-81. doi: 10.1016/j.mri.2017.01.020. Epub 2017 Feb 2.","Chen LM","Magn Reson Imaging","2017","2017/02/06","PMC5410395","NIHMS852391","10.1016/j.mri.2017.01.020"
"28032008","Effects of isoflurane anesthesia on resting-state fMRI signals and functional connectivity within primary somatosensory cortex of monkeys","Wu TL, Mishra A, Wang F, Yang PF, Gore JC, Chen LM.","Brain Behav. 2016 Oct 11;6(12):e00591. doi: 10.1002/brb3.591. eCollection 2016 Dec.","Wu TL","Brain Behav","2016","2016/12/30","PMC5167001","","10.1002/brb3.591"
"28027960","Investigating resting-state functional connectivity in the cervical spinal cord at 3T","Eippert F, Kong Y, Winkler AM, Andersson JL, Finsterbusch J, Büchel C, Brooks JCW, Tracey I.","Neuroimage. 2017 Feb 15;147:589-601. doi: 10.1016/j.neuroimage.2016.12.072. Epub 2016 Dec 24.","Eippert F","Neuroimage","2017","2016/12/29","PMC5315056","","10.1016/j.neuroimage.2016.12.072"
"27993674","Beyond the FFA: Brain-behavior correspondences in face recognition abilities","Elbich DB, Scherf S.","Neuroimage. 2017 Feb 15;147:409-422. doi: 10.1016/j.neuroimage.2016.12.042. Epub 2016 Dec 16.","Elbich DB","Neuroimage","2017","2016/12/21","","","10.1016/j.neuroimage.2016.12.042"
"27859903","Corticostriatal connectivity fingerprints: Probability maps based on resting-state functional connectivity","Jaspers E, Balsters JH, Kassraian Fard P, Mantini D, Wenderoth N.","Hum Brain Mapp. 2017 Mar;38(3):1478-1491. doi: 10.1002/hbm.23466. Epub 2016 Nov 12.","Jaspers E","Hum Brain Mapp","2017","2016/11/19","PMC6866797","","10.1002/hbm.23466"
"27833536","Patterns of Activity in the Human Frontal and Parietal Cortex Differentiate Large and Small Saccades","Grosbras MH.","Front Integr Neurosci. 2016 Oct 27;10:34. doi: 10.3389/fnint.2016.00034. eCollection 2016.","Grosbras MH","Front Integr Neurosci","2016","2016/11/12","PMC5081348","","10.3389/fnint.2016.00034"
"27596024","Resting state network topology of the ferret brain","Zhou ZC, Salzwedel AP, Radtke-Schuller S, Li Y, Sellers KK, Gilmore JH, Shih YY, Fröhlich F, Gao W.","Neuroimage. 2016 Dec;143:70-81. doi: 10.1016/j.neuroimage.2016.09.003. Epub 2016 Sep 2.","Zhou ZC","Neuroimage","2016","2016/09/07","PMC5124532","NIHMS817278","10.1016/j.neuroimage.2016.09.003"
"27587999","Off to a Good Start: The Early Development of the Neural Substrates Underlying Visual Working Memory","Fitch A, Smith H, Guillory SB, Kaldy Z.","Front Syst Neurosci. 2016 Aug 18;10:68. doi: 10.3389/fnsys.2016.00068. eCollection 2016.","Fitch A","Front Syst Neurosci","2016","2016/09/03","PMC4989029","","10.3389/fnsys.2016.00068"
"27568200","The effects of ecstasy on neurotransmitter systems: a review on the findings of molecular imaging studies","Vegting Y, Reneman L, Booij J.","Psychopharmacology (Berl). 2016 Oct;233(19-20):3473-501. doi: 10.1007/s00213-016-4396-5. Epub 2016 Aug 28.","Vegting Y","Psychopharmacology (Berl)","2016","2016/08/29","PMC5021729","","10.1007/s00213-016-4396-5"
"27451405","Effects of anesthesia on resting state BOLD signals in white matter of non-human primates","Wu TL, Wang F, Anderson AW, Chen LM, Ding Z, Gore JC.","Magn Reson Imaging. 2016 Nov;34(9):1235-1241. doi: 10.1016/j.mri.2016.07.001. Epub 2016 Jul 20.","Wu TL","Magn Reson Imaging","2016","2016/07/25","PMC5055423","NIHMS804667","10.1016/j.mri.2016.07.001"
"27344239","Stereopsis after anterior temporal lobectomy","Verhoef BE, Decramer T, van Loon J, Goffin J, Van Paesschen W, Janssen P, Theys T.","Cortex. 2016 Sep;82:63-71. doi: 10.1016/j.cortex.2016.05.020. Epub 2016 Jun 8.","Verhoef BE","Cortex","2016","2016/06/27","","","10.1016/j.cortex.2016.05.020"
"27296233","Realistic models of apparent dynamic changes in resting-state connectivity in somatosensory cortex","Shi Z, Rogers BP, Chen LM, Morgan VL, Mishra A, Wilkes DM, Gore JC.","Hum Brain Mapp. 2016 Nov;37(11):3897-3910. doi: 10.1002/hbm.23284.","Shi Z","Hum Brain Mapp","2016","2016/06/15","PMC5053861","NIHMS791612","10.1002/hbm.23284"
"27150230","Color responses and their adaptation in human superior colliculus and lateral geniculate nucleus","Chang DHF, Hess RF, Mullen KT.","Neuroimage. 2016 Sep;138:211-220. doi: 10.1016/j.neuroimage.2016.04.067. Epub 2016 May 3.","Chang DHF","Neuroimage","2016","2016/05/07","","","10.1016/j.neuroimage.2016.04.067"
"27053755","Functional definitions of parietal areas in human and non-human primates","Orban GA.","Proc Biol Sci. 2016 Apr 13;283(1828):20160118. doi: 10.1098/rspb.2016.0118.","Orban GA","Proc Biol Sci","2016","2016/04/08","PMC4843655","","10.1098/rspb.2016.0118"
"27038008","Asymmetry in functional connectivity of the human habenula revealed by high-resolution cardiac-gated resting state imaging","Hétu S, Luo Y, Saez I, D'Ardenne K, Lohrenz T, Montague PR.","Hum Brain Mapp. 2016 Jul;37(7):2602-15. doi: 10.1002/hbm.23194. Epub 2016 Apr 1.","Hétu S","Hum Brain Mapp","2016","2016/04/03","PMC4905773","NIHMS770799","10.1002/hbm.23194"
"27031602","Non-human primates in neuroscience research: The case against its scientific necessity","Bailey J, Taylor K.","Altern Lab Anim. 2016 Mar;44(1):43-69. doi: 10.1177/026119291604400101.","Bailey J","Altern Lab Anim","2016","2016/04/01","","","10.1177/026119291604400101"
"26908365","Connectivity between the central nucleus of the amygdala and the bed nucleus of the stria terminalis in the non-human primate: neuronal tract tracing and developmental neuroimaging studies","Oler JA, Tromp DP, Fox AS, Kovner R, Davidson RJ, Alexander AL, McFarlin DR, Birn RM, E Berg B, deCampo DM, Kalin NH, Fudge JL.","Brain Struct Funct. 2017 Jan;222(1):21-39. doi: 10.1007/s00429-016-1198-9. Epub 2016 Feb 23.","Oler JA","Brain Struct Funct","2017","2016/02/25","PMC4995160","NIHMS762902","10.1007/s00429-016-1198-9"
"26774609","Intrinsic connectivity of neural networks in the awake rabbit","Schroeder MP, Weiss C, Procissi D, Disterhoft JF, Wang L.","Neuroimage. 2016 Apr 1;129:260-267. doi: 10.1016/j.neuroimage.2016.01.010. Epub 2016 Jan 13.","Schroeder MP","Neuroimage","2016","2016/01/18","PMC4803608","NIHMS751513","10.1016/j.neuroimage.2016.01.010"
"26388148","Imaging Agonist-Induced D2/D3 Receptor Desensitization and Internalization In Vivo with PET/fMRI","Sander CY, Hooker JM, Catana C, Rosen BR, Mandeville JB.","Neuropsychopharmacology. 2016 Apr;41(5):1427-36. doi: 10.1038/npp.2015.296. Epub 2015 Sep 21.","Sander CY","Neuropsychopharmacology","2016","2015/09/22","PMC4793127","","10.1038/npp.2015.296"
"26288898","Introduction to the Special Issue on Multimodality of Early Sensory Processing: Early Visual Maps Flexibly Encode Multimodal Space","Arrighi R, Binda P, Cicchini GM.","Multisens Res. 2015;28(3-4):249-52. doi: 10.1163/22134808-00002500.","Arrighi R","Multisens Res","2015","2015/08/21","PMC5029545","EMS68427","10.1163/22134808-00002500"
"26212883","Representation of numerical and sequential patterns in macaque and human brains","Wang L, Uhrig L, Jarraya B, Dehaene S.","Curr Biol. 2015 Aug 3;25(15):1966-74. doi: 10.1016/j.cub.2015.06.035. Epub 2015 Jul 23.","Wang L","Curr Biol","2015","2015/07/28","","","10.1016/j.cub.2015.06.035"
"25970649","Functional subdivisions of medial parieto-occipital cortex in humans and nonhuman primates using resting-state fMRI","Hutchison RM, Culham JC, Flanagan JR, Everling S, Gallivan JP.","Neuroimage. 2015 Aug 1;116:10-29. doi: 10.1016/j.neuroimage.2015.04.068. Epub 2015 May 10.","Hutchison RM","Neuroimage","2015","2015/05/14","","","10.1016/j.neuroimage.2015.04.068"
"25913702","The ties that bind: Group membership shapes the neural correlates of in-group favoritism","Telzer EH, Ichien N, Qu Y.","Neuroimage. 2015 Jul 15;115:42-51. doi: 10.1016/j.neuroimage.2015.04.035. Epub 2015 Apr 23.","Telzer EH","Neuroimage","2015","2015/04/28","","","10.1016/j.neuroimage.2015.04.035"
"25711137","A human homologue of monkey F5c","Ferri S, Peeters R, Nelissen K, Vanduffel W, Rizzolatti G, Orban GA.","Neuroimage. 2015 May 1;111:251-66. doi: 10.1016/j.neuroimage.2015.02.033. Epub 2015 Feb 21.","Ferri S","Neuroimage","2015","2015/02/26","PMC4401441","","10.1016/j.neuroimage.2015.02.033"
"25703830","Layer-specific response properties of the human lateral geniculate nucleus and superior colliculus","Zhang P, Zhou H, Wen W, He S.","Neuroimage. 2015 May 1;111:159-66. doi: 10.1016/j.neuroimage.2015.02.025. Epub 2015 Feb 19.","Zhang P","Neuroimage","2015","2015/02/24","","","10.1016/j.neuroimage.2015.02.025"
"25657630","On the relationship between persistent delay activity, repetition enhancement and priming","Tartaglia EM, Mongillo G, Brunel N.","Front Psychol. 2015 Jan 22;5:1590. doi: 10.3389/fpsyg.2014.01590. eCollection 2014.","Tartaglia EM","Front Psychol","2015","2015/02/07","PMC4302793","","10.3389/fpsyg.2014.01590"
"25646516","Finding the beat: a neural perspective across humans and non-human primates","Merchant H, Grahn J, Trainor L, Rohrmeier M, Fitch WT.","Philos Trans R Soc Lond B Biol Sci. 2015 Mar 19;370(1664):20140093. doi: 10.1098/rstb.2014.0093.","Merchant H","Philos Trans R Soc Lond B Biol Sci","2015","2015/02/04","PMC4321134","","10.1098/rstb.2014.0093"
"25498426","Functional imaging of olfaction by CBV fMRI in monkeys: insight into the role of olfactory bulb in habituation","Zhao F, Holahan MA, Houghton AK, Hargreaves R, Evelhoch JL, Winkelmann CT, Williams DS.","Neuroimage. 2015 Feb 1;106:364-72. doi: 10.1016/j.neuroimage.2014.12.001. Epub 2014 Dec 10.","Zhao F","Neuroimage","2015","2014/12/16","","","10.1016/j.neuroimage.2014.12.001"
"25463458","Lateralization for dynamic facial expressions in human superior temporal sulcus","De Winter FL, Zhu Q, Van den Stock J, Nelissen K, Peeters R, de Gelder B, Vanduffel W, Vandenbulcke M.","Neuroimage. 2015 Feb 1;106:340-52. doi: 10.1016/j.neuroimage.2014.11.020. Epub 2014 Nov 15.","De Winter FL","Neuroimage","2015","2014/12/03","","","10.1016/j.neuroimage.2014.11.020"
"25192653","Quantification of iron in the non-human primate brain with diffusion-weighted magnetic resonance imaging","Fujiwara S, Uhrig L, Amadon A, Jarraya B, Le Bihan D.","Neuroimage. 2014 Nov 15;102 Pt 2:789-97. doi: 10.1016/j.neuroimage.2014.08.049. Epub 2014 Sep 2.","Fujiwara S","Neuroimage","2014","2014/09/07","","","10.1016/j.neuroimage.2014.08.049"
"25010558","A comparison of neural responses to appetitive and aversive stimuli in humans and other mammals","Hayes DJ, Duncan NW, Xu J, Northoff G.","Neurosci Biobehav Rev. 2014 Sep;45:350-68. doi: 10.1016/j.neubiorev.2014.06.018. Epub 2014 Jul 7.","Hayes DJ","Neurosci Biobehav Rev","2014","2014/07/11","","","10.1016/j.neubiorev.2014.06.018"
"24769184","Dissociable neural representations of wrist motor coordinate frames in human motor cortices","Yoshimura N, Jimura K, DaSalla CS, Shin D, Kambara H, Hanakawa T, Koike Y.","Neuroimage. 2014 Aug 15;97:53-61. doi: 10.1016/j.neuroimage.2014.04.046. Epub 2014 Apr 23.","Yoshimura N","Neuroimage","2014","2014/04/29","","","10.1016/j.neuroimage.2014.04.046"
"24629510","Fractional amplitude of low-frequency fluctuation changes in monkeys with spinal cord injury: a resting-state fMRI study","Rao JS, Ma M, Zhao C, Zhang AF, Yang ZY, Liu Z, Li XG.","Magn Reson Imaging. 2014 Jun;32(5):482-6. doi: 10.1016/j.mri.2014.02.001. Epub 2014 Feb 10.","Rao JS","Magn Reson Imaging","2014","2014/03/18","","","10.1016/j.mri.2014.02.001"
"24531049","Resting-state fMRI reveals functional connectivity between face-selective perirhinal cortex and the fusiform face area related to face inversion","O'Neil EB, Hutchison RM, McLean DA, Köhler S.","Neuroimage. 2014 May 15;92:349-55. doi: 10.1016/j.neuroimage.2014.02.005. Epub 2014 Feb 12.","O'Neil EB","Neuroimage","2014","2014/02/18","","","10.1016/j.neuroimage.2014.02.005"
"24530271","Parkinson׳s disease-related modulation of functional connectivity associated with the striatum in the resting state in a nonhuman primate model","Li J, Luo C, Chen Y, Chen Q, Huang R, Sun J, Gong Q, Wu X, Qi Z, Liang Z, Li L, Li H, Li P, Wang W, Shang HF.","Brain Res. 2014 Mar 25;1555:10-9. doi: 10.1016/j.brainres.2014.01.054. Epub 2014 Feb 13.","Li J","Brain Res","2014","2014/02/18","","","10.1016/j.brainres.2014.01.054"
"24444996","BNST neurocircuitry in humans","Avery SN, Clauss JA, Winder DG, Woodward N, Heckers S, Blackford JU.","Neuroimage. 2014 May 1;91:311-23. doi: 10.1016/j.neuroimage.2014.01.017. Epub 2014 Jan 18.","Avery SN","Neuroimage","2014","2014/01/22","PMC4214684","NIHMS559696","10.1016/j.neuroimage.2014.01.017"
"24201011","Format-dependent representations of symbolic and non-symbolic numbers in the human cortex as revealed by multi-voxel pattern analyses","Bulthé J, De Smedt B, Op de Beeck HP.","Neuroimage. 2014 Feb 15;87:311-22. doi: 10.1016/j.neuroimage.2013.10.049. Epub 2013 Nov 5.","Bulthé J","Neuroimage","2014","2013/11/09","","","10.1016/j.neuroimage.2013.10.049"
"24137150","Quantitative meta-analysis of fMRI and PET studies reveals consistent activation in fronto-striatal-parietal regions and cerebellum during antisaccades and prosaccades","Jamadar SD, Fielding J, Egan GF.","Front Psychol. 2013 Oct 16;4:749. doi: 10.3389/fpsyg.2013.00749. eCollection 2013.","Jamadar SD","Front Psychol","2013","2013/10/19","PMC3797465","","10.3389/fpsyg.2013.00749"
"24122368","Give me a sign: decoding complex coordinated hand movements using high-field fMRI","Bleichner MG, Jansma JM, Sellmeijer J, Raemaekers M, Ramsey NF.","Brain Topogr. 2014 Mar;27(2):248-57. doi: 10.1007/s10548-013-0322-x.","Bleichner MG","Brain Topogr","2014","2013/10/15","","","10.1007/s10548-013-0322-x"
"24051357","Auditory tracts identified with combined fMRI and diffusion tractography","Javad F, Warren JD, Micallef C, Thornton JS, Golay X, Yousry T, Mancini L.","Neuroimage. 2014 Jan 1;84(100):562-74. doi: 10.1016/j.neuroimage.2013.09.007. Epub 2013 Sep 16.","Javad F","Neuroimage","2014","2013/09/21","PMC3898984","","10.1016/j.neuroimage.2013.09.007"
"23916753","Tonotopic mapping of human auditory cortex","Saenz M, Langers DR.","Hear Res. 2014 Jan;307:42-52. doi: 10.1016/j.heares.2013.07.016. Epub 2013 Aug 2.","Saenz M","Hear Res","2014","2013/08/07","","","10.1016/j.heares.2013.07.016"
"23847558","Functional organization and visual representations of human ventral lateral prefrontal cortex","Chan AW.","Front Psychol. 2013 Jul 9;4:371. doi: 10.3389/fpsyg.2013.00371. eCollection 2013.","Chan AW","Front Psychol","2013","2013/07/13","PMC3705197","","10.3389/fpsyg.2013.00371"
"23774218","Cortical reorganization after stroke: how much and how functional?","Grefkes C, Ward NS.","Neuroscientist. 2014 Feb;20(1):56-70. doi: 10.1177/1073858413491147. Epub 2013 Jun 17.","Grefkes C","Neuroscientist","2014","2013/06/19","","","10.1177/1073858413491147"
"23667619","Different types of laughter modulate connectivity within distinct parts of the laughter perception network","Wildgruber D, Szameitat DP, Ethofer T, Brück C, Alter K, Grodd W, Kreifelts B.","PLoS One. 2013 May 8;8(5):e63441. doi: 10.1371/journal.pone.0063441. Print 2013.","Wildgruber D","PLoS One","2013","2013/05/14","PMC3648477","","10.1371/journal.pone.0063441"
"23652854","Large-scale reorganization of the somatosensory cortex of adult macaque monkeys revealed by fMRI","Dutta A, Kambi N, Raghunathan P, Khushu S, Jain N.","Brain Struct Funct. 2014 Jul;219(4):1305-20. doi: 10.1007/s00429-013-0569-8. Epub 2013 May 8.","Dutta A","Brain Struct Funct","2014","2013/05/09","","","10.1007/s00429-013-0569-8"
"23466936","A receptor-based model for dopamine-induced fMRI signal","Mandeville JB, Sander CYM, Jenkins BG, Hooker JM, Catana C, Vanduffel W, Alpert NM, Rosen BR, Normandin MD.","Neuroimage. 2013 Jul 15;75:46-57. doi: 10.1016/j.neuroimage.2013.02.036. Epub 2013 Mar 1.","Mandeville JB","Neuroimage","2013","2013/03/08","PMC3683121","NIHMS451571","10.1016/j.neuroimage.2013.02.036"
"23378834","Anterior temporal face patches: a meta-analysis and empirical study","Von Der Heide RJ, Skipper LM, Olson IR.","Front Hum Neurosci. 2013 Feb 1;7:17. doi: 10.3389/fnhum.2013.00017. eCollection 2013.","Von Der Heide RJ","Front Hum Neurosci","2013","2013/02/05","PMC3561664","","10.3389/fnhum.2013.00017"
"23313563","Is there an association between peripheral immune markers and structural/functional neuroimaging findings?","Frodl T, Amico F.","Prog Neuropsychopharmacol Biol Psychiatry. 2014 Jan 3;48:295-303. doi: 10.1016/j.pnpbp.2012.12.013. Epub 2013 Jan 11.","Frodl T","Prog Neuropsychopharmacol Biol Psychiatry","2014","2013/01/15","","","10.1016/j.pnpbp.2012.12.013"
"23142493","Dopaminergic dysfunction in abstinent dexamphetamine users: results from a pharmacological fMRI study using a reward anticipation task and a methylphenidate challenge","Schouw ML, De Ruiter MB, Kaag AM, van den Brink W, Lindauer RJ, Reneman L.","Drug Alcohol Depend. 2013 Jun 1;130(1-3):52-60. doi: 10.1016/j.drugalcdep.2012.10.010. Epub 2012 Nov 9.","Schouw ML","Drug Alcohol Depend","2013","2012/11/13","","","10.1016/j.drugalcdep.2012.10.010"
"23077043","That's near my hand! Parietal and premotor coding of hand-centered space contributes to localization and self-attribution of the hand","Brozzoli C, Gentile G, Ehrsson HH.","J Neurosci. 2012 Oct 17;32(42):14573-82. doi: 10.1523/JNEUROSCI.2660-12.2012.","Brozzoli C","J Neurosci","2012","2012/10/19","PMC6621451","","10.1523/JNEUROSCI.2660-12.2012"
"23000258","Characterization of the blood-oxygen level-dependent (BOLD) response in cat auditory cortex using high-field fMRI","Brown TA, Joanisse MF, Gati JS, Hughes SM, Nixon PL, Menon RS, Lomber SG.","Neuroimage. 2013 Jan 1;64:458-65. doi: 10.1016/j.neuroimage.2012.09.034. Epub 2012 Sep 20.","Brown TA","Neuroimage","2013","2012/09/25","","","10.1016/j.neuroimage.2012.09.034"
"22992489","Data-driven analysis of analogous brain networks in monkeys and humans during natural vision","Mantini D, Corbetta M, Romani GL, Orban GA, Vanduffel W.","Neuroimage. 2012 Nov 15;63(3):1107-18. doi: 10.1016/j.neuroimage.2012.08.042. Epub 2012 Aug 21.","Mantini D","Neuroimage","2012","2012/09/21","PMC3472137","NIHMS402591","10.1016/j.neuroimage.2012.08.042"
"22986224","Defining the habenula in human neuroimaging studies","Lawson RP, Drevets WC, Roiser JP.","Neuroimage. 2013 Jan 1;64:722-7. doi: 10.1016/j.neuroimage.2012.08.076. Epub 2012 Sep 8.","Lawson RP","Neuroimage","2013","2012/09/19","PMC3650642","","10.1016/j.neuroimage.2012.08.076"
"22965769","Human finger somatotopy in areas 3b, 1, and 2: a 7T fMRI study using a natural stimulus","Martuzzi R, van der Zwaag W, Farthouat J, Gruetter R, Blanke O.","Hum Brain Mapp. 2014 Jan;35(1):213-26. doi: 10.1002/hbm.22172. Epub 2012 Sep 11.","Martuzzi R","Hum Brain Mapp","2014","2012/09/12","PMC6869627","","10.1002/hbm.22172"
"22960152","Layer-specific BOLD activation in awake monkey V1 revealed by ultra-high spatial resolution functional magnetic resonance imaging","Chen G, Wang F, Gore JC, Roe AW.","Neuroimage. 2013 Jan 1;64:147-55. doi: 10.1016/j.neuroimage.2012.08.060. Epub 2012 Aug 28.","Chen G","Neuroimage","2013","2012/09/11","PMC3508288","NIHMS404407","10.1016/j.neuroimage.2012.08.060"
"22855672","Monkey in the middle: why non-human primates are needed to bridge the gap in resting-state investigations","Hutchison RM, Everling S.","Front Neuroanat. 2012 Jul 26;6:29. doi: 10.3389/fnana.2012.00029. eCollection 2012.","Hutchison RM","Front Neuroanat","2012","2012/08/03","PMC3405297","","10.3389/fnana.2012.00029"
"22737119","On the relationship between the ""default mode network"" and the ""social brain""","Mars RB, Neubert FX, Noonan MP, Sallet J, Toni I, Rushworth MF.","Front Hum Neurosci. 2012 Jun 21;6:189. doi: 10.3389/fnhum.2012.00189. eCollection 2012.","Mars RB","Front Hum Neurosci","2012","2012/06/28","PMC3380415","","10.3389/fnhum.2012.00189"
"22584234","Brain tissue water comes in two pools: evidence from diffusion and R2' measurements with USPIOs in non human primates","Le Bihan D, Joly O, Aso T, Uhrig L, Poupon C, Tani N, Iwamuro H, Urayama SI, Jarraya B.","Neuroimage. 2012 Aug 1;62(1):9-16. doi: 10.1016/j.neuroimage.2012.05.011. Epub 2012 May 11.","Le Bihan D","Neuroimage","2012","2012/05/16","","","10.1016/j.neuroimage.2012.05.011"
"22427133","Audio-visual facilitation of the mu rhythm","McGarry LM, Russo FA, Schalles MD, Pineda JA.","Exp Brain Res. 2012 May;218(4):527-38. doi: 10.1007/s00221-012-3046-3. Epub 2012 Mar 17.","McGarry LM","Exp Brain Res","2012","2012/03/20","","","10.1007/s00221-012-3046-3"
"22426350","Effects of lactate on the early visual cortex of non-human primates, investigated by pharmaco-MRI and neurochemical analysis","von Pföstl V, Li J, Zaldivar D, Goense J, Zhang X, Serr N, Logothetis NK, Rauch A.","Neuroimage. 2012 May 15;61(1):98-105. doi: 10.1016/j.neuroimage.2012.02.082. Epub 2012 Mar 8.","von Pföstl V","Neuroimage","2012","2012/03/20","","","10.1016/j.neuroimage.2012.02.082"
"22238636","An analysis approach for high-field fMRI data from awake non-human primates","Stoewer S, Goense J, Keliris GA, Bartels A, Logothetis NK, Duncan J, Sigala N.","PLoS One. 2012;7(1):e29697. doi: 10.1371/journal.pone.0029697. Epub 2012 Jan 6.","Stoewer S","PLoS One","2012","2012/01/13","PMC3253095","","10.1371/journal.pone.0029697"
"22235303","A functional and structural investigation of the human fronto-basal volitional saccade network","Neggers SF, Diepen RM, Zandbelt BB, Vink M, Mandl RC, Gutteling TP.","PLoS One. 2012;7(1):e29517. doi: 10.1371/journal.pone.0029517. Epub 2012 Jan 3.","Neggers SF","PLoS One","2012","2012/01/12","PMC3250458","","10.1371/journal.pone.0029517"
"22209784","Meta-analytical definition and functional connectivity of the human vestibular cortex","zu Eulenburg P, Caspers S, Roski C, Eickhoff SB.","Neuroimage. 2012 Mar;60(1):162-9. doi: 10.1016/j.neuroimage.2011.12.032. Epub 2011 Dec 23.","zu Eulenburg P","Neuroimage","2012","2012/01/03","","","10.1016/j.neuroimage.2011.12.032"
"21938757","Evidence for a motor somatotopy in the cerebellar dentate nucleus--an FMRI study in humans","Küper M, Thürling M, Stefanescu R, Maderwald S, Roths J, Elles HG, Ladd ME, Diedrichsen J, Timmann D.","Hum Brain Mapp. 2012 Nov;33(11):2741-9. doi: 10.1002/hbm.21400. Epub 2011 Sep 21.","Küper M","Hum Brain Mapp","2012","2011/09/23","PMC6869902","","10.1002/hbm.21400"
"21889948","Neural correlates of an illusory touch experience investigated with fMRI","Lloyd DM, McKenzie KJ, Brown RJ, Poliakoff E.","Neuropsychologia. 2011 Oct;49(12):3430-8. doi: 10.1016/j.neuropsychologia.2011.08.018. Epub 2011 Aug 25.","Lloyd DM","Neuropsychologia","2011","2011/09/06","","","10.1016/j.neuropsychologia.2011.08.018"
"21889520","Sensory and semantic category subdivisions within the anterior temporal lobes","Skipper LM, Ross LA, Olson IR.","Neuropsychologia. 2011 Oct;49(12):3419-29. doi: 10.1016/j.neuropsychologia.2011.07.033. Epub 2011 Aug 22.","Skipper LM","Neuropsychologia","2011","2011/09/06","PMC3192293","NIHMS325751","10.1016/j.neuropsychologia.2011.07.033"
"21765915","Illusions of visual motion elicited by electrical stimulation of human MT complex","Rauschecker AM, Dastjerdi M, Weiner KS, Witthoft N, Chen J, Selimbeyoglu A, Parvizi J.","PLoS One. 2011;6(7):e21798. doi: 10.1371/journal.pone.0021798. Epub 2011 Jul 13.","Rauschecker AM","PLoS One","2011","2011/07/19","PMC3135604","","10.1371/journal.pone.0021798"
"21467155","Color responsiveness argues against a dorsal component of human V4","Goddard E, Mannion DJ, McDonald JS, Solomon SG, Clifford CW.","J Vis. 2011 Apr 5;11(4):3. doi: 10.1167/11.4.3.","Goddard E","J Vis","2011","2011/04/07","","","10.1167/11.4.3"
"21333672","Color in the cortex: single- and double-opponent cells","Shapley R, Hawken MJ.","Vision Res. 2011 Apr 13;51(7):701-17. doi: 10.1016/j.visres.2011.02.012. Epub 2011 Feb 17.","Shapley R","Vision Res","2011","2011/02/22","PMC3121536","NIHMS284652","10.1016/j.visres.2011.02.012"
"24236222","Co-registration of high resolution MRI scans with partial brain coverage in non-human primates","Lecoeur J, Wang F, Chen LM, Li R, Avison MJ, Dawant BM.","Proc SPIE Int Soc Opt Eng. 2011 Feb 11;7962:79621S. doi: 10.1117/12.877024.","Lecoeur J","Proc SPIE Int Soc Opt Eng","2011","2013/11/16","PMC3824268","NIHMS356441","10.1117/12.877024"
"21307843","fMRI of cocaine self-administration in macaques reveals functional inhibition of basal ganglia","Mandeville JB, Choi JK, Jarraya B, Rosen BR, Jenkins BG, Vanduffel W.","Neuropsychopharmacology. 2011 May;36(6):1187-98. doi: 10.1038/npp.2011.1. Epub 2011 Feb 9.","Mandeville JB","Neuropsychopharmacology","2011","2011/02/11","PMC3079280","NIHMS259948","10.1038/npp.2011.1"
"21196511","The effects of visuospatial attention measured across visual cortex using source-imaged, steady-state EEG","Lauritzen TZ, Ales JM, Wade AR.","J Vis. 2010 Dec 31;10(14):39. doi: 10.1167/10.14.39.","Lauritzen TZ","J Vis","2010","2011/01/04","","","10.1167/10.14.39"
"21160558","Functional properties of human auditory cortical fields","Woods DL, Herron TJ, Cate AD, Yund EW, Stecker GC, Rinne T, Kang X.","Front Syst Neurosci. 2010 Dec 3;4:155. doi: 10.3389/fnsys.2010.00155. eCollection 2010.","Woods DL","Front Syst Neurosci","2010","2010/12/17","PMC3001989","","10.3389/fnsys.2010.00155"
"20967197","Neural coding of movement direction in the healthy human brain","Cowper-Smith CD, Lau EY, Helmick CA, Eskes GA, Westwood DA.","PLoS One. 2010 Oct 13;5(10):e13330. doi: 10.1371/journal.pone.0013330.","Cowper-Smith CD","PLoS One","2010","2010/10/23","PMC2954155","","10.1371/journal.pone.0013330"
"20471483","BOLD fMRI of visual and somatosensory-motor stimulations in baboons","Wey HY, Li J, Szabó CA, Fox PT, Leland MM, Jones L, Duong TQ.","Neuroimage. 2010 Oct 1;52(4):1420-7. doi: 10.1016/j.neuroimage.2010.05.014. Epub 2010 May 13.","Wey HY","Neuroimage","2010","2010/05/18","PMC2949958","NIHMS235652","10.1016/j.neuroimage.2010.05.014"
"20451630","Decoding the direction of auditory motion in blind humans","Wolbers T, Zahorik P, Giudice NA.","Neuroimage. 2011 May 15;56(2):681-7. doi: 10.1016/j.neuroimage.2010.04.266. Epub 2010 May 5.","Wolbers T","Neuroimage","2011","2010/05/11","","","10.1016/j.neuroimage.2010.04.266"
"20053384","Characterisation of the BOLD response time course at different levels of the auditory pathway in non-human primates","Baumann S, Griffiths TD, Rees A, Hunter D, Sun L, Thiele A.","Neuroimage. 2010 Apr 15;50(3):1099-108. doi: 10.1016/j.neuroimage.2009.12.103. Epub 2010 Jan 4.","Baumann S","Neuroimage","2010","2010/01/08","PMC2880247","","10.1016/j.neuroimage.2009.12.103"
"19969009","Effects of heartbeat and respiration on macaque fMRI: implications for functional connectivity","Teichert T, Grinband J, Hirsch J, Ferrera VP.","Neuropsychologia. 2010 Jun;48(7):1886-94. doi: 10.1016/j.neuropsychologia.2009.11.026. Epub 2009 Dec 5.","Teichert T","Neuropsychologia","2010","2009/12/09","PMC2876227","NIHMS164276","10.1016/j.neuropsychologia.2009.11.026"
"19758835","Topographic maps in human frontal and parietal cortex","Silver MA, Kastner S.","Trends Cogn Sci. 2009 Nov;13(11):488-95. doi: 10.1016/j.tics.2009.08.005. Epub 2009 Sep 14.","Silver MA","Trends Cogn Sci","2009","2009/09/18","PMC2767426","NIHMS146072","10.1016/j.tics.2009.08.005"
"19683056","Functional magnetic resonance imaging of awake behaving macaques","Goense JB, Whittingstall K, Logothetis NK.","Methods. 2010 Mar;50(3):178-88. doi: 10.1016/j.ymeth.2009.08.003. Epub 2009 Aug 13.","Goense JB","Methods","2010","2009/08/18","","","10.1016/j.ymeth.2009.08.003"
"19385988","Neuronal substrates of gaze following in monkeys","Kamphuis S, Dicke PW, Thier P.","Eur J Neurosci. 2009 Apr;29(8):1732-8. doi: 10.1111/j.1460-9568.2009.06730.x.","Kamphuis S","Eur J Neurosci","2009","2009/04/24","","","10.1111/j.1460-9568.2009.06730.x"
"19365552","Functional maps of human auditory cortex: effects of acoustic features and attention","Woods DL, Stecker GC, Rinne T, Herron TJ, Cate AD, Yund EW, Liao I, Kang X.","PLoS One. 2009;4(4):e5183. doi: 10.1371/journal.pone.0005183. Epub 2009 Apr 13.","Woods DL","PLoS One","2009","2009/04/15","PMC2664477","","10.1371/journal.pone.0005183"
"19072897","Two systems of resting state connectivity between the insula and cingulate cortex","Taylor KS, Seminowicz DA, Davis KD.","Hum Brain Mapp. 2009 Sep;30(9):2731-45. doi: 10.1002/hbm.20705.","Taylor KS","Hum Brain Mapp","2009","2008/12/17","PMC6871122","","10.1002/hbm.20705"
"18973818","Audiovisual integration in human superior temporal sulcus: Inverse effectiveness and the neural processing of speech and object recognition","Stevenson RA, James TW.","Neuroimage. 2009 Feb 1;44(3):1210-23. doi: 10.1016/j.neuroimage.2008.09.034. Epub 2008 Oct 10.","Stevenson RA","Neuroimage","2009","2008/11/01","","","10.1016/j.neuroimage.2008.09.034"
"18973604","Color responses of the human lateral geniculate nucleus: [corrected] selective amplification of S-cone signals between the lateral geniculate nucleno and primary visual cortex measured with high-field fMRI","Mullen KT, Dumoulin SO, Hess RF.","Eur J Neurosci. 2008 Nov;28(9):1911-23. doi: 10.1111/j.1460-9568.2008.06476.x.","Mullen KT","Eur J Neurosci","2008","2008/11/01","PMC2777261","","10.1111/j.1460-9568.2008.06476.x"
"18846222","Cortical activations in humans grasp-related areas depend on hand used and handedness","Begliomini C, Nelini C, Caria A, Grodd W, Castiello U.","PLoS One. 2008;3(10):e3388. doi: 10.1371/journal.pone.0003388. Epub 2008 Oct 10.","Begliomini C","PLoS One","2008","2008/10/11","PMC2561002","","10.1371/journal.pone.0003388"
"18215804","Pharmacological MRI combined with electrophysiology in non-human primates: effects of Lidocaine on primary visual cortex","Rauch A, Rainer G, Augath M, Oeltermann A, Logothetis NK.","Neuroimage. 2008 Apr 1;40(2):590-600. doi: 10.1016/j.neuroimage.2007.12.009. Epub 2008 Jan 24.","Rauch A","Neuroimage","2008","2008/01/25","","","10.1016/j.neuroimage.2007.12.009"
"18024083","fMRI of the temporal lobe of the awake monkey at 7 T","Goense JB, Ku SP, Merkle H, Tolias AS, Logothetis NK.","Neuroimage. 2008 Feb 1;39(3):1081-93. doi: 10.1016/j.neuroimage.2007.09.038. Epub 2007 Sep 29.","Goense JB","Neuroimage","2008","2007/11/21","","","10.1016/j.neuroimage.2007.09.038"
"17697355","Activation of superior colliculi in humans during visual exploration","Himmelbach M, Erb M, Karnath HO.","BMC Neurosci. 2007 Aug 14;8:66. doi: 10.1186/1471-2202-8-66.","Himmelbach M","BMC Neurosci","2007","2007/08/19","PMC1976416","","10.1186/1471-2202-8-66"
"17533768","Grounding object concepts in perception and action: evidence from fMRI studies of tools","Beauchamp MS, Martin A.","Cortex. 2007 Apr;43(3):461-8. doi: 10.1016/s0010-9452(08)70470-2.","Beauchamp MS","Cortex","2007","2007/05/31","","","10.1016/s0010-9452(08)70470-2"
"17509896","Robust controlled functional MRI in alert monkeys at high magnetic field: effects of jaw and body movements","Keliris GA, Shmuel A, Ku SP, Pfeuffer J, Oeltermann A, Steudel T, Logothetis NK.","Neuroimage. 2007 Jul 1;36(3):550-70. doi: 10.1016/j.neuroimage.2007.02.057. Epub 2007 Apr 10.","Keliris GA","Neuroimage","2007","2007/05/19","","","10.1016/j.neuroimage.2007.02.057"
"17126036","Quantitative basal CBF and CBF fMRI of rhesus monkeys using three-coil continuous arterial spin labeling","Zhang X, Nagaoka T, Auerbach EJ, Champion R, Zhou L, Hu X, Duong TQ.","Neuroimage. 2007 Feb 1;34(3):1074-83. doi: 10.1016/j.neuroimage.2006.10.011. Epub 2006 Nov 27.","Zhang X","Neuroimage","2007","2006/11/28","PMC2943966","NIHMS235659","10.1016/j.neuroimage.2006.10.011"
"17122318","Sensorimotor integration in S2, PV, and parietal rostroventral areas of the human sylvian fissure","Hinkley LB, Krubitzer LA, Nagarajan SS, Disbrow EA.","J Neurophysiol. 2007 Feb;97(2):1288-97. doi: 10.1152/jn.00733.2006. Epub 2006 Nov 22.","Hinkley LB","J Neurophysiol","2007","2006/11/24","PMC4060608","NIHMS23502","10.1152/jn.00733.2006"
"16997579","Reliable detection of bilateral activation in human primary somatosensory cortex by unilateral median nerve stimulation","Sutherland MT, Tang AC.","Neuroimage. 2006 Dec;33(4):1042-54. doi: 10.1016/j.neuroimage.2006.08.015. Epub 2006 Sep 25.","Sutherland MT","Neuroimage","2006","2006/09/26","","","10.1016/j.neuroimage.2006.08.015"
"16820004","Contribution of the corpus callosum to bilateral representation of the trunk midline in the human brain: an fMRI study of callosotomized patients","Fabri M, Polonara G, Mascioli G, Paggi A, Salvolini U, Manzoni T.","Eur J Neurosci. 2006 Jun;23(11):3139-48. doi: 10.1111/j.1460-9568.2006.04823.x.","Fabri M","Eur J Neurosci","2006","2006/07/06","","","10.1111/j.1460-9568.2006.04823.x"
"16675025","fMRI in alert, behaving monkeys: an adaptation of the human infant familiarization novelty preference procedure","Joseph JE, Powell DK, Andersen AH, Bhatt RS, Dunlap MK, Foldes ST, Forman E, Hardy PA, Steinmetz NA, Zhang Z.","J Neurosci Methods. 2006 Oct 15;157(1):10-24. doi: 10.1016/j.jneumeth.2006.03.018. Epub 2006 May 3.","Joseph JE","J Neurosci Methods","2006","2006/05/06","","","10.1016/j.jneumeth.2006.03.018"
"16481198","Developing functional magnetic resonance imaging techniques for alert macaque monkeys","Gamlin PD, Ward MK, Bolding MS, Grossmann JK, Twieg DB.","Methods. 2006 Mar;38(3):210-20. doi: 10.1016/j.ymeth.2005.08.004.","Gamlin PD","Methods","2006","2006/02/17","","","10.1016/j.ymeth.2005.08.004"
"16343560","Mapping the parietal cortex of human and non-human primates","Orban GA, Claeys K, Nelissen K, Smans R, Sunaert S, Todd JT, Wardak C, Durand JB, Vanduffel W.","Neuropsychologia. 2006;44(13):2647-67. doi: 10.1016/j.neuropsychologia.2005.11.001. Epub 2005 Dec 12.","Orban GA","Neuropsychologia","2006","2005/12/14","","","10.1016/j.neuropsychologia.2005.11.001"
"16213164","Characterization of event-related designs using BOLD and IRON fMRI","Leite FP, Mandeville JB.","Neuroimage. 2006 Feb 1;29(3):901-9. doi: 10.1016/j.neuroimage.2005.08.022. Epub 2005 Oct 5.","Leite FP","Neuroimage","2006","2005/10/11","","","10.1016/j.neuroimage.2005.08.022"
"16162856","Sub-area-specific Suppressive Interaction in the BOLD responses to simultaneous finger stimulation in human primary somatosensory cortex: evidence for increasing rostral-to-caudal convergence","Ruben J, Krause T, Taskin B, Blankenburg F, Moosmann M, Villringer A.","Cereb Cortex. 2006 Jun;16(6):819-26. doi: 10.1093/cercor/bhj025. Epub 2005 Sep 14.","Ruben J","Cereb Cortex","2006","2005/09/16","","","10.1093/cercor/bhj025"
"16162829","Role for human posterior parietal cortex in visual processing of aversive objects in peripersonal space","Lloyd D, Morrison I, Roberts N.","J Neurophysiol. 2006 Jan;95(1):205-14. doi: 10.1152/jn.00614.2005. Epub 2005 Sep 14.","Lloyd D","J Neurophysiol","2006","2005/09/16","","","10.1152/jn.00614.2005"
"16054845","Attentional modulation in the human visual cortex: the time-course of the BOLD response and its implications","Smith AT, Cotillon-Williams NM, Williams AL.","Neuroimage. 2006 Jan 1;29(1):328-34. doi: 10.1016/j.neuroimage.2005.07.003. Epub 2005 Jul 28.","Smith AT","Neuroimage","2006","2005/08/02","","","10.1016/j.neuroimage.2005.07.003"
"15817644","Topographic organization for delayed saccades in human posterior parietal cortex","Schluppeck D, Glimcher P, Heeger DJ.","J Neurophysiol. 2005 Aug;94(2):1372-84. doi: 10.1152/jn.01290.2004. Epub 2005 Apr 7.","Schluppeck D","J Neurophysiol","2005","2005/04/09","PMC2367322","NIHMS42752","10.1152/jn.01290.2004"
"15242691","Comparative mapping of higher visual areas in monkeys and humans","Orban GA, Van Essen D, Vanduffel W.","Trends Cogn Sci. 2004 Jul;8(7):315-24. doi: 10.1016/j.tics.2004.05.009.","Orban GA","Trends Cogn Sci","2004","2004/07/10","","","10.1016/j.tics.2004.05.009"
"15006672","A functional neuroimaging study of motivation and executive function","Taylor SF, Welsh RC, Wager TD, Phan KL, Fitzgerald KD, Gehring WJ.","Neuroimage. 2004 Mar;21(3):1045-54. doi: 10.1016/j.neuroimage.2003.10.032.","Taylor SF","Neuroimage","2004","2004/03/10","","","10.1016/j.neuroimage.2003.10.032"
"12967923","Activation of the human orbitofrontal cortex to a liquid food stimulus is correlated with its subjective pleasantness","Kringelbach ML, O'Doherty J, Rolls ET, Andrews C.","Cereb Cortex. 2003 Oct;13(10):1064-71. doi: 10.1093/cercor/13.10.1064.","Kringelbach ML","Cereb Cortex","2003","2003/09/12","","","10.1093/cercor/13.10.1064"
"12902398","Evidence for a rostral-to-caudal somatotopic organization in human primary somatosensory cortex with mirror-reversal in areas 3b and 1","Blankenburg F, Ruben J, Meyer R, Schwiemann J, Villringer A.","Cereb Cortex. 2003 Sep;13(9):987-93. doi: 10.1093/cercor/13.9.987.","Blankenburg F","Cereb Cortex","2003","2003/08/07","","","10.1093/cercor/13.9.987"
"12697619","Language systems in normal and aphasic human subjects: functional imaging studies and inferences from animal studies","Wise RJ.","Br Med Bull. 2003;65:95-119. doi: 10.1093/bmb/65.1.95.","Wise RJ","Br Med Bull","2003","2003/04/17","","","10.1093/bmb/65.1.95"
"12483217","Multisensory representation of limb position in human premotor cortex","Lloyd DM, Shore DI, Spence C, Calvert GA.","Nat Neurosci. 2003 Jan;6(1):17-8. doi: 10.1038/nn991.","Lloyd DM","Nat Neurosci","2003","2002/12/17","","","10.1038/nn991"
"11726800","Somatotopic organization of the medial wall of the cerebral hemispheres: a 3 Tesla fMRI study","Mayer AR, Zimbelman JL, Watanabe Y, Rao SM.","Neuroreport. 2001 Dec 4;12(17):3811-4. doi: 10.1097/00001756-200112040-00042.","Mayer AR","Neuroreport","2001","2001/12/01","","","10.1097/00001756-200112040-00042"
"11480525","Functional MRI activity in the thalamus and occipital cortex of anesthetized dogs induced by monocular and binocular stimulation","Willis CK, Quinn RP, McDonell WM, Gati J, Partlow G, Vilis T.","Can J Vet Res. 2001 Jul;65(3):188-95.","Willis CK","Can J Vet Res","2001","2001/08/02","PMC1189674","",""
"11389943","Direct comparison of visual cortex activation in human and non-human primates using functional magnetic resonance imaging","Dubowitz DJ, Chen DY, Atkinson DJ, Scadeng M, Martinez A, Andersen MB, Andersen RA, Bradley WG Jr.","J Neurosci Methods. 2001 May 30;107(1-2):71-80. doi: 10.1016/s0165-0270(01)00353-3.","Dubowitz DJ","J Neurosci Methods","2001","2001/06/08","","","10.1016/s0165-0270(01)00353-3"
"10666552","Replication and further studies of neural mechanisms of spatial mnemonic processing in humans","Zarahn E, Aguirre G, D'Esposito M.","Brain Res Cogn Brain Res. 2000 Jan;9(1):1-17. doi: 10.1016/s0926-6410(99)00033-6.","Zarahn E","Brain Res Cogn Brain Res","2000","2000/02/10","","","10.1016/s0926-6410(99)00033-6"
"10554993","An anatomical landmark for the supplementary eye fields in human revealed with functional magnetic resonance imaging","Grosbras MH, Lobel E, Van de Moortele PF, LeBihan D, Berthoz A.","Cereb Cortex. 1999 Oct-Nov;9(7):705-11. doi: 10.1093/cercor/9.7.705.","Grosbras MH","Cereb Cortex","1999","1999/11/11","","","10.1093/cercor/9.7.705"
"9510384","Dorsal cortical regions subserving visually guided saccades in humans: an fMRI study","Luna B, Thulborn KR, Strojwas MH, McCurtain BJ, Berman RA, Genovese CR, Sweeney JA.","Cereb Cortex. 1998 Jan-Feb;8(1):40-7. doi: 10.1093/cercor/8.1.40.","Luna B","Cereb Cortex","1998","1998/03/24","","","10.1093/cercor/8.1.40"
