﻿PMID,Title,Authors,Citation,First Author,Journal/Book,Publication Year,Create Date,PMCID,NIHMS ID,DOI
"34293407","A pilot behavioural and neuroimaging investigation on photothrombotic stroke models in rhesus monkeys","Zhang Z, Wang S, Du L, Xu L, Lin Y, Liu K, Zou Y, Bin Li, Ye Q, Mao Y, Chen W, Zhou G, Sun H, Huang H, Li R, Li G, Li L, Wang Q, Long Q, Huang H, Geng X, Liu Y, Liu C, Li B, Zhou Z, Li J, Wang J.","J Neurosci Methods. 2021 Jul 20;362:109291. doi: 10.1016/j.jneumeth.2021.109291. Online ahead of print.","Zhang Z","J Neurosci Methods","2021","2021/07/22","","","10.1016/j.jneumeth.2021.109291"
"34158619","A translational perspective on the anti-anhedonic effect of ketamine and its neural underpinnings","Pulcu E, Guinea C, Cowen PJ, Murphy SE, Harmer CJ.","Mol Psychiatry. 2021 Jun 22. doi: 10.1038/s41380-021-01183-1. Online ahead of print.","Pulcu E","Mol Psychiatry","2021","2021/06/23","","","10.1038/s41380-021-01183-1"
"34118293","The squirrel monkey model in clinical neuroscience","Royo J, Forkel SJ, Pouget P, Thiebaut de Schotten M.","Neurosci Biobehav Rev. 2021 Sep;128:152-164. doi: 10.1016/j.neubiorev.2021.06.006. Epub 2021 Jun 10.","Royo J","Neurosci Biobehav Rev","2021","2021/06/12","","","10.1016/j.neubiorev.2021.06.006"
"34108252","An MD2-perturbing peptide has therapeutic effects in rodent and rhesus monkey models of stroke","Fang Z, Wu D, Deng J, Yang Q, Zhang X, Chen J, Wang S, Hu S, Hou W, Ning S, Ding Y, Fan Z, Jiang Z, Kang J, Liu Y, Miao J, Ji X, Dong H, Xiong L.","Sci Transl Med. 2021 Jun 9;13(597):eabb6716. doi: 10.1126/scitranslmed.abb6716.","Fang Z","Sci Transl Med","2021","2021/06/10","","","10.1126/scitranslmed.abb6716"
"34060880","Bridging across functional models: The OFC as a value-making neural network","Pessiglione M, Daunizeau J.","Behav Neurosci. 2021 Apr;135(2):277-290. doi: 10.1037/bne0000464.","Pessiglione M","Behav Neurosci","2021","2021/06/01","","","10.1037/bne0000464"
"34043075","Optic flow selectivity in the macaque parieto-occipital sulcus","Pitzalis S, Hadj-Bouziane F, Dal Bò G, Guedj C, Strappini F, Meunier M, Farnè A, Fattori P, Galletti C.","Brain Struct Funct. 2021 May 27. doi: 10.1007/s00429-021-02293-w. Online ahead of print.","Pitzalis S","Brain Struct Funct","2021","2021/05/27","","","10.1007/s00429-021-02293-w"
"34001896","Longitudinal in vivo imaging of acute neuropathology in a monkey model of Ebola virus infection","Schreiber-Stainthorp W, Solomon J, Lee JH, Castro M, Shah S, Martinez-Orengo N, Reeder R, Maric D, Gross R, Qin J, Hagen KR, Johnson RF, Hammoud DA.","Nat Commun. 2021 May 17;12(1):2855. doi: 10.1038/s41467-021-23088-x.","Schreiber-Stainthorp W","Nat Commun","2021","2021/05/18","PMC8129091","","10.1038/s41467-021-23088-x"
"33822908","Brain Activity Fluctuations Propagate as Waves Traversing the Cortical Hierarchy","Gu Y, Sainburg LE, Kuang S, Han F, Williams JW, Liu Y, Zhang N, Zhang X, Leopold DA, Liu X.","Cereb Cortex. 2021 Jul 29;31(9):3986-4005. doi: 10.1093/cercor/bhab064.","Gu Y","Cereb Cortex","2021","2021/04/06","","","10.1093/cercor/bhab064"
"33818801","Aging-related Alzheimer's disease-like neuropathology and functional decline in captive vervet monkeys (Chlorocebus aethiops sabaeus)","Frye BM, Craft S, Latimer CS, Keene CD, Montine TJ, Register TC, Orr ME, Kavanagh K, Macauley SL, Shively CA.","Am J Primatol. 2021 Apr 5:e23260. doi: 10.1002/ajp.23260. Online ahead of print.","Frye BM","Am J Primatol","2021","2021/04/05","","","10.1002/ajp.23260"
"33794360","The Subcortical Atlas of the Rhesus Macaque (SARM) for neuroimaging","Hartig R, Glen D, Jung B, Logothetis NK, Paxinos G, Garza-Villarreal EA, Messinger A, Evrard HC.","Neuroimage. 2021 Jul 15;235:117996. doi: 10.1016/j.neuroimage.2021.117996. Epub 2021 Mar 29.","Hartig R","Neuroimage","2021","2021/04/01","","","10.1016/j.neuroimage.2021.117996"
"33789138","A comprehensive macaque fMRI pipeline and hierarchical atlas","Jung B, Taylor PA, Seidlitz J, Sponheim C, Perkins P, Ungerleider LG, Glen D, Messinger A.","Neuroimage. 2021 Jul 15;235:117997. doi: 10.1016/j.neuroimage.2021.117997. Epub 2021 Mar 28.","Jung B","Neuroimage","2021","2021/03/31","","","10.1016/j.neuroimage.2021.117997"
"33716694","Infantile Iron Deficiency Affects Brain Development in Monkeys Even After Treatment of Anemia","Vlasova RM, Wang Q, Willette A, Styner MA, Lubach GR, Kling PJ, Georgieff MK, Rao RB, Coe CL.","Front Hum Neurosci. 2021 Feb 24;15:624107. doi: 10.3389/fnhum.2021.624107. eCollection 2021.","Vlasova RM","Front Hum Neurosci","2021","2021/03/15","PMC7947927","","10.3389/fnhum.2021.624107"
"33489261","'Not only faces': specialized visual representation of human hands revealed by adaptation","Conson M, Polito F, Di Rosa A, Trojano L, Cordasco G, Esposito A, Turi M.","R Soc Open Sci. 2020 Dec 16;7(12):200948. doi: 10.1098/rsos.200948. eCollection 2020 Dec.","Conson M","R Soc Open Sci","2020","2021/01/25","PMC7813241","","10.1098/rsos.200948"
"33431634","Face-Selective Units in Human Ventral Temporal Cortex Reactivate during Free Recall","Khuvis S, Yeagle EM, Norman Y, Grossman S, Malach R, Mehta AD.","J Neurosci. 2021 Apr 14;41(15):3386-3399. doi: 10.1523/JNEUROSCI.2918-19.2020. Epub 2021 Jan 11.","Khuvis S","J Neurosci","2021","2021/01/12","PMC8051680","","10.1523/JNEUROSCI.2918-19.2020"
"33130051","Protective cranial implant caps for macaques","Perry BAL, Mason S, Nacef J, Waddle A, Hynes B, Bergmann C, Schmid MC, Petkov CI, Thiele A, Mitchell AS.","J Neurosci Methods. 2021 Jan 15;348:108992. doi: 10.1016/j.jneumeth.2020.108992. Epub 2020 Oct 29.","Perry BAL","J Neurosci Methods","2021","2020/11/01","PMC7840592","","10.1016/j.jneumeth.2020.108992"
"33127411","Effects of alfaxalone on cerebral blood flow and intrinsic neural activity of rhesus monkeys: A comparison study with ketamine","Li CX, Kempf D, Howell L, Zhang X.","Magn Reson Imaging. 2021 Jan;75:134-140. doi: 10.1016/j.mri.2020.10.011. Epub 2020 Oct 27.","Li CX","Magn Reson Imaging","2021","2020/10/31","PMC7733545","NIHMS1643371","10.1016/j.mri.2020.10.011"
"32848562","Statistical Learning Signals for Complex Visual Images in Macaque Early Visual Cortex","Vergnieux V, Vogels R.","Front Neurosci. 2020 Jul 31;14:789. doi: 10.3389/fnins.2020.00789. eCollection 2020.","Vergnieux V","Front Neurosci","2020","2020/08/28","PMC7411161","","10.3389/fnins.2020.00789"
"32817199","Area 8A within the Posterior Middle Frontal Gyrus Underlies Cognitive Selection between Competing Visual Targets","Germann J, Petrides M.","eNeuro. 2020 Sep 8;7(5):ENEURO.0102-20.2020. doi: 10.1523/ENEURO.0102-20.2020. Print 2020 Sep/Oct.","Germann J","eNeuro","2020","2020/08/21","PMC7540933","","10.1523/ENEURO.0102-20.2020"
"32735814","Grip Constancy but Not Perceptual Size Constancy Survives Lesions of Early Visual Cortex","Whitwell RL, Sperandio I, Buckingham G, Chouinard PA, Goodale MA.","Curr Biol. 2020 Sep 21;30(18):3680-3686.e5. doi: 10.1016/j.cub.2020.07.026. Epub 2020 Jul 30.","Whitwell RL","Curr Biol","2020","2020/08/01","","","10.1016/j.cub.2020.07.026"
"32729642","A dedicated eight-channel receive RF coil array for monkey brain MRI at 9.4 T","Li M, Li Y, Jin J, Yang Z, Zhang B, Liu Y, Song M, Freakly C, Weber E, Liu F, Jiang T, Crozier S.","NMR Biomed. 2020 Oct;33(10):e4369. doi: 10.1002/nbm.4369. Epub 2020 Jul 30.","Li M","NMR Biomed","2020","2020/07/31","","","10.1002/nbm.4369"
"32539526","Diagnostic Classification for Human Autism and Obsessive-Compulsive Disorder Based on Machine Learning From a Primate Genetic Model","Zhan Y, Wei J, Liang J, Xu X, He R, Robbins TW, Wang Z.","Am J Psychiatry. 2021 Jan 1;178(1):65-76. doi: 10.1176/appi.ajp.2020.19101091. Epub 2020 Jun 16.","Zhan Y","Am J Psychiatry","2021","2020/06/17","","","10.1176/appi.ajp.2020.19101091"
"32525497","Severer nodular lesion in white matter than in gray matter in simian immunodeficiency virus-infected monkey, but not closely correlated with viral infection","Zhang J, Fox H, Xiong H.","J Biomed Res. 2019 Aug 28;34(4):292-300. doi: 10.7555/JBR.33.20180047.","Zhang J","J Biomed Res","2019","2020/06/12","PMC7386408","","10.7555/JBR.33.20180047"
"32410977","MonkeyCBP: A Toolbox for Connectivity-Based Parcellation of Monkey Brain","He B, Yang Z, Fan L, Gao B, Li H, Ye C, You B, Jiang T.","Front Neuroinform. 2020 Apr 28;14:14. doi: 10.3389/fninf.2020.00014. eCollection 2020.","He B","Front Neuroinform","2020","2020/05/16","PMC7198896","","10.3389/fninf.2020.00014"
"32081631","A 16-channel loop array for in vivo macaque whole-brain imaging at 3 T","Quan Z, Gao Y, Qu S, Wang X, Friedman RM, Chernov MM, Kroenke CD, Roe AW, Zhang X.","Magn Reson Imaging. 2020 May;68:167-172. doi: 10.1016/j.mri.2020.02.008. Epub 2020 Feb 17.","Quan Z","Magn Reson Imaging","2020","2020/02/22","PMC7784245","NIHMS1655088","10.1016/j.mri.2020.02.008"
"31778818","A 16-channel AC/DC array coil for anesthetized monkey whole-brain imaging at 7T","Gao Y, Mareyam A, Sun Y, Witzel T, Arango N, Kuang I, White J, Roe AW, Wald L, Stockmann J, Zhang X.","Neuroimage. 2020 Feb 15;207:116396. doi: 10.1016/j.neuroimage.2019.116396. Epub 2019 Nov 25.","Gao Y","Neuroimage","2020","2019/11/29","PMC7309650","NIHMS1595681","10.1016/j.neuroimage.2019.116396"
"31743789","Pypreclin: An automatic pipeline for macaque functional MRI preprocessing","Tasserie J, Grigis A, Uhrig L, Dupont M, Amadon A, Jarraya B.","Neuroimage. 2020 Feb 15;207:116353. doi: 10.1016/j.neuroimage.2019.116353. Epub 2019 Nov 16.","Tasserie J","Neuroimage","2020","2019/11/20","","","10.1016/j.neuroimage.2019.116353"
"31735805","Illuminating the Neural Circuits Underlying Orienting of Attention","Posner MI, Niell CM.","Vision (Basel). 2019 Jan 24;3(1):4. doi: 10.3390/vision3010004.","Posner MI","Vision (Basel)","2019","2019/11/19","PMC6802764","","10.3390/vision3010004"
"31731911","Cingulate role in Tourette syndrome","O'Neill J, Piacentini JC, Peterson BS.","Handb Clin Neurol. 2019;166:165-221. doi: 10.1016/B978-0-444-64196-0.00011-X.","O'Neill J","Handb Clin Neurol","2019","2019/11/17","","","10.1016/B978-0-444-64196-0.00011-X"
"31590732","The lateral prefrontal cortex and human long-term memory","Blumenfeld RS, Ranganath C.","Handb Clin Neurol. 2019;163:221-235. doi: 10.1016/B978-0-12-804281-6.00012-4.","Blumenfeld RS","Handb Clin Neurol","2019","2019/10/09","","","10.1016/B978-0-12-804281-6.00012-4"
"31514578","Functional Specialization in the Attention Network","Fiebelkorn IC, Kastner S.","Annu Rev Psychol. 2020 Jan 4;71:221-249. doi: 10.1146/annurev-psych-010418-103429. Epub 2019 Sep 12.","Fiebelkorn IC","Annu Rev Psychol","2020","2019/09/14","PMC7026883","NIHMS1553234","10.1146/annurev-psych-010418-103429"
"31494249","A population stereotaxic positron emission tomography brain template for the macaque and its application to ischemic model","Nie B, Wang L, Hu Y, Liang S, Tan Z, Chai P, Tang Y, Shang J, Pan Z, Zhao X, Zhang X, Gong J, Zheng C, Xu H, Wey HY, Liang SH, Shan B.","Neuroimage. 2019 Dec;203:116163. doi: 10.1016/j.neuroimage.2019.116163. Epub 2019 Sep 5.","Nie B","Neuroimage","2019","2019/09/09","","","10.1016/j.neuroimage.2019.116163"
"30979867","Preliminary evidence of increased striatal dopamine in a nonhuman primate model of maternal immune activation","Bauman MD, Lesh TA, Rowland DJ, Schumann CM, Smucny J, Kukis DL, Cherry SR, McAllister AK, Carter CS.","Transl Psychiatry. 2019 Apr 12;9(1):135. doi: 10.1038/s41398-019-0449-y.","Bauman MD","Transl Psychiatry","2019","2019/04/14","PMC6461624","","10.1038/s41398-019-0449-y"
"30924264","Egomotion-related visual areas respond to active leg movements","Serra C, Galletti C, Di Marco S, Fattori P, Galati G, Sulpizio V, Pitzalis S.","Hum Brain Mapp. 2019 Aug 1;40(11):3174-3191. doi: 10.1002/hbm.24589. Epub 2019 Mar 28.","Serra C","Hum Brain Mapp","2019","2019/03/30","PMC6865514","","10.1002/hbm.24589"
"30873000","Brain Map of Intrinsic Functional Flexibility in Anesthetized Monkeys and Awake Humans","Yin D, Zhang Z, Wang Z, Zeljic K, Lv Q, Cai D, Wang Y, Wang Z.","Front Neurosci. 2019 Feb 28;13:174. doi: 10.3389/fnins.2019.00174. eCollection 2019.","Yin D","Front Neurosci","2019","2019/03/16","PMC6403192","","10.3389/fnins.2019.00174"
"30816142","Reward cues readily direct monkeys' auditory performance resulting in broad auditory cortex modulation and interaction with sites along cholinergic and dopaminergic pathways","Wikman P, Rinne T, Petkov CI.","Sci Rep. 2019 Feb 28;9(1):3055. doi: 10.1038/s41598-019-38833-y.","Wikman P","Sci Rep","2019","2019/03/01","PMC6395775","","10.1038/s41598-019-38833-y"
"30796800","Hippocampal Interaction With Area 25, but not Area 32, Regulates Marmoset Approach-Avoidance Behavior","Wallis CU, Cockcroft GJ, Cardinal RN, Roberts AC, Clarke HF.","Cereb Cortex. 2019 Dec 17;29(11):4818-4830. doi: 10.1093/cercor/bhz015.","Wallis CU","Cereb Cortex","2019","2019/02/24","PMC6917514","","10.1093/cercor/bhz015"
"30581210","Evaluation of psychiatry training in India: A survey of young psychiatrists under the aegis of research, education, and training foundation of Indian Psychiatric Society","Grover S, Sahoo S, Srinivas B, Tripathi A, Avasthi A.","Indian J Psychiatry. 2018 Oct-Dec;60(4):445-460. doi: 10.4103/psychiatry.IndianJPsychiatry_334_18.","Grover S","Indian J Psychiatry","2018","2018/12/25","PMC6278221","","10.4103/psychiatry.IndianJPsychiatry_334_18"
"30528965","Mapping Structure-Function Relationships in the Brain","Snyder AZ, Bauer AQ.","Biol Psychiatry Cogn Neurosci Neuroimaging. 2019 Jun;4(6):510-521. doi: 10.1016/j.bpsc.2018.10.005. Epub 2018 Oct 29.","Snyder AZ","Biol Psychiatry Cogn Neurosci Neuroimaging","2019","2018/12/12","PMC6488459","NIHMS1511011","10.1016/j.bpsc.2018.10.005"
"30487652","D2 receptors and cognitive flexibility in marmosets: tri-phasic dose-response effects of intra-striatal quinpirole on serial reversal performance","Horst NK, Jupp B, Roberts AC, Robbins TW.","Neuropsychopharmacology. 2019 Feb;44(3):564-571. doi: 10.1038/s41386-018-0272-9. Epub 2018 Nov 15.","Horst NK","Neuropsychopharmacology","2019","2018/11/30","PMC6333796","EMS80282","10.1038/s41386-018-0272-9"
"30416440","Existence of Initial Dip for BCI: An Illusion or Reality","Hong KS, Zafar A.","Front Neurorobot. 2018 Oct 26;12:69. doi: 10.3389/fnbot.2018.00069. eCollection 2018.","Hong KS","Front Neurorobot","2018","2018/11/13","PMC6212489","","10.3389/fnbot.2018.00069"
"30102999","Pathophysiology of levodopa-induced dyskinesia: Insights from multimodal imaging and immunohistochemistry in non-human primates","Beaudoin-Gobert M, Météreau E, Duperrier S, Thobois S, Tremblay L, Sgambato V.","Neuroimage. 2018 Dec;183:132-141. doi: 10.1016/j.neuroimage.2018.08.016. Epub 2018 Aug 10.","Beaudoin-Gobert M","Neuroimage","2018","2018/08/14","","","10.1016/j.neuroimage.2018.08.016"
"30090871","Nonparametric test for connectivity detection in multivariate autoregressive networks and application to multiunit activity data","Gilson M, Tauste Campo A, Chen X, Thiele A, Deco G.","Netw Neurosci. 2017 Dec 1;1(4):357-380. doi: 10.1162/NETN_a_00019. eCollection 2018 Winter.","Gilson M","Netw Neurosci","2017","2018/08/10","PMC6063719","","10.1162/NETN_a_00019"
"30082915","Hierarchy of transcriptomic specialization across human cortex captured by structural neuroimaging topography","Burt JB, Demirtaş M, Eckner WJ, Navejar NM, Ji JL, Martin WJ, Bernacchia A, Anticevic A, Murray JD.","Nat Neurosci. 2018 Sep;21(9):1251-1259. doi: 10.1038/s41593-018-0195-0. Epub 2018 Aug 6.","Burt JB","Nat Neurosci","2018","2018/08/08","PMC6119093","NIHMS976581","10.1038/s41593-018-0195-0"
"30074755","Deuterium Kinetic Isotope Effect Studies of a Potential in Vivo Metabolic Trapping Agent for Monoamine Oxidase B","Drake LR, Brooks AF, Mufarreh AJ, Pham JM, Koeppe RA, Shao X, Scott PJH, Kilbourn MR.","ACS Chem Neurosci. 2018 Dec 19;9(12):3024-3027. doi: 10.1021/acschemneuro.8b00219. Epub 2018 Aug 17.","Drake LR","ACS Chem Neurosci","2018","2018/08/04","PMC7589526","NIHMS1635323","10.1021/acschemneuro.8b00219"
"30061190","Functional Connectivity within the Primate Extended Amygdala Is Heritable and Associated with Early-Life Anxious Temperament","Fox AS, Oler JA, Birn RM, Shackman AJ, Alexander AL, Kalin NH.","J Neurosci. 2018 Aug 29;38(35):7611-7621. doi: 10.1523/JNEUROSCI.0102-18.2018. Epub 2018 Jul 30.","Fox AS","J Neurosci","2018","2018/08/01","PMC6113902","","10.1523/JNEUROSCI.0102-18.2018"
"30006920","A Web-Based Atlas Combining MRI and Histology of the Squirrel Monkey Brain","Schilling KG, Gao Y, Christian M, Janve V, Stepniewska I, Landman BA, Anderson AW.","Neuroinformatics. 2019 Jan;17(1):131-145. doi: 10.1007/s12021-018-9391-z.","Schilling KG","Neuroinformatics","2019","2018/07/15","PMC6330248","NIHMS981463","10.1007/s12021-018-9391-z"
"29855217","Orientation Encoding and Viewpoint Invariance in Face Recognition: Inferring Neural Properties from Large-Scale Signals","Ramírez FM.","Neuroscientist. 2018 Dec;24(6):582-608. doi: 10.1177/1073858418769554. Epub 2018 Jun 1.","Ramírez FM","Neuroscientist","2018","2018/06/02","","","10.1177/1073858418769554"
"29852280","Concentric radiofrequency arrays to increase the statistical power of resting-state maps in monkeys","Gilbert KM, Schaeffer DJ, Zeman P, Diedrichsen J, Everling S, Martinez-Trujillo JC, Pruszynski JA, Menon RS.","Neuroimage. 2018 Sep;178:287-294. doi: 10.1016/j.neuroimage.2018.05.057. Epub 2018 May 28.","Gilbert KM","Neuroimage","2018","2018/06/01","","","10.1016/j.neuroimage.2018.05.057"
"29720690","Preparatory activity for purposeful arm movements in the dorsomedial parietal area V6A: Beyond the online guidance of movement","Santandrea E, Breveglieri R, Bosco A, Galletti C, Fattori P.","Sci Rep. 2018 May 2;8(1):6926. doi: 10.1038/s41598-018-25117-0.","Santandrea E","Sci Rep","2018","2018/05/04","PMC5931970","","10.1038/s41598-018-25117-0"
"29519474","The dorsal ""action"" pathway","Gallivan JP, Goodale MA.","Handb Clin Neurol. 2018;151:449-466. doi: 10.1016/B978-0-444-63622-5.00023-1.","Gallivan JP","Handb Clin Neurol","2018","2018/03/10","","","10.1016/B978-0-444-63622-5.00023-1"
"29308987","Evidence for a Functional Hierarchy of Association Networks","Choi EY, Drayna GK, Badre D.","J Cogn Neurosci. 2018 May;30(5):722-736. doi: 10.1162/jocn_a_01229. Epub 2018 Jan 8.","Choi EY","J Cogn Neurosci","2018","2018/01/09","","","10.1162/jocn_a_01229"
"29208569","A digital 3D atlas of the marmoset brain based on multi-modal MRI","Liu C, Ye FQ, Yen CC, Newman JD, Glen D, Leopold DA, Silva AC.","Neuroimage. 2018 Apr 1;169:106-116. doi: 10.1016/j.neuroimage.2017.12.004. Epub 2017 Dec 5.","Liu C","Neuroimage","2018","2017/12/07","PMC5856608","NIHMS928414","10.1016/j.neuroimage.2017.12.004"
"29045561","Structural Variability Across the Primate Brain: A Cross-Species Comparison","Croxson PL, Forkel SJ, Cerliani L, Thiebaut de Schotten M.","Cereb Cortex. 2018 Nov 1;28(11):3829-3841. doi: 10.1093/cercor/bhx244.","Croxson PL","Cereb Cortex","2018","2017/10/19","PMC6887925","","10.1093/cercor/bhx244"
"29017728","Near-Infrared Fluorescent Proteins Engineered from Bacterial Phytochromes in Neuroimaging","Piatkevich KD, Suk HJ, Kodandaramaiah SB, Yoshida F, DeGennaro EM, Drobizhev M, Hughes TE, Desimone R, Boyden ES, Verkhusha VV.","Biophys J. 2017 Nov 21;113(10):2299-2309. doi: 10.1016/j.bpj.2017.09.007. Epub 2017 Oct 7.","Piatkevich KD","Biophys J","2017","2017/10/12","PMC5700256","","10.1016/j.bpj.2017.09.007"
"28845885","Analysis of vascular homogeneity and anisotropy on high-resolution primate brain imaging","Kennel P, Fonta C, Guibert R, Plouraboué F.","Hum Brain Mapp. 2017 Nov;38(11):5756-5777. doi: 10.1002/hbm.23766. Epub 2017 Aug 28.","Kennel P","Hum Brain Mapp","2017","2017/08/29","PMC6866716","","10.1002/hbm.23766"
"28709682","Hemifield coding in ventral object-sensitive areas - Evidence from visual hemiagnosia","Rennig J, Karnath HO, Cornelsen S, Wilhelm H, Himmelbach M.","Cortex. 2018 Jan;98:149-162. doi: 10.1016/j.cortex.2017.06.011. Epub 2017 Jun 28.","Rennig J","Cortex","2018","2017/07/16","","","10.1016/j.cortex.2017.06.011"
"28161319","Biophysical and neural basis of resting state functional connectivity: Evidence from non-human primates","Chen LM, Yang PF, Wang F, Mishra A, Shi Z, Wu R, Wu TL, Wilson GH 3rd, Ding Z, Gore JC.","Magn Reson Imaging. 2017 Jun;39:71-81. doi: 10.1016/j.mri.2017.01.020. Epub 2017 Feb 2.","Chen LM","Magn Reson Imaging","2017","2017/02/06","PMC5410395","NIHMS852391","10.1016/j.mri.2017.01.020"
"28119564","UNC-Emory Infant Atlases for Macaque Brain Image Analysis: Postnatal Brain Development through 12 Months","Shi Y, Budin F, Yapuncich E, Rumple A, Young JT, Payne C, Zhang X, Hu X, Godfrey J, Howell B, Sanchez MM, Styner MA.","Front Neurosci. 2017 Jan 10;10:617. doi: 10.3389/fnins.2016.00617. eCollection 2016.","Shi Y","Front Neurosci","2017","2017/01/26","PMC5222830","","10.3389/fnins.2016.00617"
"28063612","Conserved Sequence Processing in Primate Frontal Cortex","Wilson B, Marslen-Wilson WD, Petkov CI.","Trends Neurosci. 2017 Feb;40(2):72-82. doi: 10.1016/j.tins.2016.11.004. Epub 2017 Jan 5.","Wilson B","Trends Neurosci","2017","2017/01/09","PMC5359391","","10.1016/j.tins.2016.11.004"
"28056343","Perceptual Decision Making in Rodents, Monkeys, and Humans","Hanks TD, Summerfield C.","Neuron. 2017 Jan 4;93(1):15-31. doi: 10.1016/j.neuron.2016.12.003.","Hanks TD","Neuron","2017","2017/01/06","","","10.1016/j.neuron.2016.12.003"
"28003408","Intrinsic functional architecture of the macaque dorsal and ventral lateral frontal cortex","Goulas A, Stiers P, Hutchison RM, Everling S, Petrides M, Margulies DS.","J Neurophysiol. 2017 Mar 1;117(3):1084-1099. doi: 10.1152/jn.00486.2016. Epub 2016 Dec 21.","Goulas A","J Neurophysiol","2017","2016/12/23","PMC5340881","","10.1152/jn.00486.2016"
"27798134","Separate Perceptual and Neural Processing of Velocity- and Disparity-Based 3D Motion Signals","Joo SJ, Czuba TB, Cormack LK, Huk AC.","J Neurosci. 2016 Oct 19;36(42):10791-10802. doi: 10.1523/JNEUROSCI.1298-16.2016.","Joo SJ","J Neurosci","2016","2016/11/01","PMC5083008","","10.1523/JNEUROSCI.1298-16.2016"
"27702634","Prefrontal cortical activity associated with visual stimulus categorization in non-human primates measured with near-infrared spectroscopy","Lee YA, Pollet V, Kato A, Goto Y.","Behav Brain Res. 2017 Jan 15;317:327-331. doi: 10.1016/j.bbr.2016.09.068. Epub 2016 Oct 1.","Lee YA","Behav Brain Res","2017","2016/10/06","","","10.1016/j.bbr.2016.09.068"
"27706916","Anatomical and functional neuroimaging in awake, behaving marmosets","Silva AC.","Dev Neurobiol. 2017 Mar;77(3):373-389. doi: 10.1002/dneu.22456. Epub 2016 Oct 21.","Silva AC","Dev Neurobiol","2017","2016/10/06","PMC5318267","NIHMS821773","10.1002/dneu.22456"
"27760814","Independent coding of absolute duration and distance magnitudes in the prefrontal cortex","Marcos E, Tsujimoto S, Genovesio A.","J Neurophysiol. 2017 Jan 1;117(1):195-203. doi: 10.1152/jn.00245.2016. Epub 2016 Oct 19.","Marcos E","J Neurophysiol","2017","2016/10/21","PMC5209538","","10.1152/jn.00245.2016"
"27256592","Spatial and non-spatial aspects of visual attention: Interactive cognitive mechanisms and neural underpinnings","Shomstein S, Gottlieb J.","Neuropsychologia. 2016 Nov;92:9-19. doi: 10.1016/j.neuropsychologia.2016.05.021. Epub 2016 May 30.","Shomstein S","Neuropsychologia","2016","2016/06/04","","","10.1016/j.neuropsychologia.2016.05.021"
"27188457","Probing the Neural Correlates of Number Processing","Knops A.","Neuroscientist. 2017 Jun;23(3):264-274. doi: 10.1177/1073858416650153. Epub 2016 May 17.","Knops A","Neuroscientist","2017","2016/05/19","","","10.1177/1073858416650153"
"27130662","Role of the Perigenual Anterior Cingulate and Orbitofrontal Cortex in Contingency Learning in the Marmoset","Jackson SA, Horst NK, Pears A, Robbins TW, Roberts AC.","Cereb Cortex. 2016 Jul;26(7):3273-84. doi: 10.1093/cercor/bhw067. Epub 2016 Apr 29.","Jackson SA","Cereb Cortex","2016","2016/05/01","PMC4898677","","10.1093/cercor/bhw067"
"27075850","DPABI: Data Processing & Analysis for (Resting-State) Brain Imaging","Yan CG, Wang XD, Zuo XN, Zang YF.","Neuroinformatics. 2016 Jul;14(3):339-51. doi: 10.1007/s12021-016-9299-4.","Yan CG","Neuroinformatics","2016","2016/04/15","","","10.1007/s12021-016-9299-4"
"26961941","Human Dorsolateral Prefrontal Cortex Is Not Necessary for Spatial Working Memory","Mackey WE, Devinsky O, Doyle WK, Meager MR, Curtis CE.","J Neurosci. 2016 Mar 9;36(10):2847-56. doi: 10.1523/JNEUROSCI.3618-15.2016.","Mackey WE","J Neurosci","2016","2016/03/11","PMC4783492","","10.1523/JNEUROSCI.3618-15.2016"
"26818510","Neuronal Modulation in the Prefrontal Cortex in a Transitive Inference Task: Evidence of Neuronal Correlates of Mental Schema Management","Brunamonti E, Mione V, Di Bello F, Pani P, Genovesio A, Ferraina S.","J Neurosci. 2016 Jan 27;36(4):1223-36. doi: 10.1523/JNEUROSCI.1473-15.2016.","Brunamonti E","J Neurosci","2016","2016/01/29","PMC6604826","","10.1523/JNEUROSCI.1473-15.2016"
"26755918","Modeling Parkinson's disease in the common marmoset (Callithrix jacchus): overview of models, methods, and animal care","Yun JW, Ahn JB, Kang BC.","Lab Anim Res. 2015 Dec;31(4):155-65. doi: 10.5625/lar.2015.31.4.155. Epub 2015 Dec 22.","Yun JW","Lab Anim Res","2015","2016/01/13","PMC4707143","","10.5625/lar.2015.31.4.155"
"29600289","Advancing research in regeneration and repair of the motor circuitry: non-human primate models and imaging scales as the missing links for successfully translating injectable therapeutics to the clinic","Tsintou M, Dalamagkas K, Makris N.","Int J Stem Cell Res Ther. 2016;3(2):042. doi: 10.23937/2469-570X/1410042. Epub 2016 Oct 28.","Tsintou M","Int J Stem Cell Res Ther","2016","2018/03/31","PMC5870906","NIHMS947961","10.23937/2469-570X/1410042"
"26699223","Frontopolar Resource Allocation in Human and Nonhuman Primates","Pollmann S.","Trends Cogn Sci. 2016 Feb;20(2):84-86. doi: 10.1016/j.tics.2015.11.006. Epub 2015 Dec 14.","Pollmann S","Trends Cogn Sci","2016","2015/12/25","","","10.1016/j.tics.2015.11.006"
"26653139","Capturing the temporal evolution of choice across prefrontal cortex","Hunt LT, Behrens TE, Hosokawa T, Wallis JD, Kennerley SW.","Elife. 2015 Dec 11;4:e11945. doi: 10.7554/eLife.11945.","Hunt LT","Elife","2015","2015/12/15","PMC4718814","","10.7554/eLife.11945"
"26573340","Auditory sequence processing reveals evolutionarily conserved regions of frontal cortex in macaques and humans","Wilson B, Kikuchi Y, Sun L, Hunter D, Dick F, Smith K, Thiele A, Griffiths TD, Marslen-Wilson WD, Petkov CI.","Nat Commun. 2015 Nov 17;6:8901. doi: 10.1038/ncomms9901.","Wilson B","Nat Commun","2015","2015/11/18","PMC4660034","EMS65623","10.1038/ncomms9901"
"26497267","Optimized parallel transmit and receive radiofrequency coil for ultrahigh-field MRI of monkeys","Gilbert KM, Gati JS, Barker K, Everling S, Menon RS.","Neuroimage. 2016 Jan 15;125:153-161. doi: 10.1016/j.neuroimage.2015.10.048. Epub 2015 Oct 20.","Gilbert KM","Neuroimage","2016","2015/10/27","","","10.1016/j.neuroimage.2015.10.048"
"26496798","Cytoarchitecture and cortical connections of the anterior insula and adjacent frontal motor fields in the rhesus monkey","Morecraft RJ, Stilwell-Morecraft KS, Ge J, Cipolloni PB, Pandya DN.","Brain Res Bull. 2015 Oct;119(Pt A):52-72. doi: 10.1016/j.brainresbull.2015.10.004. Epub 2015 Oct 20.","Morecraft RJ","Brain Res Bull","2015","2015/10/27","PMC4662861","NIHMS735813","10.1016/j.brainresbull.2015.10.004"
"26473809","A Promising PET Tracer for Imaging of α₇ Nicotinic Acetylcholine Receptors in the Brain: Design, Synthesis, and in Vivo Evaluation of a Dibenzothiophene-Based Radioligand","Teodoro R, Scheunemann M, Deuther-Conrad W, Wenzel B, Fasoli FM, Gotti C, Kranz M, Donat CK, Patt M, Hillmer A, Zheng MQ, Peters D, Steinbach J, Sabri O, Huang Y, Brust P.","Molecules. 2015 Oct 9;20(10):18387-421. doi: 10.3390/molecules201018387.","Teodoro R","Molecules","2015","2015/10/17","PMC6332508","","10.3390/molecules201018387"
"26393369","In Vivo Metabolic Trapping Radiotracers for Imaging Monoamine Oxidase-A and -B Enzymatic Activity","Brooks AF, Shao X, Quesada CA, Sherman P, Scott PJ, Kilbourn MR.","ACS Chem Neurosci. 2015 Dec 16;6(12):1965-71. doi: 10.1021/acschemneuro.5b00223. Epub 2015 Oct 1.","Brooks AF","ACS Chem Neurosci","2015","2015/09/23","PMC5637101","NIHMS909262","10.1021/acschemneuro.5b00223"
"26300451","Dopamine and glutamate release in the anterior default system during rest: A monkey microdialysis study","Kodama T, Hikosaka K, Honda Y, Kojima T, Tsutsui K, Watanabe M.","Behav Brain Res. 2015 Nov 1;294:194-7. doi: 10.1016/j.bbr.2015.08.013. Epub 2015 Aug 20.","Kodama T","Behav Brain Res","2015","2015/08/25","","","10.1016/j.bbr.2015.08.013"
"26169795","A framework to explore the visual brain in glaucoma with lessons from models and man","Yucel YH, Gupta N.","Exp Eye Res. 2015 Dec;141:171-8. doi: 10.1016/j.exer.2015.07.004. Epub 2015 Jul 11.","Yucel YH","Exp Eye Res","2015","2015/07/15","","","10.1016/j.exer.2015.07.004"
"26066653","The Travelling-Wave Primate System: A New Solution for Magnetic Resonance Imaging of Macaque Monkeys at 7 Tesla Ultra-High Field","Herrmann T, Mallow J, Plaumann M, Luchtmann M, Stadler J, Mylius J, Brosch M, Bernarding J.","PLoS One. 2015 Jun 11;10(6):e0129371. doi: 10.1371/journal.pone.0129371. eCollection 2015.","Herrmann T","PLoS One","2015","2015/06/13","PMC4466239","","10.1371/journal.pone.0129371"
"26015576","Oxytocin modulates fMRI responses to facial expression in macaques","Liu N, Hadj-Bouziane F, Jones KB, Turchi JN, Averbeck BB, Ungerleider LG.","Proc Natl Acad Sci U S A. 2015 Jun 16;112(24):E3123-30. doi: 10.1073/pnas.1508097112. Epub 2015 May 26.","Liu N","Proc Natl Acad Sci U S A","2015","2015/05/28","PMC4475931","","10.1073/pnas.1508097112"
"25966278","Progressive cognitive deficit, motor impairment and striatal pathology in a transgenic Huntington disease monkey model from infancy to adulthood","Chan AW, Jiang J, Chen Y, Li C, Prucha MS, Hu Y, Chi T, Moran S, Rahim T, Li S, Li X, Zola SM, Testa CM, Mao H, Villalba R, Smith Y, Zhang X, Bachevalier J.","PLoS One. 2015 May 12;10(5):e0122335. doi: 10.1371/journal.pone.0122335. eCollection 2015.","Chan AW","PLoS One","2015","2015/05/13","PMC4428630","","10.1371/journal.pone.0122335"
"25881906","Characterization of Cerebral Damage in a Monkey Model of Alzheimer's Disease Induced by Intracerebroventricular Injection of Streptozotocin","Yeo HG, Lee Y, Jeon CY, Jeong KJ, Jin YB, Kang P, Kim SU, Kim JS, Huh JW, Kim YH, Sim BW, Song BS, Park YH, Hong Y, Lee SR, Chang KT.","J Alzheimers Dis. 2015;46(4):989-1005. doi: 10.3233/JAD-143222.","Yeo HG","J Alzheimers Dis","2015","2015/04/18","","","10.3233/JAD-143222"
"25684556","Functional consequences of cocaine expectation: findings in a non-human primate model of cocaine self-administration","Porrino LJ, Beveridge TJ, Smith HR, Nader MA.","Addict Biol. 2016 May;21(3):519-29. doi: 10.1111/adb.12231. Epub 2015 Feb 15.","Porrino LJ","Addict Biol","2016","2015/02/17","PMC4537685","NIHMS657663","10.1111/adb.12231"
"25680520","Invariance in current dipole moment density across brain structures and species: physiological constraint for neuroimaging","Murakami S, Okada Y.","Neuroimage. 2015 May 1;111:49-58. doi: 10.1016/j.neuroimage.2015.02.003. Epub 2015 Feb 10.","Murakami S","Neuroimage","2015","2015/02/15","PMC4415154","NIHMS667076","10.1016/j.neuroimage.2015.02.003"
"25657726","A more consistent intraluminal rhesus monkey model of ischemic stroke","Zhao B, Shang G, Chen J, Geng X, Ye X, Xu G, Wang J, Zheng J, Li H, Akbary F, Li S, Lu J, Ling F, Ji X.","Neural Regen Res. 2014 Dec 1;9(23):2087-94. doi: 10.4103/1673-5374.147936.","Zhao B","Neural Regen Res","2014","2015/02/07","PMC4316474","","10.4103/1673-5374.147936"
"25631057","Electrophysiological Correlates of a Versatile Executive Control System in the Monkey Anterior Cingulate Cortex","Michelet T, Bioulac B, Langbour N, Goillandeau M, Guehl D, Burbaud P.","Cereb Cortex. 2016 Apr;26(4):1684-1697. doi: 10.1093/cercor/bhv004. Epub 2015 Jan 28.","Michelet T","Cereb Cortex","2016","2015/01/30","","","10.1093/cercor/bhv004"
"25490197","Affective and motivational control of vision","Vuilleumier P.","Curr Opin Neurol. 2015 Feb;28(1):29-35. doi: 10.1097/WCO.0000000000000159.","Vuilleumier P","Curr Opin Neurol","2015","2014/12/10","","","10.1097/WCO.0000000000000159"
"25366580","The mirror neuron system and the strange case of Broca's area","Cerri G, Cabinio M, Blasi V, Borroni P, Iadanza A, Fava E, Fornia L, Ferpozzi V, Riva M, Casarotti A, Martinelli Boneschi F, Falini A, Bello L.","Hum Brain Mapp. 2015 Mar;36(3):1010-27. doi: 10.1002/hbm.22682. Epub 2014 Nov 4.","Cerri G","Hum Brain Mapp","2015","2014/11/05","PMC6869026","","10.1002/hbm.22682"
"25220896","The effects of chronic alcohol self-administration on serotonin-1A receptor binding in nonhuman primates","Hillmer AT, Wooten DW, Tudorascu DL, Barnhart TE, Ahlers EO, Resch LM, Larson JA, Converse AK, Moore CF, Schneider ML, Christian BT.","Drug Alcohol Depend. 2014 Nov 1;144:119-26. doi: 10.1016/j.drugalcdep.2014.08.015. Epub 2014 Aug 29.","Hillmer AT","Drug Alcohol Depend","2014","2014/09/16","PMC4253864","NIHMS628121","10.1016/j.drugalcdep.2014.08.015"
"25206616","Characteristics of diffusion-tensor imaging for healthy adult rhesus monkey brains","Zhao X, Pu J, Fan Y, Niu X, Yu D, Zhang Y.","Neural Regen Res. 2013 Nov 5;8(31):2951-61. doi: 10.3969/j.issn.1673-5374.2013.31.008.","Zhao X","Neural Regen Res","2013","2014/09/11","PMC4146173","","10.3969/j.issn.1673-5374.2013.31.008"
"25192634","Remapping of memory encoding and retrieval networks: insights from neuroimaging in primates","Miyamoto K, Osada T, Adachi Y.","Behav Brain Res. 2014 Dec 15;275:53-61. doi: 10.1016/j.bbr.2014.08.046. Epub 2014 Sep 1.","Miyamoto K","Behav Brain Res","2014","2014/09/07","","","10.1016/j.bbr.2014.08.046"
"25100931","Auditory connections and functions of prefrontal cortex","Plakke B, Romanski LM.","Front Neurosci. 2014 Jul 23;8:199. doi: 10.3389/fnins.2014.00199. eCollection 2014.","Plakke B","Front Neurosci","2014","2014/08/08","PMC4107948","","10.3389/fnins.2014.00199"
"25100930","Merging functional and structural properties of the monkey auditory cortex","Joly O, Baumann S, Balezeau F, Thiele A, Griffiths TD.","Front Neurosci. 2014 Jul 21;8:198. doi: 10.3389/fnins.2014.00198. eCollection 2014.","Joly O","Front Neurosci","2014","2014/08/08","PMC4104553","","10.3389/fnins.2014.00198"
"25010558","A comparison of neural responses to appetitive and aversive stimuli in humans and other mammals","Hayes DJ, Duncan NW, Xu J, Northoff G.","Neurosci Biobehav Rev. 2014 Sep;45:350-68. doi: 10.1016/j.neubiorev.2014.06.018. Epub 2014 Jul 7.","Hayes DJ","Neurosci Biobehav Rev","2014","2014/07/11","","","10.1016/j.neubiorev.2014.06.018"
"24984194","A thermostable bacterial cocaine esterase rapidly eliminates cocaine from brain in nonhuman primates","Howell LL, Nye JA, Stehouwer JS, Voll RJ, Mun J, Narasimhan D, Nichols J, Sunahara R, Goodman MM, Carroll FI, Woods JH.","Transl Psychiatry. 2014 Jul 1;4(7):e407. doi: 10.1038/tp.2014.48.","Howell LL","Transl Psychiatry","2014","2014/07/02","PMC4119218","","10.1038/tp.2014.48"
"24904067","Parcellation of Human and Monkey Core Auditory Cortex with fMRI Pattern Classification and Objective Detection of Tonotopic Gradient Reversals","Schönwiesner M, Dechent P, Voit D, Petkov CI, Krumbholz K.","Cereb Cortex. 2015 Oct;25(10):3278-89. doi: 10.1093/cercor/bhu124. Epub 2014 Jun 5.","Schönwiesner M","Cereb Cortex","2015","2014/06/07","PMC4585487","EMS64057","10.1093/cercor/bhu124"
"24886776","Somatotopy of the extrinsic laryngeal muscles in the human sensorimotor cortex","Belyk M, Brown S.","Behav Brain Res. 2014 Aug 15;270:364-71. doi: 10.1016/j.bbr.2014.05.048. Epub 2014 Jun 2.","Belyk M","Behav Brain Res","2014","2014/06/03","","","10.1016/j.bbr.2014.05.048"
"24825505","Human cortical areas involved in perception of surface glossiness","Wada A, Sakano Y, Ando H.","Neuroimage. 2014 Sep;98:243-57. doi: 10.1016/j.neuroimage.2014.05.001. Epub 2014 May 11.","Wada A","Neuroimage","2014","2014/05/15","","","10.1016/j.neuroimage.2014.05.001"
"24529965","Regionally-specific alterations in myelin proteins in nonhuman primate white matter following prolonged cocaine self-administration","Smith HR, Beveridge TJ, Nader MA, Porrino LJ.","Drug Alcohol Depend. 2014 Apr 1;137:143-7. doi: 10.1016/j.drugalcdep.2014.01.015. Epub 2014 Jan 30.","Smith HR","Drug Alcohol Depend","2014","2014/02/18","PMC4000724","NIHMS567347","10.1016/j.drugalcdep.2014.01.015"
"24485097","Comparison of human ventral frontal cortex areas for cognitive control and language with areas in monkey frontal cortex","Neubert FX, Mars RB, Thomas AG, Sallet J, Rushworth MF.","Neuron. 2014 Feb 5;81(3):700-13. doi: 10.1016/j.neuron.2013.11.012. Epub 2014 Jan 28.","Neubert FX","Neuron","2014","2014/02/04","","","10.1016/j.neuron.2013.11.012"
"24464941","Neuroimaging Evidence of Motor Control and Pain Processing in the Human Midcingulate Cortex","Misra G, Coombes SA.","Cereb Cortex. 2015 Jul;25(7):1906-19. doi: 10.1093/cercor/bhu001. Epub 2014 Jan 23.","Misra G","Cereb Cortex","2015","2014/01/28","","","10.1093/cercor/bhu001"
"24239852","From conflict management to reward-based decision making: actors and critics in primate medial frontal cortex","Silvetti M, Alexander W, Verguts T, Brown JW.","Neurosci Biobehav Rev. 2014 Oct;46 Pt 1:44-57. doi: 10.1016/j.neubiorev.2013.11.003. Epub 2013 Nov 15.","Silvetti M","Neurosci Biobehav Rev","2014","2013/11/19","","","10.1016/j.neubiorev.2013.11.003"
"24121168","The helmet head restraint system: a viable solution for resting state fMRI in awake monkeys","Hadj-Bouziane F, Monfardini E, Guedj C, Gardechaux G, Hynaux C, Farnè A, Meunier M.","Neuroimage. 2014 Feb 1;86:536-43. doi: 10.1016/j.neuroimage.2013.09.068. Epub 2013 Oct 8.","Hadj-Bouziane F","Neuroimage","2014","2013/10/15","","","10.1016/j.neuroimage.2013.09.068"
"24094101","The structure of cognition: attentional episodes in mind and brain","Duncan J.","Neuron. 2013 Oct 2;80(1):35-50. doi: 10.1016/j.neuron.2013.09.015. Epub 2013 Oct 2.","Duncan J","Neuron","2013","2013/10/08","PMC3791406","","10.1016/j.neuron.2013.09.015"
"24077067","Monkeys that voluntarily and chronically drink alcohol damage their brains: a longitudinal MRI study","Kroenke CD, Rohlfing T, Park B, Sullivan EV, Pfefferbaum A, Grant KA.","Neuropsychopharmacology. 2014 Mar;39(4):823-30. doi: 10.1038/npp.2013.259. Epub 2013 Sep 27.","Kroenke CD","Neuropsychopharmacology","2014","2013/10/01","PMC3924514","","10.1038/npp.2013.259"
"24061965","Progressive loss of striatal dopamine terminals in MPTP-induced acute parkinsonism in cynomolgus monkeys using vesicular monoamine transporter type 2 PET imaging ([(18)F]AV-133)","Liu Y, Yue F, Tang R, Tao G, Pan X, Zhu L, Kung HF, Chan P.","Neurosci Bull. 2014 Jun;30(3):409-16. doi: 10.1007/s12264-013-1374-3. Epub 2013 Sep 5.","Liu Y","Neurosci Bull","2014","2013/09/25","PMC5562597","","10.1007/s12264-013-1374-3"
"24012310","A shared representation of the space near oneself and others in the human premotor cortex","Brozzoli C, Gentile G, Bergouignan L, Ehrsson HH.","Curr Biol. 2013 Sep 23;23(18):1764-8. doi: 10.1016/j.cub.2013.07.004. Epub 2013 Sep 5.","Brozzoli C","Curr Biol","2013","2013/09/10","","","10.1016/j.cub.2013.07.004"
"23879573","Cortico-cortical, cortico-striatal, and cortico-thalamic white matter fiber tracts generated in the macaque brain via dynamic programming","Ratnanather JT, Lal RM, An M, Poynton CB, Li M, Jiang H, Oishi K, Selemon LD, Mori S, Miller MI.","Brain Connect. 2013;3(5):475-90. doi: 10.1089/brain.2013.0143. Epub 2013 Sep 18.","Ratnanather JT","Brain Connect","2013","2013/07/25","PMC3798182","","10.1089/brain.2013.0143"
"23780752","Hippocampal network connections account for differences in memory performance in the middle-aged rhesus monkey","Koo BB, Oblak AL, Zhao Y, Farris CW, Bowley B, Rosene DL, Killiany RJ.","Hippocampus. 2013 Dec;23(12):1179-88. doi: 10.1002/hipo.22156. Epub 2013 Jul 13.","Koo BB","Hippocampus","2013","2013/06/20","PMC4113965","NIHMS614121","10.1002/hipo.22156"
"23723346","Neurovascular coupling to D2/D3 dopamine receptor occupancy using simultaneous PET/functional MRI","Sander CY, Hooker JM, Catana C, Normandin MD, Alpert NM, Knudsen GM, Vanduffel W, Rosen BR, Mandeville JB.","Proc Natl Acad Sci U S A. 2013 Jul 2;110(27):11169-74. doi: 10.1073/pnas.1220512110. Epub 2013 May 30.","Sander CY","Proc Natl Acad Sci U S A","2013","2013/06/01","PMC3703969","","10.1073/pnas.1220512110"
"23703859","A 22-channel receive array with Helmholtz transmit coil for anesthetized macaque MRI at 3 T","Janssens T, Keil B, Serano P, Mareyam A, McNab JA, Wald LL, Vanduffel W.","NMR Biomed. 2013 Nov;26(11):1431-40. doi: 10.1002/nbm.2970. Epub 2013 May 23.","Janssens T","NMR Biomed","2013","2013/05/25","","","10.1002/nbm.2970"
"23684970","Prefrontal cortex and neural mechanisms of executive function","Funahashi S, Andreau JM.","J Physiol Paris. 2013 Dec;107(6):471-82. doi: 10.1016/j.jphysparis.2013.05.001. Epub 2013 May 15.","Funahashi S","J Physiol Paris","2013","2013/05/21","","","10.1016/j.jphysparis.2013.05.001"
"23515795","Functional organization of human posterior parietal cortex: grasping- and reaching-related activations relative to topographically organized cortex","Konen CS, Mruczek RE, Montoya JL, Kastner S.","J Neurophysiol. 2013 Jun;109(12):2897-908. doi: 10.1152/jn.00657.2012. Epub 2013 Mar 20.","Konen CS","J Neurophysiol","2013","2013/03/22","PMC3680816","","10.1152/jn.00657.2012"
"23473795","Structural and quantitative neuroimaging of the common marmoset monkey using a clinical MRI system","Helms G, Garea-Rodriguez E, Schlumbohm C, König J, Dechent P, Fuchs E, Wilke M.","J Neurosci Methods. 2013 Apr 30;215(1):121-31. doi: 10.1016/j.jneumeth.2013.02.011. Epub 2013 Mar 6.","Helms G","J Neurosci Methods","2013","2013/03/12","","","10.1016/j.jneumeth.2013.02.011"
"23365241","Bayesian prediction and evaluation in the anterior cingulate cortex","Ide JS, Shenoy P, Yu AJ, Li CS.","J Neurosci. 2013 Jan 30;33(5):2039-47. doi: 10.1523/JNEUROSCI.2201-12.2013.","Ide JS","J Neurosci","2013","2013/02/01","PMC3711643","NIHMS441336","10.1523/JNEUROSCI.2201-12.2013"
"23303948","Global dysrhythmia of cerebro-basal ganglia-cerebellar networks underlies motor tics following striatal disinhibition","McCairn KW, Iriki A, Isoda M.","J Neurosci. 2013 Jan 9;33(2):697-708. doi: 10.1523/JNEUROSCI.4018-12.2013.","McCairn KW","J Neurosci","2013","2013/01/11","PMC6704907","","10.1523/JNEUROSCI.4018-12.2013"
"23266482","A spiking neuron model of the cortico-basal ganglia circuits for goal-directed and habitual action learning","Chersi F, Mirolli M, Pezzulo G, Baldassarre G.","Neural Netw. 2013 May;41:212-24. doi: 10.1016/j.neunet.2012.11.009. Epub 2012 Dec 5.","Chersi F","Neural Netw","2013","2012/12/26","","","10.1016/j.neunet.2012.11.009"
"23137651","The anatomy of fronto-occipital connections from early blunt dissections to contemporary tractography","Forkel SJ, Thiebaut de Schotten M, Kawadler JM, Dell'Acqua F, Danek A, Catani M.","Cortex. 2014 Jul;56:73-84. doi: 10.1016/j.cortex.2012.09.005. Epub 2012 Sep 20.","Forkel SJ","Cortex","2014","2012/11/10","","","10.1016/j.cortex.2012.09.005"
"23135357","Diffusion tensor imaging reveals evolution of primate brain architectures","Zhang D, Guo L, Zhu D, Li K, Li L, Chen H, Zhao Q, Hu X, Liu T.","Brain Struct Funct. 2013 Nov;218(6):1429-50. doi: 10.1007/s00429-012-0468-4. Epub 2012 Nov 8.","Zhang D","Brain Struct Funct","2013","2012/11/09","PMC3663907","NIHMS420217","10.1007/s00429-012-0468-4"
"23131805","Neuroimaging evidence of the anatomo-functional organization of the human cingulate motor areas","Amiez C, Petrides M.","Cereb Cortex. 2014 Mar;24(3):563-78. doi: 10.1093/cercor/bhs329. Epub 2012 Nov 6.","Amiez C","Cereb Cortex","2014","2012/11/08","","","10.1093/cercor/bhs329"
"23063951","Mirror neurons: functions, mechanisms and models","Oztop E, Kawato M, Arbib MA.","Neurosci Lett. 2013 Apr 12;540:43-55. doi: 10.1016/j.neulet.2012.10.005. Epub 2012 Oct 11.","Oztop E","Neurosci Lett","2013","2012/10/16","","","10.1016/j.neulet.2012.10.005"
"22957087","Dissociation of detection and discrimination of pure tones following bilateral lesions of auditory cortex","Dykstra AR, Koh CK, Braida LD, Tramo MJ.","PLoS One. 2012;7(9):e44602. doi: 10.1371/journal.pone.0044602. Epub 2012 Sep 5.","Dykstra AR","PLoS One","2012","2012/09/08","PMC3434164","","10.1371/journal.pone.0044602"
"22783174","Cognitive functions of the posterior parietal cortex: top-down and bottom-up attentional control","Shomstein S.","Front Integr Neurosci. 2012 Jul 4;6:38. doi: 10.3389/fnint.2012.00038. eCollection 2012.","Shomstein S","Front Integr Neurosci","2012","2012/07/12","PMC3389368","","10.3389/fnint.2012.00038"
"22777102","Specialization of reach function in human posterior parietal cortex","Vesia M, Crawford JD.","Exp Brain Res. 2012 Aug;221(1):1-18. doi: 10.1007/s00221-012-3158-9. Epub 2012 Jul 10.","Vesia M","Exp Brain Res","2012","2012/07/11","","","10.1007/s00221-012-3158-9"
"22632814","Fiber anatomy of dorsal and ventral language streams","Axer H, Klingner CM, Prescher A.","Brain Lang. 2013 Nov;127(2):192-204. doi: 10.1016/j.bandl.2012.04.015. Epub 2012 May 24.","Axer H","Brain Lang","2013","2012/05/29","","","10.1016/j.bandl.2012.04.015"
"22529770","What are the Odds? The Neural Correlates of Active Choice during Gambling","Studer B, Apergis-Schoute AM, Robbins TW, Clark L.","Front Neurosci. 2012 Apr 18;6:46. doi: 10.3389/fnins.2012.00046. eCollection 2012.","Studer B","Front Neurosci","2012","2012/04/25","PMC3328778","","10.3389/fnins.2012.00046"
"22466455","Vestibular inputs modulate somatosensory cortical processing","Ferrè ER, Bottini G, Haggard P.","Brain Struct Funct. 2012 Oct;217(4):859-64. doi: 10.1007/s00429-012-0404-7. Epub 2012 Apr 1.","Ferrè ER","Brain Struct Funct","2012","2012/04/03","","","10.1007/s00429-012-0404-7"
"22253658","Methods for fine scale functional imaging of tactile motion in human and nonhuman primates","Friedman RM, Dillenburger BC, Wang F, Avison MJ, Gore JC, Roe AW, Chen LM.","Open Neuroimag J. 2011;5:160-71. doi: 10.2174/1874440001105010160. Epub 2011 Nov 18.","Friedman RM","Open Neuroimag J","2011","2012/01/19","PMC3257843","","10.2174/1874440001105010160"
"22237864","Simultaneous measurement of extracellular dopamine and dopamine transporter occupancy by cocaine analogs in squirrel monkeys","Kimmel HL, Nye JA, Voll R, Mun J, Stehouwer J, Goodman MM, Votaw JR, Carroll FI, Howell LL.","Synapse. 2012 Jun;66(6):501-8. doi: 10.1002/syn.21536. Epub 2012 Mar 16.","Kimmel HL","Synapse","2012","2012/01/13","PMC3951213","NIHMS558506","10.1002/syn.21536"
"24294718","[Neurobiology of neuronal circuits invoved in depression]","Suárez FR.","An R Acad Nac Med (Madr). 2012;129(1):75-97; discussion 97-101.","Suárez FR","An R Acad Nac Med (Madr)","2012","2013/12/04","","",""
"22017280","Intentional signals during saccadic and reaching delays in the human posterior parietal cortex","Galati G, Committeri G, Pitzalis S, Pelle G, Patria F, Fattori P, Galletti C.","Eur J Neurosci. 2011 Dec;34(11):1871-85. doi: 10.1111/j.1460-9568.2011.07885.x. Epub 2011 Oct 23.","Galati G","Eur J Neurosci","2011","2011/10/25","","","10.1111/j.1460-9568.2011.07885.x"
"21900574","Default mode of brain function in monkeys","Mantini D, Gerits A, Nelissen K, Durand JB, Joly O, Simone L, Sawamura H, Wardak C, Orban GA, Buckner RL, Vanduffel W.","J Neurosci. 2011 Sep 7;31(36):12954-62. doi: 10.1523/JNEUROSCI.2318-11.2011.","Mantini D","J Neurosci","2011","2011/09/09","PMC3686636","NIHMS475975","10.1523/JNEUROSCI.2318-11.2011"
"21872854","The prefrontal cortex: comparative architectonic organization in the human and the macaque monkey brains","Petrides M, Tomaiuolo F, Yeterian EH, Pandya DN.","Cortex. 2012 Jan;48(1):46-57. doi: 10.1016/j.cortex.2011.07.002. Epub 2011 Jul 29.","Petrides M","Cortex","2012","2011/08/30","","","10.1016/j.cortex.2011.07.002"
"21536557","From single cells to social perception","Barraclough NE, Perrett DI.","Philos Trans R Soc Lond B Biol Sci. 2011 Jun 12;366(1571):1739-52. doi: 10.1098/rstb.2010.0352.","Barraclough NE","Philos Trans R Soc Lond B Biol Sci","2011","2011/05/04","PMC3130376","","10.1098/rstb.2010.0352"
"21397636","Are there internal thought processes in the monkey?--default brain activity in humans and nonhuman primates","Watanabe M.","Behav Brain Res. 2011 Aug 1;221(1):295-303. doi: 10.1016/j.bbr.2011.02.032. Epub 2011 Mar 21.","Watanabe M","Behav Brain Res","2011","2011/03/15","","","10.1016/j.bbr.2011.02.032"
"21102334","Disorder of higher visual function","Barton JJ.","Curr Opin Neurol. 2011 Feb;24(1):1-5. doi: 10.1097/WCO.0b013e328341a5c2.","Barton JJ","Curr Opin Neurol","2011","2010/11/25","","","10.1097/WCO.0b013e328341a5c2"
"20923706","A web-based brain atlas of the vervet monkey, Chlorocebus aethiops","Woods RP, Fears SC, Jorgensen MJ, Fairbanks LA, Toga AW, Freimer NB.","Neuroimage. 2011 Feb 1;54(3):1872-80. doi: 10.1016/j.neuroimage.2010.09.070. Epub 2010 Oct 13.","Woods RP","Neuroimage","2011","2010/10/07","PMC3008312","NIHMS242654","10.1016/j.neuroimage.2010.09.070"
"20676236","Measurement of neuronal activity in a macaque monkey in response to animate images using near-infrared spectroscopy","Wakita M, Shibasaki M, Ishizuka T, Schnackenberg J, Fujiawara M, Masataka N.","Front Behav Neurosci. 2010 Jun 7;4:31. doi: 10.3389/fnbeh.2010.00031. eCollection 2010.","Wakita M","Front Behav Neurosci","2010","2010/08/03","PMC2912168","","10.3389/fnbeh.2010.00031"
"20590396","A self in the mirror: mirror neurons, self-referential processing, and substance use disorders","Newlin DB, Renton RM.","Subst Use Misuse. 2010 Sep;45(11):1697-726. doi: 10.3109/10826084.2010.482421.","Newlin DB","Subst Use Misuse","2010","2010/07/02","","","10.3109/10826084.2010.482421"
"20463221","Human medial temporal lobe damage can disrupt the perception of single objects","Lee AC, Rudebeck SR.","J Neurosci. 2010 May 12;30(19):6588-94. doi: 10.1523/JNEUROSCI.0116-10.2010.","Lee AC","J Neurosci","2010","2010/05/14","PMC3079896","UKMS30619","10.1523/JNEUROSCI.0116-10.2010"
"20451630","Decoding the direction of auditory motion in blind humans","Wolbers T, Zahorik P, Giudice NA.","Neuroimage. 2011 May 15;56(2):681-7. doi: 10.1016/j.neuroimage.2010.04.266. Epub 2010 May 5.","Wolbers T","Neuroimage","2011","2010/05/11","","","10.1016/j.neuroimage.2010.04.266"
"20431723","fMR-Adaptation Reveals Invariant Coding of Biological Motion on the Human STS","Grossman ED, Jardine NL, Pyles JA.","Front Hum Neurosci. 2010 Mar 23;4:15. doi: 10.3389/neuro.09.015.2010. eCollection 2010.","Grossman ED","Front Hum Neurosci","2010","2010/05/01","PMC2861476","","10.3389/neuro.09.015.2010"
"19968969","The role of inferior frontal and parietal areas in differentiating meaningful and meaningless object-directed actions","Newman-Norlund R, van Schie HT, van Hoek ME, Cuijpers RH, Bekkering H.","Brain Res. 2010 Feb 22;1315:63-74. doi: 10.1016/j.brainres.2009.11.065. Epub 2009 Dec 5.","Newman-Norlund R","Brain Res","2010","2009/12/09","","","10.1016/j.brainres.2009.11.065"
"19945336","The neural basis of visual object learning","Op de Beeck HP, Baker CI.","Trends Cogn Sci. 2010 Jan;14(1):22-30. doi: 10.1016/j.tics.2009.11.002. Epub 2009 Nov 27.","Op de Beeck HP","Trends Cogn Sci","2010","2009/12/01","PMC2818494","NIHMS159205","10.1016/j.tics.2009.11.002"
"19923280","Default mode of brain activity demonstrated by positron emission tomography imaging in awake monkeys: higher rest-related than working memory-related activity in medial cortical areas","Kojima T, Onoe H, Hikosaka K, Tsutsui K, Tsukada H, Watanabe M.","J Neurosci. 2009 Nov 18;29(46):14463-71. doi: 10.1523/JNEUROSCI.1786-09.2009.","Kojima T","J Neurosci","2009","2009/11/20","PMC6665835","","10.1523/JNEUROSCI.1786-09.2009"
"19912328","Distribution of colour-selective activity in the monkey inferior temporal cortex revealed by functional magnetic resonance imaging","Harada T, Goda N, Ogawa T, Ito M, Toyoda H, Sadato N, Komatsu H.","Eur J Neurosci. 2009 Nov;30(10):1960-70. doi: 10.1111/j.1460-9568.2009.06995.x. Epub 2009 Nov 11.","Harada T","Eur J Neurosci","2009","2009/11/17","","","10.1111/j.1460-9568.2009.06995.x"
"19903877","Precuneus shares intrinsic functional architecture in humans and monkeys","Margulies DS, Vincent JL, Kelly C, Lohmann G, Uddin LQ, Biswal BB, Villringer A, Castellanos FX, Milham MP, Petrides M.","Proc Natl Acad Sci U S A. 2009 Nov 24;106(47):20069-74. doi: 10.1073/pnas.0905314106. Epub 2009 Nov 10.","Margulies DS","Proc Natl Acad Sci U S A","2009","2009/11/12","PMC2775700","","10.1073/pnas.0905314106"
"19665515","Anatomical organization of the eye fields in the human and non-human primate frontal cortex","Amiez C, Petrides M.","Prog Neurobiol. 2009 Oct;89(2):220-30. doi: 10.1016/j.pneurobio.2009.07.010. Epub 2009 Aug 7.","Amiez C","Prog Neurobiol","2009","2009/08/12","","","10.1016/j.pneurobio.2009.07.010"
"19523986","Neuronal synchronization in human parietal cortex during saccade planning","Van Der Werf J, Buchholz VN, Jensen O, Medendorp WP.","Behav Brain Res. 2009 Dec 28;205(2):329-35. doi: 10.1016/j.bbr.2009.06.011. Epub 2009 Jun 11.","Van Der Werf J","Behav Brain Res","2009","2009/06/16","","","10.1016/j.bbr.2009.06.011"
"19523515","The cortical visual area V6 in macaque and human brains","Fattori P, Pitzalis S, Galletti C.","J Physiol Paris. 2009 Jan-Mar;103(1-2):88-97. doi: 10.1016/j.jphysparis.2009.05.012. Epub 2009 Jun 10.","Fattori P","J Physiol Paris","2009","2009/06/16","","","10.1016/j.jphysparis.2009.05.012"
"19422919","New MRI, 18F-DOPA and 11C-(+)-alpha-dihydrotetrabenazine templates for Macaca fascicularis neuroimaging: advantages to improve PET quantification","Collantes M, Prieto E, Peñuelas I, Blesa J, Juri C, Martí-Climent JM, Quincoces G, Arbizu J, Riverol M, Zubieta JL, Rodriguez-Oroz MC, Luquin MR, Richter JA, Obeso JA.","Neuroimage. 2009 Aug 15;47(2):533-9. doi: 10.1016/j.neuroimage.2009.04.078. Epub 2009 May 5.","Collantes M","Neuroimage","2009","2009/05/09","","","10.1016/j.neuroimage.2009.04.078"
"19306931","A MEG investigation of somatosensory processing in the rhesus monkey","Wilson TW, Godwin DW, Czoty PW, Nader MA, Kraft RA, Buchheimer NC, Daunais JB.","Neuroimage. 2009 Jul 15;46(4):998-1003. doi: 10.1016/j.neuroimage.2009.03.029. Epub 2009 Mar 20.","Wilson TW","Neuroimage","2009","2009/03/25","PMC2692724","NIHMS112329","10.1016/j.neuroimage.2009.03.029"
"18977524","Mirror neurons, the representation of word meaning, and the foot of the third left frontal convolution","de Zubicaray G, Postle N, McMahon K, Meredith M, Ashton R.","Brain Lang. 2010 Jan;112(1):77-84. doi: 10.1016/j.bandl.2008.09.011. Epub 2008 Nov 1.","de Zubicaray G","Brain Lang","2010","2008/11/04","","","10.1016/j.bandl.2008.09.011"
"18608333","Action without perception in human vision","Goodale MA.","Cogn Neuropsychol. 2008 Oct-Dec;25(7-8):891-919. doi: 10.1080/02643290801961984.","Goodale MA","Cogn Neuropsychol","2008","2008/07/09","","","10.1080/02643290801961984"
"18596180","Early and late changes in the distal forelimb representation of the supplementary motor area after injury to frontal motor areas in the squirrel monkey","Eisner-Janowicz I, Barbay S, Hoover E, Stowe AM, Frost SB, Plautz EJ, Nudo RJ.","J Neurophysiol. 2008 Sep;100(3):1498-512. doi: 10.1152/jn.90447.2008. Epub 2008 Jul 2.","Eisner-Janowicz I","J Neurophysiol","2008","2008/07/04","PMC2544457","","10.1152/jn.90447.2008"
"18539252","Your body and mine: a neuropsychological perspective","Felician O, Romaiguère P.","Neurophysiol Clin. 2008 Jun;38(3):183-7. doi: 10.1016/j.neucli.2008.02.003. Epub 2008 Mar 6.","Felician O","Neurophysiol Clin","2008","2008/06/10","","","10.1016/j.neucli.2008.02.003"
"18385333","A rate code for sound azimuth in monkey auditory cortex: implications for human neuroimaging studies","Werner-Reiss U, Groh JM.","J Neurosci. 2008 Apr 2;28(14):3747-58. doi: 10.1523/JNEUROSCI.5044-07.2008.","Werner-Reiss U","J Neurosci","2008","2008/04/04","PMC3654685","NIHMS78601","10.1523/JNEUROSCI.5044-07.2008"
"18245039","Digit somatotopy within cortical areas of the postcentral gyrus in humans","Nelson AJ, Chen R.","Cereb Cortex. 2008 Oct;18(10):2341-51. doi: 10.1093/cercor/bhm257. Epub 2008 Jan 31.","Nelson AJ","Cereb Cortex","2008","2008/02/05","","","10.1093/cercor/bhm257"
"17726001","Ventrolateral prefrontal neuronal activity related to active controlled memory retrieval in nonhuman primates","Cadoret G, Petrides M.","Cereb Cortex. 2007 Sep;17 Suppl 1:i27-40. doi: 10.1093/cercor/bhm086.","Cadoret G","Cereb Cortex","2007","2007/11/21","","","10.1093/cercor/bhm086"
"18003881","Decoding of temporal intervals from cortical ensemble activity","Lebedev MA, O'Doherty JE, Nicolelis MA.","J Neurophysiol. 2008 Jan;99(1):166-86. doi: 10.1152/jn.00734.2007. Epub 2007 Nov 14.","Lebedev MA","J Neurophysiol","2008","2007/11/16","","","10.1152/jn.00734.2007"
"17657807","Neuroimaging of the serotonin reuptake site requires high-affinity ligands","Elfving B, Madsen J, Knudsen GM.","Synapse. 2007 Nov;61(11):882-8. doi: 10.1002/syn.20443.","Elfving B","Synapse","2007","2007/07/28","","","10.1002/syn.20443"
"17652461","A larynx area in the human motor cortex","Brown S, Ngan E, Liotti M.","Cereb Cortex. 2008 Apr;18(4):837-45. doi: 10.1093/cercor/bhm131. Epub 2007 Jul 25.","Brown S","Cereb Cortex","2008","2007/07/27","","","10.1093/cercor/bhm131"
"17596924","Neuroimaging and histopathological evaluation of delayed neurological damage produced by artificial occlusion of the middle cerebral artery in Cynomolgus monkeys: establishment of a monkey model for delayed cerebral ischemia","Hirouchi Y, Suzuki E, Mitsuoka C, Jin H, Kitajima S, Kohjimoto Y, Enomoto M, Kugino K.","Exp Toxicol Pathol. 2007 Sep;59(1):9-16. doi: 10.1016/j.etp.2007.02.008. Epub 2007 Jun 26.","Hirouchi Y","Exp Toxicol Pathol","2007","2007/06/29","","","10.1016/j.etp.2007.02.008"
"17568693","How the brain laughs. Comparative evidence from behavioral, electrophysiological and neuroimaging studies in human and monkey","Meyer M, Baumann S, Wildgruber D, Alter K.","Behav Brain Res. 2007 Sep 4;182(2):245-60. doi: 10.1016/j.bbr.2007.04.023. Epub 2007 May 5.","Meyer M","Behav Brain Res","2007","2007/06/15","","","10.1016/j.bbr.2007.04.023"
"17445248","Domain-related differentiation of working memory in the Japanese macaque (Macaca fuscata) frontal cortex: a positron emission tomography study","Kojima T, Onoe H, Hikosaka K, Tsutsui K, Tsukada H, Watanabe M.","Eur J Neurosci. 2007 Apr;25(8):2523-35. doi: 10.1111/j.1460-9568.2007.05504.x.","Kojima T","Eur J Neurosci","2007","2007/04/21","","","10.1111/j.1460-9568.2007.05504.x"
"17334209","Electrophysiological measures of maintaining representations in visual working memory","McCollough AW, Machizawa MG, Vogel EK.","Cortex. 2007 Jan;43(1):77-94. doi: 10.1016/s0010-9452(08)70447-7.","McCollough AW","Cortex","2007","2007/03/06","","","10.1016/s0010-9452(08)70447-7"
"17301186","Neural activity is modulated by trial history: a functional magnetic resonance imaging study of the effects of a previous antisaccade","Manoach DS, Thakkar KN, Cain MS, Polli FE, Edelman JA, Fischl B, Barton JJ.","J Neurosci. 2007 Feb 14;27(7):1791-8. doi: 10.1523/JNEUROSCI.3662-06.2007.","Manoach DS","J Neurosci","2007","2007/02/16","PMC6673726","","10.1523/JNEUROSCI.3662-06.2007"
"16723518","Representation of head-centric flow in the human motion complex","Goossens J, Dukelow SP, Menon RS, Vilis T, van den Berg AV.","J Neurosci. 2006 May 24;26(21):5616-27. doi: 10.1523/JNEUROSCI.0730-06.2006.","Goossens J","J Neurosci","2006","2006/05/26","PMC6675273","","10.1523/JNEUROSCI.0730-06.2006"
"16677946","The effect of artifacts on dependence measurement in fMRI","Gretton A, Belitski A, Murayama Y, Schölkopf B, Logothetis N.","Magn Reson Imaging. 2006 May;24(4):401-9. doi: 10.1016/j.mri.2005.12.036. Epub 2006 Apr 19.","Gretton A","Magn Reson Imaging","2006","2006/05/09","","","10.1016/j.mri.2005.12.036"
"16677944","Laminar specificity in monkey V1 using high-resolution SE-fMRI","Goense JB, Logothetis NK.","Magn Reson Imaging. 2006 May;24(4):381-92. doi: 10.1016/j.mri.2005.12.032. Epub 2006 Mar 13.","Goense JB","Magn Reson Imaging","2006","2006/05/09","","","10.1016/j.mri.2005.12.032"
"16556554","EPS Mid-Career Award 2004: brain mechanisms of attention","Duncan J.","Q J Exp Psychol (Hove). 2006 Jan;59(1):2-27. doi: 10.1080/17470210500260674.","Duncan J","Q J Exp Psychol (Hove)","2006","2006/03/25","","","10.1080/17470210500260674"
"16525051","Local morphology predicts functional organization of the dorsal premotor region in the human brain","Amiez C, Kostopoulos P, Champod AS, Petrides M.","J Neurosci. 2006 Mar 8;26(10):2724-31. doi: 10.1523/JNEUROSCI.4739-05.2006.","Amiez C","J Neurosci","2006","2006/03/10","PMC6675158","","10.1523/JNEUROSCI.4739-05.2006"
"21049327","On the right (and left) track: Twenty years of progress in studying hemispatial neglect","Buxbaum LJ.","Cogn Neuropsychol. 2006;23(1):184-201. doi: 10.1080/02643290500202698.","Buxbaum LJ","Cogn Neuropsychol","2006","2010/11/05","","","10.1080/02643290500202698"
"16213593","On the scent of human olfactory orbitofrontal cortex: meta-analysis and comparison to non-human primates","Gottfried JA, Zald DH.","Brain Res Brain Res Rev. 2005 Dec 15;50(2):287-304. doi: 10.1016/j.brainresrev.2005.08.004. Epub 2005 Oct 6.","Gottfried JA","Brain Res Brain Res Rev","2005","2005/10/11","","","10.1016/j.brainresrev.2005.08.004"
"16206183","In vivo comparison of the reinforcing and dopamine transporter effects of local anesthetics in rhesus monkeys","Wilcox KM, Kimmel HL, Lindsey KP, Votaw JR, Goodman MM, Howell LL.","Synapse. 2005 Dec 15;58(4):220-8. doi: 10.1002/syn.20199.","Wilcox KM","Synapse","2005","2005/10/06","","","10.1002/syn.20199"
"15979109","Frontal lobe involvement in spatial span: converging studies of normal and impaired function","Bor D, Duncan J, Lee AC, Parr A, Owen AM.","Neuropsychologia. 2006;44(2):229-37. doi: 10.1016/j.neuropsychologia.2005.05.010. Epub 2005 Jun 23.","Bor D","Neuropsychologia","2006","2005/06/28","","","10.1016/j.neuropsychologia.2005.05.010"
"15955484","Motor facilitation of the human cortico-spinal system during observation of bio-mechanically impossible movements","Romani M, Cesari P, Urgesi C, Facchini S, Aglioti SM.","Neuroimage. 2005 Jul 1;26(3):755-63. doi: 10.1016/j.neuroimage.2005.02.027. Epub 2005 Mar 31.","Romani M","Neuroimage","2005","2005/06/16","","","10.1016/j.neuroimage.2005.02.027"
"15860578","Representations of faces and body parts in macaque temporal cortex: a functional MRI study","Pinsk MA, DeSimone K, Moore T, Gross CG, Kastner S.","Proc Natl Acad Sci U S A. 2005 May 10;102(19):6996-7001. doi: 10.1073/pnas.0502605102. Epub 2005 Apr 28.","Pinsk MA","Proc Natl Acad Sci U S A","2005","2005/04/30","PMC1100800","","10.1073/pnas.0502605102"
"15714052","Neuroimaging of rodent and primate models of alcoholism: initial reports from the integrative neuroscience initiative on alcoholism","Sullivan EV, Sable HJ, Strother WN, Friedman DP, Davenport A, Tillman-Smith H, Kraft RA, Wyatt C, Szeliga KT, Buchheimer NC, Daunais JB, Adalsteinsson E, Pfefferbaum A, Grant KA.","Alcohol Clin Exp Res. 2005 Feb;29(2):287-94. doi: 10.1097/01.alc.0000153546.39946.ec.","Sullivan EV","Alcohol Clin Exp Res","2005","2005/02/17","","","10.1097/01.alc.0000153546.39946.ec"
"15686098","Possible mechanism for transfer of motor skill learning: implication of the cerebellum","Obayashi S.","Cerebellum. 2004;3(4):204-11. doi: 10.1080/14734220410018977.","Obayashi S","Cerebellum","2004","2005/02/03","","","10.1080/14734220410018977"
"15653182","Sex differences in age-related motor slowing in the rhesus monkey: behavioral and neuroimaging data","Lacreuse A, Diehl MM, Goh MY, Hall MJ, Volk AM, Chhabra RK, Herndon JG.","Neurobiol Aging. 2005 Apr;26(4):543-51. doi: 10.1016/j.neurobiolaging.2004.05.007.","Lacreuse A","Neurobiol Aging","2005","2005/01/18","","","10.1016/j.neurobiolaging.2004.05.007"
"15335441","The motor cortex and facial expression: new insights from neuroscience","Morecraft RJ, Stilwell-Morecraft KS, Rossing WR.","Neurologist. 2004 Sep;10(5):235-49. doi: 10.1097/01.nrl.0000138734.45742.8d.","Morecraft RJ","Neurologist","2004","2004/09/01","","","10.1097/01.nrl.0000138734.45742.8d"
"15128614","The human basis pontis: motor syndromes and topographic organization","Schmahmann JD, Ko R, MacMore J.","Brain. 2004 Jun;127(Pt 6):1269-91. doi: 10.1093/brain/awh138. Epub 2004 May 5.","Schmahmann JD","Brain","2004","2004/05/07","","","10.1093/brain/awh138"
"15082328","Arithmetic and the brain","Dehaene S, Molko N, Cohen L, Wilson AJ.","Curr Opin Neurobiol. 2004 Apr;14(2):218-24. doi: 10.1016/j.conb.2004.03.008.","Dehaene S","Curr Opin Neurobiol","2004","2004/04/15","","","10.1016/j.conb.2004.03.008"
"15082326","An evolving view of duplex vision: separate but interacting cortical pathways for perception and action","Goodale MA, Westwood DA.","Curr Opin Neurobiol. 2004 Apr;14(2):203-11. doi: 10.1016/j.conb.2004.03.002.","Goodale MA","Curr Opin Neurobiol","2004","2004/04/15","","","10.1016/j.conb.2004.03.002"
"14606694","The amygdala and autism: implications from non-human primate studies","Amaral DG, Bauman MD, Schumann CM.","Genes Brain Behav. 2003 Oct;2(5):295-302. doi: 10.1034/j.1601-183x.2003.00043.x.","Amaral DG","Genes Brain Behav","2003","2003/11/11","","","10.1034/j.1601-183x.2003.00043.x"
"14521193","The amygdala, autism and anxiety","Amaral DG, Corbett BA.","Novartis Found Symp. 2003;251:177-87; discussion 187-97, 281-97.","Amaral DG","Novartis Found Symp","2003","2003/10/03","","",""
"12846432","Signal nonlinearity in fMRI: a comparison between BOLD and MION","Gautama T, Mandic DP, Van Hulle MM.","IEEE Trans Med Imaging. 2003 May;22(5):636-44. doi: 10.1109/TMI.2003.812248.","Gautama T","IEEE Trans Med Imaging","2003","2003/07/09","","","10.1109/TMI.2003.812248"
"12744834","Sound analysis in auditory cortex","Zatorre RJ.","Trends Neurosci. 2003 May;26(5):229-30. doi: 10.1016/S0166-2236(03)00074-2.","Zatorre RJ","Trends Neurosci","2003","2003/05/15","","","10.1016/S0166-2236(03)00074-2"
"12653987","Functional properties and interaction of the anterior and posterior intraparietal areas in humans","Shikata E, Hamzei F, Glauche V, Koch M, Weiller C, Binkofski F, Büchel C.","Eur J Neurosci. 2003 Mar;17(5):1105-10. doi: 10.1046/j.1460-9568.2003.02540.x.","Shikata E","Eur J Neurosci","2003","2003/03/26","","","10.1046/j.1460-9568.2003.02540.x"
"12564129","Chronic ischemic stroke model in cynomolgus monkeys: behavioral, neuroimaging and anatomical study","Roitberg B, Khan N, Tuccar E, Kompoliti K, Chu Y, Alperin N, Kordower JH, Emborg ME.","Neurol Res. 2003 Jan;25(1):68-78. doi: 10.1179/016164103101200950.","Roitberg B","Neurol Res","2003","2003/02/05","","","10.1179/016164103101200950"
"12183398","Eye position signals modulate early dorsal and ventral visual areas","DeSouza JF, Dukelow SP, Vilis T.","Cereb Cortex. 2002 Sep;12(9):991-7. doi: 10.1093/cercor/12.9.991.","DeSouza JF","Cereb Cortex","2002","2002/08/17","","","10.1093/cercor/12.9.991"
"12167261","Multiple movement representations in the human brain: an event-related fMRI study","Toni I, Shah NJ, Fink GR, Thoenissen D, Passingham RE, Zilles K.","J Cogn Neurosci. 2002 Jul 1;14(5):769-84. doi: 10.1162/08989290260138663.","Toni I","J Cogn Neurosci","2002","2002/08/09","","","10.1162/08989290260138663"
"12030817","Repeated fMRI using iron oxide contrast agent in awake, behaving macaques at 3 Tesla","Leite FP, Tsao D, Vanduffel W, Fize D, Sasaki Y, Wald LL, Dale AM, Kwong KK, Orban GA, Rosen BR, Tootell RB, Mandeville JB.","Neuroimage. 2002 Jun;16(2):283-94. doi: 10.1006/nimg.2002.1110.","Leite FP","Neuroimage","2002","2002/05/29","","","10.1006/nimg.2002.1110"
"11796953","Deconstructing apraxia: understanding disorders of intentional movement after stroke","Koski L, Iacoboni M, Mazziotta JC.","Curr Opin Neurol. 2002 Feb;15(1):71-7. doi: 10.1097/00019052-200202000-00011.","Koski L","Curr Opin Neurol","2002","2002/01/18","","","10.1097/00019052-200202000-00011"
"11756669","Dorsal anterior cingulate cortex: a role in reward-based decision making","Bush G, Vogt BA, Holmes J, Dale AM, Greve D, Jenike MA, Rosen BR.","Proc Natl Acad Sci U S A. 2002 Jan 8;99(1):523-8. doi: 10.1073/pnas.012470999. Epub 2001 Dec 26.","Bush G","Proc Natl Acad Sci U S A","2002","2002/01/05","PMC117593","","10.1073/pnas.012470999"
"11746736","Self-administration of cocaine and the cocaine analog RTI-113: relationship to dopamine transporter occupancy determined by PET neuroimaging in rhesus monkeys","Wilcox KM, Lindsey KP, Votaw JR, Goodman MM, Martarello L, Carroll FI, Howell LL.","Synapse. 2002 Jan;43(1):78-85. doi: 10.1002/syn.10018.","Wilcox KM","Synapse","2002","2001/12/18","","","10.1002/syn.10018"
"11719199","Visual motion processing investigated using contrast agent-enhanced fMRI in awake behaving monkeys","Vanduffel W, Fize D, Mandeville JB, Nelissen K, Van Hecke P, Rosen BR, Tootell RB, Orban GA.","Neuron. 2001 Nov 20;32(4):565-77. doi: 10.1016/s0896-6273(01)00502-5.","Vanduffel W","Neuron","2001","2001/11/24","","","10.1016/s0896-6273(01)00502-5"
"11566115","Visual neuroscience: Resonating to natural images","Sekuler AB, Bennett PJ.","Curr Biol. 2001 Sep 18;11(18):R733-6. doi: 10.1016/s0960-9822(01)00433-x.","Sekuler AB","Curr Biol","2001","2001/09/22","","","10.1016/s0960-9822(01)00433-x"
"11517270","The cortical representation of the hand in macaque and human area S-I: high resolution optical imaging","Shoham D, Grinvald A.","J Neurosci. 2001 Sep 1;21(17):6820-35. doi: 10.1523/JNEUROSCI.21-17-06820.2001.","Shoham D","J Neurosci","2001","2001/08/23","PMC6763104","","10.1523/JNEUROSCI.21-17-06820.2001"
"11497416","Human neural responses elicited to observing the actions of others","Wheaton KJ, Pipingas A, Silberstein RB, Puce A.","Vis Neurosci. 2001 May-Jun;18(3):401-6. doi: 10.1017/s0952523801183069.","Wheaton KJ","Vis Neurosci","2001","2001/08/11","","","10.1017/s0952523801183069"
"11050212","Mechanisms and streams for processing of ""what"" and ""where"" in auditory cortex","Rauschecker JP, Tian B.","Proc Natl Acad Sci U S A. 2000 Oct 24;97(22):11800-6. doi: 10.1073/pnas.97.22.11800.","Rauschecker JP","Proc Natl Acad Sci U S A","2000","2000/10/26","PMC34352","","10.1073/pnas.97.22.11800"
"11007909","Dissociable roles of mid-dorsolateral prefrontal and anterior inferotemporal cortex in visual working memory","Petrides M.","J Neurosci. 2000 Oct 1;20(19):7496-503. doi: 10.1523/JNEUROSCI.20-19-07496.2000.","Petrides M","J Neurosci","2000","2000/09/29","PMC6772785","","10.1523/JNEUROSCI.20-19-07496.2000"
"10962260","Use of PET and the radioligand [carbonyl-(11)C]WAY-100635 in psychotropic drug development","Andrée B, Halldin C, Thorberg SO, Sandell J, Farde L.","Nucl Med Biol. 2000 Jul;27(5):515-21. doi: 10.1016/s0969-8051(00)00121-9.","Andrée B","Nucl Med Biol","2000","2000/08/30","","","10.1016/s0969-8051(00)00121-9"
"10933209","The role of the mid-dorsolateral prefrontal cortex in working memory","Petrides M.","Exp Brain Res. 2000 Jul;133(1):44-54. doi: 10.1007/s002210000399.","Petrides M","Exp Brain Res","2000","2000/08/10","","","10.1007/s002210000399"
"10859571","Social perception from visual cues: role of the STS region","Allison T, Puce A, McCarthy G.","Trends Cogn Sci. 2000 Jul;4(7):267-278. doi: 10.1016/s1364-6613(00)01501-1.","Allison T","Trends Cogn Sci","2000","2000/06/22","","","10.1016/s1364-6613(00)01501-1"
"10700661","PET-Determination of robalzotan (NAD-299) induced 5-HT(1A) receptor occupancy in the monkey brain","Farde L, Andrée B, Ginovart N, Halldin C, Thorberg S.","Neuropsychopharmacology. 2000 Apr;22(4):422-9. doi: 10.1016/S0893-133X(99)00125-6.","Farde L","Neuropsychopharmacology","2000","2000/03/04","","","10.1016/S0893-133X(99)00125-6"
"20945176","Is face recognition not so unique after all?","Gauthier I, Logothetis NK.","Cogn Neuropsychol. 2000 Feb 1;17(1):125-42. doi: 10.1080/026432900380535.","Gauthier I","Cogn Neuropsychol","2000","2010/10/15","","","10.1080/026432900380535"
"10473761","A parieto-premotor network for object manipulation: evidence from neuroimaging","Binkofski F, Buccino G, Stephan KM, Rizzolatti G, Seitz RJ, Freund HJ.","Exp Brain Res. 1999 Sep;128(1-2):210-3. doi: 10.1007/s002210050838.","Binkofski F","Exp Brain Res","1999","1999/09/04","","","10.1007/s002210050838"
"10103094","Dorsolateral prefrontal cortex: comparative cytoarchitectonic analysis in the human and the macaque brain and corticocortical connection patterns","Petrides M, Pandya DN.","Eur J Neurosci. 1999 Mar;11(3):1011-36. doi: 10.1046/j.1460-9568.1999.00518.x.","Petrides M","Eur J Neurosci","1999","1999/04/02","","","10.1046/j.1460-9568.1999.00518.x"
"9740762","The functional neuroanatomy of episodic memory: the role of the frontal lobes, the hippocampal formation, and other areas","Desgranges B, Baron JC, Eustache F.","Neuroimage. 1998 Aug;8(2):198-213. doi: 10.1006/nimg.1998.0359.","Desgranges B","Neuroimage","1998","1998/09/19","","","10.1006/nimg.1998.0359"
"9714705","Functional MRI studies of spatial and nonspatial working memory","D'Esposito M, Aguirre GK, Zarahn E, Ballard D, Shin RK, Lease J.","Brain Res Cogn Brain Res. 1998 Jul;7(1):1-13. doi: 10.1016/s0926-6410(98)00004-4.","D'Esposito M","Brain Res Cogn Brain Res","1998","1998/08/26","","","10.1016/s0926-6410(98)00004-4"
"9575379","Parallel processing in the auditory cortex of primates","Rauschecker JP.","Audiol Neurootol. 1998 Mar-Jun;3(2-3):86-103. doi: 10.1159/000013784.","Rauschecker JP","Audiol Neurootol","1998","1998/05/12","","","10.1159/000013784"
"9510384","Dorsal cortical regions subserving visually guided saccades in humans: an fMRI study","Luna B, Thulborn KR, Strojwas MH, McCurtain BJ, Berman RA, Genovese CR, Sweeney JA.","Cereb Cortex. 1998 Jan-Feb;8(1):40-7. doi: 10.1093/cercor/8.1.40.","Luna B","Cereb Cortex","1998","1998/03/24","","","10.1093/cercor/8.1.40"
"9278543","Structural and functional analyses of human cerebral cortex using a surface-based atlas","Van Essen DC, Drury HA.","J Neurosci. 1997 Sep 15;17(18):7079-102. doi: 10.1523/JNEUROSCI.17-18-07079.1997.","Van Essen DC","J Neurosci","1997","1997/09/15","PMC6573261","","10.1523/JNEUROSCI.17-18-07079.1997"
"8587881","Neuronal transients","Friston KJ.","Proc Biol Sci. 1995 Sep 22;261(1362):401-5. doi: 10.1098/rspb.1995.0166.","Friston KJ","Proc Biol Sci","1995","1995/09/22","","","10.1098/rspb.1995.0166"
